Item_Id,Date,Price
spy,1993-01-29,24.241403579711914
spy,1993-02-01,24.4138240814209
spy,1993-02-02,24.465545654296875
spy,1993-02-03,24.724170684814453
spy,1993-02-04,24.827606201171875
spy,1993-02-05,24.810367584228516
spy,1993-02-08,24.810367584228516
spy,1993-02-09,24.637962341308594
spy,1993-02-10,24.67243766784668
spy,1993-02-11,24.79314613342285
spy,1993-02-12,24.603466033935547
spy,1993-02-16,23.982778549194336
spy,1993-02-17,23.965538024902344
spy,1993-02-18,23.948299407958984
spy,1993-02-19,24.034517288208008
spy,1993-02-22,24.1207218170166
spy,1993-02-23,24.103477478027344
spy,1993-02-24,24.4138240814209
spy,1993-02-25,24.465545654296875
spy,1993-02-26,24.50002670288086
spy,1993-03-01,24.43106460571289
spy,1993-03-02,24.79314613342285
spy,1993-03-03,24.89657974243164
spy,1993-03-04,24.758644104003906
spy,1993-03-05,24.68968391418457
spy,1993-03-08,25.241397857666016
spy,1993-03-09,25.15520668029785
spy,1993-03-10,25.206924438476562
spy,1993-03-11,25.137969970703125
spy,1993-03-12,24.87934112548828
spy,1993-03-15,25.000038146972656
spy,1993-03-16,25.000038146972656
spy,1993-03-17,24.84486198425293
spy,1993-03-18,25.000038146972656
spy,1993-03-19,24.962186813354492
spy,1993-03-22,24.823598861694336
spy,1993-03-23,24.875579833984375
spy,1993-03-24,24.875579833984375
spy,1993-03-25,25.031490325927734
spy,1993-03-26,24.892913818359375
spy,1993-03-29,24.996843338012695
spy,1993-03-30,25.066118240356445
spy,1993-03-31,25.048810958862305
spy,1993-04-01,24.962186813354492
spy,1993-04-02,24.44251823425293
spy,1993-04-05,24.563779830932617
spy,1993-04-06,24.494474411010742
spy,1993-04-07,24.58108901977539
spy,1993-04-08,24.54644775390625
spy,1993-04-12,24.892913818359375
spy,1993-04-13,24.94487190246582
spy,1993-04-14,24.91022491455078
spy,1993-04-15,24.91022491455078
spy,1993-04-16,24.91022491455078
spy,1993-04-19,24.806283950805664
spy,1993-04-20,24.685028076171875
spy,1993-04-21,24.667701721191406
spy,1993-04-22,24.35588836669922
spy,1993-04-23,24.251953125
spy,1993-04-26,24.061405181884766
spy,1993-04-27,24.32123565673828
spy,1993-04-28,24.269277572631836
spy,1993-04-29,24.37322425842285
spy,1993-04-30,24.407867431640625
spy,1993-05-03,24.563779830932617
spy,1993-05-04,24.650373458862305
spy,1993-05-05,24.719661712646484
spy,1993-05-06,24.633068084716797
spy,1993-05-07,24.58108901977539
spy,1993-05-10,24.633068084716797
spy,1993-05-11,24.737003326416016
spy,1993-05-12,24.702348709106445
spy,1993-05-13,24.407867431640625
spy,1993-05-14,24.39054298400879
spy,1993-05-17,24.477157592773438
spy,1993-05-18,24.459819793701172
spy,1993-05-19,24.962186813354492
spy,1993-05-20,25.031490325927734
spy,1993-05-21,24.806283950805664
spy,1993-05-24,24.91022491455078
spy,1993-05-25,24.962186813354492
spy,1993-05-26,25.27401351928711
spy,1993-05-27,25.187395095825195
spy,1993-05-28,25.066118240356445
spy,1993-06-01,25.30864906311035
spy,1993-06-02,25.27401351928711
spy,1993-06-03,25.187395095825195
spy,1993-06-04,25.10076904296875
spy,1993-06-07,25.0141658782959
spy,1993-06-08,24.788955688476562
spy,1993-06-09,24.875579833984375
spy,1993-06-10,24.892913818359375
spy,1993-06-11,24.996843338012695
spy,1993-06-14,24.962186813354492
spy,1993-06-15,24.91022491455078
spy,1993-06-16,24.962186813354492
spy,1993-06-17,25.048810958862305
spy,1993-06-18,24.842531204223633
spy,1993-06-21,24.89485740661621
spy,1993-06-22,24.912317276000977
spy,1993-06-23,24.685510635375977
spy,1993-06-24,25.016990661621094
spy,1993-06-25,24.999534606933594
spy,1993-06-28,25.278663635253906
spy,1993-06-29,25.156543731689453
spy,1993-06-30,25.156543731689453
spy,1993-07-01,25.08677101135254
spy,1993-07-02,24.94719696044922
spy,1993-07-06,24.685510635375977
spy,1993-07-07,24.75530242919922
spy,1993-07-08,25.03443717956543
spy,1993-07-09,25.104209899902344
spy,1993-07-12,25.08677101135254
spy,1993-07-13,25.0693416595459
spy,1993-07-14,25.156543731689453
spy,1993-07-15,25.051876068115234
spy,1993-07-16,24.98209571838379
spy,1993-07-19,24.964643478393555
spy,1993-07-20,25.03443717956543
spy,1993-07-21,25.016990661621094
spy,1993-07-22,24.842531204223633
spy,1993-07-23,24.964643478393555
spy,1993-07-26,25.104209899902344
spy,1993-07-27,25.08677101135254
spy,1993-07-28,25.03443717956543
spy,1993-07-29,25.173999786376953
spy,1993-07-30,25.03443717956543
spy,1993-08-02,25.104209899902344
spy,1993-08-03,25.12165641784668
spy,1993-08-04,25.12165641784668
spy,1993-08-05,25.0693416595459
spy,1993-08-06,25.104209899902344
spy,1993-08-09,25.243770599365234
spy,1993-08-10,25.226333618164062
spy,1993-08-11,25.226333618164062
spy,1993-08-12,25.156543731689453
spy,1993-08-13,25.191450119018555
spy,1993-08-16,25.33101463317871
spy,1993-08-17,25.418251037597656
spy,1993-08-18,25.55780792236328
spy,1993-08-19,25.55780792236328
spy,1993-08-20,25.575239181518555
spy,1993-08-23,25.522907257080078
spy,1993-08-24,25.802038192749023
spy,1993-08-25,25.819477081298828
spy,1993-08-26,25.83692169189453
spy,1993-08-27,25.819477081298828
spy,1993-08-30,25.92416000366211
spy,1993-08-31,25.993946075439453
spy,1993-09-01,25.95905303955078
spy,1993-09-02,25.871829986572266
spy,1993-09-03,25.889270782470703
spy,1993-09-07,25.714794158935547
spy,1993-09-08,25.62757682800293
spy,1993-09-09,25.67991828918457
spy,1993-09-10,25.906709671020508
spy,1993-09-13,25.92416000366211
spy,1993-09-14,25.819477081298828
spy,1993-09-15,25.889270782470703
spy,1993-09-16,25.78459930419922
spy,1993-09-17,25.734600067138672
spy,1993-09-20,25.523950576782227
spy,1993-09-21,25.436172485351562
spy,1993-09-22,25.64682960510254
spy,1993-09-23,25.78725242614746
spy,1993-09-24,25.717052459716797
spy,1993-09-27,25.9979190826416
spy,1993-09-28,25.945253372192383
spy,1993-09-29,25.857481002807617
spy,1993-09-30,25.80481719970703
spy,1993-10-01,25.92769432067871
spy,1993-10-04,25.962806701660156
spy,1993-10-05,25.92769432067871
spy,1993-10-06,25.910146713256836
spy,1993-10-07,25.839916229248047
spy,1993-10-08,25.875032424926758
spy,1993-10-11,25.92769432067871
spy,1993-10-12,25.962806701660156
spy,1993-10-13,25.962806701660156
spy,1993-10-14,26.296350479125977
spy,1993-10-15,26.436777114868164
spy,1993-10-18,26.36655616760254
spy,1993-10-19,26.17345428466797
spy,1993-10-20,26.20855712890625
spy,1993-10-21,26.17345428466797
spy,1993-10-22,26.050582885742188
spy,1993-10-25,26.120790481567383
spy,1993-10-26,26.103229522705078
spy,1993-10-27,26.120790481567383
spy,1993-10-28,26.31389045715332
spy,1993-10-29,26.31389045715332
spy,1993-11-01,26.384109497070312
spy,1993-11-02,26.36655616760254
spy,1993-11-03,26.03303337097168
spy,1993-11-04,25.752153396606445
spy,1993-11-05,25.875032424926758
spy,1993-11-08,25.910146713256836
spy,1993-11-09,25.92769432067871
spy,1993-11-10,26.120790481567383
spy,1993-11-11,26.050582885742188
spy,1993-11-12,26.17345428466797
spy,1993-11-15,26.155900955200195
spy,1993-11-16,26.27878761291504
spy,1993-11-17,26.138357162475586
spy,1993-11-18,26.06813621520996
spy,1993-11-19,26.015451431274414
spy,1993-11-22,25.857481002807617
spy,1993-11-23,25.9979190826416
spy,1993-11-24,26.103229522705078
spy,1993-11-26,26.120790481567383
spy,1993-11-29,26.015451431274414
spy,1993-11-30,26.03303337097168
spy,1993-12-01,26.06813621520996
spy,1993-12-02,26.138357162475586
spy,1993-12-03,26.243661880493164
spy,1993-12-06,26.331451416015625
spy,1993-12-07,26.31389045715332
spy,1993-12-08,26.31389045715332
spy,1993-12-09,26.226118087768555
spy,1993-12-10,26.17345428466797
spy,1993-12-13,26.331451416015625
spy,1993-12-14,26.138357162475586
spy,1993-12-15,26.103229522705078
spy,1993-12-16,26.191009521484375
spy,1993-12-17,26.334959030151367
spy,1993-12-20,26.370296478271484
spy,1993-12-21,26.28194236755371
spy,1993-12-22,26.45867156982422
spy,1993-12-23,26.440990447998047
spy,1993-12-27,26.58238410949707
spy,1993-12-28,26.635421752929688
spy,1993-12-29,26.60006332397461
spy,1993-12-30,26.4940185546875
spy,1993-12-31,26.35263442993164
spy,1994-01-03,26.28194236755371
spy,1994-01-04,26.38797950744629
spy,1994-01-05,26.440990447998047
spy,1994-01-06,26.440990447998047
spy,1994-01-07,26.60006332397461
spy,1994-01-10,26.9182186126709
spy,1994-01-11,26.865198135375977
spy,1994-01-12,26.776811599731445
spy,1994-01-13,26.706125259399414
spy,1994-01-14,26.81216812133789
spy,1994-01-17,26.81216812133789
spy,1994-01-18,26.847515106201172
spy,1994-01-19,26.776811599731445
spy,1994-01-20,26.847515106201172
spy,1994-01-21,26.79448890686035
spy,1994-01-24,26.68843650817871
spy,1994-01-25,26.68843650817871
spy,1994-01-26,26.759140014648438
spy,1994-01-27,27.006580352783203
spy,1994-01-28,27.0772705078125
spy,1994-01-31,27.271699905395508
spy,1994-02-01,27.130306243896484
spy,1994-02-02,27.307052612304688
spy,1994-02-03,27.183332443237305
spy,1994-02-04,26.564720153808594
spy,1994-02-07,26.68843650817871
spy,1994-02-08,26.706125259399414
spy,1994-02-09,26.81216812133789
spy,1994-02-10,26.58238410949707
spy,1994-02-11,26.670766830444336
spy,1994-02-14,26.706125259399414
spy,1994-02-15,26.847515106201172
spy,1994-02-16,26.829835891723633
spy,1994-02-17,26.670766830444336
spy,1994-02-18,26.51170539855957
spy,1994-02-22,26.776811599731445
spy,1994-02-23,26.706125259399414
spy,1994-02-24,26.35263442993164
spy,1994-02-25,26.476354598999023
spy,1994-02-28,26.476354598999023
spy,1994-03-01,26.370296478271484
spy,1994-03-02,26.405654907226562
spy,1994-03-03,26.334959030151367
spy,1994-03-04,26.405654907226562
spy,1994-03-07,26.54703712463379
spy,1994-03-08,26.440990447998047
spy,1994-03-09,26.564720153808594
spy,1994-03-10,26.35263442993164
spy,1994-03-11,26.4940185546875
spy,1994-03-14,26.529375076293945
spy,1994-03-15,26.51170539855957
spy,1994-03-16,26.723800659179688
spy,1994-03-17,26.723800659179688
spy,1994-03-18,26.717960357666016
spy,1994-03-21,26.646860122680664
spy,1994-03-22,26.717960357666016
spy,1994-03-23,26.700197219848633
spy,1994-03-24,26.38020896911621
spy,1994-03-25,26.13133430480957
spy,1994-03-28,26.166889190673828
spy,1994-03-29,25.651371002197266
spy,1994-03-30,25.295833587646484
spy,1994-03-31,25.366939544677734
spy,1994-04-04,24.97585678100586
spy,1994-04-05,25.49138641357422
spy,1994-04-06,25.49138641357422
spy,1994-04-07,25.615819931030273
spy,1994-04-08,25.420270919799805
spy,1994-04-11,25.526927947998047
spy,1994-04-12,25.49138641357422
spy,1994-04-13,25.358062744140625
spy,1994-04-14,25.366939544677734
spy,1994-04-15,25.366939544677734
spy,1994-04-18,25.19807243347168
spy,1994-04-19,25.233625411987305
spy,1994-04-20,25.206966400146484
spy,1994-04-21,25.544700622558594
spy,1994-04-22,25.518041610717773
spy,1994-04-25,25.784698486328125
spy,1994-04-26,25.758031845092773
spy,1994-04-28,25.571386337280273
spy,1994-04-29,25.651371002197266
spy,1994-05-02,25.811372756958008
spy,1994-05-03,25.784698486328125
spy,1994-05-04,25.740249633789062
spy,1994-05-05,25.704702377319336
spy,1994-05-06,25.45583724975586
spy,1994-05-09,25.233625411987305
spy,1994-05-10,25.429176330566406
spy,1994-05-11,25.19807243347168
spy,1994-05-12,25.322498321533203
spy,1994-05-13,25.322498321533203
spy,1994-05-16,25.331384658813477
spy,1994-05-17,25.704702377319336
spy,1994-05-18,25.89134979248047
spy,1994-05-19,26.015789031982422
spy,1994-05-20,25.918033599853516
spy,1994-05-23,25.873571395874023
spy,1994-05-24,25.980234146118164
spy,1994-05-25,26.051353454589844
spy,1994-05-26,26.06910514831543
spy,1994-05-27,26.09576988220215
spy,1994-05-31,26.060232162475586
spy,1994-06-01,26.175783157348633
spy,1994-06-02,26.149105072021484
spy,1994-06-03,26.300214767456055
spy,1994-06-06,26.29133415222168
spy,1994-06-07,26.25577163696289
spy,1994-06-08,26.042465209960938
spy,1994-06-09,26.184667587280273
spy,1994-06-10,26.229093551635742
spy,1994-06-13,26.26463508605957
spy,1994-06-14,26.46909523010254
spy,1994-06-15,26.36244010925293
spy,1994-06-16,26.415773391723633
spy,1994-06-17,26.268301010131836
spy,1994-06-20,26.044635772705078
spy,1994-06-21,25.820959091186523
spy,1994-06-22,25.919389724731445
spy,1994-06-23,25.767274856567383
spy,1994-06-24,25.230470657348633
spy,1994-06-27,25.668855667114258
spy,1994-06-28,25.543596267700195
spy,1994-06-29,25.624134063720703
spy,1994-06-30,25.46306800842285
spy,1994-07-01,25.516767501831055
spy,1994-07-05,25.650959014892578
spy,1994-07-06,25.615184783935547
spy,1994-07-07,25.722558975219727
spy,1994-07-08,25.713586807250977
spy,1994-07-11,25.624134063720703
spy,1994-07-12,25.6599178314209
spy,1994-07-13,25.704647064208984
spy,1994-07-14,25.982023239135742
spy,1994-07-15,25.9909610748291
spy,1994-07-18,26.035690307617188
spy,1994-07-19,25.982023239135742
spy,1994-07-20,25.865686416625977
spy,1994-07-21,25.919389724731445
spy,1994-07-22,25.964111328125
spy,1994-07-25,25.99991226196289
spy,1994-07-26,25.973052978515625
spy,1994-07-27,25.973052978515625
spy,1994-07-28,26.02675437927246
spy,1994-07-29,26.286195755004883
spy,1994-08-01,26.411474227905273
spy,1994-08-02,26.447240829467773
spy,1994-08-03,26.45620346069336
spy,1994-08-04,26.30410385131836
spy,1994-08-05,26.21463966369629
spy,1994-08-08,26.277263641357422
spy,1994-08-09,26.321983337402344
spy,1994-08-10,26.420419692993164
spy,1994-08-11,26.321983337402344
spy,1994-08-12,26.527769088745117
spy,1994-08-15,26.518823623657227
spy,1994-08-16,26.706724166870117
spy,1994-08-17,26.688819885253906
spy,1994-08-18,26.599361419677734
spy,1994-08-19,26.581466674804688
spy,1994-08-22,26.554624557495117
spy,1994-08-23,26.706724166870117
spy,1994-08-24,26.993013381958008
spy,1994-08-25,26.921438217163086
spy,1994-08-26,27.306175231933594
spy,1994-08-29,27.28826904296875
spy,1994-08-30,27.35984230041504
spy,1994-08-31,27.28826904296875
spy,1994-09-01,27.198802947998047
spy,1994-09-02,27.082477569580078
spy,1994-09-06,27.0914363861084
spy,1994-09-07,27.064599990844727
spy,1994-09-08,27.198802947998047
spy,1994-09-09,26.912485122680664
spy,1994-09-12,26.83196258544922
spy,1994-09-13,26.912485122680664
spy,1994-09-14,26.93934440612793
spy,1994-09-15,27.279312133789062
spy,1994-09-16,27.085187911987305
spy,1994-09-19,27.112192153930664
spy,1994-09-20,26.59908676147461
spy,1994-09-21,26.59908676147461
spy,1994-09-22,26.53609275817871
spy,1994-09-23,26.44607162475586
spy,1994-09-26,26.581098556518555
spy,1994-09-27,26.56309700012207
spy,1994-09-28,26.770130157470703
spy,1994-09-29,26.635103225708008
spy,1994-09-30,26.59908676147461
spy,1994-10-03,26.53609275817871
spy,1994-10-04,26.14003562927246
spy,1994-10-05,26.14904022216797
spy,1994-10-06,26.068010330200195
spy,1994-10-07,26.18504524230957
spy,1994-10-10,26.46407699584961
spy,1994-10-11,26.860157012939453
spy,1994-10-12,26.896133422851562
spy,1994-10-13,26.98617172241211
spy,1994-10-14,27.103181838989258
spy,1994-10-17,27.049175262451172
spy,1994-10-18,26.98617172241211
spy,1994-10-19,27.112192153930664
spy,1994-10-20,26.932153701782227
spy,1994-10-21,26.824140548706055
spy,1994-10-24,26.59908676147461
spy,1994-10-25,26.626123428344727
spy,1994-10-26,26.72511100769043
spy,1994-10-27,26.88715362548828
spy,1994-10-28,27.454235076904297
spy,1994-10-31,27.355213165283203
spy,1994-11-01,27.049175262451172
spy,1994-11-02,26.896133422851562
spy,1994-11-03,27.040178298950195
spy,1994-11-04,26.68912696838379
spy,1994-11-07,26.770130157470703
spy,1994-11-08,26.97715187072754
spy,1994-11-09,27.022186279296875
spy,1994-11-10,26.833148956298828
spy,1994-11-11,26.734128952026367
spy,1994-11-14,26.98617172241211
spy,1994-11-15,26.896133422851562
spy,1994-11-16,26.98617172241211
spy,1994-11-17,26.80615234375
spy,1994-11-18,26.770130157470703
spy,1994-11-21,26.50008773803711
spy,1994-11-22,25.92399787902832
spy,1994-11-23,26.068010330200195
spy,1994-11-25,26.194047927856445
spy,1994-11-28,26.311046600341797
spy,1994-11-29,26.302072525024414
spy,1994-11-30,26.26607322692871
spy,1994-12-01,26.005020141601562
spy,1994-12-02,26.248069763183594
spy,1994-12-05,26.27505111694336
spy,1994-12-06,26.29306411743164
spy,1994-12-07,26.10401153564453
spy,1994-12-08,25.85197639465332
spy,1994-12-09,25.951019287109375
spy,1994-12-12,26.12203025817871
spy,1994-12-13,26.221044540405273
spy,1994-12-14,26.3560733795166
spy,1994-12-15,26.437082290649414
spy,1994-12-16,26.56621742248535
spy,1994-12-19,26.602500915527344
spy,1994-12-20,26.520835876464844
spy,1994-12-21,26.802108764648438
spy,1994-12-22,26.720457077026367
spy,1994-12-23,26.747669219970703
spy,1994-12-27,26.892850875854492
spy,1994-12-28,26.75674057006836
spy,1994-12-29,26.774887084960938
spy,1994-12-30,26.457332611083984
spy,1995-01-03,26.5843505859375
spy,1995-01-04,26.711387634277344
spy,1995-01-05,26.711387634277344
spy,1995-01-06,26.738582611083984
spy,1995-01-09,26.765825271606445
spy,1995-01-10,26.793031692504883
spy,1995-01-11,26.811187744140625
spy,1995-01-12,26.820253372192383
spy,1995-01-13,27.13782501220703
spy,1995-01-16,27.301137924194336
spy,1995-01-17,27.31020164489746
spy,1995-01-18,27.28299331665039
spy,1995-01-19,27.12874984741211
spy,1995-01-20,27.028940200805664
spy,1995-01-23,27.110580444335938
spy,1995-01-24,27.146896362304688
spy,1995-01-25,27.219482421875
spy,1995-01-26,27.24667739868164
spy,1995-01-27,27.3555850982666
spy,1995-01-30,27.237634658813477
spy,1995-01-31,27.34650421142578
spy,1995-02-01,27.337432861328125
spy,1995-02-02,27.500736236572266
spy,1995-02-03,27.8908748626709
spy,1995-02-06,28.00884437561035
spy,1995-02-07,28.04513931274414
spy,1995-02-08,28.04513931274414
spy,1995-02-09,28.04513931274414
spy,1995-02-10,28.081439971923828
spy,1995-02-13,28.09052085876465
spy,1995-02-14,28.126785278320312
spy,1995-02-15,28.281017303466797
spy,1995-02-16,28.244749069213867
spy,1995-02-17,28.1358642578125
spy,1995-02-21,28.126785278320312
spy,1995-02-22,28.335485458374023
spy,1995-02-23,28.380861282348633
spy,1995-02-24,28.45343017578125
spy,1995-02-27,28.226591110229492
spy,1995-02-28,28.462505340576172
spy,1995-03-01,28.281017303466797
spy,1995-03-02,28.317344665527344
spy,1995-03-03,28.326400756835938
spy,1995-03-06,28.34456443786621
spy,1995-03-07,28.126785278320312
spy,1995-03-08,28.199384689331055
spy,1995-03-09,28.1903076171875
spy,1995-03-10,28.607656478881836
spy,1995-03-13,28.580448150634766
spy,1995-03-14,28.789138793945312
spy,1995-03-15,28.734689712524414
spy,1995-03-16,28.907081604003906
spy,1995-03-17,28.935832977294922
spy,1995-03-20,28.935832977294922
spy,1995-03-21,28.86286735534668
spy,1995-03-22,28.890230178833008
spy,1995-03-23,28.90846061706543
spy,1995-03-24,29.318981170654297
spy,1995-03-27,29.437564849853516
spy,1995-03-28,29.437564849853516
spy,1995-03-29,29.428442001342773
spy,1995-03-30,29.37370491027832
spy,1995-03-31,29.255117416381836
spy,1995-04-03,29.328088760375977
spy,1995-04-04,29.519651412963867
spy,1995-04-05,29.519651412963867
spy,1995-04-06,29.62912368774414
spy,1995-04-07,29.601760864257812
spy,1995-04-10,29.656492233276367
spy,1995-04-11,29.556154251098633
spy,1995-04-12,29.656492233276367
spy,1995-04-13,29.82070541381836
spy,1995-04-17,29.647375106811523
spy,1995-04-18,29.547029495239258
spy,1995-04-19,29.519651412963867
spy,1995-04-20,29.565277099609375
spy,1995-04-21,29.71122932434082
spy,1995-04-24,30.05787467956543
spy,1995-04-25,29.97577667236328
spy,1995-04-26,30.003141403198242
spy,1995-04-27,30.07611846923828
spy,1995-04-28,30.121736526489258
spy,1995-05-01,30.039623260498047
spy,1995-05-02,30.10348892211914
spy,1995-05-03,30.523109436035156
spy,1995-05-04,30.504844665527344
spy,1995-05-05,30.468372344970703
spy,1995-05-08,30.68730926513672
spy,1995-05-09,30.659944534301758
spy,1995-05-10,30.696426391601562
spy,1995-05-11,30.778533935546875
spy,1995-05-12,30.796785354614258
spy,1995-05-15,30.942733764648438
spy,1995-05-16,30.960981369018555
spy,1995-05-17,30.84238052368164
spy,1995-05-18,30.395404815673828
spy,1995-05-19,30.41364860534668
spy,1995-05-22,30.751161575317383
spy,1995-05-23,31.033964157104492
spy,1995-05-24,31.015718460083008
spy,1995-05-25,31.043087005615234
spy,1995-05-26,30.68730926513672
spy,1995-05-30,30.678184509277344
spy,1995-05-31,31.316749572753906
spy,1995-06-01,31.23466682434082
spy,1995-06-02,31.262001037597656
spy,1995-06-05,31.453582763671875
spy,1995-06-06,31.398866653442383
spy,1995-06-07,31.23466682434082
spy,1995-06-08,31.161666870117188
spy,1995-06-09,30.979228973388672
spy,1995-06-12,31.15254783630371
spy,1995-06-13,31.490076065063477
spy,1995-06-14,31.462709426879883
spy,1995-06-15,31.599544525146484
spy,1995-06-16,31.693359375
spy,1995-06-19,32.05120849609375
spy,1995-06-20,31.9686279296875
spy,1995-06-21,31.95028305053711
spy,1995-06-22,32.37236022949219
spy,1995-06-23,32.308128356933594
spy,1995-06-26,31.922746658325195
spy,1995-06-27,31.85852813720703
spy,1995-06-28,32.02367401123047
spy,1995-06-29,31.9686279296875
spy,1995-06-30,31.95028305053711
spy,1995-07-03,32.0695686340332
spy,1995-07-05,32.1888427734375
spy,1995-07-06,32.601768493652344
spy,1995-07-07,32.748573303222656
spy,1995-07-10,32.76692581176758
spy,1995-07-11,32.610923767089844
spy,1995-07-12,33.014686584472656
spy,1995-07-13,32.941261291503906
spy,1995-07-14,32.91374206542969
spy,1995-07-17,33.09727096557617
spy,1995-07-18,32.81281280517578
spy,1995-07-19,32.454952239990234
spy,1995-07-20,32.57423782348633
spy,1995-07-21,32.53752136230469
spy,1995-07-24,32.77610778808594
spy,1995-07-25,33.02384567260742
spy,1995-07-26,32.996334075927734
spy,1995-07-27,33.271583557128906
spy,1995-07-28,33.06055450439453
spy,1995-07-31,32.97798538208008
spy,1995-08-01,32.92292404174805
spy,1995-08-02,32.849517822265625
spy,1995-08-03,32.840328216552734
spy,1995-08-04,32.87704086303711
spy,1995-08-07,32.9504280090332
spy,1995-08-08,32.9504280090332
spy,1995-08-09,32.941261291503906
spy,1995-08-10,32.867855072021484
spy,1995-08-11,32.68434524536133
spy,1995-08-14,32.97798538208008
spy,1995-08-15,32.91374206542969
spy,1995-08-16,33.005496978759766
spy,1995-08-17,32.9504280090332
spy,1995-08-18,32.98715591430664
spy,1995-08-21,32.89537811279297
spy,1995-08-22,32.95962905883789
spy,1995-08-23,32.840328216552734
spy,1995-08-24,32.87704086303711
spy,1995-08-25,33.06055450439453
spy,1995-08-28,32.941261291503906
spy,1995-08-29,33.02384567260742
spy,1995-08-30,33.09727096557617
spy,1995-08-31,33.124778747558594
spy,1995-09-01,33.271583557128906
spy,1995-09-05,33.583587646484375
spy,1995-09-06,33.64780807495117
spy,1995-09-07,33.66616439819336
spy,1995-09-08,33.79458999633789
spy,1995-09-11,33.886383056640625
spy,1995-09-12,34.0423698425293
spy,1995-09-13,34.19835662841797
spy,1995-09-14,34.51033401489258
spy,1995-09-15,34.500816345214844
spy,1995-09-18,34.37166213989258
spy,1995-09-19,34.5377082824707
spy,1995-09-20,34.703773498535156
spy,1995-09-21,34.41777801513672
spy,1995-09-22,34.42702102661133
spy,1995-09-25,34.37166213989258
spy,1995-09-26,34.36244201660156
spy,1995-09-27,34.33477783203125
spy,1995-09-28,34.59305953979492
spy,1995-09-29,34.52850341796875
spy,1995-10-02,34.35322189331055
spy,1995-10-03,34.39012145996094
spy,1995-10-04,34.35322189331055
spy,1995-10-05,34.45469284057617
spy,1995-10-06,34.482357025146484
spy,1995-10-09,34.19640350341797
spy,1995-10-10,34.177955627441406
spy,1995-10-11,34.28865432739258
spy,1995-10-12,34.500816345214844
spy,1995-10-13,34.61151123046875
spy,1995-10-16,34.44547653198242
spy,1995-10-17,34.67607498168945
spy,1995-10-18,34.77758026123047
spy,1995-10-19,34.943599700927734
spy,1995-10-20,34.73142623901367
spy,1995-10-23,34.65764617919922
spy,1995-10-24,34.69453430175781
spy,1995-10-25,34.408565521240234
spy,1995-10-26,34.09491729736328
spy,1995-10-27,34.35322189331055
spy,1995-10-30,34.57461166381836
spy,1995-10-31,34.42702102661133
spy,1995-11-01,34.703773498535156
spy,1995-11-02,34.925167083740234
spy,1995-11-03,34.97128677368164
spy,1995-11-06,34.85136795043945
spy,1995-11-07,34.72221374511719
spy,1995-11-08,35.03585433959961
spy,1995-11-09,35.165016174316406
spy,1995-11-10,35.14655685424805
spy,1995-11-13,35.10966491699219
spy,1995-11-14,34.879024505615234
spy,1995-11-15,35.22957229614258
spy,1995-11-16,35.42329406738281
spy,1995-11-17,35.53400421142578
spy,1995-11-20,35.34950637817383
spy,1995-11-21,35.63547897338867
spy,1995-11-22,35.52476119995117
spy,1995-11-24,35.61703109741211
spy,1995-11-27,35.62625503540039
spy,1995-11-28,36.004451751708984
spy,1995-11-29,36.041378021240234
spy,1995-11-30,35.958343505859375
spy,1995-12-01,36.004451751708984
spy,1995-12-04,36.447242736816406
spy,1995-12-05,36.68709182739258
spy,1995-12-06,36.770118713378906
spy,1995-12-07,36.576393127441406
spy,1995-12-08,36.69634246826172
spy,1995-12-11,36.8531379699707
spy,1995-12-12,36.742454528808594
spy,1995-12-13,36.973052978515625
spy,1995-12-14,36.705543518066406
spy,1995-12-15,36.718994140625
spy,1995-12-18,36.01356506347656
spy,1995-12-19,36.39414596557617
spy,1995-12-20,36.041419982910156
spy,1995-12-21,36.227046966552734
spy,1995-12-22,36.35697555541992
spy,1995-12-26,36.53335952758789
spy,1995-12-27,36.514808654785156
spy,1995-12-28,36.47768020629883
spy,1995-12-29,36.52408981323242
spy,1996-01-02,36.91389465332031
spy,1996-01-03,37.01602554321289
spy,1996-01-04,36.66329574584961
spy,1996-01-05,36.58903884887695
spy,1996-01-08,36.728275299072266
spy,1996-01-09,36.09711456298828
spy,1996-01-10,35.62372970581055
spy,1996-01-11,35.83721160888672
spy,1996-01-12,35.781524658203125
spy,1996-01-15,35.70725631713867
spy,1996-01-16,36.14351272583008
spy,1996-01-17,36.03213119506836
spy,1996-01-18,36.152793884277344
spy,1996-01-19,36.39414596557617
spy,1996-01-22,36.403404235839844
spy,1996-01-23,36.48694610595703
spy,1996-01-24,36.78396987915039
spy,1996-01-25,36.65400695800781
spy,1996-01-26,36.9695930480957
spy,1996-01-29,37.118106842041016
spy,1996-01-30,37.433692932128906
spy,1996-01-31,37.82351303100586
spy,1996-02-01,37.9627685546875
spy,1996-02-02,37.80496597290039
spy,1996-02-05,38.11126708984375
spy,1996-02-06,38.4732666015625
spy,1996-02-07,38.69601058959961
spy,1996-02-08,39.11371612548828
spy,1996-02-09,39.104427337646484
spy,1996-02-12,39.40143966674805
spy,1996-02-13,39.317901611328125
spy,1996-02-14,38.97449493408203
spy,1996-02-15,38.73311996459961
spy,1996-02-16,38.57535934448242
spy,1996-02-20,38.194801330566406
spy,1996-02-21,38.66817855834961
spy,1996-02-22,39.2807731628418
spy,1996-02-23,39.16938781738281
spy,1996-02-26,38.61251449584961
spy,1996-02-27,38.491817474365234
spy,1996-02-28,38.31547164916992
spy,1996-02-29,37.944190979003906
spy,1996-03-01,38.54753494262695
spy,1996-03-04,38.770259857177734
spy,1996-03-05,39.13226318359375
spy,1996-03-06,38.78883743286133
spy,1996-03-07,38.9837532043457
spy,1996-03-08,37.721435546875
spy,1996-03-11,38.15766906738281
spy,1996-03-12,37.86066436767578
spy,1996-03-13,38.120548248291016
spy,1996-03-14,38.287628173828125
spy,1996-03-15,38.26189422607422
spy,1996-03-18,38.99840545654297
spy,1996-03-19,38.914512634277344
spy,1996-03-20,38.86788558959961
spy,1996-03-21,38.7746467590332
spy,1996-03-22,38.877227783203125
spy,1996-03-25,38.802635192871094
spy,1996-03-26,38.98908996582031
spy,1996-03-27,38.634822845458984
spy,1996-03-28,38.78400802612305
spy,1996-03-29,38.59750747680664
spy,1996-04-01,39.045040130615234
spy,1996-04-02,39.11960983276367
spy,1996-04-03,39.11960983276367
spy,1996-04-04,39.09166717529297
spy,1996-04-08,38.42036437988281
spy,1996-04-09,38.27121353149414
spy,1996-04-10,37.590633392333984
spy,1996-04-11,37.54399871826172
spy,1996-04-12,38.01948928833008
spy,1996-04-15,38.33647918701172
spy,1996-04-16,38.448360443115234
spy,1996-04-17,38.35511779785156
spy,1996-04-18,38.41106033325195
spy,1996-04-19,38.50430679321289
spy,1996-04-22,38.802635192871094
spy,1996-04-23,38.92383575439453
spy,1996-04-24,38.78400802612305
spy,1996-04-25,38.96113204956055
spy,1996-04-26,39.045040130615234
spy,1996-04-29,39.045040130615234
spy,1996-04-30,39.017066955566406
spy,1996-05-01,39.1009635925293
spy,1996-05-02,38.42971420288086
spy,1996-05-03,38.37379837036133
spy,1996-05-06,38.33647918701172
spy,1996-05-07,38.177982330322266
spy,1996-05-08,38.653465270996094
spy,1996-05-09,38.625484466552734
spy,1996-05-10,39.007713317871094
spy,1996-05-13,39.595096588134766
spy,1996-05-14,39.83749008178711
spy,1996-05-15,39.7908821105957
spy,1996-05-16,39.87479019165039
spy,1996-05-17,40.08921432495117
spy,1996-05-20,40.35956573486328
spy,1996-05-21,40.30363082885742
spy,1996-05-22,40.68589782714844
spy,1996-05-23,40.51807403564453
spy,1996-05-24,40.67655944824219
spy,1996-05-28,40.26634979248047
spy,1996-05-29,39.99596405029297
spy,1996-05-30,40.20111083984375
spy,1996-05-31,39.90274429321289
spy,1996-06-03,40.0146369934082
spy,1996-06-04,40.294315338134766
spy,1996-06-05,40.648590087890625
spy,1996-06-06,40.35026931762695
spy,1996-06-07,40.35026931762695
spy,1996-06-10,40.2197265625
spy,1996-06-11,40.18246078491211
spy,1996-06-12,40.10786056518555
spy,1996-06-13,40.10786056518555
spy,1996-06-14,39.940059661865234
spy,1996-06-17,39.91208267211914
spy,1996-06-18,39.58576202392578
spy,1996-06-19,39.762908935546875
spy,1996-06-20,39.73492431640625
spy,1996-06-21,40.07671356201172
spy,1996-06-24,40.15166473388672
spy,1996-06-25,40.10481643676758
spy,1996-06-26,39.833030700683594
spy,1996-06-27,40.11420440673828
spy,1996-06-28,40.2547721862793
spy,1996-07-01,40.601558685302734
spy,1996-07-02,40.451595306396484
spy,1996-07-03,40.36723709106445
spy,1996-07-05,39.336280822753906
spy,1996-07-08,39.17694091796875
spy,1996-07-09,39.336280822753906
spy,1996-07-10,39.4955940246582
spy,1996-07-11,38.69894790649414
spy,1996-07-12,38.72706604003906
spy,1996-07-15,37.5836181640625
spy,1996-07-16,37.677337646484375
spy,1996-07-17,38.12721252441406
spy,1996-07-18,38.65206527709961
spy,1996-07-19,38.37089920043945
spy,1996-07-22,38.089725494384766
spy,1996-07-23,37.60236358642578
spy,1996-07-24,37.677337646484375
spy,1996-07-25,38.014747619628906
spy,1996-07-26,38.22093200683594
spy,1996-07-29,37.7991943359375
spy,1996-07-30,38.164710998535156
spy,1996-07-31,38.44588851928711
spy,1996-08-01,39.08321762084961
spy,1996-08-02,39.92673873901367
spy,1996-08-05,39.69241714477539
spy,1996-08-06,39.814273834228516
spy,1996-08-07,39.917354583740234
spy,1996-08-08,39.85176086425781
spy,1996-08-09,39.72056198120117
spy,1996-08-12,40.01107406616211
spy,1996-08-13,39.69241714477539
spy,1996-08-14,39.833030700683594
spy,1996-08-15,39.75801467895508
spy,1996-08-16,40.095428466796875
spy,1996-08-19,40.11420440673828
spy,1996-08-20,40.086082458496094
spy,1996-08-21,39.94548034667969
spy,1996-08-22,40.320377349853516
spy,1996-08-23,40.10481643676758
spy,1996-08-26,39.907997131347656
spy,1996-08-27,40.057952880859375
spy,1996-08-28,39.99235153198242
spy,1996-08-29,39.59867858886719
spy,1996-08-30,39.18628692626953
spy,1996-09-03,39.43936538696289
spy,1996-09-04,39.476871490478516
spy,1996-09-05,38.998844146728516
spy,1996-09-06,39.55183792114258
spy,1996-09-09,40.02046585083008
spy,1996-09-10,40.001712799072266
spy,1996-09-11,40.22665023803711
spy,1996-09-12,40.507835388183594
spy,1996-09-13,41.12641143798828
spy,1996-09-16,41.27637481689453
spy,1996-09-17,41.18265151977539
spy,1996-09-18,41.07953643798828
spy,1996-09-19,41.23888397216797
spy,1996-09-20,41.38518142700195
spy,1996-09-23,41.37575149536133
spy,1996-09-24,41.36631774902344
spy,1996-09-25,41.39459991455078
spy,1996-09-26,41.37575149536133
spy,1996-09-27,41.4134407043457
spy,1996-09-30,41.37575149536133
spy,1996-10-01,41.601844787597656
spy,1996-10-02,41.88446807861328
spy,1996-10-03,41.84677505493164
spy,1996-10-04,42.412025451660156
spy,1996-10-07,42.45912170410156
spy,1996-10-08,42.289573669433594
spy,1996-10-09,41.959842681884766
spy,1996-10-10,41.87504196166992
spy,1996-10-11,42.39317321777344
spy,1996-10-14,42.4497184753418
spy,1996-10-15,42.39317321777344
spy,1996-10-16,42.600433349609375
spy,1996-10-17,42.713478088378906
spy,1996-10-18,42.939571380615234
spy,1996-10-21,42.883052825927734
spy,1996-10-22,42.58159255981445
spy,1996-10-23,42.722900390625
spy,1996-10-24,42.355491638183594
spy,1996-10-25,42.39317321777344
spy,1996-10-28,42.110557556152344
spy,1996-10-29,42.4497184753418
spy,1996-10-30,42.30838394165039
spy,1996-10-31,42.713478088378906
spy,1996-11-01,42.5627555847168
spy,1996-11-04,42.845401763916016
spy,1996-11-05,43.09031677246094
spy,1996-11-06,43.919349670410156
spy,1996-11-07,44.02297592163086
spy,1996-11-08,44.26789474487305
spy,1996-11-11,44.22080612182617
spy,1996-11-12,44.08890914916992
spy,1996-11-13,44.28676223754883
spy,1996-11-14,44.57877731323242
spy,1996-11-15,44.63529586791992
spy,1996-11-18,44.64474105834961
spy,1996-11-19,44.96501922607422
spy,1996-11-20,45.04039764404297
spy,1996-11-21,44.974456787109375
spy,1996-11-22,45.323028564453125
spy,1996-11-25,45.89768600463867
spy,1996-11-26,45.7469367980957
spy,1996-11-27,45.662174224853516
spy,1996-11-29,45.831729888916016
spy,1996-12-02,45.85056686401367
spy,1996-12-03,45.06866455078125
spy,1996-12-04,45.19112014770508
spy,1996-12-05,45.06866455078125
spy,1996-12-06,44.80488586425781
spy,1996-12-09,45.464317321777344
spy,1996-12-10,45.24765396118164
spy,1996-12-11,44.8331413269043
spy,1996-12-12,44.08890914916992
spy,1996-12-13,44.20195770263672
spy,1996-12-16,43.63671112060547
spy,1996-12-17,43.98526382446289
spy,1996-12-18,44.33384704589844
spy,1996-12-19,45.24765396118164
spy,1996-12-20,45.346927642822266
spy,1996-12-23,45.233333587646484
spy,1996-12-24,45.56468963623047
spy,1996-12-26,45.91497039794922
spy,1996-12-27,45.971771240234375
spy,1996-12-30,45.574153900146484
spy,1996-12-31,44.74106979370117
spy,1997-01-02,44.85466003417969
spy,1997-01-03,45.49843215942383
spy,1997-01-06,45.10079574584961
spy,1997-01-07,45.649906158447266
spy,1997-01-08,45.25225830078125
spy,1997-01-09,45.630950927734375
spy,1997-01-10,46.12324142456055
spy,1997-01-13,46.056976318359375
spy,1997-01-14,46.634464263916016
spy,1997-01-15,46.52084732055664
spy,1997-01-16,46.710182189941406
spy,1997-01-17,46.99419021606445
spy,1997-01-20,47.05099105834961
spy,1997-01-21,47.42969512939453
spy,1997-01-22,47.770503997802734
spy,1997-01-23,47.107791900634766
spy,1997-01-24,46.50191879272461
spy,1997-01-27,46.36936950683594
spy,1997-01-28,46.50191879272461
spy,1997-01-29,46.95632553100586
spy,1997-01-30,47.562217712402344
spy,1997-01-31,47.50539779663086
spy,1997-02-03,47.647438049316406
spy,1997-02-04,47.94091033935547
spy,1997-02-05,47.041542053222656
spy,1997-02-06,47.35396957397461
spy,1997-02-07,47.997676849365234
spy,1997-02-10,47.54329299926758
spy,1997-02-11,48.09236145019531
spy,1997-02-12,48.773983001708984
spy,1997-02-13,49.304141998291016
spy,1997-02-14,49.19054412841797
spy,1997-02-18,49.607120513916016
spy,1997-02-19,49.2757682800293
spy,1997-02-20,48.6793327331543
spy,1997-02-21,48.6982421875
spy,1997-02-24,49.2757682800293
spy,1997-02-25,49.31362533569336
spy,1997-02-26,48.83079528808594
spy,1997-02-27,48.1018180847168
spy,1997-02-28,47.959835052490234
spy,1997-03-03,48.28169250488281
spy,1997-03-04,48.01661682128906
spy,1997-03-05,48.83079528808594
spy,1997-03-06,48.546775817871094
spy,1997-03-07,48.9822883605957
spy,1997-03-10,49.49348449707031
spy,1997-03-11,49.22840118408203
spy,1997-03-12,48.792938232421875
spy,1997-03-13,48.035579681396484
spy,1997-03-14,48.28169250488281
spy,1997-03-17,48.414268493652344
spy,1997-03-18,47.8935546875
spy,1997-03-19,47.73261642456055
spy,1997-03-20,47.48650360107422
spy,1997-03-21,47.70632553100586
spy,1997-03-24,48.37158966064453
spy,1997-03-25,47.896385192871094
spy,1997-03-26,48.10546875
spy,1997-03-27,46.83203887939453
spy,1997-03-31,45.84370803833008
spy,1997-04-01,46.138309478759766
spy,1997-04-02,45.31153869628906
spy,1997-04-03,45.55862045288086
spy,1997-04-04,46.12881851196289
spy,1997-04-07,46.30937957763672
spy,1997-04-08,46.64200973510742
spy,1997-04-09,46.261844635009766
spy,1997-04-10,46.090797424316406
spy,1997-04-11,44.627323150634766
spy,1997-04-14,45.22599411010742
spy,1997-04-15,45.99577713012695
spy,1997-04-16,46.52794647216797
spy,1997-04-17,46.33789825439453
spy,1997-04-18,46.56597137451172
spy,1997-04-21,46.261844635009766
spy,1997-04-22,47.27870559692383
spy,1997-04-23,47.32622528076172
spy,1997-04-24,47.08866500854492
spy,1997-04-25,46.54694366455078
spy,1997-04-28,47.003108978271484
spy,1997-04-29,48.48563003540039
spy,1997-04-30,48.71370315551758
spy,1997-05-01,48.65668869018555
spy,1997-05-02,49.530967712402344
spy,1997-05-05,50.709388732910156
spy,1997-05-06,50.671382904052734
spy,1997-05-07,49.56899642944336
spy,1997-05-08,49.91109848022461
spy,1997-05-09,50.25325012207031
spy,1997-05-12,51.08949661254883
spy,1997-05-13,50.88045120239258
spy,1997-05-14,50.975486755371094
spy,1997-05-15,51.31761932373047
spy,1997-05-16,50.61436080932617
spy,1997-05-19,50.766422271728516
spy,1997-05-20,51.374595642089844
spy,1997-05-21,51.26057052612305
spy,1997-05-22,51.08949661254883
spy,1997-05-23,51.564659118652344
spy,1997-05-27,51.77374267578125
spy,1997-05-28,51.76423263549805
spy,1997-05-29,51.460140228271484
spy,1997-05-30,51.79277801513672
spy,1997-06-02,51.564659118652344
spy,1997-06-03,51.39360427856445
spy,1997-06-04,51.33656692504883
spy,1997-06-05,51.52664566040039
spy,1997-06-06,52.53402328491211
spy,1997-06-09,52.80011749267578
spy,1997-06-10,52.96162796020508
spy,1997-06-11,53.085174560546875
spy,1997-06-12,54.111534118652344
spy,1997-06-13,54.56772232055664
spy,1997-06-16,54.58671951293945
spy,1997-06-17,54.510684967041016
spy,1997-06-18,54.320613861083984
spy,1997-06-19,54.881317138671875
spy,1997-06-20,54.694305419921875
spy,1997-06-23,53.36822509765625
spy,1997-06-24,54.72294235229492
spy,1997-06-25,54.34131622314453
spy,1997-06-26,54.074214935302734
spy,1997-06-27,54.284095764160156
spy,1997-06-30,53.92153549194336
spy,1997-07-01,54.551204681396484
spy,1997-07-02,55.44801330566406
spy,1997-07-03,56.211219787597656
spy,1997-07-07,55.638797760009766
spy,1997-07-08,56.22076416015625
spy,1997-07-09,55.600616455078125
spy,1997-07-10,55.848670959472656
spy,1997-07-11,56.03949737548828
spy,1997-07-14,56.211219787597656
spy,1997-07-15,56.49742126464844
spy,1997-07-16,57.241573333740234
spy,1997-07-17,56.95536422729492
spy,1997-07-18,55.743709564208984
spy,1997-07-21,55.753292083740234
spy,1997-07-22,57.23204803466797
spy,1997-07-23,57.184326171875
spy,1997-07-24,57.45146179199219
spy,1997-07-25,57.4133186340332
spy,1997-07-28,57.375152587890625
spy,1997-07-29,57.56595230102539
spy,1997-07-30,58.25286102294922
spy,1997-07-31,58.19561767578125
spy,1997-08-01,57.966636657714844
spy,1997-08-04,58.119285583496094
spy,1997-08-05,58.157432556152344
spy,1997-08-06,58.63448715209961
spy,1997-08-07,58.19561767578125
spy,1997-08-08,57.01259231567383
spy,1997-08-11,57.43238067626953
spy,1997-08-12,56.51650619506836
spy,1997-08-13,56.34480285644531
spy,1997-08-14,56.5546875
spy,1997-08-15,54.818321228027344
spy,1997-08-18,56.03949737548828
spy,1997-08-19,56.68821716308594
spy,1997-08-20,57.54686737060547
spy,1997-08-21,56.53562545776367
spy,1997-08-22,56.51650619506836
spy,1997-08-25,56.306644439697266
spy,1997-08-26,55.47666931152344
spy,1997-08-27,55.81053924560547
spy,1997-08-28,54.961448669433594
spy,1997-08-29,55.180912017822266
spy,1997-09-02,56.97444534301758
spy,1997-09-03,56.66916275024414
spy,1997-09-04,57.031681060791016
spy,1997-09-05,56.869503021240234
spy,1997-09-08,57.11757278442383
spy,1997-09-09,57.14619445800781
spy,1997-09-10,55.96316146850586
spy,1997-09-11,55.6769905090332
spy,1997-09-12,56.5737419128418
spy,1997-09-15,56.478363037109375
spy,1997-09-16,57.890281677246094
spy,1997-09-17,57.890281677246094
spy,1997-09-18,58.13837814331055
spy,1997-09-19,58.23671340942383
spy,1997-09-22,58.5622444152832
spy,1997-09-23,58.29417037963867
spy,1997-09-24,57.81540298461914
spy,1997-09-25,57.41324996948242
spy,1997-09-26,57.891998291015625
spy,1997-09-29,58.44737243652344
spy,1997-09-30,57.834564208984375
spy,1997-10-01,58.60056686401367
spy,1997-10-02,58.92612838745117
spy,1997-10-03,59.22293472290039
spy,1997-10-06,59.61552429199219
spy,1997-10-07,60.17089080810547
spy,1997-10-08,59.74956130981445
spy,1997-10-09,59.53895950317383
spy,1997-10-10,59.36656951904297
spy,1997-10-13,59.424041748046875
spy,1997-10-14,59.443199157714844
spy,1997-10-15,59.30915069580078
spy,1997-10-16,58.370731353759766
spy,1997-10-17,57.777099609375
spy,1997-10-20,58.60056686401367
spy,1997-10-21,59.74003219604492
spy,1997-10-22,59.347434997558594
spy,1997-10-23,58.17927169799805
spy,1997-10-24,57.604766845703125
spy,1997-10-27,53.42993927001953
spy,1997-10-28,56.5131721496582
spy,1997-10-29,56.3599739074707
spy,1997-10-30,55.11517333984375
spy,1997-10-31,56.41743087768555
spy,1997-11-03,57.604766845703125
spy,1997-11-04,57.604766845703125
spy,1997-11-05,57.79624938964844
spy,1997-11-06,57.57600784301758
spy,1997-11-07,56.953617095947266
spy,1997-11-10,56.60893630981445
spy,1997-11-11,56.62805938720703
spy,1997-11-12,55.45985794067383
spy,1997-11-13,56.26424026489258
spy,1997-11-14,57.03022384643555
spy,1997-11-17,58.083499908447266
spy,1997-11-18,57.71967697143555
spy,1997-11-19,58.006900787353516
spy,1997-11-20,58.88784408569336
spy,1997-11-21,59.28999328613281
spy,1997-11-24,58.21757125854492
spy,1997-11-25,58.370731353759766
spy,1997-11-26,58.543094635009766
spy,1997-11-28,58.60056686401367
spy,1997-12-01,60.11343765258789
spy,1997-12-02,59.74956130981445
spy,1997-12-03,59.92192840576172
spy,1997-12-04,59.864498138427734
spy,1997-12-05,60.63056564331055
spy,1997-12-08,60.45817184448242
spy,1997-12-09,60.094303131103516
spy,1997-12-10,59.5772590637207
spy,1997-12-11,58.5622444152832
spy,1997-12-12,58.67717742919922
spy,1997-12-15,59.2708625793457
spy,1997-12-16,59.63470458984375
spy,1997-12-17,59.328311920166016
spy,1997-12-18,58.7537841796875
spy,1997-12-19,58.31463623046875
spy,1997-12-22,58.68956756591797
spy,1997-12-23,57.64171600341797
spy,1997-12-24,57.468650817871094
spy,1997-12-26,57.699398040771484
spy,1997-12-29,58.8337516784668
spy,1997-12-30,59.75666809082031
spy,1997-12-31,59.71818542480469
spy,1998-01-02,60.02583694458008
spy,1998-01-05,60.16038513183594
spy,1998-01-06,59.199073791503906
spy,1998-01-07,59.352901458740234
spy,1998-01-08,58.8337516784668
spy,1998-01-09,56.795745849609375
spy,1998-01-12,57.8339729309082
spy,1998-01-13,58.64149856567383
spy,1998-01-14,58.91067123413086
spy,1998-01-15,58.42037582397461
spy,1998-01-16,59.256736755371094
spy,1998-01-20,60.218074798583984
spy,1998-01-21,59.6412467956543
spy,1998-01-22,59.112548828125
spy,1998-01-23,59.026031494140625
spy,1998-01-26,58.98757553100586
spy,1998-01-27,59.583595275878906
spy,1998-01-28,60.121952056884766
spy,1998-01-29,60.44881057739258
spy,1998-01-30,60.48724365234375
spy,1998-02-02,61.48704147338867
spy,1998-02-03,61.94845199584961
spy,1998-02-04,61.871585845947266
spy,1998-02-05,61.83313751220703
spy,1998-02-06,62.52531051635742
spy,1998-02-09,62.31376647949219
spy,1998-02-10,62.90983963012695
spy,1998-02-11,62.85215377807617
spy,1998-02-12,63.121307373046875
spy,1998-02-13,62.75601577758789
spy,1998-02-17,63.0636100769043
spy,1998-02-18,63.64043426513672
spy,1998-02-19,63.303951263427734
spy,1998-02-20,63.77500915527344
spy,1998-02-23,64.02498626708984
spy,1998-02-24,63.52510452270508
spy,1998-02-25,64.31336975097656
spy,1998-02-26,64.67869567871094
spy,1998-02-27,64.67869567871094
spy,1998-03-02,64.54408264160156
spy,1998-03-03,64.90939331054688
spy,1998-03-04,64.48641204833984
spy,1998-03-05,63.89040756225586
spy,1998-03-06,65.1785659790039
spy,1998-03-09,64.94784545898438
spy,1998-03-10,65.56310272216797
spy,1998-03-11,65.87075805664062
spy,1998-03-12,66.1399154663086
spy,1998-03-13,65.8899917602539
spy,1998-03-16,66.60136413574219
spy,1998-03-17,66.79366302490234
spy,1998-03-18,67.04353332519531
spy,1998-03-19,67.21661376953125
spy,1998-03-20,67.79536437988281
spy,1998-03-23,67.64110565185547
spy,1998-03-24,68.21961975097656
spy,1998-03-25,67.96888732910156
spy,1998-03-26,67.93034362792969
spy,1998-03-27,67.64110565185547
spy,1998-03-30,67.6025619506836
spy,1998-03-31,67.83393096923828
spy,1998-04-01,68.38347625732422
spy,1998-04-02,69.12580108642578
spy,1998-04-03,69.47290802001953
spy,1998-04-06,68.91372680664062
spy,1998-04-07,68.450927734375
spy,1998-04-08,68.06531524658203
spy,1998-04-09,68.605224609375
spy,1998-04-13,68.41239929199219
spy,1998-04-14,68.99085235595703
spy,1998-04-15,69.18370056152344
spy,1998-04-16,68.37382507324219
spy,1998-04-17,69.28013610839844
spy,1998-04-20,69.26078796386719
spy,1998-04-21,69.58861541748047
spy,1998-04-22,69.78140258789062
spy,1998-04-23,69.10657501220703
spy,1998-04-24,68.37382507324219
spy,1998-04-27,67.08191680908203
spy,1998-04-28,66.98555755615234
spy,1998-04-29,67.44829559326172
spy,1998-04-30,68.70162963867188
spy,1998-05-01,69.47290802001953
spy,1998-05-04,69.29936218261719
spy,1998-05-05,68.81731414794922
spy,1998-05-06,68.0074691772461
spy,1998-05-07,67.46756744384766
spy,1998-05-08,68.56668853759766
spy,1998-05-11,68.33528137207031
spy,1998-05-12,69.06800842285156
spy,1998-05-13,69.24153900146484
spy,1998-05-14,68.89443969726562
spy,1998-05-15,68.5088119506836
spy,1998-05-18,68.23888397216797
spy,1998-05-19,68.70162963867188
spy,1998-05-20,69.3572006225586
spy,1998-05-21,68.91372680664062
spy,1998-05-22,68.64380645751953
spy,1998-05-26,67.54470825195312
spy,1998-05-27,67.64110565185547
spy,1998-05-28,67.94964599609375
spy,1998-05-29,67.27473449707031
spy,1998-06-01,67.58325958251953
spy,1998-06-02,67.64110565185547
spy,1998-06-03,66.56134033203125
spy,1998-06-04,67.79536437988281
spy,1998-06-05,69.10657501220703
spy,1998-06-08,69.0294189453125
spy,1998-06-09,69.24153900146484
spy,1998-06-10,68.7980728149414
spy,1998-06-11,67.5061264038086
spy,1998-06-12,68.14244079589844
spy,1998-06-15,66.34923553466797
spy,1998-06-16,67.37117004394531
spy,1998-06-17,68.77874755859375
spy,1998-06-18,68.47023010253906
spy,1998-06-19,68.1271743774414
spy,1998-06-22,68.45602416992188
spy,1998-06-23,69.26841735839844
spy,1998-06-24,70.1968994140625
spy,1998-06-25,70.08085632324219
spy,1998-06-26,70.3709716796875
spy,1998-06-29,70.62245178222656
spy,1998-06-30,70.13888549804688
spy,1998-07-01,70.95130920410156
spy,1998-07-02,71.0866928100586
spy,1998-07-06,71.80242156982422
spy,1998-07-07,71.66697692871094
spy,1998-07-08,72.18925476074219
spy,1998-07-09,71.70570373535156
spy,1998-07-10,72.09258270263672
spy,1998-07-13,72.11189270019531
spy,1998-07-14,72.92432403564453
spy,1998-07-15,72.78888702392578
spy,1998-07-16,73.29185485839844
spy,1998-07-17,73.38853454589844
spy,1998-07-20,73.38853454589844
spy,1998-07-21,72.11189270019531
spy,1998-07-22,72.11189270019531
spy,1998-07-23,70.68047332763672
spy,1998-07-24,70.62245178222656
spy,1998-07-27,71.12532043457031
spy,1998-07-28,69.92611694335938
spy,1998-07-29,69.65532684326172
spy,1998-07-30,70.6998062133789
spy,1998-07-31,69.19100952148438
spy,1998-08-03,68.90090942382812
spy,1998-08-04,66.23150634765625
spy,1998-08-05,67.140625
spy,1998-08-06,67.43082427978516
spy,1998-08-07,67.54686737060547
spy,1998-08-10,67.16000366210938
spy,1998-08-11,66.1541519165039
spy,1998-08-12,67.27603912353516
spy,1998-08-13,66.46366119384766
spy,1998-08-14,65.68990325927734
spy,1998-08-17,67.0826416015625
spy,1998-08-18,68.32064056396484
spy,1998-08-19,68.14653778076172
spy,1998-08-20,67.74030303955078
spy,1998-08-21,67.19871520996094
spy,1998-08-24,67.62425231933594
spy,1998-08-25,67.77899169921875
spy,1998-08-26,67.39210510253906
spy,1998-08-27,64.21984100341797
spy,1998-08-28,63.98768997192383
spy,1998-08-31,59.42268753051758
spy,1998-09-01,61.93733596801758
spy,1998-09-02,61.492401123046875
spy,1998-09-03,61.00886154174805
spy,1998-09-04,60.505889892578125
spy,1998-09-08,63.75556945800781
spy,1998-09-09,62.208099365234375
spy,1998-09-10,60.97016143798828
spy,1998-09-11,62.94316101074219
spy,1998-09-14,64.02638244628906
spy,1998-09-15,64.41329956054688
spy,1998-09-16,64.9935302734375
spy,1998-09-17,63.13661575317383
spy,1998-09-18,63.41783905029297
spy,1998-09-21,63.3790168762207
spy,1998-09-22,63.903114318847656
spy,1998-09-23,66.46543884277344
spy,1998-09-24,64.83484649658203
spy,1998-09-25,64.75724029541016
spy,1998-09-28,65.3395767211914
spy,1998-09-29,65.18426513671875
spy,1998-09-30,63.20427703857422
spy,1998-10-01,61.379642486572266
spy,1998-10-02,62.56371307373047
spy,1998-10-05,61.301963806152344
spy,1998-10-06,61.24375915527344
spy,1998-10-07,60.331356048583984
spy,1998-10-08,60.00136184692383
spy,1998-10-09,61.20492935180664
spy,1998-10-12,62.09782409667969
spy,1998-10-13,61.88428497314453
spy,1998-10-14,62.46669387817383
spy,1998-10-15,65.82489776611328
spy,1998-10-16,65.84428405761719
spy,1998-10-19,66.07720184326172
spy,1998-10-20,66.46543884277344
spy,1998-10-21,66.23249053955078
spy,1998-10-22,67.22250366210938
spy,1998-10-23,66.36837768554688
spy,1998-10-26,66.8536605834961
spy,1998-10-27,66.46543884277344
spy,1998-10-28,66.34898376464844
spy,1998-10-29,67.96017456054688
spy,1998-10-30,68.3289566040039
spy,1998-11-02,69.4936752319336
spy,1998-11-03,68.989013671875
spy,1998-11-04,69.72662353515625
spy,1998-11-05,70.67781066894531
spy,1998-11-06,70.891357421875
spy,1998-11-09,70.38662719726562
spy,1998-11-10,70.1924819946289
spy,1998-11-11,69.72662353515625
spy,1998-11-12,69.64897155761719
spy,1998-11-13,70.32837677001953
spy,1998-11-16,70.85250091552734
spy,1998-11-17,70.85250091552734
spy,1998-11-18,71.2795181274414
spy,1998-11-19,71.90071868896484
spy,1998-11-20,72.44426727294922
spy,1998-11-23,74.15245056152344
spy,1998-11-24,73.68657684326172
spy,1998-11-25,73.68657684326172
spy,1998-11-27,74.23011779785156
spy,1998-11-30,72.1336898803711
spy,1998-12-01,73.06541442871094
spy,1998-12-02,72.8519058227539
spy,1998-12-03,71.64838409423828
spy,1998-12-04,73.53131103515625
spy,1998-12-07,73.88069915771484
spy,1998-12-08,73.5506820678711
spy,1998-12-09,73.68657684326172
spy,1998-12-10,72.60922241210938
spy,1998-12-11,72.75486755371094
spy,1998-12-14,70.65836334228516
spy,1998-12-15,72.4830551147461
spy,1998-12-16,72.38601684570312
spy,1998-12-17,73.54098510742188
spy,1998-12-18,73.85343170166016
spy,1998-12-21,74.8857421875
spy,1998-12-22,75.21680450439453
spy,1998-12-23,76.79436492919922
spy,1998-12-24,76.46328735351562
spy,1998-12-28,76.26849365234375
spy,1998-12-29,77.47604370117188
spy,1998-12-30,76.85282135009766
spy,1998-12-31,76.85282135009766
spy,1999-01-04,76.67752075195312
spy,1999-01-05,77.5539321899414
spy,1999-01-06,79.42367553710938
spy,1999-01-07,79.03412628173828
spy,1999-01-08,79.61837768554688
spy,1999-01-11,78.85882568359375
spy,1999-01-12,77.43708038330078
spy,1999-01-13,76.89176177978516
spy,1999-01-14,75.54793548583984
spy,1999-01-15,77.51499938964844
spy,1999-01-19,78.0213623046875
spy,1999-01-20,78.64460754394531
spy,1999-01-21,76.56061553955078
spy,1999-01-22,76.3853530883789
spy,1999-01-25,77.16445922851562
spy,1999-01-26,78.56669616699219
spy,1999-01-27,77.65132904052734
spy,1999-01-28,78.95620727539062
spy,1999-01-29,79.55998229980469
spy,1999-02-01,79.09255981445312
spy,1999-02-02,78.60562133789062
spy,1999-02-03,79.4041748046875
spy,1999-02-04,78.21612548828125
spy,1999-02-05,77.32025146484375
spy,1999-02-08,77.47604370117188
spy,1999-02-09,75.74268341064453
spy,1999-02-10,76.22956848144531
spy,1999-02-11,77.98245239257812
spy,1999-02-12,77.047607421875
spy,1999-02-16,76.58013153076172
spy,1999-02-17,76.5022201538086
spy,1999-02-18,77.10600280761719
spy,1999-02-19,77.43708038330078
spy,1999-02-22,79.50155639648438
spy,1999-02-23,79.46258544921875
spy,1999-02-24,78.0603256225586
spy,1999-02-25,77.32025146484375
spy,1999-02-26,77.00860595703125
spy,1999-03-01,77.22283935546875
spy,1999-03-02,76.54118347167969
spy,1999-03-03,76.95020294189453
spy,1999-03-04,77.92401123046875
spy,1999-03-05,79.4918441772461
spy,1999-03-08,80.00792694091797
spy,1999-03-09,79.81317901611328
spy,1999-03-10,80.51432037353516
spy,1999-03-11,81.4102554321289
spy,1999-03-12,80.63118743896484
spy,1999-03-15,81.7802505493164
spy,1999-03-16,81.46867370605469
spy,1999-03-17,81.1180648803711
spy,1999-03-18,82.42296600341797
spy,1999-03-19,81.02195739746094
spy,1999-03-22,81.17817687988281
spy,1999-03-23,78.83536529541016
spy,1999-03-24,79.2844009399414
spy,1999-03-25,80.90485382080078
spy,1999-03-26,80.31918334960938
spy,1999-03-29,81.9395751953125
spy,1999-03-30,81.51007843017578
spy,1999-03-31,80.20199584960938
spy,1999-04-01,80.80720520019531
spy,1999-04-05,82.72048950195312
spy,1999-04-06,82.5252914428711
spy,1999-04-07,83.1890640258789
spy,1999-04-08,84.24333190917969
spy,1999-04-09,84.26284790039062
spy,1999-04-12,85.16090393066406
spy,1999-04-13,84.61424255371094
spy,1999-04-14,83.1890640258789
spy,1999-04-15,82.8766860961914
spy,1999-04-16,82.17385864257812
spy,1999-04-19,80.90485382080078
spy,1999-04-20,81.9200439453125
spy,1999-04-21,84.26284790039062
spy,1999-04-22,85.06332397460938
spy,1999-04-23,84.84855651855469
spy,1999-04-26,85.33662414550781
spy,1999-04-27,85.74662780761719
spy,1999-04-28,84.57524871826172
spy,1999-04-29,83.93095397949219
spy,1999-04-30,83.24761962890625
spy,1999-05-03,84.77046966552734
spy,1999-05-04,83.56000518798828
spy,1999-05-05,84.22380828857422
spy,1999-05-06,83.70642852783203
spy,1999-05-07,84.34093475341797
spy,1999-05-10,83.92115783691406
spy,1999-05-11,84.77046966552734
spy,1999-05-12,85.43427276611328
spy,1999-05-13,85.80519104003906
spy,1999-05-14,83.57954406738281
spy,1999-05-17,83.83338928222656
spy,1999-05-18,83.6771469116211
spy,1999-05-19,84.2823715209961
spy,1999-05-20,83.77477264404297
spy,1999-05-21,83.30620574951172
spy,1999-05-24,81.9200439453125
spy,1999-05-25,80.59246826171875
spy,1999-05-26,81.4905014038086
spy,1999-05-27,80.31918334960938
spy,1999-05-28,81.34410858154297
spy,1999-06-01,81.06102752685547
spy,1999-06-02,81.13912200927734
spy,1999-06-03,81.5881576538086
spy,1999-06-04,83.22808837890625
spy,1999-06-07,83.44287872314453
spy,1999-06-08,82.62291717529297
spy,1999-06-09,82.54480743408203
spy,1999-06-10,81.78340148925781
spy,1999-06-11,81.10002899169922
spy,1999-06-14,81.17817687988281
spy,1999-06-15,81.72481536865234
spy,1999-06-16,83.28670501708984
spy,1999-06-17,84.06763458251953
spy,1999-06-18,84.1646957397461
spy,1999-06-21,84.36054992675781
spy,1999-06-22,83.77310180664062
spy,1999-06-23,83.36189270019531
spy,1999-06-24,82.7352523803711
spy,1999-06-25,82.5296401977539
spy,1999-06-28,83.53815460205078
spy,1999-06-29,84.32144165039062
spy,1999-06-30,85.84883117675781
spy,1999-07-01,86.4950180053711
spy,1999-07-02,87.35665893554688
spy,1999-07-06,87.33708953857422
spy,1999-07-07,87.45457458496094
spy,1999-07-08,87.52310180664062
spy,1999-07-09,88.0420150756836
spy,1999-07-12,87.65040588378906
spy,1999-07-13,87.33708953857422
spy,1999-07-14,87.82662200927734
spy,1999-07-15,88.38477325439453
spy,1999-07-16,88.864501953125
spy,1999-07-19,88.27704620361328
spy,1999-07-20,86.46569061279297
spy,1999-07-21,86.36775207519531
spy,1999-07-22,85.23200988769531
spy,1999-07-23,85.06554412841797
spy,1999-07-26,84.43891143798828
spy,1999-07-27,85.14385223388672
spy,1999-07-28,85.41796875
spy,1999-07-29,84.22350311279297
spy,1999-07-30,83.18560028076172
spy,1999-08-02,83.3814697265625
spy,1999-08-03,82.98979187011719
spy,1999-08-04,81.85406494140625
spy,1999-08-05,82.59817504882812
spy,1999-08-06,81.69738006591797
spy,1999-08-09,81.52112579345703
spy,1999-08-10,80.62035369873047
spy,1999-08-11,81.5994873046875
spy,1999-08-12,81.55050659179688
spy,1999-08-13,83.4402084350586
spy,1999-08-16,83.8122787475586
spy,1999-08-17,84.36054992675781
spy,1999-08-18,83.75352478027344
spy,1999-08-19,83.06814575195312
spy,1999-08-20,83.9101791381836
spy,1999-08-23,85.51589965820312
spy,1999-08-24,85.82923889160156
spy,1999-08-25,86.71044158935547
spy,1999-08-26,85.67255401611328
spy,1999-08-27,84.63471984863281
spy,1999-08-30,83.06814575195312
spy,1999-08-31,82.7548599243164
spy,1999-09-01,83.77310180664062
spy,1999-09-02,82.7842025756836
spy,1999-09-03,85.20259857177734
spy,1999-09-07,84.88931274414062
spy,1999-09-08,84.47806549072266
spy,1999-09-09,84.43891143798828
spy,1999-09-10,85.14385223388672
spy,1999-09-13,84.5661849975586
spy,1999-09-14,84.0080795288086
spy,1999-09-15,82.6764907836914
spy,1999-09-16,82.9996109008789
spy,1999-09-17,84.04833221435547
spy,1999-09-20,83.93049621582031
spy,1999-09-21,82.16311645507812
spy,1999-09-22,82.07476043701172
spy,1999-09-23,80.35647583007812
spy,1999-09-24,80.27791595458984
spy,1999-09-27,80.80815124511719
spy,1999-09-28,80.65103149414062
spy,1999-09-29,79.68882751464844
spy,1999-09-30,80.90634155273438
spy,1999-10-01,80.72956085205078
spy,1999-10-04,82.16311645507812
spy,1999-10-05,82.08460998535156
spy,1999-10-06,83.34136962890625
spy,1999-10-07,82.87003326416016
spy,1999-10-08,84.12688446044922
spy,1999-10-11,83.9894027709961
spy,1999-10-12,82.69330596923828
spy,1999-10-13,80.55286407470703
spy,1999-10-14,80.533203125
spy,1999-10-15,78.47127532958984
spy,1999-10-18,79.040771484375
spy,1999-10-19,79.80662536621094
spy,1999-10-20,80.59210968017578
spy,1999-10-21,81.06342315673828
spy,1999-10-22,81.75074005126953
spy,1999-10-25,81.33836364746094
spy,1999-10-26,80.31718444824219
spy,1999-10-27,81.77034759521484
spy,1999-10-28,84.55892181396484
spy,1999-10-29,86.09062194824219
spy,1999-11-01,85.18733215332031
spy,1999-11-02,84.5784912109375
spy,1999-11-03,85.14801788330078
spy,1999-11-04,85.7960205078125
spy,1999-11-05,86.64043426513672
spy,1999-11-08,86.71902465820312
spy,1999-11-09,85.9040756225586
spy,1999-11-10,86.5422592163086
spy,1999-11-11,87.0332260131836
spy,1999-11-12,87.81873321533203
spy,1999-11-15,88.02488708496094
spy,1999-11-16,88.76132202148438
spy,1999-11-17,88.99693298339844
spy,1999-11-18,89.62537384033203
spy,1999-11-19,89.54682159423828
spy,1999-11-22,89.52719116210938
spy,1999-11-23,88.7416763305664
spy,1999-11-24,89.21293640136719
spy,1999-11-26,88.87911987304688
spy,1999-11-29,88.56492614746094
spy,1999-11-30,87.52415466308594
spy,1999-12-01,88.23112487792969
spy,1999-12-02,88.76132202148438
spy,1999-12-03,90.39118957519531
spy,1999-12-06,89.72354125976562
spy,1999-12-07,88.99693298339844
spy,1999-12-08,88.42744445800781
spy,1999-12-09,88.8594741821289
spy,1999-12-10,89.15404510498047
spy,1999-12-13,89.31114959716797
spy,1999-12-14,88.44709777832031
spy,1999-12-15,88.9183578491211
spy,1999-12-16,89.31114959716797
spy,1999-12-17,89.88468170166016
spy,1999-12-20,89.235107421875
spy,1999-12-21,90.59339141845703
spy,1999-12-22,90.82966613769531
spy,1999-12-23,92.27654266357422
spy,1999-12-27,92.14859008789062
spy,1999-12-28,92.08950805664062
spy,1999-12-29,92.48323822021484
spy,1999-12-30,92.3749771118164
spy,1999-12-31,92.52259826660156
spy,2000-01-03,91.61701965332031
spy,2000-01-04,88.03428649902344
spy,2000-01-05,88.19176483154297
spy,2000-01-06,86.77436065673828
spy,2000-01-07,91.81392669677734
spy,2000-01-10,92.12892150878906
spy,2000-01-11,91.0264663696289
spy,2000-01-12,90.12092590332031
spy,2000-01-13,91.3414535522461
spy,2000-01-14,92.5816421508789
spy,2000-01-18,91.85330200195312
spy,2000-01-19,92.60128021240234
spy,2000-01-20,91.18396759033203
spy,2000-01-21,90.98713684082031
spy,2000-01-24,88.40827941894531
spy,2000-01-25,89.41226959228516
spy,2000-01-26,88.70357513427734
spy,2000-01-27,88.3492202758789
spy,2000-01-28,85.59326171875
spy,2000-01-31,87.91616821289062
spy,2000-02-01,88.78228759765625
spy,2000-02-02,88.8610610961914
spy,2000-02-03,90.19970703125
spy,2000-02-04,89.82569885253906
spy,2000-02-07,89.68787384033203
spy,2000-02-08,90.90840911865234
spy,2000-02-09,88.99883270263672
spy,2000-02-10,89.1760025024414
spy,2000-02-11,87.3649673461914
spy,2000-02-14,87.87678527832031
spy,2000-02-15,88.87093353271484
spy,2000-02-16,87.56179809570312
spy,2000-02-17,87.10904693603516
spy,2000-02-18,85.2389144897461
spy,2000-02-22,85.02235412597656
spy,2000-02-23,86.02635955810547
spy,2000-02-24,84.29397583007812
spy,2000-02-25,83.9888916015625
spy,2000-02-28,85.75074768066406
spy,2000-02-29,86.5775375366211
spy,2000-03-01,87.20752716064453
spy,2000-03-02,87.26649475097656
spy,2000-03-03,88.90042114257812
spy,2000-03-06,88.03428649902344
spy,2000-03-07,86.33142852783203
spy,2000-03-08,86.22320556640625
spy,2000-03-09,88.74298858642578
spy,2000-03-10,88.2704849243164
spy,2000-03-13,87.30590057373047
spy,2000-03-14,86.06570434570312
spy,2000-03-15,88.0736312866211
spy,2000-03-16,92.18794250488281
spy,2000-03-17,92.7972183227539
spy,2000-03-20,92.3235855102539
spy,2000-03-21,94.2181625366211
spy,2000-03-22,94.79053497314453
spy,2000-03-23,96.40884399414062
spy,2000-03-24,96.98119354248047
spy,2000-03-27,95.95491790771484
spy,2000-03-28,95.40233612060547
spy,2000-03-29,95.5009994506836
spy,2000-03-30,93.90238952636719
spy,2000-03-31,94.96817016601562
spy,2000-04-03,95.52079010009766
spy,2000-04-04,94.81026458740234
spy,2000-04-05,94.2181625366211
spy,2000-04-06,95.03723907470703
spy,2000-04-07,95.63915252685547
spy,2000-04-10,95.26419830322266
spy,2000-04-11,94.98785400390625
spy,2000-04-12,92.38278198242188
spy,2000-04-13,91.09996795654297
spy,2000-04-14,85.88975524902344
spy,2000-04-17,88.8895492553711
spy,2000-04-18,91.23809814453125
spy,2000-04-19,90.38947296142578
spy,2000-04-20,90.82366180419922
spy,2000-04-24,89.83687591552734
spy,2000-04-25,93.56689453125
spy,2000-04-26,92.51107025146484
spy,2000-04-27,92.20512390136719
spy,2000-04-28,91.63277435302734
spy,2000-05-01,92.87619018554688
spy,2000-05-02,91.02102661132812
spy,2000-05-03,88.8895492553711
spy,2000-05-04,89.56055450439453
spy,2000-05-05,90.64598083496094
spy,2000-05-08,89.96514892578125
spy,2000-05-09,89.24481201171875
spy,2000-05-10,87.23173522949219
spy,2000-05-11,89.22503662109375
spy,2000-05-12,90.19210052490234
spy,2000-05-15,91.75125885009766
spy,2000-05-16,92.63932037353516
spy,2000-05-17,91.67225646972656
spy,2000-05-18,90.5473861694336
spy,2000-05-19,89.12637329101562
spy,2000-05-22,88.45535278320312
spy,2000-05-23,87.15282440185547
spy,2000-05-24,88.57376098632812
spy,2000-05-25,87.05411529541016
spy,2000-05-26,87.15282440185547
spy,2000-05-30,89.99474334716797
spy,2000-05-31,90.19210052490234
spy,2000-06-01,91.77099609375
spy,2000-06-02,93.36955261230469
spy,2000-06-05,92.9156494140625
spy,2000-06-06,92.50116729736328
spy,2000-06-07,93.1426010131836
spy,2000-06-08,92.77754211425781
spy,2000-06-09,92.58012390136719
spy,2000-06-12,91.49467468261719
spy,2000-06-13,93.21165466308594
spy,2000-06-14,93.36955261230469
spy,2000-06-15,93.56689453125
spy,2000-06-16,92.79810333251953
spy,2000-06-19,93.98501586914062
spy,2000-06-20,93.64875793457031
spy,2000-06-21,93.60916900634766
spy,2000-06-22,92.18486022949219
spy,2000-06-23,91.3935546875
spy,2000-06-26,92.57062530517578
spy,2000-06-27,91.88806915283203
spy,2000-06-28,92.14527130126953
spy,2000-06-29,91.27490997314453
spy,2000-06-30,91.96728515625
spy,2000-07-03,93.2332992553711
spy,2000-07-05,91.55186462402344
spy,2000-07-06,92.26399230957031
spy,2000-07-07,93.74767303466797
spy,2000-07-10,93.58938598632812
spy,2000-07-11,93.78720092773438
spy,2000-07-12,94.40042877197266
spy,2000-07-13,94.81588745117188
spy,2000-07-14,95.74568176269531
spy,2000-07-17,95.58737182617188
spy,2000-07-18,94.80597686767578
spy,2000-07-19,94.04439544677734
spy,2000-07-20,95.3499755859375
spy,2000-07-21,93.49042510986328
spy,2000-07-24,92.95635986328125
spy,2000-07-25,93.2530746459961
spy,2000-07-26,92.34310150146484
spy,2000-07-27,92.02656555175781
spy,2000-07-28,89.94949340820312
spy,2000-07-31,90.5231704711914
spy,2000-08-01,91.07705688476562
spy,2000-08-02,91.53206634521484
spy,2000-08-03,92.16511535644531
spy,2000-08-04,92.6596450805664
spy,2000-08-07,93.76741790771484
spy,2000-08-08,94.12346649169922
spy,2000-08-09,93.33221435546875
spy,2000-08-10,92.87718200683594
spy,2000-08-11,93.31242370605469
spy,2000-08-14,94.49934387207031
spy,2000-08-15,94.42025756835938
spy,2000-08-16,94.08392333984375
spy,2000-08-17,95.07310485839844
spy,2000-08-18,94.75650024414062
spy,2000-08-21,95.27084350585938
spy,2000-08-22,95.11260223388672
spy,2000-08-23,95.48849487304688
spy,2000-08-24,95.7851791381836
spy,2000-08-25,95.74568176269531
spy,2000-08-28,96.07205200195312
spy,2000-08-29,96.09181213378906
spy,2000-08-30,95.17195129394531
spy,2000-08-31,96.43804931640625
spy,2000-09-01,96.53691864013672
spy,2000-09-05,95.7654037475586
spy,2000-09-06,94.6773910522461
spy,2000-09-07,95.48849487304688
spy,2000-09-08,94.83568572998047
spy,2000-09-11,94.69715881347656
spy,2000-09-12,94.00482177734375
spy,2000-09-13,94.25211334228516
spy,2000-09-14,94.72686767578125
spy,2000-09-15,92.65440368652344
spy,2000-09-18,91.80162811279297
spy,2000-09-19,92.63459777832031
spy,2000-09-20,91.95040130615234
spy,2000-09-21,90.55221557617188
spy,2000-09-22,92.19833374023438
spy,2000-09-25,91.54383087158203
spy,2000-09-26,90.37377166748047
spy,2000-09-27,90.84976959228516
spy,2000-09-28,92.01983642578125
spy,2000-09-29,91.14725494384766
spy,2000-10-02,91.28601837158203
spy,2000-10-03,90.43323516845703
spy,2000-10-04,91.18690490722656
spy,2000-10-05,91.50423431396484
spy,2000-10-06,89.52096557617188
spy,2000-10-09,88.84671783447266
spy,2000-10-10,87.37913513183594
spy,2000-10-11,86.64535522460938
spy,2000-10-12,84.48371887207031
spy,2000-10-13,87.29983520507812
spy,2000-10-16,87.69647979736328
spy,2000-10-17,85.5149917602539
spy,2000-10-18,85.19768524169922
spy,2000-10-19,88.41041564941406
spy,2000-10-20,88.78720092773438
spy,2000-10-23,89.18388366699219
spy,2000-10-24,88.58888244628906
spy,2000-10-25,86.50652313232422
spy,2000-10-26,86.74451446533203
spy,2000-10-27,88.39059448242188
spy,2000-10-30,89.18388366699219
spy,2000-10-31,90.72087097167969
spy,2000-11-01,90.41342163085938
spy,2000-11-02,90.56217956542969
spy,2000-11-03,90.61174011230469
spy,2000-11-06,91.24635314941406
spy,2000-11-07,91.2265396118164
spy,2000-11-08,89.20366668701172
spy,2000-11-09,88.86654663085938
spy,2000-11-10,86.70490264892578
spy,2000-11-13,86.0306396484375
spy,2000-11-14,88.29141998291016
spy,2000-11-15,88.56910705566406
spy,2000-11-16,87.18083190917969
spy,2000-11-17,86.71479797363281
spy,2000-11-20,85.47532653808594
spy,2000-11-21,85.9115982055664
spy,2000-11-22,83.85901641845703
spy,2000-11-24,85.574462890625
spy,2000-11-27,86.32804870605469
spy,2000-11-28,84.84072875976562
spy,2000-11-29,84.68199920654297
spy,2000-11-30,83.94822692871094
spy,2000-12-01,83.9085693359375
spy,2000-12-04,84.6225357055664
spy,2000-12-05,87.39896392822266
spy,2000-12-06,86.0008544921875
spy,2000-12-07,84.82085418701172
spy,2000-12-08,85.01918029785156
spy,2000-12-11,87.97412109375
spy,2000-12-12,87.59728240966797
spy,2000-12-13,86.3974838256836
spy,2000-12-14,85.29682922363281
spy,2000-12-15,83.37025451660156
spy,2000-12-18,84.48421478271484
spy,2000-12-19,82.7635498046875
spy,2000-12-20,80.36644744873047
spy,2000-12-21,80.9234390258789
spy,2000-12-22,83.35032653808594
spy,2000-12-26,84.24554443359375
spy,2000-12-27,84.86222839355469
spy,2000-12-28,85.12077331542969
spy,2000-12-29,83.50951385498047
spy,2001-01-02,81.99765014648438
spy,2001-01-03,85.9364013671875
spy,2001-01-04,85.0113754272461
spy,2001-01-05,82.23633575439453
spy,2001-01-08,82.8729476928711
spy,2001-01-09,82.65408325195312
spy,2001-01-10,84.1063003540039
spy,2001-01-11,84.18586730957031
spy,2001-01-12,84.02667999267578
spy,2001-01-16,84.56380462646484
spy,2001-01-17,84.95169830322266
spy,2001-01-18,85.79714965820312
spy,2001-01-19,85.30977630615234
spy,2001-01-22,85.87670135498047
spy,2001-01-23,86.5531005859375
spy,2001-01-24,86.81168365478516
spy,2001-01-25,86.59284210205078
spy,2001-01-26,86.49339294433594
spy,2001-01-29,86.95489501953125
spy,2001-01-30,87.71879577636719
spy,2001-01-31,87.22225952148438
spy,2001-02-01,87.80149841308594
spy,2001-02-02,85.8091049194336
spy,2001-02-05,86.43928527832031
spy,2001-02-06,86.18468475341797
spy,2001-02-07,85.73906707763672
spy,2001-02-08,84.73966217041016
spy,2001-02-09,83.92483520507812
spy,2001-02-12,84.88603210449219
spy,2001-02-13,84.1922378540039
spy,2001-02-14,84.06487274169922
spy,2001-02-15,84.87973022460938
spy,2001-02-16,83.0082015991211
spy,2001-02-20,81.72869873046875
spy,2001-02-21,79.96542358398438
spy,2001-02-22,80.08633422851562
spy,2001-02-23,79.54527282714844
spy,2001-02-26,81.23856353759766
spy,2001-02-27,80.48738098144531
spy,2001-02-28,78.9023208618164
spy,2001-03-01,79.31615447998047
spy,2001-03-02,78.68592071533203
spy,2001-03-05,79.4052505493164
spy,2001-03-06,80.25825500488281
spy,2001-03-07,80.83113098144531
spy,2001-03-08,80.92025756835938
spy,2001-03-09,78.52677917480469
spy,2001-03-12,75.16571807861328
spy,2001-03-13,76.40068054199219
spy,2001-03-14,74.89197540283203
spy,2001-03-15,74.91105651855469
spy,2001-03-16,73.40855407714844
spy,2001-03-19,74.90215301513672
spy,2001-03-20,72.89155578613281
spy,2001-03-21,71.6532974243164
spy,2001-03-22,70.9256820678711
spy,2001-03-23,73.07029724121094
spy,2001-03-26,74.00215148925781
spy,2001-03-27,75.51490020751953
spy,2001-03-28,73.42770385742188
spy,2001-03-29,73.70856475830078
spy,2001-03-30,74.48087310791016
spy,2001-04-02,72.89155578613281
spy,2001-04-03,70.4596939086914
spy,2001-04-04,70.75334930419922
spy,2001-04-05,73.4341049194336
spy,2001-04-06,72.31710815429688
spy,2001-04-09,73.121337890625
spy,2001-04-10,74.45535278320312
spy,2001-04-11,74.50640869140625
spy,2001-04-12,75.85956573486328
spy,2001-04-16,75.06175231933594
spy,2001-04-17,76.12127685546875
spy,2001-04-18,79.14672088623047
spy,2001-04-19,80.19987487792969
spy,2001-04-20,79.46581268310547
spy,2001-04-23,78.02332305908203
spy,2001-04-24,77.60208129882812
spy,2001-04-25,78.61695861816406
spy,2001-04-26,78.96797180175781
spy,2001-04-27,80.28285217285156
spy,2001-04-30,80.84455108642578
spy,2001-05-01,81.09346771240234
spy,2001-05-02,80.94664764404297
spy,2001-05-03,79.91905212402344
spy,2001-05-04,81.27851867675781
spy,2001-05-07,80.5764389038086
spy,2001-05-08,80.53816986083984
spy,2001-05-09,80.19987487792969
spy,2001-05-10,80.43600463867188
spy,2001-05-11,79.8807144165039
spy,2001-05-14,80.04029083251953
spy,2001-05-15,80.41049194335938
spy,2001-05-16,82.30619049072266
spy,2001-05-17,82.43383026123047
spy,2001-05-18,82.81045532226562
spy,2001-05-21,84.02955627441406
spy,2001-05-22,83.9210433959961
spy,2001-05-23,82.49766540527344
spy,2001-05-24,82.74022674560547
spy,2001-05-25,81.76367950439453
spy,2001-05-29,81.11264038085938
spy,2001-05-30,79.97647857666016
spy,2001-05-31,80.39134979248047
spy,2001-06-01,80.88923645019531
spy,2001-06-04,81.27851867675781
spy,2001-06-05,82.21046447753906
spy,2001-06-06,81.52751159667969
spy,2001-06-07,81.82108306884766
spy,2001-06-08,81.06157684326172
spy,2001-06-11,80.48707580566406
spy,2001-06-12,80.34666442871094
spy,2001-06-13,79.6573486328125
spy,2001-06-14,77.8701171875
spy,2001-06-15,77.99561309814453
spy,2001-06-18,77.61795043945312
spy,2001-06-19,77.95719146728516
spy,2001-06-20,78.3668441772461
spy,2001-06-21,79.25660705566406
spy,2001-06-22,78.63568878173828
spy,2001-06-25,77.91243743896484
spy,2001-06-26,77.8035659790039
spy,2001-06-27,77.75875091552734
spy,2001-06-28,78.18766021728516
spy,2001-06-29,78.4756851196289
spy,2001-07-02,79.45500183105469
spy,2001-07-03,79.43578338623047
spy,2001-07-05,77.88677215576172
spy,2001-07-06,76.20333099365234
spy,2001-07-09,76.61936950683594
spy,2001-07-10,75.69766998291016
spy,2001-07-11,75.77446746826172
spy,2001-07-12,77.57312774658203
spy,2001-07-13,78.24524688720703
spy,2001-07-16,77.26587677001953
spy,2001-07-17,77.98921966552734
spy,2001-07-18,77.45793151855469
spy,2001-07-19,78.13642120361328
spy,2001-07-20,77.66915130615234
spy,2001-07-23,76.13932800292969
spy,2001-07-24,75.40323638916016
spy,2001-07-25,76.23534393310547
spy,2001-07-26,77.03546142578125
spy,2001-07-27,77.32992553710938
spy,2001-07-30,77.35547637939453
spy,2001-07-31,77.67556762695312
spy,2001-08-01,78.16204833984375
spy,2001-08-02,78.48206329345703
spy,2001-08-03,78.0532455444336
spy,2001-08-06,77.00346374511719
spy,2001-08-07,77.3042984008789
spy,2001-08-08,75.8704833984375
spy,2001-08-09,76.09454345703125
spy,2001-08-10,76.35693359375
spy,2001-08-13,76.37613677978516
spy,2001-08-14,76.3441390991211
spy,2001-08-15,75.68486785888672
spy,2001-08-16,75.94733428955078
spy,2001-08-17,74.73112487792969
spy,2001-08-20,75.42245483398438
spy,2001-08-21,74.13583374023438
spy,2001-08-22,74.9039306640625
spy,2001-08-23,74.63509368896484
spy,2001-08-24,76.18412780761719
spy,2001-08-27,75.72967529296875
spy,2001-08-28,74.62230682373047
spy,2001-08-29,73.95661926269531
spy,2001-08-30,72.53559875488281
spy,2001-08-31,73.06686401367188
spy,2001-09-04,72.59959411621094
spy,2001-09-05,72.77882385253906
spy,2001-09-06,70.90336608886719
spy,2001-09-07,69.59114074707031
spy,2001-09-10,70.44244384765625
spy,2001-09-17,66.76191711425781
spy,2001-09-18,66.60187530517578
spy,2001-09-19,65.25769805908203
spy,2001-09-20,63.183807373046875
spy,2001-09-21,62.50213623046875
spy,2001-09-24,64.69943237304688
spy,2001-09-25,65.37406921386719
spy,2001-09-26,65.14277648925781
spy,2001-09-27,65.70817565917969
spy,2001-09-28,67.1023941040039
spy,2001-10-01,66.99311828613281
spy,2001-10-02,67.8348388671875
spy,2001-10-03,68.97206115722656
spy,2001-10-04,69.02989196777344
spy,2001-10-05,68.89498138427734
spy,2001-10-08,68.4451904296875
spy,2001-10-09,68.0789566040039
spy,2001-10-10,69.59527587890625
spy,2001-10-11,70.67466735839844
spy,2001-10-12,70.35342407226562
spy,2001-10-15,70.22490692138672
spy,2001-10-16,70.66825103759766
spy,2001-10-17,69.16478729248047
spy,2001-10-18,69.01703643798828
spy,2001-10-19,68.97206115722656
spy,2001-10-22,70.3341293334961
spy,2001-10-23,69.97434997558594
spy,2001-10-24,69.78804016113281
spy,2001-10-25,71.04090118408203
spy,2001-10-26,70.88027954101562
spy,2001-10-29,69.03628540039062
spy,2001-10-30,68.20748901367188
spy,2001-10-31,67.9761962890625
spy,2001-11-01,69.71736145019531
spy,2001-11-02,70.19277954101562
spy,2001-11-05,71.11157989501953
spy,2001-11-06,72.21665954589844
spy,2001-11-07,72.12030792236328
spy,2001-11-08,72.34516143798828
spy,2001-11-09,72.4222640991211
spy,2001-11-12,71.97891998291016
spy,2001-11-13,73.59806823730469
spy,2001-11-14,73.66866302490234
spy,2001-11-15,73.80364990234375
spy,2001-11-16,73.47594451904297
spy,2001-11-19,74.3818359375
spy,2001-11-20,73.7586441040039
spy,2001-11-21,73.27033996582031
spy,2001-11-23,74.32404327392578
spy,2001-11-26,74.48467254638672
spy,2001-11-27,74.16342163085938
spy,2001-11-28,72.82059478759766
spy,2001-11-29,73.80364990234375
spy,2001-11-30,73.27677154541016
spy,2001-12-03,72.83987426757812
spy,2001-12-04,74.07347106933594
spy,2001-12-05,75.42914581298828
spy,2001-12-06,75.39063262939453
spy,2001-12-07,74.88944244384766
spy,2001-12-10,73.48880004882812
spy,2001-12-11,73.34104919433594
spy,2001-12-12,73.42454528808594
spy,2001-12-13,71.99823760986328
spy,2001-12-14,72.6856689453125
spy,2001-12-17,73.43745422363281
spy,2001-12-18,73.87434387207031
spy,2001-12-19,74.39472961425781
spy,2001-12-20,73.66226196289062
spy,2001-12-21,74.10906219482422
spy,2001-12-24,73.96723175048828
spy,2001-12-26,74.37339782714844
spy,2001-12-27,74.82469177246094
spy,2001-12-28,74.78599548339844
spy,2001-12-31,73.69002532958984
spy,2002-01-02,74.48298645019531
spy,2002-01-03,75.32754516601562
spy,2002-01-04,75.83043670654297
spy,2002-01-07,75.29531860351562
spy,2002-01-08,75.12124633789062
spy,2002-01-09,74.50879669189453
spy,2002-01-10,74.83758544921875
spy,2002-01-11,74.10261535644531
spy,2002-01-14,73.6384506225586
spy,2002-01-15,74.23802947998047
spy,2002-01-16,72.73584747314453
spy,2002-01-17,73.28382873535156
spy,2002-01-18,72.94857025146484
spy,2002-01-22,72.4457015991211
spy,2002-01-23,73.00017547607422
spy,2002-01-24,73.2258529663086
spy,2002-01-25,73.20649719238281
spy,2002-01-28,73.40631866455078
spy,2002-01-29,71.09829711914062
spy,2002-01-30,72.1233901977539
spy,2002-01-31,72.96792602539062
spy,2002-02-01,72.62623596191406
spy,2002-02-04,70.82106018066406
spy,2002-02-05,70.3826675415039
spy,2002-02-06,70.0796890258789
spy,2002-02-07,69.6412582397461
spy,2002-02-08,70.97577667236328
spy,2002-02-11,71.84616088867188
spy,2002-02-12,71.6205062866211
spy,2002-02-13,72.38128662109375
spy,2002-02-14,72.245849609375
spy,2002-02-15,71.49156188964844
spy,2002-02-19,70.11836242675781
spy,2002-02-20,71.29817199707031
spy,2002-02-21,69.82176971435547
spy,2002-02-22,70.68567657470703
spy,2002-02-25,71.8525619506836
spy,2002-02-26,71.70429992675781
spy,2002-02-27,71.98152923583984
spy,2002-02-28,71.65914916992188
spy,2002-03-01,73.32896423339844
spy,2002-03-04,74.62483978271484
spy,2002-03-05,74.38629913330078
spy,2002-03-06,75.2695541381836
spy,2002-03-07,75.10836791992188
spy,2002-03-08,75.42427062988281
spy,2002-03-11,75.5854263305664
spy,2002-03-12,75.540283203125
spy,2002-03-13,74.811767578125
spy,2002-03-14,74.7086181640625
spy,2002-03-15,75.4205093383789
spy,2002-03-18,75.43342590332031
spy,2002-03-19,75.9377212524414
spy,2002-03-20,74.50885009765625
spy,2002-03-21,74.54119110107422
spy,2002-03-22,74.3795166015625
spy,2002-03-25,73.45499420166016
spy,2002-03-26,73.88167572021484
spy,2002-03-27,74.07566833496094
spy,2002-03-28,74.04332733154297
spy,2002-04-01,74.07566833496094
spy,2002-04-02,73.66832733154297
spy,2002-04-03,73.15106964111328
spy,2002-04-04,72.84721374511719
spy,2002-04-05,72.86012268066406
spy,2002-04-08,73.01529693603516
spy,2002-04-09,72.50454711914062
spy,2002-04-10,73.32563781738281
spy,2002-04-11,71.50239562988281
spy,2002-04-12,72.0390396118164
spy,2002-04-15,71.48944854736328
spy,2002-04-16,73.18987274169922
spy,2002-04-17,73.03472137451172
spy,2002-04-18,72.71788024902344
spy,2002-04-19,72.98296356201172
spy,2002-04-22,71.76748657226562
spy,2002-04-23,71.45709991455078
spy,2002-04-24,70.73943328857422
spy,2002-04-25,70.77826690673828
spy,2002-04-26,69.43339538574219
spy,2002-04-29,69.09071350097656
spy,2002-04-30,69.7373046875
spy,2002-05-01,70.59074401855469
spy,2002-05-02,70.3191909790039
spy,2002-05-03,69.55626678466797
spy,2002-05-06,68.1920394897461
spy,2002-05-07,67.9527816772461
spy,2002-05-08,70.48082733154297
spy,2002-05-09,69.6661605834961
spy,2002-05-10,68.35367584228516
spy,2002-05-13,69.74375915527344
spy,2002-05-14,71.26314544677734
spy,2002-05-15,70.9851303100586
spy,2002-05-16,71.35366821289062
spy,2002-05-17,71.70279693603516
spy,2002-05-20,70.92695617675781
spy,2002-05-21,70.28038024902344
spy,2002-05-22,70.43558502197266
spy,2002-05-23,71.18558502197266
spy,2002-05-24,70.27392578125
spy,2002-05-28,69.89244079589844
spy,2002-05-29,69.37516784667969
spy,2002-05-30,69.18126678466797
spy,2002-05-31,69.32351684570312
spy,2002-06-03,67.48079681396484
spy,2002-06-04,67.64892578125
spy,2002-06-05,68.28256225585938
spy,2002-06-06,66.89246368408203
spy,2002-06-07,66.8148422241211
spy,2002-06-10,67.07347869873047
spy,2002-06-11,65.92259979248047
spy,2002-06-12,66.3235092163086
spy,2002-06-13,65.65755462646484
spy,2002-06-14,65.560546875
spy,2002-06-17,67.31916046142578
spy,2002-06-18,67.86872863769531
spy,2002-06-19,66.28467559814453
spy,2002-06-20,65.43770599365234
spy,2002-06-21,64.41453552246094
spy,2002-06-24,64.75190734863281
spy,2002-06-25,63.29854202270508
spy,2002-06-26,63.40237045288086
spy,2002-06-27,64.51183319091797
spy,2002-06-28,64.20692443847656
spy,2002-07-01,62.95467758178711
spy,2002-07-02,61.618141174316406
spy,2002-07-03,61.968482971191406
spy,2002-07-05,64.43399047851562
spy,2002-07-08,63.62947082519531
spy,2002-07-09,62.026878356933594
spy,2002-07-10,59.76899719238281
spy,2002-07-11,60.25562286376953
spy,2002-07-12,59.59382247924805
spy,2002-07-15,59.911746978759766
spy,2002-07-16,58.756797790527344
spy,2002-07-17,58.873626708984375
spy,2002-07-18,56.96611404418945
spy,2002-07-19,54.961265563964844
spy,2002-07-22,53.332725524902344
spy,2002-07-23,51.872901916503906
spy,2002-07-24,54.96776580810547
spy,2002-07-25,54.5005989074707
spy,2002-07-26,55.53870391845703
spy,2002-07-29,58.24427032470703
spy,2002-07-30,59.00339126586914
spy,2002-07-31,59.146156311035156
spy,2002-08-01,57.601966857910156
spy,2002-08-02,56.310813903808594
spy,2002-08-05,54.35137939453125
spy,2002-08-06,56.18103790283203
spy,2002-08-07,57.1607666015625
spy,2002-08-08,59.00989532470703
spy,2002-08-09,59.230491638183594
spy,2002-08-12,58.79575729370117
spy,2002-08-13,57.72524642944336
spy,2002-08-14,59.83389663696289
spy,2002-08-15,60.66434860229492
spy,2002-08-16,60.482696533203125
spy,2002-08-19,61.897132873535156
spy,2002-08-20,61.24180221557617
spy,2002-08-21,62.12419509887695
spy,2002-08-22,62.72758102416992
spy,2002-08-23,61.378089904785156
spy,2002-08-26,61.8062744140625
spy,2002-08-27,61.09257888793945
spy,2002-08-28,59.75600051879883
spy,2002-08-29,59.781959533691406
spy,2002-08-30,59.54840087890625
spy,2002-09-03,57.27753448486328
spy,2002-09-04,58.095096588134766
spy,2002-09-05,57.601966857910156
spy,2002-09-06,58.39350128173828
spy,2002-09-09,58.82173538208008
spy,2002-09-10,59.4964714050293
spy,2002-09-11,59.12664794921875
spy,2002-09-12,58.036659240722656
spy,2002-09-13,58.17939376831055
spy,2002-09-16,58.32211685180664
spy,2002-09-17,56.98560333251953
spy,2002-09-18,56.414615631103516
spy,2002-09-19,54.95476531982422
spy,2002-09-20,54.9730110168457
spy,2002-09-23,54.523353576660156
spy,2002-09-24,53.64350891113281
spy,2002-09-25,54.9730110168457
spy,2002-09-26,55.87242126464844
spy,2002-09-27,53.93025588989258
spy,2002-09-30,53.30460739135742
spy,2002-10-01,55.86587905883789
spy,2002-10-02,54.190940856933594
spy,2002-10-03,53.64350891113281
spy,2002-10-04,52.65940475463867
spy,2002-10-07,51.571014404296875
spy,2002-10-08,52.3791618347168
spy,2002-10-09,50.89971923828125
spy,2002-10-10,52.54861068725586
spy,2002-10-11,54.849205017089844
spy,2002-10-14,55.155513763427734
spy,2002-10-15,57.80803298950195
spy,2002-10-16,56.40682601928711
spy,2002-10-17,57.527774810791016
spy,2002-10-18,57.768943786621094
spy,2002-10-21,58.76608657836914
spy,2002-10-22,58.34245681762695
spy,2002-10-23,58.785606384277344
spy,2002-10-24,57.586463928222656
spy,2002-10-25,58.785606384277344
spy,2002-10-28,58.40109634399414
spy,2002-10-29,57.723304748535156
spy,2002-10-30,58.283790588378906
spy,2002-10-31,57.69072723388672
spy,2002-11-01,58.83125305175781
spy,2002-11-04,59.39170837402344
spy,2002-11-05,59.8609619140625
spy,2002-11-06,60.636512756347656
spy,2002-11-07,59.15056610107422
spy,2002-11-08,58.42717742919922
spy,2002-11-11,57.521270751953125
spy,2002-11-12,57.97750473022461
spy,2002-11-13,58.03614044189453
spy,2002-11-14,59.13105392456055
spy,2002-11-15,59.56768035888672
spy,2002-11-18,58.96809768676758
spy,2002-11-19,58.889888763427734
spy,2002-11-20,60.19986343383789
spy,2002-11-21,61.32083511352539
spy,2002-11-22,60.884151458740234
spy,2002-11-25,60.92328643798828
spy,2002-11-26,59.763179779052734
spy,2002-11-27,61.444671630859375
spy,2002-11-29,61.24911117553711
spy,2002-12-02,61.346893310546875
spy,2002-12-03,60.52573776245117
spy,2002-12-04,60.25199508666992
spy,2002-12-05,59.58722686767578
spy,2002-12-06,59.978294372558594
spy,2002-12-09,58.329402923583984
spy,2002-12-10,59.111473083496094
spy,2002-12-11,59.16360855102539
spy,2002-12-12,59.157081604003906
spy,2002-12-13,58.225120544433594
spy,2002-12-16,59.730628967285156
spy,2002-12-17,59.20928192138672
spy,2002-12-18,58.52491760253906
spy,2002-12-19,58.10783767700195
spy,2002-12-20,58.93696212768555
spy,2002-12-23,58.956581115722656
spy,2002-12-24,58.517791748046875
spy,2002-12-26,58.54402542114258
spy,2002-12-27,57.22758483886719
spy,2002-12-30,57.7056999206543
spy,2002-12-31,57.7843132019043
spy,2003-01-02,59.6442985534668
spy,2003-01-03,59.827701568603516
spy,2003-01-06,60.88214111328125
spy,2003-01-07,60.73145294189453
spy,2003-01-08,59.85385513305664
spy,2003-01-09,60.78385925292969
spy,2003-01-10,60.94760513305664
spy,2003-01-13,60.92793273925781
spy,2003-01-14,61.12441635131836
spy,2003-01-15,60.51536178588867
spy,2003-01-16,60.2664794921875
spy,2003-01-17,59.375762939453125
spy,2003-01-21,58.45231246948242
spy,2003-01-22,57.7449951171875
spy,2003-01-23,58.09865188598633
spy,2003-01-24,56.57266616821289
spy,2003-01-27,55.799835205078125
spy,2003-01-28,56.212486267089844
spy,2003-01-29,56.638160705566406
spy,2003-01-30,55.295570373535156
spy,2003-01-31,56.363075256347656
spy,2003-02-03,56.47443389892578
spy,2003-02-04,55.917747497558594
spy,2003-02-05,55.57060241699219
spy,2003-02-06,55.30868148803711
spy,2003-02-07,54.634090423583984
spy,2003-02-10,55.0205192565918
spy,2003-02-11,54.64064025878906
spy,2003-02-12,53.76958465576172
spy,2003-02-13,53.933319091796875
spy,2003-02-14,55.11220169067383
spy,2003-02-18,56.081451416015625
spy,2003-02-19,55.786739349365234
spy,2003-02-20,55.230045318603516
spy,2003-02-21,55.786739349365234
spy,2003-02-24,54.882965087890625
spy,2003-02-25,55.32175827026367
spy,2003-02-26,54.51620864868164
spy,2003-02-27,55.23661422729492
spy,2003-02-28,55.6033821105957
spy,2003-03-03,55.07288360595703
spy,2003-03-04,54.19530487060547
spy,2003-03-05,54.653724670410156
spy,2003-03-06,54.19530487060547
spy,2003-03-07,54.568599700927734
spy,2003-03-10,53.258731842041016
spy,2003-03-11,52.73479461669922
spy,2003-03-12,53.08846664428711
spy,2003-03-13,54.922245025634766
spy,2003-03-14,55.09907531738281
spy,2003-03-17,56.834625244140625
spy,2003-03-18,57.16862869262695
spy,2003-03-19,57.607452392578125
spy,2003-03-20,57.731895446777344
spy,2003-03-21,58.96417999267578
spy,2003-03-24,57.004608154296875
spy,2003-03-25,57.550392150878906
spy,2003-03-26,57.26108932495117
spy,2003-03-27,57.307098388671875
spy,2003-03-28,57.01777267456055
spy,2003-03-31,55.722347259521484
spy,2003-04-01,56.57720184326172
spy,2003-04-02,57.94493103027344
spy,2003-04-03,57.66878890991211
spy,2003-04-04,58.01070022583008
spy,2003-04-07,57.8989143371582
spy,2003-04-08,57.990997314453125
spy,2003-04-09,57.22819519042969
spy,2003-04-10,57.543853759765625
spy,2003-04-11,57.307098388671875
spy,2003-04-14,58.490718841552734
spy,2003-04-15,59.03650665283203
spy,2003-04-16,58.03042984008789
spy,2003-04-17,58.891815185546875
spy,2003-04-21,58.95102310180664
spy,2003-04-22,60.06230163574219
spy,2003-04-23,60.614681243896484
spy,2003-04-24,60.075469970703125
spy,2003-04-25,59.33241271972656
spy,2003-04-28,60.35823440551758
spy,2003-04-29,60.56866455078125
spy,2003-04-30,60.4371223449707
spy,2003-05-01,60.4305534362793
spy,2003-05-02,61.29196548461914
spy,2003-05-05,61.173587799072266
spy,2003-05-06,61.752262115478516
spy,2003-05-07,61.41034698486328
spy,2003-05-08,60.79220199584961
spy,2003-05-09,61.63389587402344
spy,2003-05-12,62.39014434814453
spy,2003-05-13,62.2783317565918
spy,2003-05-14,62.146812438964844
spy,2003-05-15,62.54133605957031
spy,2003-05-16,62.383544921875
spy,2003-05-19,60.9237174987793
spy,2003-05-20,60.798789978027344
spy,2003-05-21,60.9237174987793
spy,2003-05-22,61.52870178222656
spy,2003-05-23,61.653656005859375
spy,2003-05-27,62.7320671081543
spy,2003-05-28,62.90959167480469
spy,2003-05-29,62.74521255493164
spy,2003-05-30,63.75126647949219
spy,2003-06-02,64.01431274414062
spy,2003-06-03,64.27732849121094
spy,2003-06-04,65.20450592041016
spy,2003-06-05,65.52671813964844
spy,2003-06-06,65.27027893066406
spy,2003-06-09,64.60611724853516
spy,2003-06-10,65.2636947631836
spy,2003-06-11,65.9541244506836
spy,2003-06-12,66.15796661376953
spy,2003-06-13,65.46753692626953
spy,2003-06-16,66.84842681884766
spy,2003-06-17,66.84842681884766
spy,2003-06-18,66.78924560546875
spy,2003-06-19,65.76998901367188
spy,2003-06-20,65.62483215332031
spy,2003-06-23,64.95169067382812
spy,2003-06-24,65.01766967773438
spy,2003-06-25,64.36431884765625
spy,2003-06-26,65.20247650146484
spy,2003-06-27,64.45013427734375
spy,2003-06-30,64.43030548095703
spy,2003-07-01,65.0242691040039
spy,2003-07-02,65.84259033203125
spy,2003-07-03,65.1628646850586
spy,2003-07-07,66.4563217163086
spy,2003-07-08,66.75332641601562
spy,2003-07-09,66.37716674804688
spy,2003-07-10,65.53240966796875
spy,2003-07-11,66.15277099609375
spy,2003-07-14,66.47615814208984
spy,2003-07-15,66.33094024658203
spy,2003-07-16,65.94160461425781
spy,2003-07-17,65.00448608398438
spy,2003-07-18,65.67102813720703
spy,2003-07-21,64.85926818847656
spy,2003-07-22,65.44661712646484
spy,2003-07-23,65.49285125732422
spy,2003-07-24,64.99784851074219
spy,2003-07-25,66.14619445800781
spy,2003-07-28,65.90201568603516
spy,2003-07-29,65.59840393066406
spy,2003-07-30,65.44007110595703
spy,2003-07-31,65.59183502197266
spy,2003-08-01,65.01107788085938
spy,2003-08-04,65.01107788085938
spy,2003-08-05,63.631805419921875
spy,2003-08-06,64.0013427734375
spy,2003-08-07,64.67449188232422
spy,2003-08-08,64.85926818847656
spy,2003-08-11,65.10348510742188
spy,2003-08-12,65.69743347167969
spy,2003-08-13,65.36083984375
spy,2003-08-14,65.53903198242188
spy,2003-08-15,65.74362182617188
spy,2003-08-18,66.3111572265625
spy,2003-08-19,66.56192779541016
spy,2003-08-20,66.29135131835938
spy,2003-08-21,66.5025405883789
spy,2003-08-22,65.84259033203125
spy,2003-08-25,65.94817352294922
spy,2003-08-26,66.06698608398438
spy,2003-08-27,66.08673858642578
spy,2003-08-28,66.4959487915039
spy,2003-08-29,66.94473266601562
spy,2003-09-02,67.84221649169922
spy,2003-09-03,68.21179962158203
spy,2003-09-04,68.24479675292969
spy,2003-09-05,67.8620376586914
spy,2003-09-08,68.42298889160156
spy,2003-09-09,67.97421264648438
spy,2003-09-10,67.28791046142578
spy,2003-09-11,67.4858627319336
spy,2003-09-12,67.61128997802734
spy,2003-09-15,67.37366485595703
spy,2003-09-16,68.35701751708984
spy,2003-09-17,68.22500610351562
spy,2003-09-18,69.0301513671875
spy,2003-09-19,68.67902374267578
spy,2003-09-22,67.93701934814453
spy,2003-09-23,68.19542694091797
spy,2003-09-24,66.98308563232422
spy,2003-09-25,66.43325805664062
spy,2003-09-26,66.21461486816406
spy,2003-09-29,66.86380767822266
spy,2003-09-30,66.21461486816406
spy,2003-10-01,67.62566375732422
spy,2003-10-02,67.87081909179688
spy,2003-10-03,68.49351501464844
spy,2003-10-06,68.8049087524414
spy,2003-10-07,69.06990051269531
spy,2003-10-08,68.89763641357422
spy,2003-10-09,69.08311462402344
spy,2003-10-10,69.2752456665039
spy,2003-10-13,69.49388122558594
spy,2003-10-14,69.73895263671875
spy,2003-10-15,69.55352020263672
spy,2003-10-16,69.83173370361328
spy,2003-10-17,69.06990051269531
spy,2003-10-20,69.58663177490234
spy,2003-10-21,69.46737670898438
spy,2003-10-22,68.5928955078125
spy,2003-10-23,68.46701049804688
spy,2003-10-24,68.619384765625
spy,2003-10-27,68.65253448486328
spy,2003-10-28,69.58663177490234
spy,2003-10-29,69.6793441772461
spy,2003-10-30,69.82511138916016
spy,2003-10-31,69.7588882446289
spy,2003-11-03,70.21598052978516
spy,2003-11-04,70.06361389160156
spy,2003-11-05,70.11656951904297
spy,2003-11-06,70.48756408691406
spy,2003-11-07,69.96422576904297
spy,2003-11-10,69.6793441772461
spy,2003-11-11,69.65950775146484
spy,2003-11-12,70.44123077392578
spy,2003-11-13,70.46111297607422
spy,2003-11-14,69.86486053466797
spy,2003-11-17,69.51376342773438
spy,2003-11-18,68.79163360595703
spy,2003-11-19,69.37461853027344
spy,2003-11-20,68.75186157226562
spy,2003-11-21,69.03672790527344
spy,2003-11-24,69.95098876953125
spy,2003-11-25,70.21598052978516
spy,2003-11-26,70.46772003173828
spy,2003-11-28,70.52072143554688
spy,2003-12-01,71.28258514404297
spy,2003-12-02,71.10369110107422
spy,2003-12-03,70.99105072021484
spy,2003-12-04,71.28258514404297
spy,2003-12-05,70.78568267822266
spy,2003-12-08,71.26268005371094
spy,2003-12-09,70.71282196044922
spy,2003-12-10,70.70622253417969
spy,2003-12-11,71.50118255615234
spy,2003-12-12,71.64029693603516
spy,2003-12-15,71.28258514404297
spy,2003-12-16,71.653564453125
spy,2003-12-17,71.8788070678711
spy,2003-12-18,72.68699645996094
spy,2003-12-19,72.48467254638672
spy,2003-12-22,72.99056243896484
spy,2003-12-23,73.03712463378906
spy,2003-12-24,72.9638900756836
spy,2003-12-26,73.01714324951172
spy,2003-12-29,73.98893737792969
spy,2003-12-30,74.00225830078125
spy,2003-12-31,74.06880187988281
spy,2004-01-02,74.03553009033203
spy,2004-01-05,74.84090423583984
spy,2004-01-06,74.91413879394531
spy,2004-01-07,75.16705322265625
spy,2004-01-08,75.4665756225586
spy,2004-01-09,74.8076400756836
spy,2004-01-12,75.36011505126953
spy,2004-01-13,74.92079162597656
spy,2004-01-14,75.54647064208984
spy,2004-01-15,75.73281860351562
spy,2004-01-16,76.03234100341797
spy,2004-01-20,76.01240539550781
spy,2004-01-21,76.61141967773438
spy,2004-01-22,76.41172790527344
spy,2004-01-23,76.16548156738281
spy,2004-01-26,77.1239242553711
spy,2004-01-27,76.33187866210938
spy,2004-01-28,75.4599380493164
spy,2004-01-29,75.53316497802734
spy,2004-01-30,75.53316497802734
spy,2004-02-02,75.85929107666016
spy,2004-02-03,75.73281860351562
spy,2004-02-04,75.11382293701172
spy,2004-02-05,75.33342742919922
spy,2004-02-06,76.17879486083984
spy,2004-02-09,76.19874572753906
spy,2004-02-10,76.44506072998047
spy,2004-02-11,77.25706481933594
spy,2004-02-12,76.97752380371094
spy,2004-02-13,76.63143157958984
spy,2004-02-17,77.32362365722656
spy,2004-02-18,76.98421478271484
spy,2004-02-19,76.69794464111328
spy,2004-02-20,76.46498107910156
spy,2004-02-23,76.27195739746094
spy,2004-02-24,76.13884735107422
spy,2004-02-25,76.45831298828125
spy,2004-02-26,76.50495910644531
spy,2004-02-27,76.55818939208984
spy,2004-03-01,77.3169937133789
spy,2004-03-02,76.86438751220703
spy,2004-03-03,77.00414276123047
spy,2004-03-04,77.20381927490234
spy,2004-03-05,77.46340942382812
spy,2004-03-08,76.51824951171875
spy,2004-03-09,76.21207427978516
spy,2004-03-10,74.93408203125
spy,2004-03-11,73.96233367919922
spy,2004-03-12,74.93408203125
spy,2004-03-15,74.01554107666016
spy,2004-03-16,74.40827941894531
spy,2004-03-17,75.2402572631836
spy,2004-03-18,75.26021575927734
spy,2004-03-19,74.1815185546875
spy,2004-03-22,73.23973083496094
spy,2004-03-23,73.11282348632812
spy,2004-03-24,73.17289733886719
spy,2004-03-25,74.14143371582031
spy,2004-03-26,74.1614761352539
spy,2004-03-29,75.2034683227539
spy,2004-03-30,75.45731353759766
spy,2004-03-31,75.54415130615234
spy,2004-04-01,75.9983139038086
spy,2004-04-02,76.57276916503906
spy,2004-04-05,76.9935302734375
spy,2004-04-06,76.74641418457031
spy,2004-04-07,76.5660629272461
spy,2004-04-08,76.39244079589844
spy,2004-04-12,76.6929931640625
spy,2004-04-13,75.61760711669922
spy,2004-04-14,75.73780059814453
spy,2004-04-15,75.45063781738281
spy,2004-04-16,76.03173828125
spy,2004-04-19,76.03173828125
spy,2004-04-20,74.75592803955078
spy,2004-04-21,75.25694274902344
spy,2004-04-22,76.312255859375
spy,2004-04-23,76.3857192993164
spy,2004-04-26,76.27883911132812
spy,2004-04-27,76.34567260742188
spy,2004-04-28,75.35710144042969
spy,2004-04-29,74.69586181640625
spy,2004-04-30,74.11473083496094
spy,2004-05-03,74.9095458984375
spy,2004-05-04,74.84944152832031
spy,2004-05-05,75.33041381835938
spy,2004-05-06,74.68247985839844
spy,2004-05-07,73.44679260253906
spy,2004-05-10,72.69203186035156
spy,2004-05-11,73.30654907226562
spy,2004-05-12,73.77410125732422
spy,2004-05-13,73.46685028076172
spy,2004-05-14,73.50023651123047
spy,2004-05-17,72.8723373413086
spy,2004-05-18,73.23973083496094
spy,2004-05-19,72.98591613769531
spy,2004-05-20,73.21966552734375
spy,2004-05-21,73.34657287597656
spy,2004-05-24,73.65388488769531
spy,2004-05-25,74.7092056274414
spy,2004-05-26,74.9697036743164
spy,2004-05-27,75.39051055908203
spy,2004-05-28,75.38381958007812
spy,2004-06-01,75.28361511230469
spy,2004-06-02,75.56417846679688
spy,2004-06-03,74.86949157714844
spy,2004-06-04,75.46398162841797
spy,2004-06-07,76.61282348632812
spy,2004-06-08,76.7197036743164
spy,2004-06-09,76.00499725341797
spy,2004-06-10,76.37906646728516
spy,2004-06-14,75.624267578125
spy,2004-06-15,76.15863037109375
spy,2004-06-16,76.14527893066406
spy,2004-06-17,76.03173828125
spy,2004-06-18,76.17515563964844
spy,2004-06-21,75.88693237304688
spy,2004-06-22,76.26900482177734
spy,2004-06-23,76.926025390625
spy,2004-06-24,76.68467712402344
spy,2004-06-25,76.31596374511719
spy,2004-06-28,76.05448913574219
spy,2004-06-29,76.36955261230469
spy,2004-06-30,76.77851867675781
spy,2004-07-01,75.71258544921875
spy,2004-07-02,75.67240905761719
spy,2004-07-06,75.00872802734375
spy,2004-07-07,75.22996520996094
spy,2004-07-08,74.70704650878906
spy,2004-07-09,74.90145111083984
spy,2004-07-12,74.93498229980469
spy,2004-07-13,74.9886245727539
spy,2004-07-14,74.76070404052734
spy,2004-07-15,74.27800750732422
spy,2004-07-16,74.2176742553711
spy,2004-07-19,73.90260314941406
spy,2004-07-20,74.84114074707031
spy,2004-07-21,73.46015167236328
spy,2004-07-22,73.6612777709961
spy,2004-07-23,73.04451751708984
spy,2004-07-26,72.90374755859375
spy,2004-07-27,73.5875244140625
spy,2004-07-28,73.80877685546875
spy,2004-07-29,74.12379455566406
spy,2004-07-30,74.30484008789062
spy,2004-08-02,74.4590072631836
spy,2004-08-03,73.88251495361328
spy,2004-08-04,73.87581634521484
spy,2004-08-05,72.66912078857422
spy,2004-08-06,71.6300277709961
spy,2004-08-09,71.7306137084961
spy,2004-08-10,72.65569305419922
spy,2004-08-11,72.50822448730469
spy,2004-08-12,71.71717071533203
spy,2004-08-13,71.85794067382812
spy,2004-08-16,72.60205841064453
spy,2004-08-17,73.01099395751953
spy,2004-08-18,73.7618408203125
spy,2004-08-19,73.54730224609375
spy,2004-08-20,74.0634994506836
spy,2004-08-23,73.87581634521484
spy,2004-08-24,73.97632598876953
spy,2004-08-25,74.47914123535156
spy,2004-08-26,74.47914123535156
spy,2004-08-27,74.71375274658203
spy,2004-08-30,74.09700012207031
spy,2004-08-31,74.48580932617188
spy,2004-09-01,74.62659454345703
spy,2004-09-02,75.47128295898438
spy,2004-09-03,75.16292572021484
spy,2004-09-07,75.65898895263672
spy,2004-09-08,75.47128295898438
spy,2004-09-09,75.40428161621094
spy,2004-09-10,75.79306030273438
spy,2004-09-13,76.04110717773438
spy,2004-09-14,76.19529724121094
spy,2004-09-15,75.61876678466797
spy,2004-09-16,75.84668731689453
spy,2004-09-17,76.16909790039062
spy,2004-09-20,75.71138000488281
spy,2004-09-21,76.04127502441406
spy,2004-09-22,75.09209442138672
spy,2004-09-23,74.68817138671875
spy,2004-09-24,75.03148651123047
spy,2004-09-27,74.55354309082031
spy,2004-09-28,74.91031646728516
spy,2004-09-29,75.28727722167969
spy,2004-09-30,75.23343658447266
spy,2004-10-01,76.50575256347656
spy,2004-10-04,76.63365173339844
spy,2004-10-05,76.67401885986328
spy,2004-10-06,77.19910430908203
spy,2004-10-07,76.37107849121094
spy,2004-10-08,75.73831176757812
spy,2004-10-11,76.04798889160156
spy,2004-10-12,75.75179290771484
spy,2004-10-13,75.08533477783203
spy,2004-10-14,74.47948455810547
spy,2004-10-15,74.8968276977539
spy,2004-10-18,75.17960357666016
spy,2004-10-19,74.54679107666016
spy,2004-10-20,74.39871215820312
spy,2004-10-21,74.88340759277344
spy,2004-10-22,74.04193115234375
spy,2004-10-25,73.95442962646484
spy,2004-10-26,75.08533477783203
spy,2004-10-27,75.98738861083984
spy,2004-10-28,76.21624755859375
spy,2004-10-29,76.20281982421875
spy,2004-11-01,76.41149139404297
spy,2004-11-02,76.43844604492188
spy,2004-11-03,77.40103149414062
spy,2004-11-04,78.45791625976562
spy,2004-11-05,78.94933319091797
spy,2004-11-08,78.83492279052734
spy,2004-11-09,78.68008422851562
spy,2004-11-10,78.74065399169922
spy,2004-11-11,79.33977508544922
spy,2004-11-12,79.9658203125
spy,2004-11-15,80.16230773925781
spy,2004-11-16,79.58842468261719
spy,2004-11-17,80.06104278564453
spy,2004-11-18,80.16900634765625
spy,2004-11-19,79.27783966064453
spy,2004-11-22,79.65593719482422
spy,2004-11-23,79.77747344970703
spy,2004-11-24,79.96650695800781
spy,2004-11-26,79.90573120117188
spy,2004-11-29,79.54113006591797
spy,2004-11-30,79.59516906738281
spy,2004-12-01,80.4999008178711
spy,2004-12-02,80.5674057006836
spy,2004-12-03,80.51338958740234
spy,2004-12-06,80.48637390136719
spy,2004-12-07,79.7369384765625
spy,2004-12-08,80.20279693603516
spy,2004-12-09,80.48637390136719
spy,2004-12-10,80.5674057006836
spy,2004-12-13,81.26958465576172
spy,2004-12-14,81.5531005859375
spy,2004-12-15,81.61390686035156
spy,2004-12-16,81.5666275024414
spy,2004-12-17,81.02262115478516
spy,2004-12-20,81.04297637939453
spy,2004-12-21,81.66705322265625
spy,2004-12-22,81.8637466430664
spy,2004-12-23,81.92481231689453
spy,2004-12-27,81.75521850585938
spy,2004-12-28,82.20296478271484
spy,2004-12-29,82.32503509521484
spy,2004-12-30,82.16901397705078
spy,2004-12-31,81.99264526367188
spy,2005-01-03,81.6059799194336
spy,2005-01-04,80.60880279541016
spy,2005-01-05,80.05255126953125
spy,2005-01-06,80.4595718383789
spy,2005-01-07,80.34423828125
spy,2005-01-10,80.72412872314453
spy,2005-01-11,80.16787719726562
spy,2005-01-12,80.43244171142578
spy,2005-01-13,79.78801727294922
spy,2005-01-14,80.20858001708984
spy,2005-01-18,81.04297637939453
spy,2005-01-19,80.19499969482422
spy,2005-01-20,79.70658874511719
spy,2005-01-21,79.21820068359375
spy,2005-01-24,79.06217956542969
spy,2005-01-25,79.28600311279297
spy,2005-01-26,79.52340698242188
spy,2005-01-27,79.65912628173828
spy,2005-01-28,79.65912628173828
spy,2005-01-31,80.15432739257812
spy,2005-02-01,80.6630630493164
spy,2005-02-02,80.90727996826172
spy,2005-02-03,80.69697570800781
spy,2005-02-04,81.55848693847656
spy,2005-02-07,81.44995880126953
spy,2005-02-08,81.54495239257812
spy,2005-02-09,80.93441009521484
spy,2005-02-10,81.22611999511719
spy,2005-02-11,81.92481231689453
spy,2005-02-14,81.8637466430664
spy,2005-02-15,82.16901397705078
spy,2005-02-16,82.2232666015625
spy,2005-02-17,81.55848693847656
spy,2005-02-18,81.66705322265625
spy,2005-02-22,80.4527816772461
spy,2005-02-23,81.0294189453125
spy,2005-02-24,81.56529998779297
spy,2005-02-25,82.3725357055664
spy,2005-02-28,81.8298568725586
spy,2005-03-01,82.23686981201172
spy,2005-03-02,82.19615936279297
spy,2005-03-03,82.23006439208984
spy,2005-03-04,83.25438690185547
spy,2005-03-07,83.29507446289062
spy,2005-03-08,82.98304748535156
spy,2005-03-09,82.06050109863281
spy,2005-03-10,82.24364471435547
spy,2005-03-11,81.66705322265625
spy,2005-03-14,82.1758041381836
spy,2005-03-15,81.4974594116211
spy,2005-03-16,80.80554962158203
spy,2005-03-17,80.96835327148438
spy,2005-03-18,80.7279281616211
spy,2005-03-21,80.42829132080078
spy,2005-03-22,79.61105346679688
spy,2005-03-23,79.67916107177734
spy,2005-03-24,79.77452850341797
spy,2005-03-28,79.89030456542969
spy,2005-03-29,79.35906219482422
spy,2005-03-30,80.48273468017578
spy,2005-03-31,80.33292388916016
spy,2005-04-01,79.97200012207031
spy,2005-04-04,80.10822296142578
spy,2005-04-05,80.48958587646484
spy,2005-04-06,80.7687759399414
spy,2005-04-07,81.20464324951172
spy,2005-04-08,80.36016082763672
spy,2005-04-11,80.42147064208984
spy,2005-04-12,80.83692932128906
spy,2005-04-13,79.88349151611328
spy,2005-04-14,78.84151458740234
spy,2005-04-15,77.7382583618164
spy,2005-04-18,77.97662353515625
spy,2005-04-19,78.5963363647461
spy,2005-04-20,77.49992370605469
spy,2005-04-21,79.0049819946289
spy,2005-04-22,78.70530700683594
spy,2005-04-25,79.22289276123047
spy,2005-04-26,78.45332336425781
spy,2005-04-27,78.759765625
spy,2005-04-28,77.7723159790039
spy,2005-04-29,78.82789611816406
spy,2005-05-02,79.2705307006836
spy,2005-05-03,79.40677642822266
spy,2005-05-04,80.01966094970703
spy,2005-05-05,79.9924545288086
spy,2005-05-06,79.74046325683594
spy,2005-05-09,80.23758697509766
spy,2005-05-10,79.40677642822266
spy,2005-05-11,79.84259033203125
spy,2005-05-12,78.964111328125
spy,2005-05-13,78.80741882324219
spy,2005-05-16,79.54296112060547
spy,2005-05-17,80.07416534423828
spy,2005-05-18,80.898193359375
spy,2005-05-19,81.23871612548828
spy,2005-05-20,81.1229248046875
spy,2005-05-23,81.57241821289062
spy,2005-05-24,81.3816909790039
spy,2005-05-25,81.32039642333984
spy,2005-05-26,81.75627136230469
spy,2005-05-27,81.89250183105469
spy,2005-05-31,81.36808776855469
spy,2005-06-01,82.06272888183594
spy,2005-06-02,82.23979187011719
spy,2005-06-03,81.82435607910156
spy,2005-06-06,81.74947357177734
spy,2005-06-07,81.81076049804688
spy,2005-06-08,81.66096496582031
spy,2005-06-09,82.04911804199219
spy,2005-06-10,81.85843658447266
spy,2005-06-13,82.11721801757812
spy,2005-06-14,82.30790710449219
spy,2005-06-15,82.46452331542969
spy,2005-06-16,82.67565155029297
spy,2005-06-17,82.98196411132812
spy,2005-06-20,83.00933837890625
spy,2005-06-21,83.05720520019531
spy,2005-06-22,83.12554931640625
spy,2005-06-23,81.9563217163086
spy,2005-06-24,81.35462188720703
spy,2005-06-27,81.47081756591797
spy,2005-06-28,82.1546401977539
spy,2005-06-29,81.93582916259766
spy,2005-06-30,81.49134826660156
spy,2005-07-01,81.73066711425781
spy,2005-07-05,82.38711547851562
spy,2005-07-06,81.6965103149414
spy,2005-07-07,82.01785278320312
spy,2005-07-08,82.9546127319336
spy,2005-07-11,83.3785629272461
spy,2005-07-12,83.59737396240234
spy,2005-07-13,83.71359252929688
spy,2005-07-14,84.0418472290039
spy,2005-07-15,83.99398040771484
spy,2005-07-18,83.65890502929688
spy,2005-07-19,84.1170425415039
spy,2005-07-20,84.40420532226562
spy,2005-07-21,83.91188049316406
spy,2005-07-22,84.47259521484375
spy,2005-07-25,84.23326110839844
spy,2005-07-26,84.3358154296875
spy,2005-07-27,84.64349365234375
spy,2005-07-28,85.17687225341797
spy,2005-07-29,84.60936737060547
spy,2005-08-01,84.54780578613281
spy,2005-08-02,85.05380249023438
spy,2005-08-03,85.27943420410156
spy,2005-08-04,84.59562683105469
spy,2005-08-05,84.02128601074219
spy,2005-08-08,83.86405944824219
spy,2005-08-09,84.37004089355469
spy,2005-08-10,84.32899475097656
spy,2005-08-11,84.66405487060547
spy,2005-08-12,84.14437866210938
spy,2005-08-15,84.66405487060547
spy,2005-08-16,83.56317901611328
spy,2005-08-17,83.55632781982422
spy,2005-08-18,83.54950714111328
spy,2005-08-19,83.74095916748047
spy,2005-08-22,83.74095916748047
spy,2005-08-23,83.58366394042969
spy,2005-08-24,82.8384017944336
spy,2005-08-25,83.13922119140625
spy,2005-08-26,82.57173156738281
spy,2005-08-29,83.2076187133789
spy,2005-08-30,82.77000427246094
spy,2005-08-31,83.81614685058594
spy,2005-09-01,83.75463104248047
spy,2005-09-02,83.60417938232422
spy,2005-09-06,84.58197784423828
spy,2005-09-07,84.72555541992188
spy,2005-09-08,84.44523620605469
spy,2005-09-09,85.19738006591797
spy,2005-09-12,85.02645874023438
spy,2005-09-13,84.55463409423828
spy,2005-09-14,84.2469482421875
spy,2005-09-15,84.20590209960938
spy,2005-09-16,84.8046875
spy,2005-09-19,84.52315521240234
spy,2005-09-20,83.80901336669922
spy,2005-09-21,83.02620697021484
spy,2005-09-22,83.32148742675781
spy,2005-09-23,83.39012145996094
spy,2005-09-26,83.48629760742188
spy,2005-09-27,83.4656753540039
spy,2005-09-28,83.54808044433594
spy,2005-09-29,84.22789764404297
spy,2005-09-30,84.48883819580078
spy,2005-10-03,84.18669128417969
spy,2005-10-04,83.23908996582031
spy,2005-10-05,82.14723205566406
spy,2005-10-06,81.85200500488281
spy,2005-10-07,82.13353729248047
spy,2005-10-10,81.4399642944336
spy,2005-10-11,81.32324981689453
spy,2005-10-12,80.6845932006836
spy,2005-10-13,80.63658905029297
spy,2005-10-14,81.48805236816406
spy,2005-10-17,81.79019165039062
spy,2005-10-18,80.90435791015625
spy,2005-10-19,82.2502670288086
spy,2005-10-20,80.80138397216797
spy,2005-10-21,81.11724853515625
spy,2005-10-24,82.37387084960938
spy,2005-10-25,82.20906829833984
spy,2005-10-26,81.96871948242188
spy,2005-10-27,81.09664154052734
spy,2005-10-28,82.26399230957031
spy,2005-10-31,82.49057006835938
spy,2005-11-01,82.73780822753906
spy,2005-11-02,83.6030044555664
spy,2005-11-03,83.96007537841797
spy,2005-11-04,83.8502197265625
spy,2005-11-07,83.93263244628906
spy,2005-11-08,83.93263244628906
spy,2005-11-09,84.04248809814453
spy,2005-11-10,84.69483184814453
spy,2005-11-11,84.98323822021484
spy,2005-11-14,84.93516540527344
spy,2005-11-15,84.62618255615234
spy,2005-11-16,84.7978515625
spy,2005-11-17,85.5875015258789
spy,2005-11-18,85.92399597167969
spy,2005-11-21,86.35658264160156
spy,2005-11-22,86.72740936279297
spy,2005-11-23,87.22869873046875
spy,2005-11-25,87.29731750488281
spy,2005-11-28,86.67932891845703
spy,2005-11-29,86.58319091796875
spy,2005-11-30,86.11624908447266
spy,2005-12-01,86.99522399902344
spy,2005-12-02,87.10506439208984
spy,2005-12-05,86.91966247558594
spy,2005-12-06,87.08446502685547
spy,2005-12-07,86.57632446289062
spy,2005-12-08,86.52140045166016
spy,2005-12-09,86.7480239868164
spy,2005-12-12,86.8304214477539
spy,2005-12-13,87.42094421386719
spy,2005-12-14,87.7642593383789
spy,2005-12-15,87.51020812988281
spy,2005-12-16,87.22858428955078
spy,2005-12-19,86.77986907958984
spy,2005-12-20,86.86270141601562
spy,2005-12-21,87.00074768066406
spy,2005-12-22,87.45636749267578
spy,2005-12-23,87.50468444824219
spy,2005-12-27,86.6141586303711
spy,2005-12-28,86.8074722290039
spy,2005-12-29,86.42089080810547
spy,2005-12-30,85.95146942138672
spy,2006-01-03,87.46330261230469
spy,2006-01-04,87.87748718261719
spy,2006-01-05,87.93269348144531
spy,2006-01-06,88.6644287109375
spy,2006-01-09,88.89221954345703
spy,2006-01-10,88.98196411132812
spy,2006-01-11,89.26498413085938
spy,2006-01-12,88.9129409790039
spy,2006-01-13,88.83007049560547
spy,2006-01-17,88.5885009765625
spy,2006-01-18,88.2364273071289
spy,2006-01-19,88.57470703125
spy,2006-01-20,86.95933532714844
spy,2006-01-23,87.26998138427734
spy,2006-01-24,87.3597412109375
spy,2006-01-25,87.43565368652344
spy,2006-01-26,87.9188461303711
spy,2006-01-27,88.73345184326172
spy,2006-01-30,88.6644287109375
spy,2006-01-31,88.01553344726562
spy,2006-02-01,88.6299057006836
spy,2006-02-02,87.60135650634766
spy,2006-02-03,87.16646575927734
spy,2006-02-06,87.39424133300781
spy,2006-02-07,86.62106323242188
spy,2006-02-08,87.40803527832031
spy,2006-02-09,87.2630844116211
spy,2006-02-10,87.42184448242188
spy,2006-02-13,87.2630844116211
spy,2006-02-14,88.18807983398438
spy,2006-02-15,88.49874114990234
spy,2006-02-16,89.16148376464844
spy,2006-02-17,88.91983795166016
spy,2006-02-21,88.6989517211914
spy,2006-02-22,89.23741149902344
spy,2006-02-23,89.106201171875
spy,2006-02-24,89.33403778076172
spy,2006-02-27,89.36853790283203
spy,2006-02-28,88.5194320678711
spy,2006-03-01,89.30640411376953
spy,2006-03-02,89.29949188232422
spy,2006-03-03,88.88533782958984
spy,2006-03-06,88.47804260253906
spy,2006-03-07,88.3399658203125
spy,2006-03-08,88.52635955810547
spy,2006-03-09,87.93269348144531
spy,2006-03-10,88.76799011230469
spy,2006-03-13,88.93362426757812
spy,2006-03-14,89.86558532714844
spy,2006-03-15,90.26594543457031
spy,2006-03-16,90.45234680175781
spy,2006-03-17,90.52792358398438
spy,2006-03-20,90.38236999511719
spy,2006-03-21,89.81404113769531
spy,2006-03-22,90.36155700683594
spy,2006-03-23,90.17445373535156
spy,2006-03-24,90.24372863769531
spy,2006-03-27,90.11207580566406
spy,2006-03-28,89.55760955810547
spy,2006-03-29,90.11896514892578
spy,2006-03-30,89.95956420898438
spy,2006-03-31,89.98038482666016
spy,2006-04-03,89.91104888916016
spy,2006-04-04,90.48632049560547
spy,2006-04-05,90.7981948852539
spy,2006-04-06,90.70114135742188
spy,2006-04-07,89.77935028076172
spy,2006-04-10,89.91800689697266
spy,2006-04-11,89.15563201904297
spy,2006-04-12,89.32194519042969
spy,2006-04-13,89.2041244506836
spy,2006-04-17,89.16948699951172
spy,2006-04-18,90.58332824707031
spy,2006-04-19,90.75657653808594
spy,2006-04-20,90.88134002685547
spy,2006-04-21,90.89520263671875
spy,2006-04-24,90.7288818359375
spy,2006-04-25,90.35460662841797
spy,2006-04-26,90.37541198730469
spy,2006-04-27,90.81204223632812
spy,2006-04-28,91.11695098876953
spy,2006-05-01,90.37541198730469
spy,2006-05-02,91.05459594726562
spy,2006-05-03,90.71501159667969
spy,2006-05-04,91.04075622558594
spy,2006-05-05,91.84468078613281
spy,2006-05-08,91.7337875366211
spy,2006-05-09,91.91400146484375
spy,2006-05-10,91.8655014038086
spy,2006-05-11,90.75657653808594
spy,2006-05-12,89.5714340209961
spy,2006-05-15,89.75166320800781
spy,2006-05-16,89.6199722290039
spy,2006-05-17,87.9150619506836
spy,2006-05-18,87.47149658203125
spy,2006-05-19,88.08831787109375
spy,2006-05-22,87.416015625
spy,2006-05-23,86.7507095336914
spy,2006-05-24,87.4437484741211
spy,2006-05-25,88.52494812011719
spy,2006-05-26,88.97549438476562
spy,2006-05-30,87.3952407836914
spy,2006-05-31,88.37244415283203
spy,2006-06-01,89.21797180175781
spy,2006-06-02,89.40510559082031
spy,2006-06-05,88.1021728515625
spy,2006-06-06,87.8873062133789
spy,2006-06-07,87.22891235351562
spy,2006-06-08,87.15267181396484
spy,2006-06-09,86.87541961669922
spy,2006-06-12,85.932861328125
spy,2006-06-13,84.9348373413086
spy,2006-06-14,85.59325408935547
spy,2006-06-15,87.40909576416016
spy,2006-06-16,86.77214050292969
spy,2006-06-19,86.0899429321289
spy,2006-06-20,86.38233184814453
spy,2006-06-21,87.02273559570312
spy,2006-06-22,86.63984680175781
spy,2006-06-23,86.6259536743164
spy,2006-06-26,87.00879669189453
spy,2006-06-27,86.25703430175781
spy,2006-06-28,86.84178161621094
spy,2006-06-29,88.5959701538086
spy,2006-06-30,88.60298919677734
spy,2006-07-03,88.96492767333984
spy,2006-07-05,88.45677185058594
spy,2006-07-06,88.71434783935547
spy,2006-07-07,88.13654327392578
spy,2006-07-10,88.30364990234375
spy,2006-07-11,88.69343566894531
spy,2006-07-12,87.7467269897461
spy,2006-07-13,86.31965637207031
spy,2006-07-14,85.98550415039062
spy,2006-07-17,85.86019897460938
spy,2006-07-18,86.29881286621094
spy,2006-07-19,87.49613189697266
spy,2006-07-20,86.89743041992188
spy,2006-07-21,86.28487396240234
spy,2006-07-24,87.85812377929688
spy,2006-07-25,88.17137145996094
spy,2006-07-26,88.28971862792969
spy,2006-07-27,88.2061538696289
spy,2006-07-28,89.09025573730469
spy,2006-07-31,88.99976348876953
spy,2006-08-01,88.56118774414062
spy,2006-08-02,89.15988159179688
spy,2006-08-03,89.3965072631836
spy,2006-08-04,89.24341583251953
spy,2006-08-07,89.03457641601562
spy,2006-08-08,88.69343566894531
spy,2006-08-09,88.39411163330078
spy,2006-08-10,88.6656494140625
spy,2006-08-11,88.41499328613281
spy,2006-08-14,88.48463439941406
spy,2006-08-15,89.54271697998047
spy,2006-08-16,90.28763580322266
spy,2006-08-17,90.5173110961914
spy,2006-08-18,90.97673797607422
spy,2006-08-21,90.5869140625
spy,2006-08-22,90.5799560546875
spy,2006-08-23,90.329345703125
spy,2006-08-24,90.25277709960938
spy,2006-08-25,90.3641586303711
spy,2006-08-28,90.7957534790039
spy,2006-08-29,90.90017700195312
spy,2006-08-30,90.95587158203125
spy,2006-08-31,90.94195556640625
spy,2006-09-01,91.48492431640625
spy,2006-09-05,91.65895080566406
spy,2006-09-06,90.85142517089844
spy,2006-09-07,90.43377685546875
spy,2006-09-08,90.69134521484375
spy,2006-09-11,90.78184509277344
spy,2006-09-12,91.67288208007812
spy,2006-09-13,92.04180908203125
spy,2006-09-14,92.04878234863281
spy,2006-09-15,92.26481628417969
spy,2006-09-18,92.39068603515625
spy,2006-09-19,92.15996551513672
spy,2006-09-20,92.64936828613281
spy,2006-09-21,92.20189666748047
spy,2006-09-22,91.92219543457031
spy,2006-09-25,92.62837982177734
spy,2006-09-26,93.39756774902344
spy,2006-09-27,93.50938415527344
spy,2006-09-28,93.47441864013672
spy,2006-09-29,93.39756774902344
spy,2006-10-02,93.04792022705078
spy,2006-10-03,93.24369812011719
spy,2006-10-04,94.33441162109375
spy,2006-10-05,94.51620483398438
spy,2006-10-06,94.39733123779297
spy,2006-10-09,94.45327758789062
spy,2006-10-10,94.57917022705078
spy,2006-10-11,94.46726989746094
spy,2006-10-12,95.28534698486328
spy,2006-10-13,95.5300521850586
spy,2006-10-16,95.6768798828125
spy,2006-10-17,95.37620544433594
spy,2006-10-18,95.50206756591797
spy,2006-10-19,95.65589141845703
spy,2006-10-20,95.6768798828125
spy,2006-10-23,96.11734008789062
spy,2006-10-24,96.40402221679688
spy,2006-10-25,96.7326431274414
spy,2006-10-26,97.03328704833984
spy,2006-10-27,96.42500305175781
spy,2006-10-30,96.35506439208984
spy,2006-10-31,96.34111022949219
spy,2006-11-01,95.69084167480469
spy,2006-11-02,95.63497161865234
spy,2006-11-03,95.46712493896484
spy,2006-11-06,96.54385375976562
spy,2006-11-07,96.91442108154297
spy,2006-11-08,97.12419128417969
spy,2006-11-09,96.61376190185547
spy,2006-11-10,96.65571594238281
spy,2006-11-13,96.89348602294922
spy,2006-11-14,97.62059020996094
spy,2006-11-15,97.90029907226562
spy,2006-11-16,98.15196990966797
spy,2006-11-17,98.1799545288086
spy,2006-11-20,98.23593139648438
spy,2006-11-21,98.33378601074219
spy,2006-11-22,98.5295181274414
spy,2006-11-24,98.13101196289062
spy,2006-11-27,96.78158569335938
spy,2006-11-28,97.20108032226562
spy,2006-11-29,98.21492767333984
spy,2006-11-30,98.25687408447266
spy,2006-12-01,98.04013061523438
spy,2006-12-04,98.78823852539062
spy,2006-12-05,99.2147445678711
spy,2006-12-06,99.13082885742188
spy,2006-12-07,98.69733428955078
spy,2006-12-08,98.87918090820312
spy,2006-12-11,99.1657943725586
spy,2006-12-12,99.08887481689453
spy,2006-12-13,99.19375610351562
spy,2006-12-14,100.06773376464844
spy,2006-12-15,100.07689666748047
spy,2006-12-18,99.80268859863281
spy,2006-12-19,99.9925537109375
spy,2006-12-20,99.93628692626953
spy,2006-12-21,99.57066345214844
spy,2006-12-22,98.9590072631836
spy,2006-12-26,99.54252624511719
spy,2006-12-27,100.19642639160156
spy,2006-12-28,99.98553466796875
spy,2006-12-29,99.57066345214844
spy,2007-01-03,99.3949203491211
spy,2007-01-04,99.60581970214844
spy,2007-01-05,98.81134033203125
spy,2007-01-08,99.26837921142578
spy,2007-01-09,99.1839828491211
spy,2007-01-10,99.51443481445312
spy,2007-01-11,99.95035552978516
spy,2007-01-12,100.7096939086914
spy,2007-01-16,100.51284790039062
spy,2007-01-17,100.5550308227539
spy,2007-01-18,100.21752166748047
spy,2007-01-19,100.41441345214844
spy,2007-01-22,100.10504913330078
spy,2007-01-23,100.40032958984375
spy,2007-01-24,101.20890045166016
spy,2007-01-25,100.02064514160156
spy,2007-01-26,99.92929077148438
spy,2007-01-29,99.8730239868164
spy,2007-01-30,100.39330291748047
spy,2007-01-31,101.06827545166016
spy,2007-02-01,101.67291259765625
spy,2007-02-02,101.81351470947266
spy,2007-02-05,101.84161376953125
spy,2007-02-06,101.86975860595703
spy,2007-02-07,102.09476470947266
spy,2007-02-08,101.9612045288086
spy,2007-02-09,101.20183563232422
spy,2007-02-12,100.85738372802734
spy,2007-02-13,101.7080307006836
spy,2007-02-14,102.37602233886719
spy,2007-02-15,102.50959014892578
spy,2007-02-16,102.46035766601562
spy,2007-02-20,102.67830657958984
spy,2007-02-21,102.63618469238281
spy,2007-02-22,102.55882263183594
spy,2007-02-23,102.15802764892578
spy,2007-02-26,102.06668090820312
spy,2007-02-27,98.08015441894531
spy,2007-02-28,99.08551788330078
spy,2007-03-01,98.7902603149414
spy,2007-03-02,97.49658203125
spy,2007-03-05,96.56853485107422
spy,2007-03-06,98.22073364257812
spy,2007-03-07,98.12232208251953
spy,2007-03-08,98.95198822021484
spy,2007-03-09,98.9800796508789
spy,2007-03-12,99.12772369384766
spy,2007-03-13,97.2012710571289
spy,2007-03-14,97.92547607421875
spy,2007-03-15,98.0590591430664
spy,2007-03-16,97.78447723388672
spy,2007-03-19,98.96324157714844
spy,2007-03-20,99.50679016113281
spy,2007-03-21,101.1444091796875
spy,2007-03-22,101.06678771972656
spy,2007-03-23,101.21501922607422
spy,2007-03-26,101.08087921142578
spy,2007-03-27,100.84088134765625
spy,2007-03-28,100.10675811767578
spy,2007-03-29,100.21266174316406
spy,2007-03-30,100.23384857177734
spy,2007-04-02,100.34679412841797
spy,2007-04-03,101.42678833007812
spy,2007-04-04,101.53970336914062
spy,2007-04-05,101.81499481201172
spy,2007-04-09,101.9561538696289
spy,2007-04-10,102.07617950439453
spy,2007-04-11,101.65972137451172
spy,2007-04-12,102.11143493652344
spy,2007-04-13,102.57735443115234
spy,2007-04-16,103.55147552490234
spy,2007-04-17,103.8267593383789
spy,2007-04-18,103.95379638671875
spy,2007-04-19,103.92555236816406
spy,2007-04-20,104.90670776367188
spy,2007-04-23,104.51145935058594
spy,2007-04-24,104.55379486083984
spy,2007-04-25,105.51376342773438
spy,2007-04-26,105.6337661743164
spy,2007-04-27,105.5490951538086
spy,2007-04-30,104.67378234863281
spy,2007-05-01,104.94204711914062
spy,2007-05-02,105.55610656738281
spy,2007-05-03,106.1279067993164
spy,2007-05-04,106.53020477294922
spy,2007-05-07,106.55142974853516
spy,2007-05-08,106.41020202636719
spy,2007-05-09,106.69964599609375
spy,2007-05-10,105.5843734741211
spy,2007-05-11,106.48789978027344
spy,2007-05-14,106.25498962402344
spy,2007-05-15,106.28314971923828
spy,2007-05-16,107.01024627685547
spy,2007-05-17,106.79845428466797
spy,2007-05-18,107.73017883300781
spy,2007-05-21,107.67377471923828
spy,2007-05-22,107.58904266357422
spy,2007-05-23,107.60313415527344
spy,2007-05-24,106.62902069091797
spy,2007-05-25,107.0737533569336
spy,2007-05-29,107.46196746826172
spy,2007-05-30,108.33728790283203
spy,2007-05-31,108.22435760498047
spy,2007-06-01,108.76079559326172
spy,2007-06-04,108.77491760253906
spy,2007-06-05,108.34434509277344
spy,2007-06-06,107.17965698242188
spy,2007-06-07,105.24554443359375
spy,2007-06-08,106.61493682861328
spy,2007-06-11,106.79845428466797
spy,2007-06-12,105.6337661743164
spy,2007-06-13,107.2149429321289
spy,2007-06-14,107.89962768554688
spy,2007-06-15,108.5135498046875
spy,2007-06-18,108.38595581054688
spy,2007-06-19,108.65533447265625
spy,2007-06-20,107.14530181884766
spy,2007-06-21,107.7408218383789
spy,2007-06-22,106.7270736694336
spy,2007-06-25,106.21663665771484
spy,2007-06-26,105.12495422363281
spy,2007-06-27,106.62078094482422
spy,2007-06-28,106.6065444946289
spy,2007-06-29,106.64200592041016
spy,2007-07-02,107.60613250732422
spy,2007-07-03,107.99600982666016
spy,2007-07-05,107.88257598876953
spy,2007-07-06,108.44972229003906
spy,2007-07-09,108.53477478027344
spy,2007-07-10,106.98934173583984
spy,2007-07-11,107.7479476928711
spy,2007-07-12,109.4493179321289
spy,2007-07-13,109.77540588378906
spy,2007-07-16,109.7612533569336
spy,2007-07-17,109.70451354980469
spy,2007-07-18,109.50601959228516
spy,2007-07-19,109.9313735961914
spy,2007-07-20,108.81840515136719
spy,2007-07-23,109.15158081054688
spy,2007-07-24,107.25875854492188
spy,2007-07-25,107.478515625
spy,2007-07-26,104.9334716796875
spy,2007-07-27,102.87057495117188
spy,2007-07-30,104.47984313964844
spy,2007-07-31,103.30302429199219
spy,2007-08-01,103.80631256103516
spy,2007-08-02,104.63574981689453
spy,2007-08-03,101.94189453125
spy,2007-08-06,103.65038299560547
spy,2007-08-07,104.75627136230469
spy,2007-08-08,106.21663665771484
spy,2007-08-09,103.06910705566406
spy,2007-08-10,102.58699798583984
spy,2007-08-13,102.95564270019531
spy,2007-08-14,101.38182067871094
spy,2007-08-15,99.98528289794922
spy,2007-08-16,100.73674774169922
spy,2007-08-17,102.58699798583984
spy,2007-08-20,102.53738403320312
spy,2007-08-21,102.74297332763672
spy,2007-08-22,103.96229553222656
spy,2007-08-23,103.87013244628906
spy,2007-08-24,105.1533432006836
spy,2007-08-27,104.17500305175781
spy,2007-08-28,101.88521575927734
spy,2007-08-29,103.88433837890625
spy,2007-08-30,103.60784912109375
spy,2007-08-31,104.62866973876953
spy,2007-09-04,105.68497467041016
spy,2007-09-05,104.7704849243164
spy,2007-09-06,105.01151275634766
spy,2007-09-07,103.55113983154297
spy,2007-09-10,103.35267639160156
spy,2007-09-11,104.5577621459961
spy,2007-09-12,104.82717895507812
spy,2007-09-13,105.56442260742188
spy,2007-09-14,105.557373046875
spy,2007-09-17,104.990234375
spy,2007-09-18,108.08111572265625
spy,2007-09-19,108.7191390991211
spy,2007-09-20,107.95350646972656
spy,2007-09-21,108.24482727050781
spy,2007-09-24,108.04537963867188
spy,2007-09-25,107.83167266845703
spy,2007-09-26,108.4014663696289
spy,2007-09-27,109.0426025390625
spy,2007-09-28,108.6792984008789
spy,2007-10-01,109.90442657470703
spy,2007-10-02,109.75487518310547
spy,2007-10-03,109.53404235839844
spy,2007-10-04,109.70497131347656
spy,2007-10-05,111.00851440429688
spy,2007-10-08,110.41728210449219
spy,2007-10-09,111.45718383789062
spy,2007-10-10,111.27203369140625
spy,2007-10-11,110.73775482177734
spy,2007-10-12,111.3503646850586
spy,2007-10-15,110.4101333618164
spy,2007-10-16,109.53404235839844
spy,2007-10-17,109.8687744140625
spy,2007-10-18,109.46994018554688
spy,2007-10-19,106.60658264160156
spy,2007-10-22,107.22628784179688
spy,2007-10-23,108.09520721435547
spy,2007-10-24,107.89581298828125
spy,2007-10-25,108.15223693847656
spy,2007-10-26,109.42008209228516
spy,2007-10-29,109.7833251953125
spy,2007-10-30,109.0212631225586
spy,2007-10-31,110.15371704101562
spy,2007-11-01,107.57528686523438
spy,2007-11-02,107.69632720947266
spy,2007-11-05,106.87728881835938
spy,2007-11-06,108.31610870361328
spy,2007-11-07,105.35295104980469
spy,2007-11-08,104.81878662109375
spy,2007-11-09,103.37996673583984
spy,2007-11-12,102.35430145263672
spy,2007-11-13,105.47405242919922
spy,2007-11-14,105.18196105957031
spy,2007-11-15,103.66487121582031
spy,2007-11-16,103.84296417236328
spy,2007-11-19,102.39702606201172
spy,2007-11-20,103.02381896972656
spy,2007-11-21,100.91551208496094
spy,2007-11-23,102.66055297851562
spy,2007-11-26,100.39551544189453
spy,2007-11-27,101.54936981201172
spy,2007-11-28,104.79740142822266
spy,2007-11-29,104.83303833007812
spy,2007-11-30,105.88715362548828
spy,2007-12-03,105.18916320800781
spy,2007-12-04,104.24894714355469
spy,2007-12-05,105.99403381347656
spy,2007-12-06,107.51121520996094
spy,2007-12-07,107.48978424072266
spy,2007-12-10,108.32319641113281
spy,2007-12-11,105.35295104980469
spy,2007-12-12,106.3929214477539
spy,2007-12-13,106.17211151123047
spy,2007-12-14,104.82587432861328
spy,2007-12-17,103.330078125
spy,2007-12-18,103.90699768066406
spy,2007-12-19,103.90699768066406
spy,2007-12-20,104.56233215332031
spy,2007-12-21,106.06964874267578
spy,2007-12-24,106.85730743408203
spy,2007-12-26,107.08644104003906
spy,2007-12-27,105.7402114868164
spy,2007-12-28,105.47528076171875
spy,2007-12-31,104.69483947753906
spy,2008-01-02,103.77828216552734
spy,2008-01-03,103.72815704345703
spy,2008-01-04,101.18611145019531
spy,2008-01-07,101.10020446777344
spy,2008-01-08,99.46760559082031
spy,2008-01-09,100.51303100585938
spy,2008-01-10,101.17178344726562
spy,2008-01-11,100.3554916381836
spy,2008-01-14,101.16468048095703
spy,2008-01-15,98.9377212524414
spy,2008-01-16,98.08557891845703
spy,2008-01-17,95.54358673095703
spy,2008-01-18,94.5625991821289
spy,2008-01-22,93.60305786132812
spy,2008-01-23,95.85150909423828
spy,2008-01-24,96.6606674194336
spy,2008-01-25,95.26432037353516
spy,2008-01-28,96.83966827392578
spy,2008-01-29,97.3194580078125
spy,2008-01-30,96.60336303710938
spy,2008-01-31,98.36486053466797
spy,2008-02-01,99.9473648071289
spy,2008-02-04,98.68708801269531
spy,2008-02-05,96.04483795166016
spy,2008-02-06,95.2715072631836
spy,2008-02-07,95.90164184570312
spy,2008-02-08,95.28583526611328
spy,2008-02-11,95.77274322509766
spy,2008-02-12,96.6606674194336
spy,2008-02-13,97.64878845214844
spy,2008-02-14,96.78953552246094
spy,2008-02-15,96.76805877685547
spy,2008-02-19,97.0401611328125
spy,2008-02-20,97.32659149169922
spy,2008-02-21,96.5174331665039
spy,2008-02-22,97.11175537109375
spy,2008-02-25,98.33621978759766
spy,2008-02-26,99.07373046875
spy,2008-02-27,98.97349548339844
spy,2008-02-28,98.00684356689453
spy,2008-02-29,95.82284545898438
spy,2008-03-03,95.59368133544922
spy,2008-03-04,95.22854614257812
spy,2008-03-05,95.83003234863281
spy,2008-03-06,93.8465576171875
spy,2008-03-07,92.87987518310547
spy,2008-03-10,91.6554183959961
spy,2008-03-11,94.94925689697266
spy,2008-03-12,94.06135559082031
spy,2008-03-13,94.2690200805664
spy,2008-03-14,92.80826568603516
spy,2008-03-17,91.87020111083984
spy,2008-03-18,95.68682098388672
spy,2008-03-19,93.31669616699219
spy,2008-03-20,95.04512023925781
spy,2008-03-24,96.94490051269531
spy,2008-03-25,97.03845977783203
spy,2008-03-26,95.85111236572266
spy,2008-03-27,95.54885864257812
spy,2008-03-28,94.63496398925781
spy,2008-03-31,94.96599578857422
spy,2008-04-01,98.30494689941406
spy,2008-04-02,98.36971282958984
spy,2008-04-03,98.6143569946289
spy,2008-04-04,98.50642395019531
spy,2008-04-07,98.55680847167969
spy,2008-04-08,98.45606994628906
spy,2008-04-09,97.74366760253906
spy,2008-04-10,97.88040161132812
spy,2008-04-11,95.98060607910156
spy,2008-04-14,95.65680694580078
spy,2008-04-15,95.8799057006836
spy,2008-04-16,98.47764587402344
spy,2008-04-17,98.62158966064453
spy,2008-04-18,99.65062713623047
spy,2008-04-21,99.70101165771484
spy,2008-04-22,99.26205444335938
spy,2008-04-23,99.10371398925781
spy,2008-04-24,99.53545379638672
spy,2008-04-25,100.45658111572266
spy,2008-04-28,100.47815704345703
spy,2008-04-29,100.0823745727539
spy,2008-04-30,99.49230194091797
spy,2008-05-01,101.55033874511719
spy,2008-05-02,101.83100891113281
spy,2008-05-05,101.3416519165039
spy,2008-05-06,102.21961212158203
spy,2008-05-07,100.39895629882812
spy,2008-05-08,100.13992309570312
spy,2008-05-09,99.95282745361328
spy,2008-05-12,101.07540893554688
spy,2008-05-13,101.0898208618164
spy,2008-05-14,101.29853057861328
spy,2008-05-15,102.56497955322266
spy,2008-05-16,102.6585464477539
spy,2008-05-19,102.93920135498047
spy,2008-05-20,102.10443878173828
spy,2008-05-21,100.37742614746094
spy,2008-05-22,100.39179992675781
spy,2008-05-23,99.04613494873047
spy,2008-05-27,99.78014373779297
spy,2008-05-28,100.24066162109375
spy,2008-05-29,100.7443618774414
spy,2008-05-30,100.99626922607422
spy,2008-06-02,99.95282745361328
spy,2008-06-03,99.36992645263672
spy,2008-06-04,99.31959533691406
spy,2008-06-05,101.30567169189453
spy,2008-06-06,98.07467651367188
spy,2008-06-09,98.31209564208984
spy,2008-06-10,97.82282257080078
spy,2008-06-11,96.38361358642578
spy,2008-06-12,96.75060272216797
spy,2008-06-13,97.97392272949219
spy,2008-06-16,98.03148651123047
spy,2008-06-17,97.55657196044922
spy,2008-06-18,96.60668182373047
spy,2008-06-19,96.72903442382812
spy,2008-06-20,95.158935546875
spy,2008-06-23,95.06490325927734
spy,2008-06-24,94.87689208984375
spy,2008-06-25,95.32525634765625
spy,2008-06-26,92.7362060546875
spy,2008-06-27,92.22998809814453
spy,2008-06-30,92.555419921875
spy,2008-07-01,92.84471130371094
spy,2008-07-02,91.25364685058594
spy,2008-07-03,91.3476791381836
spy,2008-07-07,90.41473388671875
spy,2008-07-08,92.02025604248047
spy,2008-07-09,90.24842071533203
spy,2008-07-10,90.61725616455078
spy,2008-07-11,89.56133270263672
spy,2008-07-14,88.75137329101562
spy,2008-07-15,87.50022888183594
spy,2008-07-16,89.64816284179688
spy,2008-07-17,90.544921875
spy,2008-07-18,91.10902404785156
spy,2008-07-21,91.15963745117188
spy,2008-07-22,92.19381713867188
spy,2008-07-23,92.69282531738281
spy,2008-07-24,90.76910400390625
spy,2008-07-25,90.74738311767578
spy,2008-07-28,89.41670989990234
spy,2008-07-29,91.32598114013672
spy,2008-07-30,92.95317077636719
spy,2008-07-31,91.72373962402344
spy,2008-08-01,91.23921203613281
spy,2008-08-04,90.39305114746094
spy,2008-08-05,92.83027648925781
spy,2008-08-06,93.24244689941406
spy,2008-08-07,91.85389709472656
spy,2008-08-08,93.56065368652344
spy,2008-08-11,94.52978515625
spy,2008-08-12,93.54622650146484
spy,2008-08-13,92.98210906982422
spy,2008-08-14,93.68358612060547
spy,2008-08-15,94.13926696777344
spy,2008-08-18,92.85194396972656
spy,2008-08-19,91.8394546508789
spy,2008-08-20,92.26615905761719
spy,2008-08-21,92.42523956298828
spy,2008-08-22,93.76318359375
spy,2008-08-25,91.86116027832031
spy,2008-08-26,92.12871551513672
spy,2008-08-27,93.02550506591797
spy,2008-08-28,94.15365600585938
spy,2008-08-29,93.14120483398438
spy,2008-09-02,92.56262969970703
spy,2008-09-03,92.48309326171875
spy,2008-09-04,89.69878387451172
spy,2008-09-05,89.98084259033203
spy,2008-09-08,91.8394546508789
spy,2008-09-09,89.11297607421875
spy,2008-09-10,89.47455596923828
spy,2008-09-11,90.76910400390625
spy,2008-09-12,91.18853759765625
spy,2008-09-15,86.84937286376953
spy,2008-09-16,88.30298614501953
spy,2008-09-17,84.3326187133789
spy,2008-09-18,86.83489227294922
spy,2008-09-19,90.28343200683594
spy,2008-09-22,88.23949432373047
spy,2008-09-23,86.23187255859375
spy,2008-09-24,86.50830078125
spy,2008-09-25,87.86122131347656
spy,2008-09-26,87.90487670898438
spy,2008-09-29,81.01648712158203
spy,2008-09-30,84.3697509765625
spy,2008-10-01,84.42069244384766
spy,2008-10-02,81.35840606689453
spy,2008-10-03,80.260009765625
spy,2008-10-06,76.17212677001953
spy,2008-10-07,72.76063537597656
spy,2008-10-08,70.92764282226562
spy,2008-10-09,65.97409057617188
spy,2008-10-10,64.37384796142578
spy,2008-10-13,73.72077178955078
spy,2008-10-14,72.62974548339844
spy,2008-10-15,65.47948455810547
spy,2008-10-16,68.20718383789062
spy,2008-10-17,67.79988861083984
spy,2008-10-20,71.87322235107422
spy,2008-10-21,69.72743225097656
spy,2008-10-22,65.93048858642578
spy,2008-10-23,66.6942138671875
spy,2008-10-24,63.31186294555664
spy,2008-10-27,61.06427001953125
spy,2008-10-28,68.19990539550781
spy,2008-10-29,67.70531463623047
spy,2008-10-30,70.0474853515625
spy,2008-10-31,70.43302154541016
spy,2008-11-03,70.63668060302734
spy,2008-11-04,73.03707885742188
spy,2008-11-05,69.96745300292969
spy,2008-11-06,66.09050750732422
spy,2008-11-07,68.27265930175781
spy,2008-11-10,67.37797546386719
spy,2008-11-11,65.29764556884766
spy,2008-11-12,62.42446517944336
spy,2008-11-13,66.31598663330078
spy,2008-11-14,63.006370544433594
spy,2008-11-17,62.169883728027344
spy,2008-11-18,63.34099578857422
spy,2008-11-19,59.28214645385742
spy,2008-11-20,54.88145446777344
spy,2008-11-21,57.8419189453125
spy,2008-11-24,61.84980773925781
spy,2008-11-25,62.30809020996094
spy,2008-11-26,64.71574401855469
spy,2008-11-28,65.53040313720703
spy,2008-12-01,59.72587203979492
spy,2008-12-02,62.02439880371094
spy,2008-12-03,63.515541076660156
spy,2008-12-04,62.04621887207031
spy,2008-12-05,63.959259033203125
spy,2008-12-08,66.19229888916016
spy,2008-12-09,65.10125732421875
spy,2008-12-10,65.54496002197266
spy,2008-12-11,63.96651840209961
spy,2008-12-12,64.73026275634766
spy,2008-12-15,63.828285217285156
spy,2008-12-16,66.8323974609375
spy,2008-12-17,66.18505096435547
spy,2008-12-18,64.94849395751953
spy,2008-12-19,64.66912078857422
spy,2008-12-22,63.84046936035156
spy,2008-12-23,63.1805419921875
spy,2008-12-24,63.54718780517578
spy,2008-12-26,63.9138069152832
spy,2008-12-29,63.73052215576172
spy,2008-12-30,65.24108123779297
spy,2008-12-31,66.17236328125
spy,2009-01-02,68.16692352294922
spy,2009-01-05,68.08627319335938
spy,2009-01-06,68.54093933105469
spy,2009-01-07,66.48766326904297
spy,2009-01-08,66.7590103149414
spy,2009-01-09,65.32906341552734
spy,2009-01-12,63.75983428955078
spy,2009-01-13,63.87715148925781
spy,2009-01-14,61.86795425415039
spy,2009-01-15,61.88991165161133
spy,2009-01-16,62.373878479003906
spy,2009-01-20,59.08143615722656
spy,2009-01-21,61.6332893371582
spy,2009-01-22,60.68001174926758
spy,2009-01-23,60.94398880004883
spy,2009-01-26,61.361968994140625
spy,2009-01-27,61.985233306884766
spy,2009-01-28,64.08251953125
spy,2009-01-29,61.999935150146484
spy,2009-01-30,60.738643646240234
spy,2009-02-02,60.55537414550781
spy,2009-02-03,61.40597152709961
spy,2009-02-04,61.105316162109375
spy,2009-02-05,62.014610290527344
spy,2009-02-06,63.781829833984375
spy,2009-02-09,63.869842529296875
spy,2009-02-10,60.94398880004883
spy,2009-02-11,61.303279876708984
spy,2009-02-12,61.347293853759766
spy,2009-02-13,60.68733596801758
spy,2009-02-17,58.091487884521484
spy,2009-02-18,57.952152252197266
spy,2009-02-19,57.328834533691406
spy,2009-02-20,56.77155685424805
spy,2009-02-23,54.740318298339844
spy,2009-02-24,56.81555938720703
spy,2009-02-25,56.36824035644531
spy,2009-02-26,55.45161437988281
spy,2009-02-27,54.212364196777344
spy,2009-03-02,51.77050018310547
spy,2009-03-03,51.381858825683594
spy,2009-03-04,52.59910202026367
spy,2009-03-05,50.4505615234375
spy,2009-03-06,50.53855895996094
spy,2009-03-09,49.944610595703125
spy,2009-03-10,52.9217529296875
spy,2009-03-11,53.26640319824219
spy,2009-03-12,55.36363220214844
spy,2009-03-13,55.79628372192383
spy,2009-03-16,55.62760925292969
spy,2009-03-17,57.328834533691406
spy,2009-03-18,58.612125396728516
spy,2009-03-19,57.88615417480469
spy,2009-03-20,56.653526306152344
spy,2009-03-23,60.7228889465332
spy,2009-03-24,59.52648162841797
spy,2009-03-25,60.15421676635742
spy,2009-03-26,61.38019943237305
spy,2009-03-27,60.272403717041016
spy,2009-03-30,58.18967056274414
spy,2009-03-31,58.72883605957031
spy,2009-04-01,59.86614990234375
spy,2009-04-02,61.61653518676758
spy,2009-04-03,62.229515075683594
spy,2009-04-06,61.742042541503906
spy,2009-04-07,60.30192947387695
spy,2009-04-08,60.95182800292969
spy,2009-04-09,63.374271392822266
spy,2009-04-13,63.389007568359375
spy,2009-04-14,62.29597473144531
spy,2009-04-15,62.960689544677734
spy,2009-04-16,63.883880615234375
spy,2009-04-17,64.31221008300781
spy,2009-04-20,61.61653518676758
spy,2009-04-21,62.820343017578125
spy,2009-04-22,62.4362907409668
spy,2009-04-23,63.049285888671875
spy,2009-04-24,64.00202941894531
spy,2009-04-27,63.39640808105469
spy,2009-04-28,63.19700622558594
spy,2009-04-29,64.54115295410156
spy,2009-04-30,64.56328582763672
spy,2009-05-01,64.91041564941406
spy,2009-05-04,67.11863708496094
spy,2009-05-05,66.88970947265625
spy,2009-05-06,68.04922485351562
spy,2009-05-07,67.10388946533203
spy,2009-05-08,68.66960144042969
spy,2009-05-11,67.38455200195312
spy,2009-05-12,67.18511962890625
spy,2009-05-13,65.49385833740234
spy,2009-05-14,66.05517578125
spy,2009-05-15,65.5160140991211
spy,2009-05-18,67.37715911865234
spy,2009-05-19,67.29590606689453
spy,2009-05-20,66.84540557861328
spy,2009-05-21,65.88529205322266
spy,2009-05-22,65.7449722290039
spy,2009-05-26,67.42882537841797
spy,2009-05-27,66.22499084472656
spy,2009-05-28,67.14820861816406
spy,2009-05-29,68.33724212646484
spy,2009-06-01,69.99156188964844
spy,2009-06-02,70.05066680908203
spy,2009-06-03,69.1644058227539
spy,2009-06-04,69.81433868408203
spy,2009-06-05,69.8291015625
spy,2009-06-08,69.54109954833984
spy,2009-06-09,69.89556884765625
spy,2009-06-10,69.71833038330078
spy,2009-06-11,70.02850341796875
spy,2009-06-12,70.22053527832031
spy,2009-06-15,68.61051940917969
spy,2009-06-16,67.67996978759766
spy,2009-06-17,67.61347961425781
spy,2009-06-18,68.10831451416016
spy,2009-06-19,68.35935974121094
spy,2009-06-22,66.30943298339844
spy,2009-06-23,66.36143493652344
spy,2009-06-24,66.9333267211914
spy,2009-06-25,68.38908386230469
spy,2009-06-26,68.21080780029297
spy,2009-06-29,68.84951782226562
spy,2009-06-30,68.29248046875
spy,2009-07-01,68.57475280761719
spy,2009-07-02,66.70308685302734
spy,2009-07-06,66.6956787109375
spy,2009-07-07,65.40332794189453
spy,2009-07-08,65.35877227783203
spy,2009-07-09,65.48506927490234
spy,2009-07-10,65.32908630371094
spy,2009-07-13,66.91846466064453
spy,2009-07-14,67.29724884033203
spy,2009-07-15,69.26544189453125
spy,2009-07-16,69.15404510498047
spy,2009-07-17,69.91162872314453
spy,2009-07-20,70.65435791015625
spy,2009-07-21,70.98114776611328
spy,2009-07-22,70.96627807617188
spy,2009-07-23,72.53338623046875
spy,2009-07-24,72.83045959472656
spy,2009-07-27,73.04584503173828
spy,2009-07-28,72.70421600341797
spy,2009-07-29,72.5259780883789
spy,2009-07-30,73.28355407714844
spy,2009-07-31,73.38748931884766
spy,2009-08-03,74.59814453125
spy,2009-08-04,74.79121398925781
spy,2009-08-05,74.57585906982422
spy,2009-08-06,74.18966674804688
spy,2009-08-07,75.16259002685547
spy,2009-08-10,75.00665283203125
spy,2009-08-11,74.0708236694336
spy,2009-08-12,74.86552429199219
spy,2009-08-13,75.43739318847656
spy,2009-08-14,74.85809326171875
spy,2009-08-17,73.0161361694336
spy,2009-08-18,73.59546661376953
spy,2009-08-19,74.24164581298828
spy,2009-08-20,75.00665283203125
spy,2009-08-21,76.47718811035156
spy,2009-08-24,76.46977996826172
spy,2009-08-25,76.61831665039062
spy,2009-08-26,76.6257553100586
spy,2009-08-27,76.79656219482422
spy,2009-08-28,76.7817153930664
spy,2009-08-31,76.09844207763672
spy,2009-09-01,74.41989135742188
spy,2009-09-02,74.13765716552734
spy,2009-09-03,74.75410461425781
spy,2009-09-04,75.80133819580078
spy,2009-09-08,76.4549331665039
spy,2009-09-09,77.0416488647461
spy,2009-09-10,77.8289794921875
spy,2009-09-11,77.8140869140625
spy,2009-09-14,78.19284057617188
spy,2009-09-15,78.51969909667969
spy,2009-09-16,79.70799255371094
spy,2009-09-17,79.58917236328125
spy,2009-09-18,79.63990783691406
spy,2009-09-21,79.43843078613281
spy,2009-09-22,79.90109252929688
spy,2009-09-23,79.23695373535156
spy,2009-09-24,78.36383819580078
spy,2009-09-25,77.94593048095703
spy,2009-09-28,79.34143829345703
spy,2009-09-29,79.10263061523438
spy,2009-09-30,78.796630859375
spy,2009-10-01,76.84148406982422
spy,2009-10-02,76.48326110839844
spy,2009-10-05,77.62504577636719
spy,2009-10-06,78.73695373535156
spy,2009-10-07,78.95339965820312
spy,2009-10-08,79.55784606933594
spy,2009-10-09,80.04290771484375
spy,2009-10-12,80.35633850097656
spy,2009-10-13,80.19217681884766
spy,2009-10-14,81.57271575927734
spy,2009-10-15,81.8712158203125
spy,2009-10-16,81.25928497314453
spy,2009-10-19,81.93087768554688
spy,2009-10-20,81.49807739257812
spy,2009-10-21,80.76673889160156
spy,2009-10-22,81.58763122558594
spy,2009-10-23,80.6548080444336
spy,2009-10-26,79.78169250488281
spy,2009-10-27,79.4160385131836
spy,2009-10-28,77.91608428955078
spy,2009-10-29,79.58767700195312
spy,2009-10-30,77.28175354003906
spy,2009-11-02,77.84892272949219
spy,2009-11-03,78.09515380859375
spy,2009-11-04,78.29666900634766
spy,2009-11-05,79.73692321777344
spy,2009-11-06,79.94586181640625
spy,2009-11-09,81.76673126220703
spy,2009-11-10,81.78163146972656
spy,2009-11-11,82.1995849609375
spy,2009-11-12,81.36375427246094
spy,2009-11-13,81.80406188964844
spy,2009-11-16,82.99058532714844
spy,2009-11-17,83.08760833740234
spy,2009-11-18,83.03534698486328
spy,2009-11-19,81.95330810546875
spy,2009-11-20,81.66226196289062
spy,2009-11-23,82.69953155517578
spy,2009-11-24,82.8263931274414
spy,2009-11-25,83.1174545288086
spy,2009-11-27,81.76673126220703
spy,2009-11-30,82.04283905029297
spy,2009-12-01,83.05775451660156
spy,2009-12-02,83.02044677734375
spy,2009-12-03,82.3712158203125
spy,2009-12-04,82.8413314819336
spy,2009-12-07,82.7144546508789
spy,2009-12-08,81.7966079711914
spy,2009-12-09,82.10253143310547
spy,2009-12-10,82.56522369384766
spy,2009-12-11,82.91596221923828
spy,2009-12-14,83.48312377929688
spy,2009-12-15,83.09503936767578
spy,2009-12-16,83.2219009399414
spy,2009-12-17,82.2219467163086
spy,2009-12-18,82.68710327148438
spy,2009-12-21,83.52742767333984
spy,2009-12-22,83.82752227783203
spy,2009-12-23,83.99259185791016
spy,2009-12-24,84.39019775390625
spy,2009-12-28,84.57028198242188
spy,2009-12-29,84.45022583007812
spy,2009-12-30,84.42020416259766
spy,2009-12-31,83.60995483398438
spy,2010-01-04,85.0279312133789
spy,2010-01-05,85.25303649902344
spy,2010-01-06,85.31307983398438
spy,2010-01-07,85.67316436767578
spy,2010-01-08,85.95831298828125
spy,2010-01-11,86.07832336425781
spy,2010-01-12,85.27554321289062
spy,2010-01-13,85.99583435058594
spy,2010-01-14,86.2283706665039
spy,2010-01-15,85.26054382324219
spy,2010-01-19,86.32593536376953
spy,2010-01-20,85.44808197021484
spy,2010-01-21,83.80499267578125
spy,2010-01-22,81.93684387207031
spy,2010-01-25,82.35699462890625
spy,2010-01-26,82.01185607910156
spy,2010-01-27,82.40201568603516
spy,2010-01-28,81.45667266845703
spy,2010-01-29,80.57132720947266
spy,2010-02-01,81.8243179321289
spy,2010-02-02,82.81468200683594
spy,2010-02-03,82.40201568603516
spy,2010-02-04,79.85858917236328
spy,2010-02-05,80.0236587524414
spy,2010-02-08,79.4459457397461
spy,2010-02-09,80.44380950927734
spy,2010-02-10,80.2862777709961
spy,2010-02-11,81.12657928466797
spy,2010-02-12,81.05901336669922
spy,2010-02-16,82.3344955444336
spy,2010-02-17,82.72462463378906
spy,2010-02-18,83.21229553222656
spy,2010-02-19,83.38484191894531
spy,2010-02-22,83.39984893798828
spy,2010-02-23,82.38701629638672
spy,2010-02-24,83.14478302001953
spy,2010-02-25,83.03223419189453
spy,2010-02-26,83.0847396850586
spy,2010-03-01,83.94755554199219
spy,2010-03-02,84.1801528930664
spy,2010-03-03,84.25515747070312
spy,2010-03-04,84.51026153564453
spy,2010-03-05,85.71820831298828
spy,2010-03-08,85.73320770263672
spy,2010-03-09,85.87576293945312
spy,2010-03-10,86.25839233398438
spy,2010-03-11,86.61852264404297
spy,2010-03-12,86.62602233886719
spy,2010-03-15,86.64851379394531
spy,2010-03-16,87.33878326416016
spy,2010-03-17,87.85645294189453
spy,2010-03-18,87.81144714355469
spy,2010-03-19,87.36698150634766
spy,2010-03-22,87.83406829833984
spy,2010-03-23,88.45181274414062
spy,2010-03-24,88.0223617553711
spy,2010-03-25,87.87925720214844
spy,2010-03-26,87.82654571533203
spy,2010-03-29,88.38400268554688
spy,2010-03-30,88.44425964355469
spy,2010-03-31,88.14293670654297
spy,2010-04-01,88.74561309814453
spy,2010-04-05,89.4688491821289
spy,2010-04-06,89.67975616455078
spy,2010-04-07,89.16749572753906
spy,2010-04-08,89.47634887695312
spy,2010-04-09,90.06401824951172
spy,2010-04-12,90.20713806152344
spy,2010-04-13,90.27493286132812
spy,2010-04-14,91.29951477050781
spy,2010-04-15,91.37480163574219
spy,2010-04-16,89.92088317871094
spy,2010-04-19,90.25988006591797
spy,2010-04-20,91.06598663330078
spy,2010-04-21,90.90022277832031
spy,2010-04-22,91.1714096069336
spy,2010-04-23,91.76656341552734
spy,2010-04-26,91.4200210571289
spy,2010-04-27,89.25789642333984
spy,2010-04-28,89.93592834472656
spy,2010-04-29,91.05087280273438
spy,2010-04-30,89.50648498535156
spy,2010-05-03,90.66669464111328
spy,2010-05-04,88.53466796875
spy,2010-05-05,88.00733184814453
spy,2010-05-06,85.08429718017578
spy,2010-05-07,83.81864166259766
spy,2010-05-10,87.5101089477539
spy,2010-05-11,87.26148223876953
spy,2010-05-12,88.48192596435547
spy,2010-05-13,87.38202667236328
spy,2010-05-14,85.79997253417969
spy,2010-05-17,85.84518432617188
spy,2010-05-18,84.6775131225586
spy,2010-05-19,84.19536590576172
spy,2010-05-20,81.01616668701172
spy,2010-05-21,82.19892120361328
spy,2010-05-24,81.14421081542969
spy,2010-05-25,81.22708892822266
spy,2010-05-26,80.73738861083984
spy,2010-05-27,83.44200134277344
spy,2010-05-28,82.39480590820312
spy,2010-06-01,81.0086441040039
spy,2010-06-02,83.11803436279297
spy,2010-06-03,83.40431213378906
spy,2010-06-04,80.47373962402344
spy,2010-06-07,79.47175598144531
spy,2010-06-08,80.32308197021484
spy,2010-06-09,79.89364624023438
spy,2010-06-10,82.22909545898438
spy,2010-06-11,82.62834930419922
spy,2010-06-14,82.50025177001953
spy,2010-06-15,84.37611389160156
spy,2010-06-16,84.34601593017578
spy,2010-06-17,84.48162078857422
spy,2010-06-18,84.57320404052734
spy,2010-06-21,84.33100128173828
spy,2010-06-22,82.9382095336914
spy,2010-06-23,82.68085479736328
spy,2010-06-24,81.31079864501953
spy,2010-06-25,81.65142059326172
spy,2010-06-28,81.39405059814453
spy,2010-06-29,78.8809814453125
spy,2010-06-30,78.13166046142578
spy,2010-07-01,77.78341674804688
spy,2010-07-02,77.35951232910156
spy,2010-07-06,77.86671447753906
spy,2010-07-07,80.3191909790039
spy,2010-07-08,81.11395263671875
spy,2010-07-09,81.71952056884766
spy,2010-07-12,81.77252197265625
spy,2010-07-13,83.00634765625
spy,2010-07-14,82.99873352050781
spy,2010-07-15,83.0214614868164
spy,2010-07-16,80.73552703857422
spy,2010-07-19,81.21237182617188
spy,2010-07-20,82.11314392089844
spy,2010-07-21,81.04586029052734
spy,2010-07-22,82.85492706298828
spy,2010-07-23,83.57402801513672
spy,2010-07-26,84.44451904296875
spy,2010-07-27,84.43695068359375
spy,2010-07-28,83.89192962646484
spy,2010-07-29,83.4831771850586
spy,2010-07-30,83.46802520751953
spy,2010-08-02,85.35286712646484
spy,2010-08-03,84.94413757324219
spy,2010-08-04,85.51178741455078
spy,2010-08-05,85.42095947265625
spy,2010-08-06,85.0727767944336
spy,2010-08-09,85.52693939208984
spy,2010-08-10,85.06523895263672
spy,2010-08-11,82.73381042480469
spy,2010-08-12,82.2266845703125
spy,2010-08-13,81.98445129394531
spy,2010-08-16,81.94660949707031
spy,2010-08-17,82.95333862304688
spy,2010-08-18,83.10470581054688
spy,2010-08-19,81.65896606445312
spy,2010-08-20,81.39405059814453
spy,2010-08-23,81.08370208740234
spy,2010-08-24,79.88018035888672
spy,2010-08-25,80.19051361083984
spy,2010-08-26,79.653076171875
spy,2010-08-27,80.88691711425781
spy,2010-08-30,79.713623046875
spy,2010-08-31,79.713623046875
spy,2010-09-01,82.09799194335938
spy,2010-09-02,82.86250305175781
spy,2010-09-03,83.93734741210938
spy,2010-09-07,82.99118041992188
spy,2010-09-08,83.57402801513672
spy,2010-09-09,83.96004486083984
spy,2010-09-10,84.38396453857422
spy,2010-09-13,85.32257080078125
spy,2010-09-14,85.2695541381836
spy,2010-09-15,85.5950698852539
spy,2010-09-16,85.5723648071289
spy,2010-09-17,85.60433959960938
spy,2010-09-20,86.91323852539062
spy,2010-09-21,86.73820495605469
spy,2010-09-22,86.31208038330078
spy,2010-09-23,85.61195373535156
spy,2010-09-24,87.37744903564453
spy,2010-09-27,86.95886993408203
spy,2010-09-28,87.26331329345703
spy,2010-09-29,87.11107635498047
spy,2010-09-30,86.85237884521484
spy,2010-10-01,87.21765899658203
spy,2010-10-04,86.56316375732422
spy,2010-10-05,88.30583953857422
spy,2010-10-06,88.29825592041016
spy,2010-10-07,88.19171905517578
spy,2010-10-08,88.68635559082031
spy,2010-10-11,88.77008819580078
spy,2010-10-12,89.04401397705078
spy,2010-10-13,89.7365493774414
spy,2010-10-14,89.38646697998047
spy,2010-10-15,89.569091796875
spy,2010-10-18,90.01048278808594
spy,2010-10-19,88.8309326171875
spy,2010-10-20,89.698486328125
spy,2010-10-21,89.89632415771484
spy,2010-10-22,90.06375885009766
spy,2010-10-25,90.3301010131836
spy,2010-10-26,90.3453140258789
spy,2010-10-27,90.08659362792969
spy,2010-10-28,90.10179138183594
spy,2010-10-29,90.17029571533203
spy,2010-11-01,90.20074462890625
spy,2010-11-02,90.91606903076172
spy,2010-11-03,91.28135681152344
spy,2010-11-04,93.03924560546875
spy,2010-11-05,93.38932800292969
spy,2010-11-08,93.21427917480469
spy,2010-11-09,92.54458618164062
spy,2010-11-10,92.91748046875
spy,2010-11-11,92.56743621826172
spy,2010-11-12,91.47160339355469
spy,2010-11-15,91.34221649169922
spy,2010-11-16,89.91917419433594
spy,2010-11-17,89.96485137939453
spy,2010-11-18,91.28894805908203
spy,2010-11-19,91.54007720947266
spy,2010-11-22,91.4639892578125
spy,2010-11-23,90.13986206054688
spy,2010-11-24,91.47160339355469
spy,2010-11-26,90.40621185302734
spy,2010-11-29,90.68016052246094
spy,2010-11-30,90.17029571533203
spy,2010-12-01,92.0880126953125
spy,2010-12-02,93.26753997802734
spy,2010-12-03,93.51866912841797
spy,2010-12-06,93.41975402832031
spy,2010-12-07,93.47303771972656
spy,2010-12-08,93.81543731689453
spy,2010-12-09,94.18074798583984
spy,2010-12-10,94.7286376953125
spy,2010-12-13,94.78953552246094
spy,2010-12-14,94.87322998046875
spy,2010-12-15,94.43948364257812
spy,2010-12-16,94.9874038696289
spy,2010-12-17,95.08914947509766
spy,2010-12-20,95.31864166259766
spy,2010-12-21,95.92298126220703
spy,2010-12-22,96.22134399414062
spy,2010-12-23,96.08366394042969
spy,2010-12-27,96.12187194824219
spy,2010-12-28,96.25959777832031
spy,2010-12-29,96.32843780517578
spy,2010-12-30,96.17542266845703
spy,2010-12-31,96.1983642578125
spy,2011-01-03,97.19291687011719
spy,2011-01-04,97.13934326171875
spy,2011-01-05,97.6442642211914
spy,2011-01-06,97.45297241210938
spy,2011-01-07,97.26173400878906
spy,2011-01-10,97.13934326171875
spy,2011-01-11,97.48358154296875
spy,2011-01-12,98.36331939697266
spy,2011-01-13,98.20267486572266
spy,2011-01-14,98.91411590576172
spy,2011-01-18,99.0823974609375
spy,2011-01-19,98.11089324951172
spy,2011-01-20,97.9808349609375
spy,2011-01-21,98.20267486572266
spy,2011-01-24,98.76113891601562
spy,2011-01-25,98.81466674804688
spy,2011-01-26,99.19715118408203
spy,2011-01-27,99.44197845458984
spy,2011-01-28,97.70545959472656
spy,2011-01-31,98.4398193359375
spy,2011-02-01,100.01573944091797
spy,2011-02-02,99.82447814941406
spy,2011-02-03,100.04631042480469
spy,2011-02-04,100.32936096191406
spy,2011-02-07,100.95664978027344
spy,2011-02-08,101.4156723022461
spy,2011-02-09,101.18618774414062
spy,2011-02-10,101.22444152832031
spy,2011-02-11,101.82878875732422
spy,2011-02-14,102.07355499267578
spy,2011-02-15,101.75226593017578
spy,2011-02-16,102.39485168457031
spy,2011-02-17,102.70088195800781
spy,2011-02-18,102.91505432128906
spy,2011-02-22,100.84959411621094
spy,2011-02-23,100.22994232177734
spy,2011-02-24,100.1610336303711
spy,2011-02-25,101.2320785522461
spy,2011-02-28,101.859375
spy,2011-03-01,100.1610336303711
spy,2011-03-02,100.3752670288086
spy,2011-03-03,102.10413360595703
spy,2011-03-04,101.33919525146484
spy,2011-03-07,100.54356384277344
spy,2011-03-08,101.42330932617188
spy,2011-03-09,101.2779541015625
spy,2011-03-10,99.40371704101562
spy,2011-03-11,100.09220886230469
spy,2011-03-14,99.48786163330078
spy,2011-03-15,98.34801483154297
spy,2011-03-16,96.52732849121094
spy,2011-03-17,97.80487823486328
spy,2011-03-18,98.16059875488281
spy,2011-03-21,99.68187713623047
spy,2011-03-22,99.33613586425781
spy,2011-03-23,99.62041473388672
spy,2011-03-24,100.57312774658203
spy,2011-03-25,100.88050079345703
spy,2011-03-28,100.6346206665039
spy,2011-03-29,101.31069946289062
spy,2011-03-30,102.00989532470703
spy,2011-03-31,101.8716049194336
spy,2011-04-01,102.3018569946289
spy,2011-04-04,102.3863525390625
spy,2011-04-05,102.37104797363281
spy,2011-04-06,102.69371032714844
spy,2011-04-07,102.43246459960938
spy,2011-04-08,102.07905578613281
spy,2011-04-11,101.77171325683594
spy,2011-04-12,101.01107025146484
spy,2011-04-13,101.00343322753906
spy,2011-04-14,101.08026123046875
spy,2011-04-15,101.4489974975586
spy,2011-04-18,100.31190490722656
spy,2011-04-19,100.88815307617188
spy,2011-04-20,102.2634506225586
spy,2011-04-21,102.78590393066406
spy,2011-04-25,102.6783447265625
spy,2011-04-26,103.56189727783203
spy,2011-04-27,104.23802947998047
spy,2011-04-28,104.5760726928711
spy,2011-04-29,104.82191467285156
spy,2011-05-02,104.66060638427734
spy,2011-05-03,104.2841567993164
spy,2011-05-04,103.59262084960938
spy,2011-05-05,102.65530395507812
spy,2011-05-06,103.10860443115234
spy,2011-05-09,103.50812530517578
spy,2011-05-10,104.39168548583984
spy,2011-05-11,103.2929916381836
spy,2011-05-12,103.78469848632812
spy,2011-05-13,102.98564147949219
spy,2011-05-16,102.33259582519531
spy,2011-05-17,102.31724548339844
spy,2011-05-18,103.23152923583984
spy,2011-05-19,103.47736358642578
spy,2011-05-20,102.65530395507812
spy,2011-05-23,101.46436309814453
spy,2011-05-24,101.37983703613281
spy,2011-05-25,101.71792602539062
spy,2011-05-26,102.18659973144531
spy,2011-05-27,102.57842254638672
spy,2011-05-31,103.64641571044922
spy,2011-06-01,101.31842803955078
spy,2011-06-02,101.2108383178711
spy,2011-06-03,100.20435333251953
spy,2011-06-06,99.14407348632812
spy,2011-06-07,99.0826187133789
spy,2011-06-08,98.66771697998047
spy,2011-06-09,99.420654296875
spy,2011-06-10,98.03767395019531
spy,2011-06-13,98.1145248413086
spy,2011-06-14,99.35921478271484
spy,2011-06-15,97.59204864501953
spy,2011-06-16,97.80716705322266
spy,2011-06-17,98.09909057617188
spy,2011-06-20,98.6009521484375
spy,2011-06-21,99.9521484375
spy,2011-06-22,99.34992218017578
spy,2011-06-23,99.06423950195312
spy,2011-06-24,97.91373443603516
spy,2011-06-27,98.7862319946289
spy,2011-06-28,100.07567596435547
spy,2011-06-29,100.93278503417969
spy,2011-06-30,101.89790344238281
spy,2011-07-01,103.40355682373047
spy,2011-07-05,103.31864929199219
spy,2011-07-06,103.44218444824219
spy,2011-07-07,104.51548767089844
spy,2011-07-08,103.77422332763672
spy,2011-07-11,101.89790344238281
spy,2011-07-12,101.45779418945312
spy,2011-07-13,101.79753875732422
spy,2011-07-14,101.09488677978516
spy,2011-07-15,101.68175506591797
spy,2011-07-18,100.84781646728516
spy,2011-07-19,102.48473358154297
spy,2011-07-20,102.42298889160156
spy,2011-07-21,103.84368896484375
spy,2011-07-22,103.91320037841797
spy,2011-07-25,103.33407592773438
spy,2011-07-26,102.94802856445312
spy,2011-07-27,100.840087890625
spy,2011-07-28,100.54670715332031
spy,2011-07-29,99.85951232910156
spy,2011-08-01,99.43479919433594
spy,2011-08-02,96.89453125
spy,2011-08-03,97.41959381103516
spy,2011-08-04,92.85631561279297
spy,2011-08-05,92.71732330322266
spy,2011-08-08,86.67926788330078
spy,2011-08-09,90.70976257324219
spy,2011-08-10,86.70243835449219
spy,2011-08-11,90.59396362304688
spy,2011-08-12,91.20392608642578
spy,2011-08-15,93.13426208496094
spy,2011-08-16,92.33897399902344
spy,2011-08-17,92.4007568359375
spy,2011-08-18,88.41656494140625
spy,2011-08-19,86.97267150878906
spy,2011-08-22,87.04215240478516
spy,2011-08-23,89.9067611694336
spy,2011-08-24,91.17304992675781
spy,2011-08-25,89.78321075439453
spy,2011-08-26,91.0881118774414
spy,2011-08-29,93.70563507080078
spy,2011-08-30,93.95272827148438
spy,2011-08-31,94.36968231201172
spy,2011-09-01,93.38133239746094
spy,2011-09-02,90.99547576904297
spy,2011-09-06,90.3314208984375
spy,2011-09-07,92.87944793701172
spy,2011-09-08,91.9142837524414
spy,2011-09-09,89.5052490234375
spy,2011-09-12,90.0843276977539
spy,2011-09-13,90.9105224609375
spy,2011-09-14,92.16912841796875
spy,2011-09-15,93.75969696044922
spy,2011-09-16,94.31460571289062
spy,2011-09-19,93.37550354003906
spy,2011-09-20,93.26683807373047
spy,2011-09-21,90.51937103271484
spy,2011-09-22,87.59336853027344
spy,2011-09-23,88.12113952636719
spy,2011-09-26,90.21671295166016
spy,2011-09-27,91.22563171386719
spy,2011-09-28,89.36293029785156
spy,2011-09-29,90.06919860839844
spy,2011-09-30,87.81844329833984
spy,2011-10-03,85.31935119628906
spy,2011-10-04,87.18980407714844
spy,2011-10-05,88.80410766601562
spy,2011-10-06,90.41069030761719
spy,2011-10-07,89.80532836914062
spy,2011-10-10,92.80892181396484
spy,2011-10-11,92.90203857421875
spy,2011-10-12,93.71697998046875
spy,2011-10-13,93.53073120117188
spy,2011-10-14,95.12953186035156
spy,2011-10-17,93.31340789794922
spy,2011-10-18,95.1373291015625
spy,2011-10-19,94.01189422607422
spy,2011-10-20,94.42327880859375
spy,2011-10-21,96.21611785888672
spy,2011-10-24,97.39583587646484
spy,2011-10-25,95.5020980834961
spy,2011-10-26,96.47224426269531
spy,2011-10-27,99.8328628540039
spy,2011-10-28,99.8095703125
spy,2011-10-31,97.4035873413086
spy,2011-11-01,94.68716430664062
spy,2011-11-02,96.23164367675781
spy,2011-11-03,97.98567962646484
spy,2011-11-04,97.38807678222656
spy,2011-11-07,97.9934310913086
spy,2011-11-08,99.25077056884766
spy,2011-11-09,95.58747863769531
spy,2011-11-10,96.48775482177734
spy,2011-11-11,98.30388641357422
spy,2011-11-14,97.37255096435547
spy,2011-11-15,97.85375213623047
spy,2011-11-16,96.3014907836914
spy,2011-11-17,94.77252960205078
spy,2011-11-18,94.6716079711914
spy,2011-11-21,92.87102508544922
spy,2011-11-22,92.50625610351562
spy,2011-11-23,90.46501922607422
spy,2011-11-25,90.29426574707031
spy,2011-11-28,92.90982055664062
spy,2011-11-29,93.17367553710938
spy,2011-11-30,97.00775146484375
spy,2011-12-01,96.99223327636719
spy,2011-12-02,96.90685272216797
spy,2011-12-05,97.96240997314453
spy,2011-12-06,97.9934310913086
spy,2011-12-07,98.35820007324219
spy,2011-12-08,96.20059204101562
spy,2011-12-09,97.83045959472656
spy,2011-12-12,96.40240478515625
spy,2011-12-13,95.5020980834961
spy,2011-12-14,94.48535919189453
spy,2011-12-15,94.82683563232422
spy,2011-12-16,94.96743774414062
spy,2011-12-19,93.95207977294922
spy,2011-12-20,96.79510498046875
spy,2011-12-21,96.98252868652344
spy,2011-12-22,97.8416976928711
spy,2011-12-23,98.71647644042969
spy,2011-12-27,98.79454803466797
spy,2011-12-28,97.49803924560547
spy,2011-12-29,98.50557708740234
spy,2011-12-30,98.02134704589844
spy,2012-01-03,99.58341217041016
spy,2012-01-04,99.7396240234375
spy,2012-01-05,100.00520324707031
spy,2012-01-06,99.74745178222656
spy,2012-01-09,99.98957824707031
spy,2012-01-10,100.85652160644531
spy,2012-01-11,100.91121673583984
spy,2012-01-12,101.1533432006836
spy,2012-01-13,100.6300277709961
spy,2012-01-17,101.02056884765625
spy,2012-01-18,102.13744354248047
spy,2012-01-19,102.67642211914062
spy,2012-01-20,103.05906677246094
spy,2012-01-23,102.7935562133789
spy,2012-01-24,102.67642211914062
spy,2012-01-25,103.53551483154297
spy,2012-01-26,103.00442504882812
spy,2012-01-27,102.95752716064453
spy,2012-01-30,102.6060562133789
spy,2012-01-31,102.56702423095703
spy,2012-02-01,103.46525573730469
spy,2012-02-02,103.62925720214844
spy,2012-02-03,105.08196258544922
spy,2012-02-06,105.01171112060547
spy,2012-02-07,105.2772445678711
spy,2012-02-08,105.58967590332031
spy,2012-02-09,105.7225112915039
spy,2012-02-10,104.94139862060547
spy,2012-02-13,105.7225112915039
spy,2012-02-14,105.58967590332031
spy,2012-02-15,105.09762573242188
spy,2012-02-16,106.26139831542969
spy,2012-02-17,106.54252624511719
spy,2012-02-21,106.58940124511719
spy,2012-02-22,106.24568939208984
spy,2012-02-23,106.71435546875
spy,2012-02-24,106.94868469238281
spy,2012-02-27,107.12834167480469
spy,2012-02-28,107.4407730102539
spy,2012-02-29,107.01899719238281
spy,2012-03-01,107.57353210449219
spy,2012-03-02,107.2455062866211
spy,2012-03-05,106.8081283569336
spy,2012-03-06,105.24600219726562
spy,2012-03-07,105.98020935058594
spy,2012-03-08,107.03459167480469
spy,2012-03-09,107.4485855102539
spy,2012-03-12,107.45635223388672
spy,2012-03-13,109.39337158203125
spy,2012-03-14,109.27625274658203
spy,2012-03-15,109.90889739990234
spy,2012-03-16,110.06104278564453
spy,2012-03-19,110.49250793457031
spy,2012-03-20,110.1708984375
spy,2012-03-21,109.9905014038086
spy,2012-03-22,109.1981201171875
spy,2012-03-23,109.5511474609375
spy,2012-03-26,111.08870697021484
spy,2012-03-27,110.7435531616211
spy,2012-03-28,110.19440460205078
spy,2012-03-29,110.00608825683594
spy,2012-03-30,110.46110534667969
spy,2012-04-02,111.26909637451172
spy,2012-04-03,110.81415557861328
spy,2012-04-04,109.71585845947266
spy,2012-04-05,109.66094207763672
spy,2012-04-09,108.42933654785156
spy,2012-04-10,106.60941314697266
spy,2012-04-11,107.47228240966797
spy,2012-04-12,108.87651824951172
spy,2012-04-13,107.5821533203125
spy,2012-04-16,107.51150512695312
spy,2012-04-17,109.10400390625
spy,2012-04-18,108.73530578613281
spy,2012-04-19,108.03713989257812
spy,2012-04-20,108.21755981445312
spy,2012-04-23,107.30756378173828
spy,2012-04-24,107.71550750732422
spy,2012-04-25,109.19029998779297
spy,2012-04-26,109.9512710571289
spy,2012-04-27,110.13166046142578
spy,2012-04-30,109.72372436523438
spy,2012-05-01,110.40617370605469
spy,2012-05-02,110.0767593383789
spy,2012-05-03,109.23736572265625
spy,2012-05-04,107.47228240966797
spy,2012-05-07,107.55075073242188
spy,2012-05-08,107.11929321289062
spy,2012-05-09,106.48385620117188
spy,2012-05-10,106.7035140991211
spy,2012-05-11,106.38190460205078
spy,2012-05-14,105.2051773071289
spy,2012-05-15,104.60114288330078
spy,2012-05-16,104.20108032226562
spy,2012-05-17,102.65567779541016
spy,2012-05-18,101.77703094482422
spy,2012-05-21,103.52640533447266
spy,2012-05-22,103.70681762695312
spy,2012-05-23,103.76177978515625
spy,2012-05-24,103.96570587158203
spy,2012-05-25,103.62840270996094
spy,2012-05-29,104.8835678100586
spy,2012-05-30,103.36168670654297
spy,2012-05-31,103.13416290283203
spy,2012-06-01,100.53759765625
spy,2012-06-04,100.49051666259766
spy,2012-06-05,101.25147247314453
spy,2012-06-06,103.52640533447266
spy,2012-06-07,103.58922576904297
spy,2012-06-08,104.41285705566406
spy,2012-06-11,103.08712005615234
spy,2012-06-12,104.27163696289062
spy,2012-06-13,103.6048583984375
spy,2012-06-14,104.7031021118164
spy,2012-06-15,105.77396392822266
spy,2012-06-18,105.97899627685547
spy,2012-06-19,107.00408172607422
spy,2012-06-20,106.83055877685547
spy,2012-06-21,104.43346405029297
spy,2012-06-22,105.23776245117188
spy,2012-06-25,103.55028533935547
spy,2012-06-26,104.07070922851562
spy,2012-06-27,105.00909423828125
spy,2012-06-28,104.70941925048828
spy,2012-06-29,107.31949615478516
spy,2012-07-02,107.64278411865234
spy,2012-07-03,108.35245513916016
spy,2012-07-05,107.86356353759766
spy,2012-07-06,106.8384780883789
spy,2012-07-09,106.7044448852539
spy,2012-07-10,105.77396392822266
spy,2012-07-11,105.78972625732422
spy,2012-07-12,105.27713775634766
spy,2012-07-13,107.04346466064453
spy,2012-07-16,106.79117584228516
spy,2012-07-17,107.52449798583984
spy,2012-07-18,108.3209228515625
spy,2012-07-19,108.60478973388672
spy,2012-07-20,107.6112289428711
spy,2012-07-23,106.52305603027344
spy,2012-07-24,105.60834503173828
spy,2012-07-25,105.63201141357422
spy,2012-07-26,107.37466430664062
spy,2012-07-27,109.3539047241211
spy,2012-07-30,109.3539047241211
spy,2012-07-31,108.58903503417969
spy,2012-08-01,108.49440002441406
spy,2012-08-02,107.74530029296875
spy,2012-08-03,109.88225555419922
spy,2012-08-06,110.09514617919922
spy,2012-08-07,110.64712524414062
spy,2012-08-08,110.7811508178711
spy,2012-08-09,110.87577056884766
spy,2012-08-10,111.05718231201172
spy,2012-08-13,111.00193786621094
spy,2012-08-14,111.01770782470703
spy,2012-08-15,111.14383697509766
spy,2012-08-16,111.96397399902344
spy,2012-08-17,112.11378479003906
spy,2012-08-20,112.12167358398438
spy,2012-08-21,111.78260040283203
spy,2012-08-22,111.82992553710938
spy,2012-08-23,110.91521453857422
spy,2012-08-24,111.5854721069336
spy,2012-08-27,111.60910034179688
spy,2012-08-28,111.4986801147461
spy,2012-08-29,111.5854721069336
spy,2012-08-30,110.7811508178711
spy,2012-08-31,111.30947875976562
spy,2012-09-04,111.2069320678711
spy,2012-09-05,111.11235046386719
spy,2012-09-06,113.36752319335938
spy,2012-09-07,113.80914306640625
spy,2012-09-10,113.16248321533203
spy,2012-09-11,113.4779281616211
spy,2012-09-12,113.85645294189453
spy,2012-09-13,115.59124755859375
spy,2012-09-14,116.10379028320312
spy,2012-09-17,115.7094955444336
spy,2012-09-18,115.6148681640625
spy,2012-09-19,115.67794036865234
spy,2012-09-20,115.68580627441406
spy,2012-09-21,115.6374740600586
spy,2012-09-24,115.46302795410156
spy,2012-09-25,114.2343521118164
spy,2012-09-26,113.5921630859375
spy,2012-09-27,114.66239166259766
spy,2012-09-28,114.13128662109375
spy,2012-10-01,114.4324951171875
spy,2012-10-02,114.55139923095703
spy,2012-10-03,115.0191421508789
spy,2012-10-04,115.84359741210938
spy,2012-10-05,115.85150909423828
spy,2012-10-08,115.45515441894531
spy,2012-10-09,114.31358337402344
spy,2012-10-10,113.58425903320312
spy,2012-10-11,113.6476821899414
spy,2012-10-12,113.2751235961914
spy,2012-10-15,114.21842956542969
spy,2012-10-16,115.37583923339844
spy,2012-10-17,115.89906311035156
spy,2012-10-18,115.59786224365234
spy,2012-10-19,113.67147827148438
spy,2012-10-22,113.68733978271484
spy,2012-10-23,112.10975646972656
spy,2012-10-24,111.79268646240234
spy,2012-10-25,112.11767578125
spy,2012-10-26,112.05426025390625
spy,2012-10-31,112.05426025390625
spy,2012-11-01,113.22753143310547
spy,2012-11-02,112.22073364257812
spy,2012-11-05,112.45068359375
spy,2012-11-06,113.33059692382812
spy,2012-11-07,110.76213073730469
spy,2012-11-08,109.43029022216797
spy,2012-11-09,109.52548217773438
spy,2012-11-12,109.61262512207031
spy,2012-11-13,109.23213958740234
spy,2012-11-14,107.7575912475586
spy,2012-11-15,107.57528686523438
spy,2012-11-16,108.10640716552734
spy,2012-11-19,110.29438781738281
spy,2012-11-20,110.34193420410156
spy,2012-11-21,110.54805755615234
spy,2012-11-23,112.05426025390625
spy,2012-11-26,111.81649017333984
spy,2012-11-27,111.24567413330078
spy,2012-11-28,112.14146423339844
spy,2012-11-29,112.66464233398438
spy,2012-11-30,112.6884765625
spy,2012-12-03,112.1335220336914
spy,2012-12-04,111.9749755859375
spy,2012-12-05,112.17321014404297
spy,2012-12-06,112.55369567871094
spy,2012-12-07,112.89458465576172
spy,2012-12-10,112.94214630126953
spy,2012-12-11,113.71105194091797
spy,2012-12-12,113.76659393310547
spy,2012-12-13,113.0689468383789
spy,2012-12-14,112.64881134033203
spy,2012-12-17,113.97272491455078
spy,2012-12-18,115.24108123779297
spy,2012-12-19,114.3849105834961
spy,2012-12-20,115.04288482666016
spy,2012-12-21,113.9986343383789
spy,2012-12-24,113.64738464355469
spy,2012-12-26,113.1683349609375
spy,2012-12-27,113.01667022705078
spy,2012-12-28,111.7951889038086
spy,2012-12-31,113.69528198242188
spy,2013-01-02,116.60932159423828
spy,2013-01-03,116.34586334228516
spy,2013-01-04,116.85684204101562
spy,2013-01-07,116.53742218017578
spy,2013-01-08,116.20214080810547
spy,2013-01-09,116.49756622314453
spy,2013-01-10,117.42363739013672
spy,2013-01-11,117.4156723022461
spy,2013-01-14,117.33586120605469
spy,2013-01-15,117.4156723022461
spy,2013-01-16,117.399658203125
spy,2013-01-17,118.15814971923828
spy,2013-01-18,118.42158508300781
spy,2013-01-22,119.06029510498047
spy,2013-01-23,119.25184631347656
spy,2013-01-24,119.28384399414062
spy,2013-01-25,119.95446014404297
spy,2013-01-28,119.81080627441406
spy,2013-01-29,120.28182983398438
spy,2013-01-30,119.81080627441406
spy,2013-01-31,119.515380859375
spy,2013-02-01,120.74482727050781
spy,2013-02-04,119.38763427734375
spy,2013-02-05,120.59315490722656
spy,2013-02-06,120.68096923828125
spy,2013-02-07,120.52132415771484
spy,2013-02-08,121.19187927246094
spy,2013-02-11,121.16797637939453
spy,2013-02-12,121.3675537109375
spy,2013-02-13,121.47135925292969
spy,2013-02-14,121.58317565917969
spy,2013-02-15,121.4394302368164
spy,2013-02-19,122.34954071044922
spy,2013-02-20,120.82463836669922
spy,2013-02-21,120.0901870727539
spy,2013-02-22,121.26380157470703
spy,2013-02-25,118.95652770996094
spy,2013-02-26,119.77083587646484
spy,2013-02-27,121.27976989746094
spy,2013-02-28,121.0402603149414
spy,2013-03-01,121.4394302368164
spy,2013-03-04,122.08612060546875
spy,2013-03-05,123.179931640625
spy,2013-03-06,123.34750366210938
spy,2013-03-07,123.57108306884766
spy,2013-03-08,124.09796905517578
spy,2013-03-11,124.5689926147461
spy,2013-03-12,124.28961181640625
spy,2013-03-13,124.46520233154297
spy,2013-03-14,125.1278076171875
spy,2013-03-15,124.9626693725586
spy,2013-03-18,124.27305603027344
spy,2013-03-19,123.98431396484375
spy,2013-03-20,124.85037994384766
spy,2013-03-21,123.7838363647461
spy,2013-03-22,124.77824401855469
spy,2013-03-25,124.2570571899414
spy,2013-03-26,125.25139617919922
spy,2013-03-27,125.25139617919922
spy,2013-03-28,125.63629913330078
spy,2013-04-01,125.13906860351562
spy,2013-04-02,125.75653839111328
spy,2013-04-03,124.48151397705078
spy,2013-04-04,124.98674011230469
spy,2013-04-05,124.42543029785156
spy,2013-04-08,125.26737213134766
spy,2013-04-09,125.700439453125
spy,2013-04-10,127.2401351928711
spy,2013-04-11,127.65713500976562
spy,2013-04-12,127.34434509277344
spy,2013-04-15,124.39329528808594
spy,2013-04-16,126.22972869873047
spy,2013-04-17,124.38526153564453
spy,2013-04-18,123.60741424560547
spy,2013-04-19,124.68199920654297
spy,2013-04-22,125.23534393310547
spy,2013-04-23,126.52642059326172
spy,2013-04-24,126.6065902709961
spy,2013-04-25,127.11982727050781
spy,2013-04-26,126.89532470703125
spy,2013-04-29,127.74534606933594
spy,2013-04-30,128.05001831054688
spy,2013-05-01,126.92739868164062
spy,2013-05-02,128.10618591308594
spy,2013-05-03,129.40533447265625
spy,2013-05-06,129.734130859375
spy,2013-05-07,130.3916778564453
spy,2013-05-08,130.985107421875
spy,2013-05-09,130.61618041992188
spy,2013-05-10,131.0411834716797
spy,2013-05-13,131.1454315185547
spy,2013-05-14,132.5006866455078
spy,2013-05-15,133.21437072753906
spy,2013-05-16,132.5889434814453
spy,2013-05-17,133.87200927734375
spy,2013-05-20,133.864013671875
spy,2013-05-21,134.05638122558594
spy,2013-05-22,133.06202697753906
spy,2013-05-23,132.67713928222656
spy,2013-05-24,132.56484985351562
spy,2013-05-28,133.3587646484375
spy,2013-05-29,132.49264526367188
spy,2013-05-30,132.9818572998047
spy,2013-05-31,131.07333374023438
spy,2013-06-03,131.79501342773438
spy,2013-06-04,131.1614990234375
spy,2013-06-05,129.3251190185547
spy,2013-06-06,130.49594116210938
spy,2013-06-07,132.1558837890625
spy,2013-06-10,132.1558837890625
spy,2013-06-11,130.79261779785156
spy,2013-06-12,129.7100067138672
spy,2013-06-13,131.68275451660156
spy,2013-06-14,130.85679626464844
spy,2013-06-17,131.86717224121094
spy,2013-06-18,132.90965270996094
spy,2013-06-19,131.07333374023438
spy,2013-06-20,127.82548522949219
spy,2013-06-21,128.23585510253906
spy,2013-06-24,126.615478515625
spy,2013-06-25,127.83280944824219
spy,2013-06-26,129.0984649658203
spy,2013-06-27,129.85626220703125
spy,2013-06-28,129.3241729736328
spy,2013-07-01,130.0819549560547
spy,2013-07-02,129.9610595703125
spy,2013-07-03,130.01747131347656
spy,2013-07-05,131.42019653320312
spy,2013-07-08,132.16993713378906
spy,2013-07-09,133.12127685546875
spy,2013-07-10,133.16954040527344
spy,2013-07-11,134.9833984375
spy,2013-07-12,135.03982543945312
spy,2013-07-15,135.5557403564453
spy,2013-07-16,135.04791259765625
spy,2013-07-17,135.3945770263672
spy,2013-07-18,136.13616943359375
spy,2013-07-19,136.3780975341797
spy,2013-07-22,136.6441192626953
spy,2013-07-23,136.35389709472656
spy,2013-07-24,135.8540496826172
spy,2013-07-25,136.18455505371094
spy,2013-07-26,136.32968139648438
spy,2013-07-29,135.9104461669922
spy,2013-07-30,135.9104461669922
spy,2013-07-31,136.0072479248047
spy,2013-08-01,137.57928466796875
spy,2013-08-02,137.81301879882812
spy,2013-08-05,137.6114501953125
spy,2013-08-06,136.82957458496094
spy,2013-08-07,136.38612365722656
spy,2013-08-08,136.88592529296875
spy,2013-08-09,136.490966796875
spy,2013-08-12,136.32968139648438
spy,2013-08-13,136.73275756835938
spy,2013-08-14,136.0314178466797
spy,2013-08-15,134.1288604736328
spy,2013-08-16,133.68551635742188
spy,2013-08-19,132.83094787597656
spy,2013-08-20,133.4839630126953
spy,2013-08-21,132.66171264648438
spy,2013-08-22,133.87088012695312
spy,2013-08-23,134.3223114013672
spy,2013-08-26,133.82254028320312
spy,2013-08-27,131.67015075683594
spy,2013-08-28,132.1376495361328
spy,2013-08-29,132.3472442626953
spy,2013-08-30,131.92808532714844
spy,2013-09-03,132.52462768554688
spy,2013-09-04,133.6210479736328
spy,2013-09-05,133.79031372070312
spy,2013-09-06,133.8548583984375
spy,2013-09-09,135.13658142089844
spy,2013-09-10,136.13616943359375
spy,2013-09-11,136.56346130371094
spy,2013-09-12,136.20068359375
spy,2013-09-13,136.50709533691406
spy,2013-09-16,137.29713439941406
spy,2013-09-17,137.90977478027344
spy,2013-09-18,139.50604248046875
spy,2013-09-19,139.272216796875
spy,2013-09-20,138.29843139648438
spy,2013-09-23,137.6584930419922
spy,2013-09-24,137.33450317382812
spy,2013-09-25,136.93748474121094
spy,2013-09-26,137.46408081054688
spy,2013-09-27,136.8322296142578
spy,2013-09-30,136.10311889648438
spy,2013-10-01,137.1805877685547
spy,2013-10-02,137.0509490966797
spy,2013-10-03,135.78720092773438
spy,2013-10-04,136.8159637451172
spy,2013-10-07,135.63323974609375
spy,2013-10-08,134.05352783203125
spy,2013-10-09,134.15081787109375
spy,2013-10-10,137.04283142089844
spy,2013-10-11,137.92578125
spy,2013-10-14,138.47665405273438
spy,2013-10-15,137.47213745117188
spy,2013-10-16,139.39207458496094
spy,2013-10-17,140.3236541748047
spy,2013-10-18,141.27151489257812
spy,2013-10-21,141.27960205078125
spy,2013-10-22,142.09779357910156
spy,2013-10-23,141.41722106933594
spy,2013-10-24,141.88710021972656
spy,2013-10-25,142.5352325439453
spy,2013-10-28,142.76202392578125
spy,2013-10-29,143.52352905273438
spy,2013-10-30,142.8106231689453
spy,2013-10-31,142.40562438964844
spy,2013-11-01,142.74583435058594
spy,2013-11-04,143.24810791015625
spy,2013-11-05,142.7944793701172
spy,2013-11-06,143.52352905273438
spy,2013-11-07,141.70892333984375
spy,2013-11-08,143.6207275390625
spy,2013-11-11,143.64508056640625
spy,2013-11-12,143.35342407226562
spy,2013-11-13,144.5037384033203
spy,2013-11-14,145.2246856689453
spy,2013-11-15,145.8565673828125
spy,2013-11-18,145.34622192382812
spy,2013-11-19,145.03033447265625
spy,2013-11-20,144.57666015625
spy,2013-11-21,145.7431640625
spy,2013-11-22,146.47222900390625
spy,2013-11-25,146.32644653320312
spy,2013-11-26,146.36695861816406
spy,2013-11-27,146.72337341308594
spy,2013-11-29,146.62619018554688
spy,2013-12-02,146.24539184570312
spy,2013-12-03,145.61355590820312
spy,2013-12-04,145.59739685058594
spy,2013-12-05,144.95741271972656
spy,2013-12-06,146.57762145996094
spy,2013-12-09,146.95021057128906
spy,2013-12-10,146.42364501953125
spy,2013-12-11,144.7792205810547
spy,2013-12-12,144.30123901367188
spy,2013-12-13,144.2850341796875
spy,2013-12-16,145.18423461914062
spy,2013-12-17,144.7224884033203
spy,2013-12-18,147.19325256347656
spy,2013-12-19,147.0231170654297
spy,2013-12-20,147.87831115722656
spy,2013-12-23,148.66839599609375
spy,2013-12-24,148.99417114257812
spy,2013-12-26,149.75164794921875
spy,2013-12-27,149.74349975585938
spy,2013-12-30,149.71902465820312
spy,2013-12-31,150.4276580810547
spy,2014-01-02,148.986083984375
spy,2014-01-03,148.96163940429688
spy,2014-01-06,148.5299530029297
spy,2014-01-07,149.44216918945312
spy,2014-01-08,149.47474670410156
spy,2014-01-09,149.57247924804688
spy,2014-01-10,149.97972106933594
spy,2014-01-13,147.9842071533203
spy,2014-01-14,149.59693908691406
spy,2014-01-15,150.40325927734375
spy,2014-01-16,150.20773315429688
spy,2014-01-17,149.57247924804688
spy,2014-01-21,150.01229858398438
spy,2014-01-22,150.11000061035156
spy,2014-01-23,148.88011169433594
spy,2014-01-24,145.70362854003906
spy,2014-01-27,144.98687744140625
spy,2014-01-28,145.8502960205078
spy,2014-01-29,144.44940185546875
spy,2014-01-30,145.98062133789062
spy,2014-01-31,145.12535095214844
spy,2014-02-03,141.85922241210938
spy,2014-02-04,142.8529815673828
spy,2014-02-05,142.67376708984375
spy,2014-02-06,144.55523681640625
spy,2014-02-07,146.3470916748047
spy,2014-02-10,146.61590576171875
spy,2014-02-11,148.2204132080078
spy,2014-02-12,148.293701171875
spy,2014-02-13,149.059326171875
spy,2014-02-14,149.88198852539062
spy,2014-02-18,150.06117248535156
spy,2014-02-19,149.06748962402344
spy,2014-02-20,149.94711303710938
spy,2014-02-21,149.77609252929688
spy,2014-02-24,150.60687255859375
spy,2014-02-25,150.54989624023438
spy,2014-02-26,150.5579833984375
spy,2014-02-27,151.34805297851562
spy,2014-02-28,151.73086547851562
spy,2014-03-03,150.66384887695312
spy,2014-03-04,152.7815704345703
spy,2014-03-05,152.92001342773438
spy,2014-03-06,153.270263671875
spy,2014-03-07,153.33538818359375
spy,2014-03-10,153.2539520263672
spy,2014-03-11,152.4964599609375
spy,2014-03-12,152.53717041015625
spy,2014-03-13,150.82681274414062
spy,2014-03-14,150.40325927734375
spy,2014-03-17,151.76341247558594
spy,2014-03-18,152.8467559814453
spy,2014-03-19,152.03224182128906
spy,2014-03-20,152.92001342773438
spy,2014-03-21,152.32688903808594
spy,2014-03-24,151.69699096679688
spy,2014-03-25,152.41688537597656
spy,2014-03-26,151.3206787109375
spy,2014-03-27,151.00160217285156
spy,2014-03-28,151.74606323242188
spy,2014-03-31,152.98959350585938
spy,2014-04-01,154.0039520263672
spy,2014-04-02,154.5193634033203
spy,2014-04-03,154.31488037109375
spy,2014-04-04,152.49049377441406
spy,2014-04-07,150.8052215576172
spy,2014-04-08,151.42706298828125
spy,2014-04-09,153.0549774169922
spy,2014-04-10,149.8398895263672
spy,2014-04-11,148.49008178710938
spy,2014-04-14,149.65994262695312
spy,2014-04-15,150.6907196044922
spy,2014-04-16,152.2696075439453
spy,2014-04-17,152.48231506347656
spy,2014-04-21,153.01405334472656
spy,2014-04-22,153.70947265625
spy,2014-04-23,153.34951782226562
spy,2014-04-24,153.6603546142578
spy,2014-04-25,152.40054321289062
spy,2014-04-28,152.88316345214844
spy,2014-04-29,153.59490966796875
spy,2014-04-30,154.05300903320312
spy,2014-05-01,154.06939697265625
spy,2014-05-02,153.84857177734375
spy,2014-05-05,154.1430206298828
spy,2014-05-06,152.80140686035156
spy,2014-05-07,153.70127868652344
spy,2014-05-08,153.53762817382812
spy,2014-05-09,153.76670837402344
spy,2014-05-12,155.26380920410156
spy,2014-05-13,155.40286254882812
spy,2014-05-14,154.66659545898438
spy,2014-05-15,153.30859375
spy,2014-05-16,153.84036254882812
spy,2014-05-19,154.40480041503906
spy,2014-05-20,153.4313507080078
spy,2014-05-21,154.72389221191406
spy,2014-05-22,155.1002197265625
spy,2014-05-23,155.72190856933594
spy,2014-05-27,156.67909240722656
spy,2014-05-28,156.5645751953125
spy,2014-05-29,157.37448120117188
spy,2014-05-30,157.62806701660156
spy,2014-06-02,157.80799865722656
spy,2014-06-03,157.72622680664062
spy,2014-06-04,158.04530334472656
spy,2014-06-05,159.07611083984375
spy,2014-06-06,159.83688354492188
spy,2014-06-09,160.00048828125
spy,2014-06-10,160.016845703125
spy,2014-06-11,159.4605712890625
spy,2014-06-12,158.33164978027344
spy,2014-06-13,158.8142547607422
spy,2014-06-16,158.94515991210938
spy,2014-06-17,159.38694763183594
spy,2014-06-18,160.55679321289062
spy,2014-06-19,160.73678588867188
spy,2014-06-20,161.0631561279297
spy,2014-06-23,161.01377868652344
spy,2014-06-24,160.04383850097656
spy,2014-06-25,160.7671661376953
spy,2014-06-26,160.652099609375
spy,2014-06-27,160.9644775390625
spy,2014-06-30,160.88226318359375
spy,2014-07-01,161.9590606689453
spy,2014-07-02,162.12344360351562
spy,2014-07-03,162.9208984375
spy,2014-07-07,162.35360717773438
spy,2014-07-08,161.3097381591797
spy,2014-07-09,162.03309631347656
spy,2014-07-10,161.39195251464844
spy,2014-07-11,161.61390686035156
spy,2014-07-14,162.4276885986328
spy,2014-07-15,162.12344360351562
spy,2014-07-16,162.72357177734375
spy,2014-07-17,160.87403869628906
spy,2014-07-18,162.51806640625
spy,2014-07-21,162.2138671875
spy,2014-07-22,162.9208984375
spy,2014-07-23,163.2825164794922
spy,2014-07-24,163.2906951904297
spy,2014-07-25,162.52626037597656
spy,2014-07-28,162.59205627441406
spy,2014-07-29,161.89328002929688
spy,2014-07-30,161.91795349121094
spy,2014-07-31,158.7203826904297
spy,2014-08-01,158.23544311523438
spy,2014-08-04,159.3780517578125
spy,2014-08-05,157.8326416015625
spy,2014-08-06,157.8820343017578
spy,2014-08-07,157.02713012695312
spy,2014-08-08,158.8437042236328
spy,2014-08-11,159.3040313720703
spy,2014-08-12,159.0821075439453
spy,2014-08-13,160.15890502929688
spy,2014-08-14,160.9151611328125
spy,2014-08-15,160.88226318359375
spy,2014-08-18,162.2303466796875
spy,2014-08-19,163.0770263671875
spy,2014-08-20,163.51268005371094
spy,2014-08-21,163.98941040039062
spy,2014-08-22,163.73464965820312
spy,2014-08-25,164.56484985351562
spy,2014-08-26,164.67169189453125
spy,2014-08-27,164.60594177246094
spy,2014-08-28,164.51551818847656
spy,2014-08-29,164.98410034179688
spy,2014-09-02,164.9019012451172
spy,2014-09-03,164.81146240234375
spy,2014-09-04,164.5730743408203
spy,2014-09-05,165.31288146972656
spy,2014-09-08,164.88543701171875
spy,2014-09-09,163.8415069580078
spy,2014-09-10,164.4580078125
spy,2014-09-11,164.64706420898438
spy,2014-09-12,163.685302734375
spy,2014-09-15,163.56202697753906
spy,2014-09-16,164.7950439453125
spy,2014-09-17,165.0169677734375
spy,2014-09-18,165.896484375
spy,2014-09-19,165.7469482421875
spy,2014-09-22,164.46694946289062
spy,2014-09-23,163.52548217773438
spy,2014-09-24,164.8055877685547
spy,2014-09-25,162.14639282226562
spy,2014-09-26,163.43467712402344
spy,2014-09-29,163.13729858398438
spy,2014-09-30,162.7078857421875
spy,2014-10-01,160.50294494628906
spy,2014-10-02,160.5276336669922
spy,2014-10-03,162.29498291015625
spy,2014-10-06,162.1050262451172
spy,2014-10-07,159.60272216796875
spy,2014-10-08,162.39404296875
spy,2014-10-09,159.17324829101562
spy,2014-10-10,157.3564910888672
spy,2014-10-13,154.77154541015625
spy,2014-10-14,155.01104736328125
spy,2014-10-15,153.96218872070312
spy,2014-10-16,153.83010864257812
spy,2014-10-17,155.64695739746094
spy,2014-10-20,157.15829467773438
spy,2014-10-21,160.2716522216797
spy,2014-10-22,159.132080078125
spy,2014-10-23,160.98191833496094
spy,2014-10-24,162.22068786621094
spy,2014-10-27,161.99769592285156
spy,2014-10-28,163.85581970214844
spy,2014-10-29,163.608154296875
spy,2014-10-30,164.6569061279297
spy,2014-10-31,166.5398712158203
spy,2014-11-03,166.63067626953125
spy,2014-11-04,166.05258178710938
spy,2014-11-05,167.10137939453125
spy,2014-11-06,167.77029418945312
spy,2014-11-07,167.92726135253906
spy,2014-11-10,168.45579528808594
spy,2014-11-11,168.62094116210938
spy,2014-11-12,168.43930053710938
spy,2014-11-13,168.6292266845703
spy,2014-11-14,168.67051696777344
spy,2014-11-17,168.77786254882812
spy,2014-11-18,169.75238037109375
spy,2014-11-19,169.4798583984375
spy,2014-11-20,169.77716064453125
spy,2014-11-21,170.68557739257812
spy,2014-11-24,171.1645965576172
spy,2014-11-25,171.04071044921875
spy,2014-11-26,171.47837829589844
spy,2014-11-28,171.11502075195312
spy,2014-12-01,169.92579650878906
spy,2014-12-02,171.024169921875
spy,2014-12-03,171.684814453125
spy,2014-12-04,171.494873046875
spy,2014-12-05,171.77569580078125
spy,2014-12-08,170.62777709960938
spy,2014-12-09,170.5120849609375
spy,2014-12-10,167.77859497070312
spy,2014-12-11,168.6292266845703
spy,2014-12-12,165.9039306640625
spy,2014-12-15,164.76426696777344
spy,2014-12-16,163.44290161132812
spy,2014-12-17,166.64720153808594
spy,2014-12-18,170.7681427001953
spy,2014-12-19,171.4947509765625
spy,2014-12-22,172.28363037109375
spy,2014-12-23,172.5161895751953
spy,2014-12-24,172.53282165527344
spy,2014-12-26,173.08912658691406
spy,2014-12-29,173.32162475585938
spy,2014-12-30,172.39158630371094
spy,2014-12-31,170.68099975585938
spy,2015-01-02,170.58963012695312
spy,2015-01-05,167.50880432128906
spy,2015-01-06,165.93112182617188
spy,2015-01-07,167.998779296875
spy,2015-01-08,170.97991943359375
spy,2015-01-09,169.60977172851562
spy,2015-01-12,168.28109741210938
spy,2015-01-13,167.80780029296875
spy,2015-01-14,166.79466247558594
spy,2015-01-15,165.26673889160156
spy,2015-01-16,167.43409729003906
spy,2015-01-20,167.79116821289062
spy,2015-01-21,168.63816833496094
spy,2015-01-22,171.14601135253906
spy,2015-01-23,170.20762634277344
spy,2015-01-26,170.606201171875
spy,2015-01-27,168.3557891845703
spy,2015-01-28,166.19677734375
spy,2015-01-29,167.7330322265625
spy,2015-01-30,165.62384033203125
spy,2015-02-02,167.6748809814453
spy,2015-02-03,170.09963989257812
spy,2015-02-04,169.4519805908203
spy,2015-02-05,171.16262817382812
spy,2015-02-06,170.68927001953125
spy,2015-02-09,169.92530822753906
spy,2015-02-10,171.7355499267578
spy,2015-02-11,171.83522033691406
spy,2015-02-12,173.48773193359375
spy,2015-02-13,174.2018280029297
spy,2015-02-17,174.4758758544922
spy,2015-02-18,174.49258422851562
spy,2015-02-19,174.367919921875
spy,2015-02-20,175.41429138183594
spy,2015-02-23,175.3893280029297
spy,2015-02-24,175.88755798339844
spy,2015-02-25,175.73814392089844
spy,2015-02-26,175.53054809570312
spy,2015-02-27,174.93264770507812
spy,2015-03-02,176.0370330810547
spy,2015-03-03,175.3145751953125
spy,2015-03-04,174.57553100585938
spy,2015-03-05,174.7665557861328
spy,2015-03-06,172.30853271484375
spy,2015-03-09,173.02272033691406
spy,2015-03-10,170.21597290039062
spy,2015-03-11,169.81732177734375
spy,2015-03-12,171.97634887695312
spy,2015-03-13,170.92178344726562
spy,2015-03-16,173.20538330078125
spy,2015-03-17,172.69053649902344
spy,2015-03-18,174.7665557861328
spy,2015-03-19,173.96934509277344
spy,2015-03-20,175.50497436523438
spy,2015-03-23,175.16299438476562
spy,2015-03-24,174.17872619628906
spy,2015-03-25,171.6263427734375
spy,2015-03-26,171.2176513671875
spy,2015-03-27,171.60964965820312
spy,2015-03-30,173.70326232910156
spy,2015-03-31,172.18519592285156
spy,2015-04-01,171.57632446289062
spy,2015-04-02,172.1935272216797
spy,2015-04-06,173.35293579101562
spy,2015-04-07,172.89419555664062
spy,2015-04-08,173.47813415527344
spy,2015-04-09,174.24545288085938
spy,2015-04-10,175.19630432128906
spy,2015-04-13,174.40394592285156
spy,2015-04-14,174.73757934570312
spy,2015-04-15,175.5216522216797
spy,2015-04-16,175.47154235839844
spy,2015-04-17,173.45306396484375
spy,2015-04-20,175.03787231445312
spy,2015-04-21,174.829345703125
spy,2015-04-22,175.68846130371094
spy,2015-04-23,176.13055419921875
spy,2015-04-24,176.5392608642578
spy,2015-04-27,175.8052215576172
spy,2015-04-28,176.3640899658203
spy,2015-04-29,175.63844299316406
spy,2015-04-30,173.87843322753906
spy,2015-05-01,175.76351928710938
spy,2015-05-04,176.26402282714844
spy,2015-05-05,174.24545288085938
spy,2015-05-06,173.52809143066406
spy,2015-05-07,174.2204132080078
spy,2015-05-08,176.51422119140625
spy,2015-05-11,175.6718292236328
spy,2015-05-12,175.1463165283203
spy,2015-05-13,175.17962646484375
spy,2015-05-14,177.00637817382812
spy,2015-05-15,177.19825744628906
spy,2015-05-18,177.74871826171875
spy,2015-05-19,177.69032287597656
spy,2015-05-20,177.5652313232422
spy,2015-05-21,178.0823516845703
spy,2015-05-22,177.65701293945312
spy,2015-05-26,175.74685668945312
spy,2015-05-27,177.4150848388672
spy,2015-05-28,177.21490478515625
spy,2015-05-29,176.11383056640625
spy,2015-06-01,176.47250366210938
spy,2015-06-02,176.29737854003906
spy,2015-06-03,176.7644500732422
spy,2015-06-04,175.2714080810547
spy,2015-06-05,174.97108459472656
spy,2015-06-08,173.89511108398438
spy,2015-06-09,173.87008666992188
spy,2015-06-10,175.9553680419922
spy,2015-06-11,176.52255249023438
spy,2015-06-12,175.17135620117188
spy,2015-06-15,174.4206085205078
spy,2015-06-16,175.37149047851562
spy,2015-06-17,175.65512084960938
spy,2015-06-18,177.48179626464844
spy,2015-06-19,176.6939239501953
spy,2015-06-22,177.59915161132812
spy,2015-06-23,177.724853515625
spy,2015-06-24,176.43411254882812
spy,2015-06-25,175.897705078125
spy,2015-06-26,175.86416625976562
spy,2015-06-29,172.17623901367188
spy,2015-06-30,172.5365447998047
spy,2015-07-01,173.9195556640625
spy,2015-07-02,173.76031494140625
spy,2015-07-06,173.26580810546875
spy,2015-07-07,174.3554229736328
spy,2015-07-08,171.43020629882812
spy,2015-07-09,171.74037170410156
spy,2015-07-10,173.90281677246094
spy,2015-07-13,175.82223510742188
spy,2015-07-14,176.58497619628906
spy,2015-07-15,176.52630615234375
spy,2015-07-16,177.94277954101562
spy,2015-07-17,178.09364318847656
spy,2015-07-20,178.18585205078125
spy,2015-07-21,177.48179626464844
spy,2015-07-22,177.163330078125
spy,2015-07-23,176.16587829589844
spy,2015-07-24,174.33868408203125
spy,2015-07-27,173.32447814941406
spy,2015-07-28,175.45347595214844
spy,2015-07-29,176.660400390625
spy,2015-07-30,176.70230102539062
spy,2015-07-31,176.43411254882812
spy,2015-08-03,175.83900451660156
spy,2015-08-04,175.49539184570312
spy,2015-08-05,176.07366943359375
spy,2015-08-06,174.6320037841797
spy,2015-08-07,174.2967529296875
spy,2015-08-10,176.49278259277344
spy,2015-08-11,174.9002227783203
spy,2015-08-12,175.10972595214844
spy,2015-08-13,174.89190673828125
spy,2015-08-14,175.52886962890625
spy,2015-08-17,176.50949096679688
spy,2015-08-18,175.99826049804688
spy,2015-08-19,174.60687255859375
spy,2015-08-20,170.96087646484375
spy,2015-08-21,165.8144989013672
spy,2015-08-24,158.83251953125
spy,2015-08-25,156.96347045898438
spy,2015-08-26,162.98992919921875
spy,2015-08-27,167.021484375
spy,2015-08-28,167.0298309326172
spy,2015-08-31,165.68040466308594
spy,2015-09-01,160.73519897460938
spy,2015-09-02,163.78614807128906
spy,2015-09-03,163.90350341796875
spy,2015-09-04,161.4224853515625
spy,2015-09-08,165.47927856445312
spy,2015-09-09,163.26651000976562
spy,2015-09-10,164.15496826171875
spy,2015-09-11,164.90093994140625
spy,2015-09-14,164.28904724121094
spy,2015-09-15,166.34254455566406
spy,2015-09-16,167.78421020507812
spy,2015-09-17,167.4070587158203
spy,2015-09-18,164.67137145996094
spy,2015-09-21,165.5222930908203
spy,2015-09-22,163.3738555908203
spy,2015-09-23,163.11270141601562
spy,2015-09-24,162.5229034423828
spy,2015-09-25,162.48080444335938
spy,2015-09-28,158.40293884277344
spy,2015-09-29,158.4956512451172
spy,2015-09-30,161.4529266357422
spy,2015-10-01,161.8741455078125
spy,2015-10-02,164.292236328125
spy,2015-10-05,167.2157440185547
spy,2015-10-06,166.64291381835938
spy,2015-10-07,168.00779724121094
spy,2015-10-08,169.52432250976562
spy,2015-10-09,169.62539672851562
spy,2015-10-12,169.78546142578125
spy,2015-10-13,168.7154998779297
spy,2015-10-14,167.90664672851562
spy,2015-10-15,170.4847869873047
spy,2015-10-16,171.2598876953125
spy,2015-10-19,171.34413146972656
spy,2015-10-20,171.12509155273438
spy,2015-10-21,170.06350708007812
spy,2015-10-22,172.93650817871094
spy,2015-10-23,174.8321533203125
spy,2015-10-26,174.40249633789062
spy,2015-10-27,174.0655059814453
spy,2015-10-28,176.04544067382812
spy,2015-10-29,175.94432067871094
spy,2015-10-30,175.18600463867188
spy,2015-11-02,177.2586669921875
spy,2015-11-03,177.7725830078125
spy,2015-11-04,177.23338317871094
spy,2015-11-05,177.05641174316406
spy,2015-11-06,176.96376037597656
spy,2015-11-09,175.3124237060547
spy,2015-11-10,175.71682739257812
spy,2015-11-11,175.02598571777344
spy,2015-11-12,172.58265686035156
spy,2015-11-13,170.6448516845703
spy,2015-11-16,173.2398223876953
spy,2015-11-17,173.1134490966797
spy,2015-11-18,175.86007690429688
spy,2015-11-19,175.70843505859375
spy,2015-11-20,176.34872436523438
spy,2015-11-23,176.1465606689453
spy,2015-11-24,176.3824005126953
spy,2015-11-25,176.35716247558594
spy,2015-11-27,176.55935668945312
spy,2015-11-30,175.82638549804688
spy,2015-12-01,177.50302124023438
spy,2015-12-02,175.69155883789062
spy,2015-12-03,173.23143005371094
spy,2015-12-04,176.60989379882812
spy,2015-12-07,175.5399169921875
spy,2015-12-08,174.36036682128906
spy,2015-12-09,173.00389099121094
spy,2015-12-10,173.450439453125
spy,2015-12-11,170.0887908935547
spy,2015-12-14,170.94813537597656
spy,2015-12-15,172.7427215576172
spy,2015-12-16,175.27032470703125
spy,2015-12-17,172.5994873046875
spy,2015-12-18,169.5246124267578
spy,2015-12-21,170.92303466796875
spy,2015-12-22,172.47406005859375
spy,2015-12-23,174.60984802246094
spy,2015-12-24,174.3217010498047
spy,2015-12-28,173.92335510253906
spy,2015-12-29,175.77943420410156
spy,2015-12-30,174.53355407714844
spy,2015-12-31,172.78765869140625
spy,2016-01-04,170.3721923828125
spy,2016-01-05,170.66033935546875
spy,2016-01-06,168.50759887695312
spy,2016-01-07,164.46481323242188
spy,2016-01-08,162.6596221923828
spy,2016-01-11,162.82061767578125
spy,2016-01-12,164.13430786132812
spy,2016-01-13,160.04071044921875
spy,2016-01-14,162.6680145263672
spy,2016-01-15,159.1761474609375
spy,2016-01-19,159.3881072998047
spy,2016-01-20,157.3455047607422
spy,2016-01-21,158.2269287109375
spy,2016-01-22,161.47299194335938
spy,2016-01-25,159.03213500976562
spy,2016-01-26,161.20181274414062
spy,2016-01-27,159.44740295410156
spy,2016-01-28,160.27796936035156
spy,2016-01-29,164.18516540527344
spy,2016-02-01,164.1257781982422
spy,2016-02-02,161.1679229736328
spy,2016-02-03,162.1341094970703
spy,2016-02-04,162.388427734375
spy,2016-02-05,159.2948455810547
spy,2016-02-08,157.15054321289062
spy,2016-02-09,157.1590576171875
spy,2016-02-10,157.02345275878906
spy,2016-02-11,154.98086547851562
spy,2016-02-12,158.17611694335938
spy,2016-02-16,160.8458251953125
spy,2016-02-17,163.47320556640625
spy,2016-02-18,162.80364990234375
spy,2016-02-19,162.72735595703125
spy,2016-02-22,165.08355712890625
spy,2016-02-23,162.99859619140625
spy,2016-02-24,163.7444305419922
spy,2016-02-25,165.72767639160156
spy,2016-02-26,165.34629821777344
spy,2016-02-29,164.049560546875
spy,2016-03-01,167.90585327148438
spy,2016-03-02,168.66014099121094
spy,2016-03-03,169.32119750976562
spy,2016-03-04,169.8721466064453
spy,2016-03-07,170.0077362060547
spy,2016-03-08,168.15158081054688
spy,2016-03-09,168.9822235107422
spy,2016-03-10,169.1177978515625
spy,2016-03-11,171.84689331054688
spy,2016-03-14,171.62655639648438
spy,2016-03-15,171.34681701660156
spy,2016-03-16,172.3384552001953
spy,2016-03-17,173.43177795410156
spy,2016-03-18,174.1133270263672
spy,2016-03-21,174.36036682128906
spy,2016-03-22,174.26661682128906
spy,2016-03-23,173.1165771484375
spy,2016-03-24,173.03985595703125
spy,2016-03-28,173.1421661376953
spy,2016-03-29,174.74371337890625
spy,2016-03-30,175.51046752929688
spy,2016-03-31,175.08453369140625
spy,2016-04-01,176.2771759033203
spy,2016-04-04,175.70632934570312
spy,2016-04-05,173.95144653320312
spy,2016-04-06,175.85122680664062
spy,2016-04-07,173.7469940185547
spy,2016-04-08,174.21556091308594
spy,2016-04-11,173.80662536621094
spy,2016-04-12,175.4252471923828
spy,2016-04-13,177.1971893310547
spy,2016-04-14,177.2057342529297
spy,2016-04-15,177.00979614257812
spy,2016-04-18,178.25360107421875
spy,2016-04-19,178.81582641601562
spy,2016-04-20,178.98626708984375
spy,2016-04-21,178.0236358642578
spy,2016-04-22,178.0236358642578
spy,2016-04-25,177.71688842773438
spy,2016-04-26,177.9810028076172
spy,2016-04-27,178.34730529785156
spy,2016-04-28,176.7286834716797
spy,2016-04-29,175.7745361328125
spy,2016-05-02,177.1716766357422
spy,2016-05-03,175.62973022460938
spy,2016-05-04,174.64999389648438
spy,2016-05-05,174.61593627929688
spy,2016-05-06,175.25489807128906
spy,2016-05-09,175.39967346191406
spy,2016-05-10,177.58056640625
spy,2016-05-11,175.91937255859375
spy,2016-05-12,175.9704132080078
spy,2016-05-13,174.43698120117188
spy,2016-05-16,176.15786743164062
spy,2016-05-17,174.5137176513672
spy,2016-05-18,174.56483459472656
spy,2016-05-19,173.95994567871094
spy,2016-05-20,175.05892944335938
spy,2016-05-23,174.82040405273438
spy,2016-05-24,177.08644104003906
spy,2016-05-25,178.28765869140625
spy,2016-05-26,178.33877563476562
spy,2016-05-27,179.1055145263672
spy,2016-05-31,178.76475524902344
spy,2016-06-01,179.13104248046875
spy,2016-06-02,179.67633056640625
spy,2016-06-03,179.13955688476562
spy,2016-06-06,180.0511474609375
spy,2016-06-07,180.33221435546875
spy,2016-06-08,180.92005920410156
spy,2016-06-09,180.6729736328125
spy,2016-06-10,178.96067810058594
spy,2016-06-13,177.58056640625
spy,2016-06-14,177.23129272460938
spy,2016-06-15,176.98431396484375
spy,2016-06-16,177.5124053955078
spy,2016-06-17,176.85133361816406
spy,2016-06-20,177.9902801513672
spy,2016-06-21,178.49551391601562
spy,2016-06-22,178.20433044433594
spy,2016-06-23,180.52499389648438
spy,2016-06-24,174.04257202148438
spy,2016-06-27,170.9254608154297
spy,2016-06-28,174.00828552246094
spy,2016-06-29,176.97125244140625
spy,2016-06-30,179.38609313964844
spy,2016-07-01,179.7628936767578
spy,2016-07-05,178.4698028564453
spy,2016-07-06,179.54022216796875
spy,2016-07-07,179.42892456054688
spy,2016-07-08,182.10069274902344
spy,2016-07-11,182.7429656982422
spy,2016-07-12,184.07029724121094
spy,2016-07-13,184.0445556640625
spy,2016-07-14,185.0721893310547
spy,2016-07-15,184.82388305664062
spy,2016-07-18,185.3205108642578
spy,2016-07-19,185.13214111328125
spy,2016-07-20,185.9028778076172
spy,2016-07-21,185.20062255859375
spy,2016-07-22,186.0312957763672
spy,2016-07-25,185.5260467529297
spy,2016-07-26,185.61167907714844
spy,2016-07-27,185.4147491455078
spy,2016-07-28,185.62881469726562
spy,2016-07-29,185.92852783203125
spy,2016-08-01,185.7744140625
spy,2016-08-02,184.58412170410156
spy,2016-08-03,185.1235809326172
spy,2016-08-04,185.3205108642578
spy,2016-08-05,186.83621215820312
spy,2016-08-08,186.7248992919922
spy,2016-08-09,186.83621215820312
spy,2016-08-10,186.3738555908203
spy,2016-08-11,187.23875427246094
spy,2016-08-12,187.07608032226562
spy,2016-08-15,187.6155242919922
spy,2016-08-16,186.6479034423828
spy,2016-08-17,186.9989471435547
spy,2016-08-18,187.41856384277344
spy,2016-08-19,187.14450073242188
spy,2016-08-22,187.13595581054688
spy,2016-08-23,187.51278686523438
spy,2016-08-24,186.5536651611328
spy,2016-08-25,186.42520141601562
spy,2016-08-26,186.07412719726562
spy,2016-08-29,186.9904327392578
spy,2016-08-30,186.68209838867188
spy,2016-08-31,186.1511993408203
spy,2016-09-01,186.15972900390625
spy,2016-09-02,186.9989471435547
spy,2016-09-06,187.56414794921875
spy,2016-09-07,187.54702758789062
spy,2016-09-08,187.11886596679688
spy,2016-09-09,182.64019775390625
spy,2016-09-12,185.26060485839844
spy,2016-09-13,182.5973663330078
spy,2016-09-14,182.52882385253906
spy,2016-09-15,184.3528594970703
spy,2016-09-16,183.64022827148438
spy,2016-09-19,183.67469787597656
spy,2016-09-20,183.6832733154297
spy,2016-09-21,185.74884033203125
spy,2016-09-22,186.91940307617188
spy,2016-09-23,185.8952178955078
spy,2016-09-26,184.38906860351562
spy,2016-09-27,185.53372192382812
spy,2016-09-28,186.45452880859375
spy,2016-09-29,184.76771545410156
spy,2016-09-30,186.1619873046875
spy,2016-10-03,185.71444702148438
spy,2016-10-04,184.76771545410156
spy,2016-10-05,185.5853729248047
spy,2016-10-06,185.71444702148438
spy,2016-10-07,185.07752990722656
spy,2016-10-10,186.04147338867188
spy,2016-10-11,183.69189453125
spy,2016-10-12,183.9329376220703
spy,2016-10-13,183.3303985595703
spy,2016-10-14,183.42506408691406
spy,2016-10-17,182.7881622314453
spy,2016-10-18,183.9329376220703
spy,2016-10-19,184.4234161376953
spy,2016-10-20,184.0791778564453
spy,2016-10-21,184.16522216796875
spy,2016-10-24,184.9484405517578
spy,2016-10-25,184.3287811279297
spy,2016-10-26,183.95870971679688
spy,2016-10-27,183.4680938720703
spy,2016-10-28,182.9259033203125
spy,2016-10-31,182.93447875976562
spy,2016-11-01,181.609130859375
spy,2016-11-02,180.5160369873047
spy,2016-11-03,179.6897735595703
spy,2016-11-04,179.49185180664062
spy,2016-11-07,183.45083618164062
spy,2016-11-08,184.27713012695312
spy,2016-11-09,186.23085021972656
spy,2016-11-10,186.6956329345703
spy,2016-11-11,186.26528930664062
spy,2016-11-14,186.4115447998047
spy,2016-11-15,187.86607360839844
spy,2016-11-16,187.51324462890625
spy,2016-11-17,188.47718811035156
spy,2016-11-18,188.0554656982422
spy,2016-11-21,189.4755401611328
spy,2016-11-22,189.8456573486328
spy,2016-11-23,189.9489288330078
spy,2016-11-25,190.65467834472656
spy,2016-11-28,189.7595977783203
spy,2016-11-29,190.12969970703125
spy,2016-11-30,189.67349243164062
spy,2016-12-01,188.97637939453125
spy,2016-12-02,189.071044921875
spy,2016-12-05,190.20713806152344
spy,2016-12-06,190.80958557128906
spy,2016-12-07,193.30551147460938
spy,2016-12-08,193.7788848876953
spy,2016-12-09,194.9493408203125
spy,2016-12-12,194.72564697265625
spy,2016-12-13,196.0251922607422
spy,2016-12-14,194.4071807861328
spy,2016-12-15,195.20758056640625
spy,2016-12-16,194.8258056640625
spy,2016-12-19,195.25001525878906
spy,2016-12-20,196.0032196044922
spy,2016-12-21,195.457763671875
spy,2016-12-22,195.1201629638672
spy,2016-12-23,195.40586853027344
spy,2016-12-27,195.89065551757812
spy,2016-12-28,194.27169799804688
spy,2016-12-29,194.22845458984375
spy,2016-12-30,193.51853942871094
spy,2017-01-03,194.9989776611328
spy,2017-01-04,196.15902709960938
spy,2017-01-05,196.0032196044922
spy,2017-01-06,196.70443725585938
spy,2017-01-09,196.05517578125
spy,2017-01-10,196.05517578125
spy,2017-01-11,196.6092529296875
spy,2017-01-12,196.11578369140625
spy,2017-01-13,196.5659637451172
spy,2017-01-17,195.87338256835938
spy,2017-01-18,196.3061981201172
spy,2017-01-19,195.57899475097656
spy,2017-01-20,196.29759216308594
spy,2017-01-23,195.7868194580078
spy,2017-01-24,197.0420684814453
spy,2017-01-25,198.74755859375
spy,2017-01-26,198.53982543945312
spy,2017-01-27,198.22813415527344
spy,2017-01-30,196.99880981445312
spy,2017-01-31,196.98150634765625
spy,2017-02-01,197.0594482421875
spy,2017-02-02,197.18927001953125
spy,2017-02-03,198.54847717285156
spy,2017-02-06,198.1935577392578
spy,2017-02-07,198.20220947265625
spy,2017-02-08,198.4618682861328
spy,2017-02-09,199.63925170898438
spy,2017-02-10,200.42713928222656
spy,2017-02-13,201.51800537109375
spy,2017-02-14,202.3230743408203
spy,2017-02-15,203.37930297851562
spy,2017-02-16,203.2061309814453
spy,2017-02-17,203.5264892578125
spy,2017-02-21,204.73851013183594
spy,2017-02-22,204.55670166015625
spy,2017-02-23,204.69522094726562
spy,2017-02-24,204.95492553710938
spy,2017-02-27,205.2752685546875
spy,2017-02-28,204.72120666503906
spy,2017-03-01,207.5867919921875
spy,2017-03-02,206.2794647216797
spy,2017-03-03,206.40939331054688
spy,2017-03-06,205.79473876953125
spy,2017-03-07,205.17999267578125
spy,2017-03-08,204.79910278320312
spy,2017-03-09,205.05885314941406
spy,2017-03-10,205.77740478515625
spy,2017-03-13,205.88128662109375
spy,2017-03-14,205.09347534179688
spy,2017-03-15,206.86822509765625
spy,2017-03-16,206.4613494873047
spy,2017-03-17,206.0987548828125
spy,2017-03-20,205.87266540527344
spy,2017-03-21,203.22938537597656
spy,2017-03-22,203.7076416015625
spy,2017-03-23,203.490234375
spy,2017-03-24,203.34237670898438
spy,2017-03-27,203.1337432861328
spy,2017-03-28,204.6118927001953
spy,2017-03-29,204.80316162109375
spy,2017-03-30,205.4552764892578
spy,2017-03-31,204.97708129882812
spy,2017-04-03,204.62057495117188
spy,2017-04-04,204.75100708007812
spy,2017-04-05,204.1423797607422
spy,2017-04-06,204.7162322998047
spy,2017-04-07,204.507568359375
spy,2017-04-10,204.62925720214844
spy,2017-04-11,204.3857879638672
spy,2017-04-12,203.490234375
spy,2017-04-13,202.1685791015625
spy,2017-04-17,203.95977783203125
spy,2017-04-18,203.35107421875
spy,2017-04-19,202.9772491455078
spy,2017-04-20,204.62925720214844
spy,2017-04-21,203.9771270751953
spy,2017-04-24,206.22048950195312
spy,2017-04-25,207.42039489746094
spy,2017-04-26,207.28993225097656
spy,2017-04-27,207.46385192871094
spy,2017-04-28,207.01171875
spy,2017-05-01,207.53346252441406
spy,2017-05-02,207.61166381835938
spy,2017-05-03,207.35952758789062
spy,2017-05-04,207.6029815673828
spy,2017-05-05,208.42031860351562
spy,2017-05-08,208.38551330566406
spy,2017-05-09,208.1942596435547
spy,2017-05-10,208.568115234375
spy,2017-05-11,208.14205932617188
spy,2017-05-12,207.7942657470703
spy,2017-05-15,208.9420166015625
spy,2017-05-16,208.7506866455078
spy,2017-05-17,205.0466766357422
spy,2017-05-18,205.87266540527344
spy,2017-05-19,207.21168518066406
spy,2017-05-22,208.26380920410156
spy,2017-05-23,208.7246551513672
spy,2017-05-24,209.21156311035156
spy,2017-05-25,210.2115020751953
spy,2017-05-26,210.1680450439453
spy,2017-05-30,209.98541259765625
spy,2017-05-31,209.9333038330078
spy,2017-06-01,211.6027069091797
spy,2017-06-02,212.30699157714844
spy,2017-06-05,212.15054321289062
spy,2017-06-06,211.47225952148438
spy,2017-06-07,211.86354064941406
spy,2017-06-08,211.96786499023438
spy,2017-06-09,211.6461639404297
spy,2017-06-12,211.6027069091797
spy,2017-06-13,212.6374053955078
spy,2017-06-14,212.36788940429688
spy,2017-06-15,211.95921325683594
spy,2017-06-16,212.00550842285156
spy,2017-06-19,213.77047729492188
spy,2017-06-20,212.32882690429688
spy,2017-06-21,212.27638244628906
spy,2017-06-22,212.18026733398438
spy,2017-06-23,212.43365478515625
spy,2017-06-26,212.57345581054688
spy,2017-06-27,210.86093139648438
spy,2017-06-28,212.7481689453125
spy,2017-06-29,210.87832641601562
spy,2017-06-30,211.27154541015625
spy,2017-07-03,211.6298065185547
spy,2017-07-05,212.11912536621094
spy,2017-07-06,210.1793670654297
spy,2017-07-07,211.54244995117188
spy,2017-07-10,211.76959228515625
spy,2017-07-11,211.61231994628906
spy,2017-07-12,213.20254516601562
spy,2017-07-13,213.56076049804688
spy,2017-07-14,214.55682373046875
spy,2017-07-17,214.5306396484375
spy,2017-07-18,214.64425659179688
spy,2017-07-19,215.80630493164062
spy,2017-07-20,215.90240478515625
spy,2017-07-21,215.710205078125
spy,2017-07-24,215.65777587890625
spy,2017-07-25,216.1819610595703
spy,2017-07-26,216.1907501220703
spy,2017-07-27,215.9897918701172
spy,2017-07-28,215.73641967773438
spy,2017-07-31,215.6140899658203
spy,2017-08-01,216.09461975097656
spy,2017-08-02,216.19947814941406
spy,2017-08-03,215.7801055908203
spy,2017-08-04,216.1732635498047
spy,2017-08-07,216.5751953125
spy,2017-08-08,216.04222106933594
spy,2017-08-09,216.03346252441406
spy,2017-08-10,212.98411560058594
spy,2017-08-11,213.29869079589844
spy,2017-08-14,215.41307067871094
spy,2017-08-15,215.3868865966797
spy,2017-08-16,215.7625732421875
spy,2017-08-17,212.39871215820312
spy,2017-08-18,212.066650390625
spy,2017-08-21,212.23269653320312
spy,2017-08-22,214.4519805908203
spy,2017-08-23,213.68312072753906
spy,2017-08-24,213.18508911132812
spy,2017-08-25,213.68312072753906
spy,2017-08-28,213.6918182373047
spy,2017-08-29,213.93643188476562
spy,2017-08-30,214.95004272460938
spy,2017-08-31,216.24317932128906
spy,2017-09-01,216.54898071289062
spy,2017-09-05,214.9936981201172
spy,2017-09-06,215.7276611328125
spy,2017-09-07,215.7014923095703
spy,2017-09-08,215.44805908203125
spy,2017-09-11,217.74603271484375
spy,2017-09-12,218.4799346923828
spy,2017-09-13,218.58480834960938
spy,2017-09-14,218.5149383544922
spy,2017-09-15,218.80906677246094
spy,2017-09-18,219.27442932128906
spy,2017-09-19,219.49400329589844
spy,2017-09-20,219.57301330566406
spy,2017-09-21,218.98468017578125
spy,2017-09-22,219.02857971191406
spy,2017-09-25,218.58079528808594
spy,2017-09-26,218.7124786376953
spy,2017-09-27,219.56417846679688
spy,2017-09-28,219.82765197753906
spy,2017-09-29,220.60035705566406
spy,2017-10-02,221.55747985839844
spy,2017-10-03,222.0316619873047
spy,2017-10-04,222.2950897216797
spy,2017-10-05,223.61221313476562
spy,2017-10-06,223.35752868652344
spy,2017-10-09,222.9887237548828
spy,2017-10-10,223.5770721435547
spy,2017-10-11,223.9282989501953
spy,2017-10-12,223.59458923339844
spy,2017-10-13,223.86683654785156
spy,2017-10-16,224.1653289794922
spy,2017-10-17,224.3234405517578
spy,2017-10-18,224.5429229736328
spy,2017-10-19,224.60440063476562
spy,2017-10-20,225.76341247558594
spy,2017-10-23,224.8853759765625
spy,2017-10-24,225.28054809570312
spy,2017-10-25,224.1653289794922
spy,2017-10-26,224.4551239013672
spy,2017-10-27,226.2903289794922
spy,2017-10-30,225.44737243652344
spy,2017-10-31,225.79859924316406
spy,2017-11-01,226.09710693359375
spy,2017-11-02,226.18495178222656
spy,2017-11-03,226.9400634765625
spy,2017-11-06,227.29135131835938
spy,2017-11-07,227.13330078125
spy,2017-11-08,227.5196075439453
spy,2017-11-09,226.69422912597656
spy,2017-11-10,226.62400817871094
spy,2017-11-13,226.834716796875
spy,2017-11-14,226.30784606933594
spy,2017-11-15,225.17514038085938
spy,2017-11-16,227.08934020996094
spy,2017-11-17,226.42198181152344
spy,2017-11-20,226.80841064453125
spy,2017-11-21,228.29232788085938
spy,2017-11-22,228.0904541015625
spy,2017-11-24,228.61715698242188
spy,2017-11-27,228.50308227539062
spy,2017-11-28,230.82125854492188
spy,2017-11-29,230.68069458007812
spy,2017-11-30,232.70028686523438
spy,2017-12-01,232.2173614501953
spy,2017-12-04,231.93643188476562
spy,2017-12-05,231.1022491455078
spy,2017-12-06,231.1461181640625
spy,2017-12-07,231.8749542236328
spy,2017-12-08,233.13937377929688
spy,2017-12-11,233.841796875
spy,2017-12-12,234.25453186035156
spy,2017-12-13,234.22813415527344
spy,2017-12-14,233.27108764648438
spy,2017-12-15,235.2135772705078
spy,2017-12-18,236.70510864257812
spy,2017-12-19,235.79611206054688
spy,2017-12-20,235.6725311279297
spy,2017-12-21,236.15798950195312
spy,2017-12-22,236.09616088867188
spy,2017-12-26,235.81382751464844
spy,2017-12-27,235.92849731445312
spy,2017-12-28,236.4138946533203
spy,2017-12-29,235.52249145507812
spy,2018-01-02,237.20814514160156
spy,2018-01-03,238.7085418701172
spy,2018-01-04,239.7146759033203
spy,2018-01-05,241.31222534179688
spy,2018-01-08,241.7534637451172
spy,2018-01-09,242.3006591796875
spy,2018-01-10,241.929931640625
spy,2018-01-11,243.69509887695312
spy,2018-01-12,245.2837677001953
spy,2018-01-16,244.44532775878906
spy,2018-01-17,246.7753143310547
spy,2018-01-18,246.36045837402344
spy,2018-01-19,247.48135375976562
spy,2018-01-22,249.4935760498047
spy,2018-01-23,250.02313232421875
spy,2018-01-24,249.92605590820312
spy,2018-01-25,250.03189086914062
spy,2018-01-26,252.9268035888672
spy,2018-01-29,251.24998474121094
spy,2018-01-30,248.6727752685547
spy,2018-01-31,248.7963409423828
spy,2018-02-01,248.51388549804688
spy,2018-02-02,243.1038055419922
spy,2018-02-05,232.93658447265625
spy,2018-02-06,237.52598571777344
spy,2018-02-07,236.23739624023438
spy,2018-02-08,227.3763885498047
spy,2018-02-09,230.79196166992188
spy,2018-02-12,234.18099975585938
spy,2018-02-13,234.7635498046875
spy,2018-02-14,237.93197631835938
spy,2018-02-15,240.9679412841797
spy,2018-02-16,241.03855895996094
spy,2018-02-20,239.52932739257812
spy,2018-02-21,238.33790588378906
spy,2018-02-22,238.64678955078125
spy,2018-02-23,242.45071411132812
spy,2018-02-26,245.26608276367188
spy,2018-02-27,242.20358276367188
spy,2018-02-28,239.75003051757812
spy,2018-03-01,236.26385498046875
spy,2018-03-02,237.48179626464844
spy,2018-03-05,240.2266082763672
spy,2018-03-06,240.8355712890625
spy,2018-03-07,240.74737548828125
spy,2018-03-08,241.91236877441406
spy,2018-03-09,246.12213134765625
spy,2018-03-12,245.8131866455078
spy,2018-03-13,244.22463989257812
spy,2018-03-14,242.9713897705078
spy,2018-03-15,242.70663452148438
spy,2018-03-16,242.96981811523438
spy,2018-03-19,239.68234252929688
spy,2018-03-20,240.0899658203125
spy,2018-03-21,239.629150390625
spy,2018-03-22,233.63909912109375
spy,2018-03-23,228.65919494628906
spy,2018-03-26,234.91510009765625
spy,2018-03-27,230.91879272460938
spy,2018-03-28,230.2364959716797
spy,2018-03-29,233.1783447265625
spy,2018-04-02,228.14524841308594
spy,2018-04-03,231.06942749023438
spy,2018-04-04,233.54165649414062
spy,2018-04-05,235.38479614257812
spy,2018-04-06,230.13905334472656
spy,2018-04-09,231.2732696533203
spy,2018-04-10,234.95054626464844
spy,2018-04-11,233.7188720703125
spy,2018-04-12,235.6417236328125
spy,2018-04-13,234.95054626464844
spy,2018-04-16,236.8822479248047
spy,2018-04-17,239.4164581298828
spy,2018-04-18,239.5937042236328
spy,2018-04-19,238.26454162597656
spy,2018-04-20,236.24427795410156
spy,2018-04-23,236.2088165283203
spy,2018-04-24,233.02781677246094
spy,2018-04-25,233.60366821289062
spy,2018-04-26,235.9784698486328
spy,2018-04-27,236.19993591308594
spy,2018-04-30,234.38340759277344
spy,2018-05-01,234.80001831054688
spy,2018-05-02,233.22264099121094
spy,2018-05-03,232.7086944580078
spy,2018-05-04,235.72146606445312
spy,2018-05-07,236.51902770996094
spy,2018-05-08,236.51902770996094
spy,2018-05-09,238.8051300048828
spy,2018-05-10,241.03807067871094
spy,2018-05-11,241.7736053466797
spy,2018-05-14,241.8887939453125
spy,2018-05-15,240.22293090820312
spy,2018-05-16,241.2330322265625
spy,2018-05-17,241.0292510986328
spy,2018-05-18,240.42666625976562
spy,2018-05-21,242.23434448242188
spy,2018-05-22,241.5608673095703
spy,2018-05-23,242.22547912597656
spy,2018-05-24,241.72930908203125
spy,2018-05-25,241.1532440185547
spy,2018-05-29,238.3797607421875
spy,2018-05-30,241.5608673095703
spy,2018-05-31,240.08108520507812
spy,2018-06-01,242.43817138671875
spy,2018-06-04,243.590087890625
spy,2018-06-05,243.7672882080078
spy,2018-06-06,245.8053436279297
spy,2018-06-07,245.77879333496094
spy,2018-06-08,246.50535583496094
spy,2018-06-11,246.83319091796875
spy,2018-06-12,247.1522674560547
spy,2018-06-13,246.36363220214844
spy,2018-06-14,246.9838104248047
spy,2018-06-15,246.66880798339844
spy,2018-06-18,246.161376953125
spy,2018-06-19,245.2179718017578
spy,2018-06-20,245.6362762451172
spy,2018-06-21,244.09640502929688
spy,2018-06-22,244.5414276123047
spy,2018-06-25,241.2125244140625
spy,2018-06-26,241.74655151367188
spy,2018-06-27,239.74395751953125
spy,2018-06-28,241.1147003173828
spy,2018-06-29,241.46176147460938
spy,2018-07-02,241.97799682617188
spy,2018-07-03,241.1235809326172
spy,2018-07-05,243.09068298339844
spy,2018-07-06,245.1466827392578
spy,2018-07-09,247.35415649414062
spy,2018-07-10,248.24417114257812
spy,2018-07-11,246.42840576171875
spy,2018-07-12,248.6625518798828
spy,2018-07-13,248.85838317871094
spy,2018-07-16,248.63587951660156
spy,2018-07-17,249.6416778564453
spy,2018-07-18,250.16680908203125
spy,2018-07-19,249.22332763671875
spy,2018-07-20,248.93841552734375
spy,2018-07-23,249.4012908935547
spy,2018-07-24,250.65634155273438
spy,2018-07-25,252.79258728027344
spy,2018-07-26,252.19613647460938
spy,2018-07-27,250.48724365234375
spy,2018-07-30,249.1787872314453
spy,2018-07-31,250.4071044921875
spy,2018-08-01,249.98875427246094
spy,2018-08-02,251.35060119628906
spy,2018-08-03,252.42758178710938
spy,2018-08-06,253.353271484375
spy,2018-08-07,254.18995666503906
spy,2018-08-08,254.0831298828125
spy,2018-08-09,253.73599243164062
spy,2018-08-10,252.0360107421875
spy,2018-08-13,251.09246826171875
spy,2018-08-14,252.69461059570312
spy,2018-08-15,250.80758666992188
spy,2018-08-16,252.83697509765625
spy,2018-08-17,253.7271270751953
spy,2018-08-20,254.27012634277344
spy,2018-08-21,254.86639404296875
spy,2018-08-22,254.7151336669922
spy,2018-08-23,254.3768768310547
spy,2018-08-24,255.907958984375
spy,2018-08-27,257.9283752441406
spy,2018-08-28,258.05291748046875
spy,2018-08-29,259.44140625
spy,2018-08-30,258.39111328125
spy,2018-08-31,258.4000549316406
spy,2018-09-04,257.9549865722656
spy,2018-09-05,257.2607727050781
spy,2018-09-06,256.486328125
spy,2018-09-07,255.9879913330078
spy,2018-09-10,256.43292236328125
spy,2018-09-11,257.278564453125
spy,2018-09-12,257.3408508300781
spy,2018-09-13,258.8629150390625
spy,2018-09-14,258.90740966796875
spy,2018-09-17,257.5367126464844
spy,2018-09-18,258.93414306640625
spy,2018-09-19,259.2100524902344
spy,2018-09-20,261.3105773925781
spy,2018-09-21,261.0718994140625
spy,2018-09-24,260.20458984375
spy,2018-09-25,259.9631652832031
spy,2018-09-26,259.18536376953125
spy,2018-09-27,259.90960693359375
spy,2018-09-28,259.9364318847656
spy,2018-10-01,260.83941650390625
spy,2018-10-02,260.6874694824219
spy,2018-10-03,260.8304138183594
spy,2018-10-04,258.7918701171875
spy,2018-10-05,257.3434143066406
spy,2018-10-08,257.3434143066406
spy,2018-10-09,256.96795654296875
spy,2018-10-10,248.83154296875
spy,2018-10-11,243.3506317138672
spy,2018-10-12,246.73031616210938
spy,2018-10-15,245.344482421875
spy,2018-10-16,250.7091522216797
spy,2018-10-17,250.7538604736328
spy,2018-10-18,247.1326904296875
spy,2018-10-19,246.99856567382812
spy,2018-10-22,245.88995361328125
spy,2018-10-23,244.63809204101562
spy,2018-10-24,237.22593688964844
spy,2018-10-25,241.48194885253906
spy,2018-10-26,237.23484802246094
spy,2018-10-29,235.9205322265625
spy,2018-10-30,239.41650390625
spy,2018-10-31,241.97364807128906
spy,2018-11-01,244.54873657226562
spy,2018-11-02,243.1002960205078
spy,2018-11-05,244.4414825439453
spy,2018-11-06,245.9882049560547
spy,2018-11-07,251.254638671875
spy,2018-11-08,250.79852294921875
spy,2018-11-09,248.34869384765625
spy,2018-11-12,243.70826721191406
spy,2018-11-13,243.25230407714844
spy,2018-11-14,241.58917236328125
spy,2018-11-15,244.1105499267578
spy,2018-11-16,244.74542236328125
spy,2018-11-19,240.6056671142578
spy,2018-11-20,236.1529541015625
spy,2018-11-21,236.95767211914062
spy,2018-11-23,235.37509155273438
spy,2018-11-26,239.1750946044922
spy,2018-11-27,239.97984313964844
spy,2018-11-28,245.50537109375
spy,2018-11-29,244.96897888183594
spy,2018-11-30,246.462158203125
spy,2018-12-03,249.72555541992188
spy,2018-12-04,241.6339111328125
spy,2018-12-06,241.26739501953125
spy,2018-12-07,235.66122436523438
spy,2018-12-10,236.10830688476562
spy,2018-12-11,236.1619415283203
spy,2018-12-12,237.35110473632812
spy,2018-12-13,237.2706756591797
spy,2018-12-14,232.8895263671875
spy,2018-12-17,228.32054138183594
spy,2018-12-18,228.07020568847656
spy,2018-12-19,224.6547088623047
spy,2018-12-20,220.997802734375
spy,2018-12-21,216.4696502685547
spy,2018-12-24,210.74984741210938
spy,2018-12-26,221.3980255126953
spy,2018-12-27,223.09771728515625
spy,2018-12-28,222.80995178222656
spy,2018-12-31,224.7615203857422
spy,2019-01-02,224.9953155517578
spy,2019-01-03,219.6262969970703
spy,2019-01-04,226.98284912109375
spy,2019-01-07,228.77255249023438
spy,2019-01-08,230.92193603515625
spy,2019-01-09,232.00115966796875
spy,2019-01-10,232.8195037841797
spy,2019-01-11,232.90948486328125
spy,2019-01-14,231.488525390625
spy,2019-01-15,234.1415557861328
spy,2019-01-16,234.70819091796875
spy,2019-01-17,236.48883056640625
spy,2019-01-18,239.63653564453125
spy,2019-01-22,236.39886474609375
spy,2019-01-23,236.89349365234375
spy,2019-01-24,237.0194091796875
spy,2019-01-25,239.02490234375
spy,2019-01-28,237.20831298828125
spy,2019-01-29,236.89349365234375
spy,2019-01-30,240.6437225341797
spy,2019-01-31,242.7571563720703
spy,2019-02-01,242.87408447265625
spy,2019-02-04,244.58282470703125
spy,2019-02-05,245.6080780029297
spy,2019-02-06,245.28431701660156
spy,2019-02-07,242.946044921875
spy,2019-02-08,243.24276733398438
spy,2019-02-11,243.37765502929688
spy,2019-02-12,246.50741577148438
spy,2019-02-13,247.3077850341797
spy,2019-02-14,246.75918579101562
spy,2019-02-15,249.44822692871094
spy,2019-02-19,249.8798828125
spy,2019-02-20,250.3834686279297
spy,2019-02-21,249.49313354492188
spy,2019-02-22,251.04006958007812
spy,2019-02-25,251.38180541992188
spy,2019-02-26,251.20191955566406
spy,2019-02-27,251.09405517578125
spy,2019-02-28,250.62635803222656
spy,2019-03-01,252.19113159179688
spy,2019-03-04,251.2738494873047
spy,2019-03-05,250.93215942382812
spy,2019-03-06,249.41224670410156
spy,2019-03-07,247.32583618164062
spy,2019-03-08,246.8311309814453
spy,2019-03-11,250.4105224609375
spy,2019-03-12,251.35475158691406
spy,2019-03-13,253.01849365234375
spy,2019-03-14,252.8566436767578
spy,2019-03-15,254.10592651367188
spy,2019-03-18,255.02728271484375
spy,2019-03-19,255.0905303955078
spy,2019-03-20,254.32276916503906
spy,2019-03-21,257.1952209472656
spy,2019-03-22,252.24514770507812
spy,2019-03-25,252.0555877685547
spy,2019-03-26,253.9343719482422
spy,2019-03-27,252.6064910888672
spy,2019-03-28,253.56393432617188
spy,2019-03-29,255.162841796875
spy,2019-04-01,258.18878173828125
spy,2019-04-02,258.3153381347656
spy,2019-04-03,258.72174072265625
spy,2019-04-04,259.4083557128906
spy,2019-04-05,260.66387939453125
spy,2019-04-08,260.8625793457031
spy,2019-04-09,259.5257263183594
spy,2019-04-10,260.4109802246094
spy,2019-04-11,260.3387145996094
spy,2019-04-12,262.10003662109375
spy,2019-04-15,261.928466796875
spy,2019-04-16,262.10003662109375
spy,2019-04-17,261.45880126953125
spy,2019-04-18,261.9736022949219
spy,2019-04-22,262.199462890625
spy,2019-04-23,264.5571594238281
spy,2019-04-24,263.9700012207031
spy,2019-04-25,263.80731201171875
spy,2019-04-26,265.0357360839844
spy,2019-04-29,265.45135498046875
spy,2019-04-30,265.5868225097656
spy,2019-05-01,263.5905456542969
spy,2019-05-02,263.0215148925781
spy,2019-05-03,265.59588623046875
spy,2019-05-06,264.5028381347656
spy,2019-05-07,260.08575439453125
spy,2019-05-08,259.72442626953125
spy,2019-05-09,258.9385681152344
spy,2019-05-10,260.2393798828125
spy,2019-05-13,253.69947814941406
spy,2019-05-14,255.99380493164062
spy,2019-05-15,257.4933776855469
spy,2019-05-16,259.8779602050781
spy,2019-05-17,258.1978759765625
spy,2019-05-20,256.49072265625
spy,2019-05-21,258.80316162109375
spy,2019-05-22,258.0082092285156
spy,2019-05-23,254.8556671142578
spy,2019-05-24,255.43380737304688
spy,2019-05-28,253.05812072753906
spy,2019-05-29,251.3599853515625
spy,2019-05-30,252.04647827148438
spy,2019-05-31,248.65000915527344
spy,2019-06-03,248.01773071289062
spy,2019-06-04,253.4013671875
spy,2019-06-05,255.59642028808594
spy,2019-06-06,257.2583923339844
spy,2019-06-07,259.832763671875
spy,2019-06-10,261.025146484375
spy,2019-06-11,260.9619140625
spy,2019-06-12,260.5013122558594
spy,2019-06-13,261.5761413574219
spy,2019-06-14,261.28717041015625
spy,2019-06-17,261.386474609375
spy,2019-06-18,264.1235046386719
spy,2019-06-19,264.7197265625
spy,2019-06-20,267.24884033203125
spy,2019-06-21,266.86041259765625
spy,2019-06-24,266.5336608886719
spy,2019-06-25,263.9195251464844
spy,2019-06-26,263.65625
spy,2019-06-27,264.5911865234375
spy,2019-06-28,265.9527282714844
spy,2019-07-01,268.3671875
spy,2019-07-02,269.06610107421875
spy,2019-07-03,271.21728515625
spy,2019-07-05,270.90863037109375
spy,2019-07-08,269.42010498046875
spy,2019-07-09,269.7559509277344
spy,2019-07-10,271.0448913574219
spy,2019-07-11,271.6802062988281
spy,2019-07-12,272.8965148925781
spy,2019-07-15,272.98724365234375
spy,2019-07-16,272.1068115234375
spy,2019-07-17,270.2550964355469
spy,2019-07-18,271.24456787109375
spy,2019-07-19,269.73779296875
spy,2019-07-22,270.400390625
spy,2019-07-23,272.3337097167969
spy,2019-07-24,273.6136779785156
spy,2019-07-25,272.3064880371094
spy,2019-07-26,274.1309509277344
spy,2019-07-29,273.63177490234375
spy,2019-07-30,272.9600524902344
spy,2019-07-31,269.9737854003906
spy,2019-08-01,267.62286376953125
spy,2019-08-02,265.6078186035156
spy,2019-08-05,257.6201171875
spy,2019-08-06,261.2327575683594
spy,2019-08-07,261.38702392578125
spy,2019-08-08,266.5155029296875
spy,2019-08-09,264.7000427246094
spy,2019-08-12,261.4778137207031
spy,2019-08-13,265.544189453125
spy,2019-08-14,257.6927795410156
spy,2019-08-15,258.3735656738281
spy,2019-08-16,262.1858215332031
spy,2019-08-19,265.3445739746094
spy,2019-08-20,263.3113708496094
spy,2019-08-21,265.4534912109375
spy,2019-08-22,265.3717956542969
spy,2019-08-23,258.5550231933594
spy,2019-08-26,261.414306640625
spy,2019-08-27,260.3885192871094
spy,2019-08-28,262.2221374511719
spy,2019-08-29,265.5713806152344
spy,2019-08-30,265.4534912109375
spy,2019-09-03,263.9013671875
spy,2019-09-04,266.89678955078125
spy,2019-09-05,270.32781982421875
spy,2019-09-06,270.5364990234375
spy,2019-09-09,270.67266845703125
spy,2019-09-10,270.6091613769531
spy,2019-09-11,272.53350830078125
spy,2019-09-12,273.47747802734375
spy,2019-09-13,273.2958679199219
spy,2019-09-16,272.4517517089844
spy,2019-09-17,273.1415710449219
spy,2019-09-18,273.3049621582031
spy,2019-09-19,273.286865234375
spy,2019-09-20,271.9956359863281
spy,2019-09-23,271.9317626953125
spy,2019-09-24,269.7979736328125
spy,2019-09-25,271.39373779296875
spy,2019-09-26,270.8284912109375
spy,2019-09-27,269.3693542480469
spy,2019-09-30,270.6186218261719
spy,2019-10-01,267.39971923828125
spy,2019-10-02,262.6761779785156
spy,2019-10-03,264.82830810546875
spy,2019-10-04,268.4118957519531
spy,2019-10-07,267.2538757324219
spy,2019-10-08,263.104736328125
spy,2019-10-09,265.6033020019531
spy,2019-10-10,267.39971923828125
spy,2019-10-11,270.1717529296875
spy,2019-10-14,269.8708801269531
spy,2019-10-15,272.54278564453125
spy,2019-10-16,272.10498046875
spy,2019-10-17,272.9075012207031
spy,2019-10-18,271.71295166015625
spy,2019-10-21,273.5549011230469
spy,2019-10-22,272.6612854003906
spy,2019-10-23,273.45452880859375
spy,2019-10-24,273.90142822265625
spy,2019-10-25,275.02301025390625
spy,2019-10-28,276.5732727050781
spy,2019-10-29,276.49114990234375
spy,2019-10-30,277.3392028808594
spy,2019-10-31,276.6004943847656
spy,2019-11-01,279.1629638671875
spy,2019-11-04,280.2845458984375
spy,2019-11-05,279.97467041015625
spy,2019-11-06,280.0384216308594
spy,2019-11-07,281.0232238769531
spy,2019-11-08,281.71630859375
spy,2019-11-11,281.1782531738281
spy,2019-11-12,281.77093505859375
spy,2019-11-13,281.86212158203125
spy,2019-11-14,282.27252197265625
spy,2019-11-15,284.3150329589844
spy,2019-11-18,284.52484130859375
spy,2019-11-19,284.44281005859375
spy,2019-11-20,283.38494873046875
spy,2019-11-21,282.92901611328125
spy,2019-11-22,283.5581970214844
spy,2019-11-25,285.7558898925781
spy,2019-11-26,286.4033203125
spy,2019-11-27,287.67999267578125
spy,2019-11-29,286.613037109375
spy,2019-12-02,284.1783447265625
spy,2019-12-03,282.27252197265625
spy,2019-12-04,284.0141906738281
spy,2019-12-05,284.52484130859375
spy,2019-12-06,287.1236877441406
spy,2019-12-09,286.220947265625
spy,2019-12-10,285.9018249511719
spy,2019-12-11,286.7132873535156
spy,2019-12-12,289.18463134765625
spy,2019-12-13,289.35784912109375
spy,2019-12-16,291.3456726074219
spy,2019-12-17,291.4095458984375
spy,2019-12-18,291.4277038574219
spy,2019-12-19,292.622314453125
spy,2019-12-20,293.9052429199219
spy,2019-12-23,294.3542785644531
spy,2019-12-24,294.36346435546875
spy,2019-12-26,295.930419921875
spy,2019-12-27,295.8570861816406
spy,2019-12-30,294.2259826660156
spy,2019-12-31,294.940673828125
spy,2020-01-02,297.69891357421875
spy,2020-01-03,295.4447021484375
spy,2020-01-06,296.5718688964844
spy,2020-01-07,295.7380065917969
spy,2020-01-08,297.3141784667969
spy,2020-01-09,299.33013916015625
spy,2020-01-10,298.46868896484375
spy,2020-01-13,300.5213928222656
spy,2020-01-14,300.0632629394531
spy,2020-01-15,300.7413330078125
spy,2020-01-16,303.24298095703125
spy,2020-01-17,304.1867980957031
spy,2020-01-21,303.5911865234375
spy,2020-01-22,303.6278076171875
spy,2020-01-23,303.9760437011719
spy,2020-01-24,301.2727355957031
spy,2020-01-27,296.443603515625
spy,2020-01-28,299.550048828125
spy,2020-01-29,299.3026123046875
spy,2020-01-30,300.2739562988281
spy,2020-01-31,294.8216247558594
spy,2020-02-03,297.01171875
spy,2020-02-04,301.5386047363281
spy,2020-02-05,305.0207214355469
spy,2020-02-06,306.0469970703125
spy,2020-02-07,304.41595458984375
spy,2020-02-10,306.6884765625
spy,2020-02-11,307.219970703125
spy,2020-02-12,309.1994323730469
spy,2020-02-13,308.869384765625
spy,2020-02-14,309.3643493652344
spy,2020-02-18,308.5671081542969
spy,2020-02-19,310.0423889160156
spy,2020-02-20,308.76861572265625
spy,2020-02-21,305.5888977050781
spy,2020-02-24,295.4538879394531
spy,2020-02-25,286.5010070800781
spy,2020-02-26,285.447265625
spy,2020-02-27,272.6273193359375
spy,2020-02-28,271.4818420410156
spy,2020-03-02,283.2388000488281
spy,2020-03-03,275.12890625
spy,2020-03-04,286.6933898925781
spy,2020-03-05,277.16326904296875
spy,2020-03-06,272.5814514160156
spy,2020-03-09,251.29434204101562
spy,2020-03-10,264.2975158691406
spy,2020-03-11,251.41342163085938
spy,2020-03-12,227.3589324951172
spy,2020-03-13,246.7949981689453
spy,2020-03-16,219.78981018066406
spy,2020-03-17,231.6566619873047
spy,2020-03-18,219.9272003173828
spy,2020-03-19,220.39453125
spy,2020-03-20,210.89682006835938
spy,2020-03-23,205.5045623779297
spy,2020-03-24,224.12396240234375
spy,2020-03-25,227.47914123535156
spy,2020-03-26,240.76158142089844
spy,2020-03-27,233.5903778076172
spy,2020-03-30,241.1763916015625
spy,2020-03-31,237.58151245117188
spy,2020-04-01,226.8892364501953
spy,2020-04-02,232.1248016357422
spy,2020-04-03,228.7696533203125
spy,2020-04-06,244.13522338867188
spy,2020-04-07,244.38406372070312
spy,2020-04-08,252.5876922607422
spy,2020-04-09,256.43133544921875
spy,2020-04-13,254.09014892578125
spy,2020-04-14,261.5840148925781
spy,2020-04-15,256.0258483886719
spy,2020-04-16,257.2610168457031
spy,2020-04-17,264.2109375
spy,2020-04-20,259.55615234375
spy,2020-04-21,251.67515563964844
spy,2020-04-22,257.2610168457031
spy,2020-04-23,257.2425537109375
spy,2020-04-24,260.8280944824219
spy,2020-04-27,264.5888671875
spy,2020-04-28,263.3721618652344
spy,2020-04-29,270.2668762207031
spy,2020-04-30,267.75048828125
spy,2020-05-01,260.6622314453125
spy,2020-05-04,261.3812255859375
spy,2020-05-05,263.79620361328125
spy,2020-05-06,262.008056640625
spy,2020-05-07,265.1695556640625
spy,2020-05-08,269.55706787109375
spy,2020-05-11,269.6125183105469
spy,2020-05-12,264.2386169433594
spy,2020-05-13,259.5653381347656
spy,2020-05-14,262.6716613769531
spy,2020-05-15,263.8791198730469
spy,2020-05-18,271.91680908203125
spy,2020-05-19,269.1239013671875
spy,2020-05-20,273.69573974609375
spy,2020-05-21,271.8061828613281
spy,2020-05-22,272.3224792480469
spy,2020-05-26,275.6775207519531
spy,2020-05-27,279.77935791015625
spy,2020-05-28,279.2632141113281
spy,2020-05-29,280.5075988769531
spy,2020-06-01,281.6412658691406
spy,2020-06-02,283.9732360839844
spy,2020-06-03,287.7524719238281
spy,2020-06-04,286.99664306640625
spy,2020-06-05,294.35223388671875
spy,2020-06-08,297.91015625
spy,2020-06-09,295.6888122558594
spy,2020-06-10,294.0388488769531
spy,2020-06-11,277.087890625
spy,2020-06-12,280.40618896484375
spy,2020-06-15,283.02392578125
spy,2020-06-16,288.471435546875
spy,2020-06-17,287.2732238769531
spy,2020-06-18,287.3839111328125
spy,2020-06-19,285.7414245605469
spy,2020-06-22,287.57452392578125
spy,2020-06-23,288.8984680175781
spy,2020-06-24,281.5289306640625
spy,2020-06-25,284.5472106933594
spy,2020-06-26,277.78875732421875
spy,2020-06-29,281.87158203125
spy,2020-06-30,285.4821472167969
spy,2020-07-01,287.4819030761719
spy,2020-07-02,289.0650329589844
spy,2020-07-06,293.5274658203125
spy,2020-07-07,290.50006103515625
spy,2020-07-08,292.72198486328125
spy,2020-07-09,291.0555725097656
spy,2020-07-10,294.02728271484375
spy,2020-07-13,291.4814453125
spy,2020-07-14,295.2587585449219
spy,2020-07-15,297.9713134765625
spy,2020-07-16,296.9899597167969
spy,2020-07-17,297.8509826660156
spy,2020-07-20,300.2581481933594
spy,2020-07-21,300.89691162109375
spy,2020-07-22,302.6095886230469
spy,2020-07-23,298.99896240234375
spy,2020-07-24,297.0732421875
spy,2020-07-27,299.23968505859375
spy,2020-07-28,297.3418273925781
spy,2020-07-29,300.99871826171875
spy,2020-07-30,299.9247741699219
spy,2020-07-31,302.2948913574219
spy,2020-08-03,304.39654541015625
spy,2020-08-04,305.572265625
spy,2020-08-05,307.4701232910156
spy,2020-08-06,309.5254821777344
spy,2020-08-07,309.7476806640625
spy,2020-08-10,310.6734619140625
spy,2020-08-11,308.1089172363281
spy,2020-08-12,312.4047546386719
spy,2020-08-13,311.8398742675781
spy,2020-08-14,311.84918212890625
spy,2020-08-17,312.8397521972656
spy,2020-08-18,313.51568603515625
spy,2020-08-19,312.2102966308594
spy,2020-08-20,313.182373046875
spy,2020-08-21,314.29327392578125
spy,2020-08-24,317.47802734375
spy,2020-08-25,318.58905029296875
spy,2020-08-26,321.7830505371094
spy,2020-08-27,322.4867248535156
spy,2020-08-28,324.56982421875
spy,2020-08-31,323.39410400390625
spy,2020-09-01,326.44000244140625
spy,2020-09-02,331.1615295410156
spy,2020-09-03,319.76495361328125
spy,2020-09-04,317.15411376953125
spy,2020-09-08,308.488525390625
spy,2020-09-09,314.5803527832031
spy,2020-09-10,309.11810302734375
spy,2020-09-11,309.2754821777344
spy,2020-09-14,313.3490295410156
spy,2020-09-15,314.93218994140625
spy,2020-09-16,313.68231201171875
spy,2020-09-17,310.9234313964844
spy,2020-09-18,307.3438415527344
spy,2020-09-21,303.9232482910156
spy,2020-09-22,307.0185852050781
spy,2020-09-23,299.8984375
spy,2020-09-24,300.6977844238281
spy,2020-09-25,305.5592041015625
spy,2020-09-28,310.63433837890625
spy,2020-09-29,308.9425964355469
spy,2020-09-30,311.2850036621094
spy,2020-10-01,313.2833557128906
spy,2020-10-02,310.3089599609375
spy,2020-10-05,315.811767578125
spy,2020-10-06,311.3222351074219
spy,2020-10-07,316.7412414550781
spy,2020-10-08,319.54840087890625
spy,2020-10-09,322.4019775390625
spy,2020-10-12,327.588623046875
spy,2020-10-13,325.45086669921875
spy,2020-10-14,323.4057922363281
spy,2020-10-15,323.0062255859375
spy,2020-10-16,322.81097412109375
spy,2020-10-19,317.9031982421875
spy,2020-10-20,319.1765441894531
spy,2020-10-21,318.5723876953125
spy,2020-10-22,320.3198547363281
spy,2020-10-23,321.4074401855469
spy,2020-10-26,315.4677734375
spy,2020-10-27,314.3802795410156
spy,2020-10-28,303.63507080078125
spy,2020-10-29,306.7210388183594
spy,2020-10-30,303.5235595703125
spy,2020-11-02,306.92559814453125
spy,2020-11-03,312.3446044921875
spy,2020-11-04,319.3252868652344
spy,2020-11-05,325.55303955078125
spy,2020-11-06,325.478759765625
spy,2020-11-09,329.56854248046875
spy,2020-11-10,329.0851135253906
spy,2020-11-11,331.52984619140625
spy,2020-11-12,328.3136291503906
spy,2020-11-13,332.8589782714844
spy,2020-11-16,337.013916015625
spy,2020-11-17,335.2013854980469
spy,2020-11-18,331.167236328125
spy,2020-11-19,332.5615539550781
spy,2020-11-20,330.2842102050781
spy,2020-11-23,332.2640686035156
spy,2020-11-24,337.61810302734375
spy,2020-11-25,337.09759521484375
spy,2020-11-27,338.036376953125
spy,2020-11-30,336.5398864746094
spy,2020-12-01,340.2207336425781
spy,2020-12-02,340.9364929199219
spy,2020-12-03,340.84356689453125
spy,2020-12-04,343.7807922363281
spy,2020-12-07,343.0743408203125
spy,2020-12-08,344.0782470703125
spy,2020-12-09,340.99224853515625
spy,2020-12-10,340.8807678222656
spy,2020-12-11,340.48101806640625
spy,2020-12-14,338.95660400390625
spy,2020-12-15,343.53912353515625
spy,2020-12-16,344.0782470703125
spy,2020-12-17,346.0023193359375
spy,2020-12-18,344.62078857421875
spy,2020-12-21,343.3885803222656
spy,2020-12-22,342.8098449707031
spy,2020-12-23,343.117919921875
spy,2020-12-24,344.4527587890625
spy,2020-12-28,347.4119567871094
spy,2020-12-29,346.74908447265625
spy,2020-12-30,347.2438659667969
spy,2020-12-31,349.008056640625
spy,2021-01-04,344.2567443847656
spy,2021-01-05,346.6278076171875
spy,2021-01-06,348.7000732421875
spy,2021-01-07,353.880859375
spy,2021-01-08,355.8971862792969
spy,2021-01-11,353.4981689453125
spy,2021-01-12,353.5728454589844
spy,2021-01-13,354.5250244140625
spy,2021-01-14,353.2834167480469
spy,2021-01-15,350.7070617675781
spy,2021-01-19,353.4608459472656
spy,2021-01-20,358.352294921875
spy,2021-01-21,358.6789245605469
spy,2021-01-22,357.40948486328125
spy,2021-01-25,358.81890869140625
spy,2021-01-26,358.2589416503906
spy,2021-01-27,349.5028076171875
spy,2021-01-28,352.5086975097656
spy,2021-01-29,345.4516296386719
spy,2021-02-01,351.20184326171875
spy,2021-02-02,356.16790771484375
spy,2021-02-03,356.4479675292969
spy,2021-02-04,360.49920654296875
spy,2021-02-05,361.91815185546875
spy,2021-02-08,364.5318298339844
spy,2021-02-09,364.2890930175781
spy,2021-02-10,364.1304016113281
spy,2021-02-11,364.7185363769531
spy,2021-02-12,366.5201721191406
spy,2021-02-16,366.2027587890625
spy,2021-02-17,366.2867736816406
spy,2021-02-18,364.7278747558594
spy,2021-02-19,364.0837097167969
spy,2021-02-22,361.28338623046875
spy,2021-02-23,361.7220764160156
spy,2021-02-24,365.7079772949219
spy,2021-02-25,356.89599609375
spy,2021-02-26,355.0570068359375
spy,2021-03-01,363.6636962890625
spy,2021-03-02,360.825927734375
spy,2021-03-03,356.0466003417969
spy,2021-03-04,351.6405944824219
spy,2021-03-05,358.1094970703125
spy,2021-03-08,356.3266296386719
spy,2021-03-09,361.4140930175781
spy,2021-03-10,363.6636962890625
spy,2021-03-11,367.3509521484375
spy,2021-03-12,367.8457336425781
spy,2021-03-15,370.0393371582031
spy,2021-03-16,369.5726013183594
spy,2021-03-17,370.8327331542969
spy,2021-03-18,365.437255859375
spy,2021-03-19,364.76116943359375
spy,2021-03-22,367.67376708984375
spy,2021-03-23,364.7799072265625
spy,2021-03-24,362.925537109375
spy,2021-03-25,364.9671936035156
spy,2021-03-26,370.8486633300781
spy,2021-03-29,370.6612854003906
spy,2021-03-30,369.6779479980469
spy,2021-03-31,371.1764221191406
spy,2021-04-01,375.1847229003906
spy,2021-04-05,380.5697937011719
spy,2021-04-06,380.3450622558594
spy,2021-04-07,380.78521728515625
spy,2021-04-08,382.5926818847656
spy,2021-04-09,385.3742370605469
spy,2021-04-12,385.51470947265625
spy,2021-04-13,386.6572265625
spy,2021-04-14,385.3367919921875
spy,2021-04-15,389.47625732421875
spy,2021-04-16,390.77813720703125
spy,2021-04-19,388.858154296875
spy,2021-04-20,386.0111083984375
spy,2021-04-21,389.6635437011719
spy,2021-04-22,386.10479736328125
spy,2021-04-23,390.29095458984375
spy,2021-04-26,391.1058349609375
spy,2021-04-27,391.021484375
spy,2021-04-28,390.9091796875
spy,2021-04-29,393.40032958984375
spy,2021-04-30,390.8155212402344
spy,2021-05-03,391.65838623046875
spy,2021-05-04,389.24212646484375
spy,2021-05-05,389.3638610839844
spy,2021-05-06,392.4731140136719
spy,2021-05-07,395.32958984375
spy,2021-05-10,391.4149169921875
spy,2021-05-11,387.921630859375
spy,2021-05-12,379.6800842285156
spy,2021-05-13,384.2410583496094
spy,2021-05-14,390.1412353515625
spy,2021-05-17,389.1484680175781
spy,2021-05-18,385.79571533203125
spy,2021-05-19,384.7841491699219
spy,2021-05-20,388.9237365722656
spy,2021-05-21,388.6051940917969
spy,2021-05-24,392.56683349609375
spy,2021-05-25,391.69580078125
spy,2021-05-26,392.4731140136719
spy,2021-05-27,392.67919921875
spy,2021-05-28,393.381591796875
spy,2021-06-01,393.03509521484375
spy,2021-06-02,393.6531982421875
spy,2021-06-03,392.1922302246094
spy,2021-06-04,395.77911376953125
spy,2021-06-07,395.3951416015625
spy,2021-06-08,395.4794006347656
spy,2021-06-09,394.88946533203125
spy,2021-06-10,396.7250061035156
spy,2021-06-11,397.38055419921875
spy,2021-06-14,398.27032470703125
spy,2021-06-15,397.53985595703125
spy,2021-06-16,395.3201904296875
spy,2021-06-17,395.1890869140625
spy,2021-06-18,389.85784912109375
spy,2021-06-21,395.4390563964844
spy,2021-06-22,397.5531921386719
spy,2021-06-23,397.073974609375
spy,2021-06-24,399.4229736328125
spy,2021-06-25,400.8417053222656
spy,2021-06-28,401.6498107910156
spy,2021-06-29,401.865966796875
spy,2021-06-30,402.2041320800781
spy,2021-07-01,404.4309997558594
spy,2021-07-02,407.52227783203125
spy,2021-07-06,406.7800598144531
spy,2021-07-07,408.2175598144531
spy,2021-07-08,404.89141845703125
spy,2021-07-09,409.2135314941406
spy,2021-07-12,410.67938232421875
spy,2021-07-13,409.279296875
spy,2021-07-14,409.8901062011719
spy,2021-07-15,408.49005126953125
spy,2021-07-16,405.28607177734375
spy,2021-07-19,399.30078125
spy,2021-07-20,405.02301025390625
spy,2021-07-21,408.3021545410156
spy,2021-07-22,409.1571960449219
spy,2021-07-23,413.3666076660156
spy,2021-07-26,414.38134765625
spy,2021-07-27,412.49267578125
spy,2021-07-28,412.3236083984375
spy,2021-07-29,414.03369140625
spy,2021-07-30,412.0229797363281
spy,2021-08-02,411.1585388183594
spy,2021-08-03,414.50347900390625
spy,2021-08-04,412.4645080566406
spy,2021-08-05,415.07666015625
spy,2021-08-06,415.7625427246094
spy,2021-08-09,415.4242858886719
spy,2021-08-10,415.9410705566406
spy,2021-08-11,416.97467041015625
spy,2021-08-12,418.22430419921875
spy,2021-08-13,418.98541259765625
spy,2021-08-16,419.9720153808594
spy,2021-08-17,417.21893310546875
spy,2021-08-18,412.6524963378906
spy,2021-08-19,413.2913513183594
spy,2021-08-20,416.5799865722656
spy,2021-08-23,420.24444580078125
spy,2021-08-24,420.9115905761719
spy,2021-08-25,421.7947692871094
spy,2021-08-26,419.30487060546875
spy,2021-08-27,423.05377197265625
spy,2021-08-30,424.9142150878906
spy,2021-08-31,424.2847595214844
spy,2021-09-01,424.5102233886719
spy,2021-09-02,425.8162841796875
spy,2021-09-03,425.71282958984375
spy,2021-09-07,424.19073486328125
spy,2021-09-08,423.6739196777344
spy,2021-09-09,421.8605651855469
spy,2021-09-10,418.5343322753906
spy,2021-09-13,419.60546875
spy,2021-09-14,417.34112548828125
spy,2021-09-15,420.8270263671875
spy,2021-09-16,420.159912109375
spy,2021-09-17,416.06707763671875
spy,2021-09-20,409.12945556640625
spy,2021-09-21,408.7430114746094
spy,2021-09-22,412.7301940917969
spy,2021-09-23,417.7449035644531
spy,2021-09-24,418.4330139160156
spy,2021-09-27,417.23590087890625
spy,2021-09-28,408.8277893066406
spy,2021-09-29,409.51593017578125
spy,2021-09-30,404.5107421875
spy,2021-10-01,409.3179626464844
spy,2021-10-04,404.0394287109375
spy,2021-10-05,408.243408203125
spy,2021-10-06,409.94012451171875
spy,2021-10-07,413.48431396484375
spy,2021-10-08,412.7301940917969
spy,2021-10-11,409.7421569824219
spy,2021-10-12,408.7335510253906
spy,2021-10-13,410.2040100097656
spy,2021-10-14,417.1039123535156
spy,2021-10-15,420.2805480957031
spy,2021-10-18,421.5246887207031
spy,2021-10-19,424.77679443359375
spy,2021-10-20,426.44512939453125
spy,2021-10-21,427.55743408203125
spy,2021-10-22,427.1144104003906
spy,2021-10-25,429.4049987792969
spy,2021-10-26,429.79144287109375
spy,2021-10-27,427.887451171875
spy,2021-10-28,432.0160217285156
spy,2021-10-29,432.8926086425781
spy,2021-11-01,433.63726806640625
spy,2021-11-02,435.3905334472656
spy,2021-11-03,438.0487365722656
spy,2021-11-04,440.1129150390625
spy,2021-11-05,441.6400451660156
spy,2021-11-08,442.0170593261719
spy,2021-11-09,440.5559997558594
spy,2021-11-10,437.0118408203125
spy,2021-11-11,437.15313720703125
spy,2021-11-12,440.45233154296875
spy,2021-11-15,440.6031799316406
spy,2021-11-16,442.346923828125
spy,2021-11-17,441.2724914550781
spy,2021-11-18,442.77117919921875
spy,2021-11-19,441.97943115234375
spy,2021-11-22,440.7351989746094
spy,2021-11-23,441.319580078125
spy,2021-11-24,442.4977722167969
spy,2021-11-26,432.62872314453125
spy,2021-11-29,437.93548583984375
spy,2021-11-30,429.4144287109375
spy,2021-12-01,424.6448059082031
spy,2021-12-02,431.1488342285156
spy,2021-12-03,427.3972473144531
spy,2021-12-06,432.45904541015625
spy,2021-12-07,441.4044189453125
spy,2021-12-08,442.5732116699219
spy,2021-12-09,439.5851745605469
spy,2021-12-10,443.7231750488281
spy,2021-12-13,439.79254150390625
spy,2021-12-14,436.76678466796875
spy,2021-12-15,443.5911865234375
spy,2021-12-16,439.67938232421875
spy,2021-12-17,434.9999694824219
spy,2021-12-20,430.3744201660156
spy,2021-12-21,438.0174560546875
spy,2021-12-22,442.3970642089844
spy,2021-12-23,445.1496276855469
spy,2021-12-27,451.44952392578125
spy,2021-12-28,451.08056640625
spy,2021-12-29,451.6575927734375
spy,2021-12-30,450.4089660644531
spy,2021-12-31,449.27392578125
spy,2022-01-03,451.8750915527344
spy,2022-01-04,451.7237243652344
spy,2022-01-05,443.0497741699219
spy,2022-01-06,442.63348388671875
spy,2022-01-07,440.883544921875
spy,2022-01-10,440.3349609375
spy,2022-01-11,444.3456115722656
spy,2022-01-12,445.5469665527344
spy,2022-01-13,439.407958984375
spy,2022-01-14,439.58770751953125
spy,2022-01-18,431.8027648925781
spy,2022-01-19,427.31903076171875
spy,2022-01-20,422.5895080566406
spy,2022-01-21,414.2937316894531
spy,2022-01-24,416.0531921386719
spy,2022-01-25,410.97357177734375
spy,2022-01-26,409.94256591796875
spy,2022-01-27,407.91827392578125
spy,2022-01-28,418.0491027832031
spy,2022-01-31,425.57861328125
spy,2022-02-01,428.45416259765625
spy,2022-02-02,432.6162109375
spy,2022-02-03,422.4476318359375
spy,2022-02-04,424.4340515136719
spy,2022-02-07,423.0719299316406
spy,2022-02-08,426.5528869628906
spy,2022-02-09,432.7959289550781
spy,2022-02-10,425.02044677734375
spy,2022-02-11,416.6396789550781
spy,2022-02-14,415.27752685546875
spy,2022-02-15,421.9747009277344
spy,2022-02-16,422.4476318359375
spy,2022-02-17,413.4236145019531
spy,2022-02-18,410.7465515136719
spy,2022-02-22,406.3385925292969
spy,2022-02-23,399.1307373046875
spy,2022-02-24,405.1372375488281
spy,2022-02-25,414.0762023925781
spy,2022-02-28,413.016845703125
spy,2022-03-01,406.7264709472656
spy,2022-03-02,414.2086486816406
spy,2022-03-03,412.14654541015625
spy,2022-03-04,408.79803466796875
spy,2022-03-07,396.7469482421875
spy,2022-03-08,393.73895263671875
spy,2022-03-09,404.29541015625
spy,2022-03-10,402.4698181152344
spy,2022-03-11,397.3523864746094
spy,2022-03-14,394.4483947753906
spy,2022-03-15,403.12249755859375
spy,2022-03-16,412.0614318847656
spy,2022-03-17,417.2166748046875
spy,2022-03-18,421.78631591796875
spy,2022-03-21,421.6629943847656
spy,2022-03-22,426.5970458984375
spy,2022-03-23,421.1032409667969
spy,2022-03-24,427.4510803222656
spy,2022-03-25,429.53851318359375
spy,2022-03-28,432.5938415527344
spy,2022-03-29,437.9454345703125
spy,2022-03-30,435.2412109375
spy,2022-03-31,428.5422668457031
spy,2022-04-01,429.75677490234375
spy,2022-04-04,433.43841552734375
spy,2022-04-05,427.9634094238281
spy,2022-04-06,423.68408203125
spy,2022-04-07,425.81903076171875
spy,2022-04-08,424.6803894042969
spy,2022-04-11,417.4216613769531
spy,2022-04-12,415.875
spy,2022-04-13,420.63824462890625
spy,2022-04-14,415.4005126953125
spy,2022-04-18,415.5713195800781
spy,2022-04-19,422.27978515625
spy,2022-04-20,421.9665832519531
spy,2022-04-21,415.65673828125
spy,2022-04-22,404.25146484375
spy,2022-04-25,406.5951843261719
spy,2022-04-26,394.8197937011719
spy,2022-04-27,395.9300231933594
spy,2022-04-28,405.9309387207031
spy,2022-04-29,390.9294738769531
spy,2022-05-02,393.28265380859375
spy,2022-05-03,395.0854797363281
spy,2022-05-04,407.11700439453125
spy,2022-05-05,392.6469421386719
spy,2022-05-06,390.3032531738281
spy,2022-05-09,377.8067626953125
spy,2022-05-10,378.67974853515625
spy,2022-05-11,372.6639709472656
spy,2022-05-12,372.2749328613281
spy,2022-05-13,381.17529296875
spy,2022-05-16,379.62860107421875
spy,2022-05-17,387.4377136230469
spy,2022-05-18,371.8194274902344
spy,2022-05-19,369.5422058105469
spy,2022-05-20,369.70355224609375
spy,2022-05-23,376.6207580566406
spy,2022-05-24,373.7457275390625
spy,2022-05-25,377.0476989746094
spy,2022-05-26,384.58160400390625
spy,2022-05-27,394.0228576660156
spy,2022-05-31,391.8119201660156
spy,2022-06-01,388.6427001953125
spy,2022-06-02,396.0438537597656
spy,2022-06-03,389.544189453125
spy,2022-06-06,390.73028564453125
spy,2022-06-07,394.4782409667969
spy,2022-06-08,390.18939208984375
spy,2022-06-09,380.90960693359375
spy,2022-06-10,369.8648986816406
spy,2022-06-13,355.82177734375
spy,2022-06-14,354.74951171875
spy,2022-06-15,359.8070068359375
spy,2022-06-16,347.8988037109375
spy,2022-06-17,348.64874267578125
spy,2022-06-21,357.4255065917969
spy,2022-06-22,356.7774963378906
spy,2022-06-23,360.2748718261719
spy,2022-06-24,371.7293701171875
spy,2022-06-27,370.30950927734375
spy,2022-06-28,362.7430114746094
spy,2022-06-29,362.4475402832031
spy,2022-06-30,359.5029602050781
spy,2022-07-01,363.3052062988281
spy,2022-07-05,363.9913635253906
spy,2022-07-06,365.220703125
spy,2022-07-07,370.69061279296875
spy,2022-07-08,370.3857421875
spy,2022-07-11,366.1546325683594
spy,2022-07-12,362.91448974609375
spy,2022-07-13,361.00860595703125
spy,2022-07-14,360.1319274902344
spy,2022-07-15,367.0122375488281
spy,2022-07-18,363.98187255859375
spy,2022-07-19,373.81634521484375
spy,2022-07-20,376.19873046875
spy,2022-07-21,380.0296630859375
spy,2022-07-22,376.5036926269531
spy,2022-07-25,376.96112060546875
spy,2022-07-26,372.5013122558594
spy,2022-07-27,382.1737976074219
spy,2022-07-28,386.9671325683594
spy,2022-07-29,392.608642578125
spy,2022-08-01,391.44610595703125
spy,2022-08-02,388.86358642578125
spy,2022-08-03,394.95294189453125
spy,2022-08-04,394.6861572265625
spy,2022-08-05,394.0190124511719
spy,2022-08-08,393.5616149902344
spy,2022-08-09,391.9988098144531
spy,2022-08-10,400.2322998046875
spy,2022-08-11,400.2322998046875
spy,2022-08-12,407.00787353515625
spy,2022-08-15,408.6850280761719
spy,2022-08-16,409.48553466796875
spy,2022-08-17,406.5789794921875
spy,2022-08-18,407.7607116699219
spy,2022-08-19,402.2811584472656
spy,2022-08-22,393.9046936035156
spy,2022-08-23,392.9517517089844
spy,2022-08-24,394.20965576171875
spy,2022-08-25,399.7749328613281
spy,2022-08-26,386.2428894042969
spy,2022-08-29,383.68902587890625
spy,2022-08-30,379.4769592285156
spy,2022-08-31,376.5894775390625
spy,2022-09-01,377.77117919921875
spy,2022-09-02,373.78778076171875
spy,2022-09-06,372.37744140625
spy,2022-09-07,379.0671691894531
spy,2022-09-08,381.54486083984375
spy,2022-09-09,387.47222900390625
spy,2022-09-12,391.6366882324219
spy,2022-09-13,374.6072998046875
spy,2022-09-14,376.03680419921875
spy,2022-09-15,371.7674560546875
spy,2022-09-16,368.9313049316406
spy,2022-09-19,371.7923583984375
spy,2022-09-20,367.52471923828125
spy,2022-09-21,361.1136474609375
spy,2022-09-22,358.0803527832031
spy,2022-09-23,352.080810546875
spy,2022-09-26,348.59783935546875
spy,2022-09-27,347.70794677734375
spy,2022-09-28,354.5495300292969
spy,2022-09-29,347.1434326171875
spy,2022-09-30,341.77532958984375
spy,2022-10-03,350.7986145019531
spy,2022-10-04,361.6686706542969
spy,2022-10-05,360.82659912109375
spy,2022-10-06,357.1044006347656
spy,2022-10-07,347.1434326171875
spy,2022-10-10,344.49285888671875
spy,2022-10-11,342.3111877441406
spy,2022-10-12,341.18206787109375
spy,2022-10-13,350.1861877441406
spy,2022-10-14,342.2059326171875
spy,2022-10-17,350.99957275390625
spy,2022-10-18,355.1236572265625
spy,2022-10-19,352.6070556640625
spy,2022-10-20,349.650390625
spy,2022-10-21,358.1473693847656
spy,2022-10-24,362.5298156738281
spy,2022-10-25,368.3189697265625
spy,2022-10-26,365.54400634765625
spy,2022-10-27,363.59197998046875
spy,2022-10-28,372.24212646484375
spy,2022-10-31,369.55328369140625
spy,2022-11-01,367.9361877441406
spy,2022-11-02,358.702392578125
spy,2022-11-03,355.0088806152344
spy,2022-11-04,360.1185607910156
spy,2022-11-07,363.5632629394531
spy,2022-11-08,365.5248718261719
spy,2022-11-09,357.9942626953125
spy,2022-11-10,377.6675720214844
spy,2022-11-11,381.32281494140625
spy,2022-11-14,378.0790100097656
spy,2022-11-15,381.3036804199219
spy,2022-11-16,378.394775390625
spy,2022-11-17,377.2369689941406
spy,2022-11-18,378.9497985839844
spy,2022-11-21,377.57183837890625
spy,2022-11-22,382.6528625488281
spy,2022-11-23,385.0642395019531
spy,2022-11-25,384.9780578613281
spy,2022-11-28,378.83502197265625
spy,2022-11-29,378.184326171875
spy,2022-11-30,390.0973205566406
spy,2022-12-01,389.81024169921875
spy,2022-12-02,389.36053466796875
spy,2022-12-05,382.356201171875
spy,2022-12-06,376.8446350097656
spy,2022-12-07,376.2035217285156
spy,2022-12-08,379.1507263183594
spy,2022-12-09,376.3183898925781
spy,2022-12-12,381.74383544921875
spy,2022-12-13,384.63360595703125
spy,2022-12-14,382.1744384765625
spy,2022-12-15,372.8258056640625
spy,2022-12-16,368.4241638183594
spy,2022-12-19,365.3000183105469
spy,2022-12-20,365.79986572265625
spy,2022-12-21,371.2695007324219
spy,2022-12-22,365.97296142578125
spy,2022-12-23,368.078125
spy,2022-12-27,366.6266174316406
spy,2022-12-28,362.07025146484375
spy,2022-12-29,368.5876159667969
spy,2022-12-30,367.61676025390625
spy,2023-01-03,366.0690612792969
spy,2023-01-04,368.89520263671875
spy,2023-01-05,364.68487548828125
spy,2023-01-06,373.0478820800781
spy,2023-01-09,372.8363342285156
spy,2023-01-10,375.4510498046875
spy,2023-01-11,380.19964599609375
spy,2023-01-12,381.5838928222656
spy,2023-01-13,383.0642395019531
spy,2023-01-17,382.3625183105469
spy,2023-01-18,376.3257751464844
spy,2023-01-19,373.5861511230469
spy,2023-01-20,380.5456848144531
spy,2023-01-23,385.1116943359375
spy,2023-01-24,384.6983642578125
spy,2023-01-25,384.8425598144531
spy,2023-01-26,389.0721435546875
spy,2023-01-27,389.96612548828125
spy,2023-01-30,385.0733337402344
spy,2023-01-31,390.7351379394531
spy,2023-02-01,394.8877868652344
spy,2023-02-02,400.63616943359375
spy,2023-02-03,396.3777770996094
spy,2023-02-06,393.9553527832031
spy,2023-02-07,399.1077575683594
spy,2023-02-08,394.7435607910156
spy,2023-02-09,391.3215026855469
spy,2023-02-10,392.2347106933594
spy,2023-02-13,396.839111328125
spy,2023-02-14,396.6565246582031
spy,2023-02-15,397.9446105957031
spy,2023-02-16,392.4654235839844
spy,2023-02-17,391.4849548339844
spy,2023-02-21,383.6313781738281
spy,2023-02-22,383.1026611328125
spy,2023-02-23,385.1405944824219
spy,2023-02-24,381.0263671875
spy,2023-02-27,382.3240966796875
spy,2023-02-28,380.9110412597656
spy,2023-03-01,379.4498596191406
spy,2023-03-02,382.4009704589844
spy,2023-03-03,388.53387451171875
spy,2023-03-06,388.8030090332031
spy,2023-03-07,382.8431396484375
spy,2023-03-08,383.46795654296875
spy,2023-03-09,376.3930969238281
spy,2023-03-10,370.9618835449219
spy,2023-03-13,370.43316650390625
spy,2023-03-14,376.5564880371094
spy,2023-03-15,374.201416015625
spy,2023-03-16,380.7668151855469
spy,2023-03-17,376.3146057128906
spy,2023-03-20,379.9331359863281
spy,2023-03-21,384.92181396484375
spy,2023-03-22,378.3602600097656
spy,2023-03-23,379.3830871582031
spy,2023-03-24,381.87261962890625
spy,2023-03-27,382.586669921875
spy,2023-03-28,381.7279052734375
spy,2023-03-29,387.2762451171875
spy,2023-03-30,389.5438537597656
spy,2023-03-31,395.0343322753906
spy,2023-04-03,396.5396423339844
spy,2023-04-04,394.3396301269531
spy,2023-04-05,393.30712890625
spy,2023-04-06,394.8413391113281
spy,2023-04-10,395.2466125488281
spy,2023-04-11,395.3527526855469
spy,2023-04-12,393.7413635253906
spy,2023-04-13,398.9712829589844
spy,2023-04-14,397.9966735839844
spy,2023-04-17,399.4248352050781
spy,2023-04-18,399.68536376953125
spy,2023-04-19,399.6177673339844
spy,2023-04-20,397.43701171875
spy,2023-04-21,397.7457580566406
spy,2023-04-24,398.1607666015625
spy,2023-04-25,391.84039306640625
spy,2023-04-26,390.1806945800781
spy,2023-04-27,397.94842529296875
spy,2023-04-28,401.344970703125
spy,2023-05-01,400.93975830078125
spy,2023-05-02,396.4335021972656
spy,2023-05-03,393.7123718261719
spy,2023-05-04,390.9237060546875
spy,2023-05-05,398.1607666015625
spy,2023-05-08,398.2668151855469
spy,2023-05-09,396.5203857421875
spy,2023-05-10,398.3730163574219
spy,2023-05-11,397.67822265625
spy,2023-05-12,397.1571960449219
spy,2023-05-15,398.52740478515625
spy,2023-05-16,395.8641662597656
spy,2023-05-17,400.6695861816406
spy,2023-05-18,404.5292663574219
spy,2023-05-19,403.9406433105469
spy,2023-05-22,404.1047058105469
spy,2023-05-23,399.5695495605469
spy,2023-05-24,396.67474365234375
spy,2023-05-25,400.10986328125
spy,2023-05-26,405.2915344238281
spy,2023-05-30,405.4460144042969
spy,2023-05-31,403.1976623535156
spy,2023-06-01,407.0284423828125
spy,2023-06-02,412.9146423339844
spy,2023-06-05,412.12335205078125
spy,2023-06-06,413.0207214355469
spy,2023-06-07,411.59259033203125
spy,2023-06-08,414.08221435546875
spy,2023-06-09,414.8250732421875
spy,2023-06-12,418.5883483886719
spy,2023-06-13,421.34808349609375
spy,2023-06-14,421.8498840332031
spy,2023-06-15,427.07977294921875
spy,2023-06-16,425.62506103515625
spy,2023-06-20,423.4169006347656
spy,2023-06-21,421.24737548828125
spy,2023-06-22,422.7679443359375
spy,2023-06-23,419.5718688964844
spy,2023-06-26,417.85760498046875
spy,2023-06-27,422.4387512207031
spy,2023-06-28,422.6517333984375
spy,2023-06-29,424.3175964355469
spy,2023-06-30,429.3248291015625
spy,2023-07-03,429.8187255859375
spy,2023-07-05,429.17950439453125
spy,2023-07-06,425.8188171386719
spy,2023-07-07,424.7437744140625
spy,2023-07-10,425.8188171386719
spy,2023-07-11,428.53057861328125
spy,2023-07-12,431.97857666015625
spy,2023-07-13,435.40716552734375
spy,2023-07-14,435.135986328125
spy,2023-07-17,436.64678955078125
spy,2023-07-18,439.8913269042969
spy,2023-07-19,440.8695983886719
spy,2023-07-20,437.944580078125
spy,2023-07-21,437.944580078125
spy,2023-07-24,439.90106201171875
spy,2023-07-25,441.10198974609375
spy,2023-07-26,441.1697998046875
spy,2023-07-27,438.244873046875
spy,2023-07-28,442.5354309082031
spy,2023-07-31,443.3780212402344
spy,2023-08-01,442.1092834472656
spy,2023-08-02,435.95916748046875
spy,2023-08-03,434.7098083496094
spy,2023-08-04,432.74365234375
spy,2023-08-07,436.5208740234375
spy,2023-08-08,434.62261962890625
spy,2023-08-09,431.71710205078125
spy,2023-08-10,431.8720397949219
spy,2023-08-11,431.6202087402344
spy,2023-08-14,434.00274658203125
spy,2023-08-15,428.9471130371094
spy,2023-08-16,425.7994689941406
spy,2023-08-17,422.5549011230469
spy,2023-08-18,422.7582092285156
spy,2023-08-21,425.5088806152344
spy,2023-08-22,424.3563537597656
spy,2023-08-23,429.08270263671875
spy,2023-08-24,423.1360168457031
spy,2023-08-25,426.1190185546875
spy,2023-08-28,428.82122802734375
spy,2023-08-29,435.01971435546875
spy,2023-08-30,436.8114929199219
spy,2023-08-31,436.1722717285156
spy,2023-09-01,436.9858703613281
spy,2023-09-05,435.0971984863281
spy,2023-09-06,432.1722106933594
spy,2023-09-07,430.8453369140625
spy,2023-09-08,431.4942932128906
spy,2023-09-11,434.33209228515625
spy,2023-09-12,431.949462890625
spy,2023-09-13,432.453125
spy,2023-09-14,436.18194580078125
spy,2023-09-15,430.9266357421875
spy,2023-09-18,431.1793518066406
spy,2023-09-19,430.2851867675781
spy,2023-09-20,426.3294677734375
spy,2023-09-21,419.2829284667969
spy,2023-09-22,418.3401794433594
spy,2023-09-25,420.09930419921875
spy,2023-09-26,413.9275207519531
spy,2023-09-27,414.0927734375
spy,2023-09-28,416.493408203125
spy,2023-09-29,415.482666015625
spy,2023-10-02,415.31744384765625
spy,2023-10-03,409.7579650878906
spy,2023-10-04,412.7418212890625
spy,2023-10-05,412.5863037109375
spy,2023-10-06,417.4848327636719
spy,2023-10-09,420.15765380859375
spy,2023-10-10,422.344482421875
spy,2023-10-11,424.0745544433594
spy,2023-10-12,421.48919677734375
spy,2023-10-13,419.3897705078125
spy,2023-10-16,423.80242919921875
spy,2023-10-17,423.7829284667969
spy,2023-10-18,418.1360168457031
spy,2023-10-19,414.4620361328125
spy,2023-10-20,409.369140625
spy,2023-10-23,408.65960693359375
spy,2023-10-24,411.7406921386719
spy,2023-10-25,405.831298828125
spy,2023-10-26,400.9717102050781
spy,2023-10-27,399.1540832519531
spy,2023-10-30,403.92633056640625
spy,2023-10-31,406.4631042480469
spy,2023-11-01,410.7978820800781
spy,2023-11-02,418.6705627441406
spy,2023-11-03,422.49029541015625
spy,2023-11-06,423.4621887207031
spy,2023-11-07,424.6673583984375
spy,2023-11-08,424.97845458984375
spy,2023-11-09,421.66412353515625
spy,2023-11-10,428.244140625
spy,2023-11-13,427.8359069824219
spy,2023-11-14,436.13629150390625
spy,2023-11-15,437.0596008300781
spy,2023-11-16,437.5941467285156
spy,2023-11-17,438.138427734375
spy,2023-11-20,441.5110778808594
spy,2023-11-21,440.548828125
spy,2023-11-22,442.2496643066406
spy,2023-11-24,442.5218505859375
spy,2023-11-27,441.7248840332031
spy,2023-11-28,442.1622009277344
spy,2023-11-29,441.8511657714844
spy,2023-11-30,443.5909729003906
spy,2023-12-01,446.2152404785156
spy,2023-12-04,443.8728332519531
spy,2023-12-05,443.7853698730469
spy,2023-12-06,441.9970397949219
spy,2023-12-07,445.3696594238281
spy,2023-12-08,447.28436279296875
spy,2023-12-11,449.0240783691406
spy,2023-12-12,451.07489013671875
spy,2023-12-13,457.2952575683594
spy,2023-12-14,458.76287841796875
spy,2023-12-15,458.0075378417969
spy,2023-12-18,460.5838623046875
spy,2023-12-19,463.3846740722656
spy,2023-12-20,456.96337890625
spy,2023-12-21,461.2962341308594
spy,2023-12-22,462.2232666015625
spy,2023-12-26,464.175048828125
spy,2023-12-27,465.0143737792969
spy,2023-12-28,465.1899719238281
spy,2023-12-29,463.84332275390625
spy,2024-01-02,461.2474670410156
spy,2024-01-03,457.4806213378906
spy,2024-01-04,456.00701904296875
spy,2024-01-05,456.6315612792969
spy,2024-01-08,463.1504211425781
spy,2024-01-09,462.44775390625
spy,2024-01-10,465.0631103515625
spy,2024-01-11,464.85821533203125
spy,2024-01-12,465.1802062988281
spy,2024-01-16,463.4724426269531
spy,2024-01-17,460.8961486816406
spy,2024-01-18,464.9948425292969
spy,2024-01-19,470.79150390625
spy,2024-01-22,471.7869567871094
spy,2024-01-23,473.1628723144531
spy,2024-01-24,473.68011474609375
spy,2024-01-25,476.25640869140625
spy,2024-01-26,475.6513977050781
spy,2024-01-29,479.4182434082031
spy,2024-01-30,479.0474548339844
spy,2024-01-31,471.2306213378906
spy,2024-02-01,477.398193359375
spy,2024-02-02,482.4239501953125
spy,2024-02-05,480.6673889160156
spy,2024-02-06,482.0628967285156
spy,2024-02-07,486.08349609375
spy,2024-02-08,486.29815673828125
spy,2024-02-09,489.10870361328125
spy,2024-02-12,488.8940124511719
spy,2024-02-13,482.1604309082031
spy,2024-02-14,486.5421447753906
spy,2024-02-15,489.8991394042969
spy,2024-02-16,487.4595031738281
spy,2024-02-20,484.7758483886719
spy,2024-02-21,485.2149658203125
spy,2024-02-22,495.2567138671875
spy,2024-02-23,495.5982666015625
spy,2024-02-26,493.7831115722656
spy,2024-02-27,494.700439453125
spy,2024-02-28,494.0466613769531
spy,2024-02-29,495.82269287109375
spy,2024-03-01,500.47760009765625
spy,2024-03-04,499.94091796875
spy,2024-03-05,494.9444580078125
spy,2024-03-06,497.45245361328125
spy,2024-03-07,502.3903503417969
spy,2024-03-08,499.3748779296875
spy,2024-03-11,498.94549560546875
spy,2024-03-12,504.3128662109375
spy,2024-03-13,503.5223388671875
spy,2024-03-14,502.5269775390625
spy,2024-03-15,499.0763244628906
spy,2024-03-18,502.04241943359375
spy,2024-03-19,504.8323059082031
spy,2024-03-20,509.5016784667969
spy,2024-03-21,511.1853332519531
spy,2024-03-22,510.2162780761719
spy,2024-03-25,508.80670166015625
spy,2024-03-26,507.8669128417969
spy,2024-03-27,512.1349487304688
spy,2024-03-28,512.0370483398438
spy,2024-04-01,511.1461486816406
spy,2024-04-02,507.89630126953125
spy,2024-04-03,508.4541931152344
spy,2024-04-04,502.24798583984375
spy,2024-04-05,507.49493408203125
spy,2024-04-08,507.77880859375
spy,2024-04-09,508.3662109375
spy,2024-04-10,503.27581787109375
spy,2024-04-11,507.073974609375
spy,2024-04-12,500.0748596191406
spy,2024-04-15,493.8098449707031
spy,2024-04-16,492.9092102050781
spy,2024-04-17,489.9920654296875
spy,2024-04-18,488.9837951660156
spy,2024-04-19,484.7157897949219
spy,2024-04-22,489.17962646484375
spy,2024-04-23,494.9845275878906
spy,2024-04-24,494.74957275390625
spy,2024-04-25,492.87005615234375
spy,2024-04-26,497.5394592285156
spy,2024-04-29,499.30145263671875
spy,2024-04-30,491.3919372558594
spy,2024-05-01,489.7962646484375
spy,2024-05-02,494.3775634765625
spy,2024-05-03,500.50555419921875
spy,2024-05-06,505.67413330078125
spy,2024-05-07,506.232177734375
spy,2024-05-08,506.2810974121094
spy,2024-05-09,509.1982727050781
spy,2024-05-10,509.85418701171875
spy,2024-05-13,509.9225769042969
spy,2024-05-14,512.26220703125
spy,2024-05-15,518.6055908203125
spy,2024-05-16,517.5385131835938
spy,2024-05-17,518.2825927734375
spy,2024-05-20,518.8795776367188
spy,2024-05-21,520.1522827148438
spy,2024-05-22,518.6544799804688
spy,2024-05-23,514.8660888671875
spy,2024-05-24,518.272705078125
spy,2024-05-28,518.6348876953125
spy,2024-05-29,515.0031127929688
spy,2024-05-30,511.5867614746094
spy,2024-05-31,516.246337890625
spy,2024-06-03,516.667236328125
spy,2024-06-04,517.244873046875
spy,2024-06-05,523.3924560546875
spy,2024-06-06,523.3825073242188
spy,2024-06-07,522.746337890625
spy,2024-06-10,524.3615112304688
spy,2024-06-11,525.6243286132812
spy,2024-06-12,529.9412841796875
spy,2024-06-13,531.00830078125
spy,2024-06-14,531.3313598632812
spy,2024-06-17,535.5602416992188
spy,2024-06-18,536.9208984375
spy,2024-06-20,535.4623413085938
spy,2024-06-21,534.7444458007812
spy,2024-06-24,533.0062255859375
spy,2024-06-25,535.0586547851562
spy,2024-06-26,535.7266235351562
spy,2024-06-27,536.5711059570312
spy,2024-06-28,534.4595947265625
spy,2024-07-01,535.5595703125
spy,2024-07-02,539.163818359375
spy,2024-07-03,541.56982421875
spy,2024-07-05,544.6926879882812
spy,2024-07-08,545.3213500976562
spy,2024-07-09,545.8516845703125
spy,2024-07-10,551.2529907226562
spy,2024-07-11,546.4998168945312
spy,2024-07-12,549.9468383789062
spy,2024-07-15,551.4592895507812
spy,2024-07-16,554.7294311523438
spy,2024-07-17,546.9515380859375
spy,2024-07-18,542.748291015625
spy,2024-07-19,539.1441040039062
spy,2024-07-22,544.7026977539062
spy,2024-07-23,543.8482055664062
spy,2024-07-24,531.523193359375
spy,2024-07-25,528.7537841796875
spy,2024-07-26,534.6757202148438
spy,2024-07-29,534.9900512695312
spy,2024-07-30,532.2794799804688
spy,2024-07-31,540.931396484375
spy,2024-08-01,533.2714233398438
spy,2024-08-02,523.3427124023438
spy,2024-08-05,508.10101318359375
spy,2024-08-06,512.7855224609375
spy,2024-08-07,509.3580017089844
spy,2024-08-08,521.1329956054688
spy,2024-08-09,523.4310913085938
spy,2024-08-12,523.7059936523438
spy,2024-08-13,532.3187255859375
spy,2024-08-14,533.998046875
spy,2024-08-15,543.15087890625
spy,2024-08-16,544.36865234375
spy,2024-08-19,549.5736083984375
spy,2024-08-20,548.6799926757812
spy,2024-08-21,550.5655517578125
spy,2024-08-22,546.2444458007812
spy,2024-08-23,552.0484619140625
spy,2024-08-26,550.7323608398438
spy,2024-08-27,551.4886474609375
spy,2024-08-28,548.2871704101562
spy,2024-08-29,548.3361206054688
spy,2024-08-30,553.5706787109375
spy,2024-09-03,542.1786499023438
spy,2024-09-04,541.0690307617188
spy,2024-09-05,539.7529296875
spy,2024-09-06,530.6688232421875
spy,2024-09-09,536.6102905273438
spy,2024-09-10,538.9476318359375
spy,2024-09-11,544.4766845703125
spy,2024-09-12,549.0629272460938
spy,2024-09-13,551.9305419921875
spy,2024-09-16,552.7457275390625
spy,2024-09-17,552.9715576171875
spy,2024-09-18,551.3316040039062
spy,2024-09-19,560.7396850585938
spy,2024-09-20,559.7703247070312
spy,2024-09-23,561.169189453125
spy,2024-09-24,562.7748413085938
spy,2024-09-25,561.5336303710938
spy,2024-09-26,563.7599487304688
spy,2024-09-27,562.9423828125
spy,2024-09-30,565.1981811523438
spy,2024-10-01,560.1348876953125
spy,2024-10-02,560.3712768554688
spy,2024-10-03,559.3468627929688
spy,2024-10-04,564.4297485351562
spy,2024-10-07,559.3271484375
spy,2024-10-08,564.6170043945312
spy,2024-10-09,568.5277099609375
spy,2024-10-10,567.5328369140625
spy,2024-10-11,570.9313354492188
spy,2024-10-14,575.6007080078125
spy,2024-10-15,571.12841796875
spy,2024-10-16,573.6107177734375
spy,2024-10-17,573.6599731445312
spy,2024-10-18,575.8666381835938
spy,2024-10-21,574.9209594726562
spy,2024-10-22,574.6155395507812
spy,2024-10-23,569.3650512695312
spy,2024-10-24,570.596435546875
spy,2024-10-25,570.3993530273438
spy,2024-10-28,572.1626586914062
spy,2024-10-29,573.088623046875
spy,2024-10-30,571.35498046875
spy,2024-10-31,560.1546020507812
spy,2024-11-01,562.5187377929688
spy,2024-11-04,561.30712890625
spy,2024-11-05,568.0943603515625
spy,2024-11-06,582.22021484375
spy,2024-11-07,586.7221069335938
spy,2024-11-08,589.2636108398438
spy,2024-11-11,589.8251342773438
spy,2024-11-12,587.992919921875
spy,2024-11-13,588.278564453125
spy,2024-11-14,584.495849609375
spy,2024-11-15,577.0092163085938
spy,2024-11-18,579.3734741210938
spy,2024-11-19,581.4913330078125
spy,2024-11-20,581.6884155273438
spy,2024-11-21,584.81103515625
spy,2024-11-22,586.6235961914062
spy,2024-11-25,588.613525390625
spy,2024-11-26,591.6869506835938
spy,2024-11-27,589.8939819335938
spy,2024-11-29,593.5586547851562
spy,2024-12-02,594.6224365234375
spy,2024-12-03,594.8982543945312
spy,2024-12-04,598.59228515625
spy,2024-12-05,597.6072387695312
spy,2024-12-06,598.7400512695312
spy,2024-12-09,595.6567993164062
spy,2024-12-10,593.8048095703125
spy,2024-12-11,598.3953247070312
spy,2024-12-12,595.3119506835938
spy,2024-12-13,595.19384765625
spy,2024-12-16,597.7352905273438
spy,2024-12-17,595.2725219726562
spy,2024-12-18,577.5314331054688
spy,2024-12-19,577.3539428710938
spy,2024-12-20,584.2886352539062
spy,2024-12-23,587.7875366210938
spy,2024-12-24,594.32080078125
spy,2024-12-26,594.3604125976562
spy,2024-12-27,588.103759765625
spy,2024-12-30,581.392578125
spy,2024-12-31,579.2774658203125
spy,2025-01-02,577.8541870117188
spy,2025-01-03,585.0792846679688
spy,2025-01-06,588.44970703125
spy,2025-01-07,581.7978515625
spy,2025-01-08,582.6477661132812
spy,2025-01-10,573.7523193359375
spy,2025-01-13,574.6419067382812
spy,2025-01-14,575.4326171875
spy,2025-01-15,585.899658203125
spy,2025-01-16,584.77294921875
spy,2025-01-17,590.6439819335938
spy,2025-01-21,596.0504760742188
spy,2025-01-22,599.4011840820312
spy,2025-01-23,602.6727294921875
spy,2025-01-24,600.913330078125
spy,2025-01-27,592.4132080078125
spy,2025-01-28,597.5034790039062
spy,2025-01-29,594.8248291015625
spy,2025-01-30,598.0173950195312
spy,2025-01-31,594.8348388671875
spy,2025-02-03,590.831787109375
spy,2025-02-04,594.7952880859375
spy,2025-02-05,597.2068481445312
spy,2025-02-06,599.2825317382812
spy,2025-02-07,593.7969360351562
spy,2025-02-10,597.82958984375
spy,2025-02-11,598.2843017578125
spy,2025-02-12,596.35693359375
spy,2025-02-13,602.6529541015625
spy,2025-02-14,602.623291015625
spy,2025-02-18,604.3925170898438
spy,2025-02-19,605.8157958984375
spy,2025-02-20,603.29541015625
spy,2025-02-21,592.9765625
spy,2025-02-24,590.2783203125
spy,2025-02-25,587.3427124023438
spy,2025-02-26,587.6392211914062
spy,2025-02-27,578.2593383789062
spy,2025-02-28,587.283447265625
spy,2025-03-03,576.9942626953125
spy,2025-03-04,570.1644897460938
spy,2025-03-05,576.2925415039062
spy,2025-03-06,566.0626831054688
spy,2025-03-07,569.2353515625
spy,2025-03-10,554.073486328125
spy,2025-03-11,549.467529296875
spy,2025-03-12,552.3832397460938
spy,2025-03-13,545.019775390625
spy,2025-03-14,556.2775268554688
spy,2025-03-17,560.5671997070312
spy,2025-03-18,554.5083618164062
spy,2025-03-19,560.5474243164062
spy,2025-03-20,558.9263916015625
spy,2025-03-21,559.11083984375
spy,2025-03-24,569.1236572265625
spy,2025-03-25,570.4917602539062
spy,2025-03-26,563.6810302734375
spy,2025-03-27,562.18408203125
spy,2025-03-28,550.8626708984375
spy,2025-03-31,554.5604858398438
spy,2025-04-01,556.1267700195312
spy,2025-04-02,559.6461791992188
spy,2025-04-03,532.06640625
spy,2025-04-04,500.9176330566406
spy,2025-04-07,500.025390625
spy,2025-04-08,492.1936340332031
spy,2025-04-09,543.8834838867188
spy,2025-04-10,520.0510864257812
spy,2025-04-11,529.3302001953125
spy,2025-04-14,534.4654541015625
spy,2025-04-15,532.9684448242188
spy,2025-04-16,521.1217041015625
spy,2025-04-17,521.8651733398438
spy,2025-04-21,509.443359375
spy,2025-04-22,522.697998046875
spy,2025-04-23,530.79736328125
spy,2025-04-24,541.9701538085938
spy,2025-04-25,545.885986328125
spy,2025-04-28,546.0941772460938
spy,2025-04-29,549.5341796875
spy,2025-04-30,549.7523803710938
spy,2025-05-01,553.6483764648438
spy,2025-05-02,561.8668212890625
spy,2025-05-05,558.6448974609375
spy,2025-05-06,553.9755249023438
spy,2025-05-07,556.3052978515625
spy,2025-05-08,560.1815185546875
spy,2025-05-09,559.4677734375
spy,2025-05-12,577.9567260742188
spy,2025-05-13,581.7734985351562
spy,2025-05-14,582.5170288085938
spy,2025-05-15,585.3622436523438
spy,2025-05-16,589.0699462890625
spy,2025-05-19,589.7142944335938
spy,2025-05-20,587.7315673828125
spy,2025-05-21,577.827880859375
spy,2025-05-22,578.0558471679688
spy,2025-05-23,574.1102294921875
spy,2025-05-27,586.0463256835938
spy,2025-05-28,582.65576171875
spy,2025-05-29,584.9557495117188
spy,2025-05-30,584.3014526367188
spy,2025-06-02,587.5928344726562
spy,2025-06-03,590.9436645507812
spy,2025-06-04,590.7849731445312
spy,2025-06-05,587.9298095703125
spy,2025-06-06,593.96728515625
spy,2025-06-09,594.5026245117188
spy,2025-06-10,597.873291015625
spy,2025-06-11,596.1681518554688
spy,2025-06-12,598.5374755859375
spy,2025-06-13,591.8457641601562
spy,2025-06-16,597.4766845703125
spy,2025-06-17,592.3711547851562
spy,2025-06-18,592.281982421875
spy,2025-06-20,590.8909301757812
spy,2025-06-23,596.7274780273438
spy,2025-06-24,603.3196411132812
spy,2025-06-25,603.65771484375
spy,2025-06-26,608.380615234375
spy,2025-06-27,611.4032592773438
spy,2025-06-30,614.3265380859375
spy,2025-07-01,614.127685546875
spy,2025-07-02,616.9116821289062
spy,2025-07-03,621.7738037109375
spy,2025-07-07,617.140380859375
spy,2025-07-08,616.8023681640625
spy,2025-07-09,620.5010986328125
spy,2025-07-10,622.2510986328125
spy,2025-07-11,620.0635986328125
spy,2025-07-14,621.2467651367188
spy,2025-07-15,618.592041015625
spy,2025-07-16,620.66015625
spy,2025-07-17,624.4583740234375
spy,2025-07-18,624.0010375976562
spy,2025-07-21,625.1842651367188
spy,2025-07-22,625.2737426757812
spy,2025-07-23,630.59326171875
spy,2025-07-24,630.802001953125
spy,2025-07-25,633.4667358398438
spy,2025-07-28,633.3076782226562
spy,2025-07-29,631.63720703125
spy,2025-07-30,630.841796875
spy,2025-07-31,628.4754028320312
spy,2025-08-01,618.1743774414062
spy,2025-08-04,627.5704956054688
spy,2025-08-05,624.3887329101562
spy,2025-08-06,629.17138671875
spy,2025-08-07,628.6443481445312
spy,2025-08-08,633.5462646484375
spy,2025-08-11,632.29345703125
spy,2025-08-12,639.02490234375
spy,2025-08-13,641.2123413085938
spy,2025-08-14,641.27197265625
spy,2025-08-15,639.7706298828125
spy,2025-08-18,639.63134765625
spy,2025-08-19,636.1612548828125
spy,2025-08-20,634.470947265625
spy,2025-08-21,631.925537109375
spy,2025-08-22,641.6299438476562
spy,2025-08-25,638.8060302734375
spy,2025-08-26,641.4807739257812
spy,2025-08-27,642.9423828125
spy,2025-08-28,645.2192993164062
spy,2025-08-29,641.3713989257812
spy,2025-09-02,636.61865234375
spy,2025-09-03,640.06884765625
spy,2025-09-04,645.4181518554688
spy,2025-09-05,643.5488891601562
spy,2025-09-08,645.1298217773438
spy,2025-09-09,646.6212768554688
spy,2025-09-10,648.4906005859375
spy,2025-09-11,653.8796997070312
spy,2025-09-12,653.660888671875
spy,2025-09-15,657.1409301757812
spy,2025-09-16,656.2361450195312
spy,2025-09-17,655.4208374023438
spy,2025-09-18,658.4832763671875
spy,2025-09-19,661.74462890625
spy,2025-09-22,664.8753662109375
spy,2025-09-23,661.256103515625
spy,2025-09-24,659.1522216796875
spy,2025-09-25,656.1112670898438
spy,2025-09-26,659.8701782226562
spy,2025-09-29,661.7246704101562
spy,2025-09-30,664.21728515625
spy,2025-10-01,666.4806518554688
spy,2025-10-02,667.248291015625
spy,2025-10-03,667.2384033203125
spy,2025-10-06,669.6312866210938
spy,2025-10-07,667.1486206054688
spy,2025-10-08,671.1268920898438
spy,2025-10-09,669.1826171875
spy,2025-10-10,651.0960693359375
spy,2025-10-13,661.0865478515625
spy,2025-10-14,660.2789306640625
spy,2025-10-15,663.2102661132812
spy,2025-10-16,658.6936645507812
spy,2025-10-17,662.4326171875
spy,2025-10-20,669.3222045898438
spy,2025-10-21,669.3121948242188
spy,2025-10-22,665.83251953125
spy,2025-10-23,669.7808837890625
spy,2025-10-24,675.2546997070312
spy,2025-10-27,683.2211303710938
spy,2025-10-28,685.0357666015625
spy,2025-10-29,685.3648071289062
spy,2025-10-30,677.8270874023438
spy,2025-10-31,680.050537109375
spy,2025-11-03,681.3267822265625
spy,2025-11-04,673.2506103515625
spy,2025-11-05,675.583740234375
spy,2025-11-06,668.3351440429688
spy,2025-11-07,668.9931640625
spy,2025-11-10,679.432373046875
spy,2025-11-11,680.9877319335938
spy,2025-11-12,681.3666381835938
spy,2025-11-13,670.0599975585938
spy,2025-11-14,669.9503784179688
spy,2025-11-17,663.7088012695312
spy,2025-11-18,658.1353149414062
spy,2025-11-19,660.6777954101562
spy,2025-11-20,650.6075439453125
spy,2025-11-21,657.08837890625
spy,2025-11-24,666.759765625
spy,2025-11-25,673.03125
spy,2025-11-26,677.6775512695312
spy,2025-11-28,681.3765869140625
spy,2025-12-01,678.2658081054688
spy,2025-12-02,679.5220947265625
spy,2025-12-03,681.8751220703125
spy,2025-12-04,682.3736572265625
spy,2025-12-05,683.6697998046875
spy,2025-12-08,681.6159057617188
spy,2025-12-09,681.027587890625
spy,2025-12-10,685.5443115234375
spy,2025-12-11,687.1395263671875
spy,2025-12-12,679.7514038085938
spy,2025-12-15,678.7244262695312
spy,2025-12-16,676.8699340820312
spy,2025-12-17,669.4219360351562
spy,2025-12-18,674.4769287109375
spy,2025-12-19,680.5900268554688
spy,2025-12-22,684.8300170898438
spy,2025-12-23,687.9600219726562
spy,2025-12-24,690.3800048828125
spy,2025-12-26,690.3099975585938
spy,2025-12-29,687.8499755859375
spy,2025-12-30,687.010009765625
spy,2025-12-31,681.9199829101562
spy,2026-01-02,683.1699829101562
spy,2026-01-05,687.719970703125
spy,2026-01-06,691.8099975585938
spy,2026-01-07,689.5800170898438
spy,2026-01-08,689.510009765625
spy,2026-01-09,694.0700073242188
spy,2026-01-12,695.1599731445312
spy,2026-01-13,693.77001953125
spy,2026-01-14,690.3599853515625
spy,2026-01-15,692.239990234375
spy,2026-01-16,691.6599731445312
spy,2026-01-20,677.5800170898438
spy,2026-01-21,685.4000244140625
spy,2026-01-22,688.97998046875
spy,2026-01-23,689.22998046875
spy,2026-01-26,692.72998046875
spy,2026-01-27,695.489990234375
spy,2026-01-28,695.4199829101562
spy,2026-01-29,694.0399780273438
spy,2026-01-30,691.969970703125
spy,2026-02-02,695.4099731445312
spy,2026-02-03,689.530029296875
spy,2026-02-04,686.1900024414062
spy,2026-02-05,677.6199951171875
spy,2026-02-06,690.6199951171875
spy,2026-02-09,693.9500122070312
spy,2026-02-10,692.1199951171875
spy,2026-02-11,691.9600219726562
spy,2026-02-12,681.27001953125
spy,2026-02-13,681.75
spy,2026-02-17,682.8499755859375
spy,2026-02-18,686.2899780273438
spy,2026-02-19,684.47998046875
spy,2026-02-20,689.4299926757812
spy,2026-02-23,682.3900146484375
spy,2026-02-24,687.3499755859375
spy,2026-02-25,693.1500244140625
spy,2026-02-26,689.2999877929688
spy,2026-02-27,685.989990234375
spy,2026-03-02,686.3800048828125
spy,2026-03-03,680.3300170898438
spy,2026-03-04,685.1300048828125
spy,2026-03-05,681.3099975585938
spy,2026-03-06,672.3800048828125
spy,2026-03-09,678.27001953125
spy,2026-03-10,677.1799926757812
spy,2026-03-11,676.3300170898438
spy,2026-03-12,666.0599975585938
spy,2026-03-13,662.2899780273438
spy,2026-03-16,669.030029296875
spy,2026-03-17,670.7899780273438
spy,2026-03-18,661.4299926757812
