Item_Id,Date,Price
spy,1993-01-29,24.175382614135742
spy,1993-02-01,24.347335815429688
spy,1993-02-02,24.398923873901367
spy,1993-02-03,24.656816482543945
spy,1993-02-04,24.75998878479004
spy,1993-02-05,24.742801666259766
spy,1993-02-08,24.742801666259766
spy,1993-02-09,24.57085418701172
spy,1993-02-10,24.605241775512695
spy,1993-02-11,24.725589752197266
spy,1993-02-12,24.536466598510742
spy,1993-02-16,23.917470932006836
spy,1993-02-17,23.90026092529297
spy,1993-02-18,23.883068084716797
spy,1993-02-19,23.96905517578125
spy,1993-02-22,24.05501365661621
spy,1993-02-23,24.0378360748291
spy,1993-02-24,24.347335815429688
spy,1993-02-25,24.398923873901367
spy,1993-02-26,24.433307647705078
spy,1993-03-01,24.36452865600586
spy,1993-03-02,24.725589752197266
spy,1993-03-03,24.828767776489258
spy,1993-03-04,24.69121551513672
spy,1993-03-05,24.6224365234375
spy,1993-03-08,25.172657012939453
spy,1993-03-09,25.086688995361328
spy,1993-03-10,25.138277053833008
spy,1993-03-11,25.069490432739258
spy,1993-03-12,24.811586380004883
spy,1993-03-15,24.93193244934082
spy,1993-03-16,24.93193244934082
spy,1993-03-17,24.77719497680664
spy,1993-03-18,24.93193244934082
spy,1993-03-19,24.894208908081055
spy,1993-03-22,24.75600242614746
spy,1993-03-23,24.807825088500977
spy,1993-03-24,24.807825088500977
spy,1993-03-25,24.963314056396484
spy,1993-03-26,24.825109481811523
spy,1993-03-29,24.92876434326172
spy,1993-03-30,24.99787139892578
spy,1993-03-31,24.980575561523438
spy,1993-04-01,24.894208908081055
spy,1993-04-02,24.37592315673828
spy,1993-04-05,24.49686622619629
spy,1993-04-06,24.42777442932129
spy,1993-04-07,24.514158248901367
spy,1993-04-08,24.47960090637207
spy,1993-04-12,24.825109481811523
spy,1993-04-13,24.876930236816406
spy,1993-04-14,24.842369079589844
spy,1993-04-15,24.842369079589844
spy,1993-04-16,24.842369079589844
spy,1993-04-19,24.738723754882812
spy,1993-04-20,24.617788314819336
spy,1993-04-21,24.600522994995117
spy,1993-04-22,24.2895565032959
spy,1993-04-23,24.1859073638916
spy,1993-04-26,23.99586296081543
spy,1993-04-27,24.255006790161133
spy,1993-04-28,24.203189849853516
spy,1993-04-29,24.306827545166016
spy,1993-04-30,24.341388702392578
spy,1993-05-03,24.49686622619629
spy,1993-05-04,24.58323860168457
spy,1993-05-05,24.652347564697266
spy,1993-05-06,24.565961837768555
spy,1993-05-07,24.514158248901367
spy,1993-05-10,24.565961837768555
spy,1993-05-11,24.66960906982422
spy,1993-05-12,24.635068893432617
spy,1993-05-13,24.341388702392578
spy,1993-05-14,24.32411766052246
spy,1993-05-17,24.410484313964844
spy,1993-05-18,24.39322280883789
spy,1993-05-19,24.894208908081055
spy,1993-05-20,24.963314056396484
spy,1993-05-21,24.738723754882812
spy,1993-05-24,24.842369079589844
spy,1993-05-25,24.894208908081055
spy,1993-05-26,25.20516586303711
spy,1993-05-27,25.11879539489746
spy,1993-05-28,24.99787139892578
spy,1993-06-01,25.239728927612305
spy,1993-06-02,25.20516586303711
spy,1993-06-03,25.11879539489746
spy,1993-06-04,25.03241729736328
spy,1993-06-07,24.946029663085938
spy,1993-06-08,24.72144889831543
spy,1993-06-09,24.807825088500977
spy,1993-06-10,24.825109481811523
spy,1993-06-11,24.92876434326172
spy,1993-06-14,24.894208908081055
spy,1993-06-15,24.842369079589844
spy,1993-06-16,24.894208908081055
spy,1993-06-17,24.980575561523438
spy,1993-06-18,24.774864196777344
spy,1993-06-21,24.827068328857422
spy,1993-06-22,24.84444808959961
spy,1993-06-23,24.61829948425293
spy,1993-06-24,24.948850631713867
spy,1993-06-25,24.93145179748535
spy,1993-06-28,25.209829330444336
spy,1993-06-29,25.088035583496094
spy,1993-06-30,25.088035583496094
spy,1993-07-01,25.018434524536133
spy,1993-07-02,24.879255294799805
spy,1993-07-06,24.61829948425293
spy,1993-07-07,24.687885284423828
spy,1993-07-08,24.966259002685547
spy,1993-07-09,25.035846710205078
spy,1993-07-12,25.018434524536133
spy,1993-07-13,25.001052856445312
spy,1993-07-14,25.088035583496094
spy,1993-07-15,24.9836483001709
spy,1993-07-16,24.914047241210938
spy,1993-07-19,24.896663665771484
spy,1993-07-20,24.966259002685547
spy,1993-07-21,24.948850631713867
spy,1993-07-22,24.774864196777344
spy,1993-07-23,24.896663665771484
spy,1993-07-26,25.035846710205078
spy,1993-07-27,25.018434524536133
spy,1993-07-28,24.966259002685547
spy,1993-07-29,25.105440139770508
spy,1993-07-30,24.966259002685547
spy,1993-08-02,25.035846710205078
spy,1993-08-03,25.053251266479492
spy,1993-08-04,25.053251266479492
spy,1993-08-05,25.001052856445312
spy,1993-08-06,25.035846710205078
spy,1993-08-09,25.175031661987305
spy,1993-08-10,25.157617568969727
spy,1993-08-11,25.157617568969727
spy,1993-08-12,25.088035583496094
spy,1993-08-13,25.12282943725586
spy,1993-08-16,25.262025833129883
spy,1993-08-17,25.349010467529297
spy,1993-08-18,25.488187789916992
spy,1993-08-19,25.488187789916992
spy,1993-08-20,25.50558090209961
spy,1993-08-23,25.45339584350586
spy,1993-08-24,25.73177146911621
spy,1993-08-25,25.7491455078125
spy,1993-08-26,25.76656723022461
spy,1993-08-27,25.7491455078125
spy,1993-08-30,25.85354232788086
spy,1993-08-31,25.923126220703125
spy,1993-09-01,25.88834571838379
spy,1993-09-02,25.80136489868164
spy,1993-09-03,25.818754196166992
spy,1993-09-07,25.6447811126709
spy,1993-09-08,25.557777404785156
spy,1993-09-09,25.6099796295166
spy,1993-09-10,25.83615493774414
spy,1993-09-13,25.85354232788086
spy,1993-09-14,25.7491455078125
spy,1993-09-15,25.818754196166992
spy,1993-09-16,25.71437644958496
spy,1993-09-17,25.664508819580078
spy,1993-09-20,25.454431533813477
spy,1993-09-21,25.366907119750977
spy,1993-09-22,25.57697296142578
spy,1993-09-23,25.717029571533203
spy,1993-09-24,25.64699363708496
spy,1993-09-27,25.92709732055664
spy,1993-09-28,25.87459373474121
spy,1993-09-29,25.787046432495117
spy,1993-09-30,25.73453712463379
spy,1993-10-01,25.85708999633789
spy,1993-10-04,25.892099380493164
spy,1993-10-05,25.85708999633789
spy,1993-10-06,25.839576721191406
spy,1993-10-07,25.769548416137695
spy,1993-10-08,25.80455780029297
spy,1993-10-11,25.85708999633789
spy,1993-10-12,25.892099380493164
spy,1993-10-13,25.892099380493164
spy,1993-10-14,26.224721908569336
spy,1993-10-15,26.364768981933594
spy,1993-10-18,26.294748306274414
spy,1993-10-19,26.1021671295166
spy,1993-10-20,26.137182235717773
spy,1993-10-21,26.1021671295166
spy,1993-10-22,25.979625701904297
spy,1993-10-25,26.04965591430664
spy,1993-10-26,26.03215789794922
spy,1993-10-27,26.04965591430664
spy,1993-10-28,26.242229461669922
spy,1993-10-29,26.242229461669922
spy,1993-11-01,26.312252044677734
spy,1993-11-02,26.294748306274414
spy,1993-11-03,25.962120056152344
spy,1993-11-04,25.682018280029297
spy,1993-11-05,25.80455780029297
spy,1993-11-08,25.839576721191406
spy,1993-11-09,25.85708999633789
spy,1993-11-10,26.04965591430664
spy,1993-11-11,25.979625701904297
spy,1993-11-12,26.1021671295166
spy,1993-11-15,26.08465576171875
spy,1993-11-16,26.207197189331055
spy,1993-11-17,26.067153930664062
spy,1993-11-18,25.99712371826172
spy,1993-11-19,25.944625854492188
spy,1993-11-22,25.787046432495117
spy,1993-11-23,25.92709732055664
spy,1993-11-24,26.03215789794922
spy,1993-11-26,26.04965591430664
spy,1993-11-29,25.944625854492188
spy,1993-11-30,25.962120056152344
spy,1993-12-01,25.99712371826172
spy,1993-12-02,26.067153930664062
spy,1993-12-03,26.172191619873047
spy,1993-12-06,26.259729385375977
spy,1993-12-07,26.242229461669922
spy,1993-12-08,26.242229461669922
spy,1993-12-09,26.15468978881836
spy,1993-12-10,26.1021671295166
spy,1993-12-13,26.259729385375977
spy,1993-12-14,26.067153930664062
spy,1993-12-15,26.03215789794922
spy,1993-12-16,26.119688034057617
spy,1993-12-17,26.263212203979492
spy,1993-12-20,26.298490524291992
spy,1993-12-21,26.210359573364258
spy,1993-12-22,26.3865966796875
spy,1993-12-23,26.36898422241211
spy,1993-12-27,26.509994506835938
spy,1993-12-28,26.562868118286133
spy,1993-12-29,26.527612686157227
spy,1993-12-30,26.421871185302734
spy,1993-12-31,26.280851364135742
spy,1994-01-03,26.210359573364258
spy,1994-01-04,26.316110610961914
spy,1994-01-05,26.36898422241211
spy,1994-01-06,26.36898422241211
spy,1994-01-07,26.527612686157227
spy,1994-01-10,26.844894409179688
spy,1994-01-11,26.791994094848633
spy,1994-01-12,26.70387840270996
spy,1994-01-13,26.63336944580078
spy,1994-01-14,26.73914337158203
spy,1994-01-17,26.73914337158203
spy,1994-01-18,26.774394989013672
spy,1994-01-19,26.70387840270996
spy,1994-01-20,26.774394989013672
spy,1994-01-21,26.721506118774414
spy,1994-01-24,26.615766525268555
spy,1994-01-25,26.615766525268555
spy,1994-01-26,26.68625831604004
spy,1994-01-27,26.933025360107422
spy,1994-01-28,27.003528594970703
spy,1994-01-31,27.197420120239258
spy,1994-02-01,27.05640411376953
spy,1994-02-02,27.23267364501953
spy,1994-02-03,27.10928726196289
spy,1994-02-04,26.492368698120117
spy,1994-02-07,26.615766525268555
spy,1994-02-08,26.63336944580078
spy,1994-02-09,26.73914337158203
spy,1994-02-10,26.509994506835938
spy,1994-02-11,26.598114013671875
spy,1994-02-14,26.63336944580078
spy,1994-02-15,26.774394989013672
spy,1994-02-16,26.756771087646484
spy,1994-02-17,26.598114013671875
spy,1994-02-18,26.43948745727539
spy,1994-02-22,26.70387840270996
spy,1994-02-23,26.63336944580078
spy,1994-02-24,26.280851364135742
spy,1994-02-25,26.404237747192383
spy,1994-02-28,26.404237747192383
spy,1994-03-01,26.298490524291992
spy,1994-03-02,26.333730697631836
spy,1994-03-03,26.263212203979492
spy,1994-03-04,26.333730697631836
spy,1994-03-07,26.474750518798828
spy,1994-03-08,26.36898422241211
spy,1994-03-09,26.492368698120117
spy,1994-03-10,26.280851364135742
spy,1994-03-11,26.421871185302734
spy,1994-03-14,26.457117080688477
spy,1994-03-15,26.43948745727539
spy,1994-03-16,26.651004791259766
spy,1994-03-17,26.651004791259766
spy,1994-03-18,26.645191192626953
spy,1994-03-21,26.574281692504883
spy,1994-03-22,26.645191192626953
spy,1994-03-23,26.62745475769043
spy,1994-03-24,26.308351516723633
spy,1994-03-25,26.06017303466797
spy,1994-03-28,26.095617294311523
spy,1994-03-29,25.58151626586914
spy,1994-03-30,25.22694969177246
spy,1994-03-31,25.29785919189453
spy,1994-04-04,24.907838821411133
spy,1994-04-05,25.421966552734375
spy,1994-04-06,25.421966552734375
spy,1994-04-07,25.54606056213379
spy,1994-04-08,25.35103988647461
spy,1994-04-11,25.457422256469727
spy,1994-04-12,25.421966552734375
spy,1994-04-13,25.28900146484375
spy,1994-04-14,25.29785919189453
spy,1994-04-15,25.29785919189453
spy,1994-04-18,25.129457473754883
spy,1994-04-19,25.16490364074707
spy,1994-04-20,25.138315200805664
spy,1994-04-21,25.475141525268555
spy,1994-04-22,25.44853973388672
spy,1994-04-25,25.71446990966797
spy,1994-04-26,25.6878662109375
spy,1994-04-28,25.501745223999023
spy,1994-04-29,25.58151626586914
spy,1994-05-02,25.74107551574707
spy,1994-05-03,25.71446990966797
spy,1994-05-04,25.670133590698242
spy,1994-05-05,25.634706497192383
spy,1994-05-06,25.386510848999023
spy,1994-05-09,25.16490364074707
spy,1994-05-10,25.359909057617188
spy,1994-05-11,25.129457473754883
spy,1994-05-12,25.253543853759766
spy,1994-05-13,25.253543853759766
spy,1994-05-16,25.262413024902344
spy,1994-05-17,25.634706497192383
spy,1994-05-18,25.820837020874023
spy,1994-05-19,25.944936752319336
spy,1994-05-20,25.84743881225586
spy,1994-05-23,25.803115844726562
spy,1994-05-24,25.909473419189453
spy,1994-05-25,25.98040771484375
spy,1994-05-26,25.99812126159668
spy,1994-05-27,26.02470588684082
spy,1994-05-31,25.989261627197266
spy,1994-06-01,26.1044864654541
spy,1994-06-02,26.077898025512695
spy,1994-06-03,26.228574752807617
spy,1994-06-06,26.21971321105957
spy,1994-06-07,26.184249877929688
spy,1994-06-08,25.971534729003906
spy,1994-06-09,26.113359451293945
spy,1994-06-10,26.157672882080078
spy,1994-06-13,26.193119049072266
spy,1994-06-14,26.396995544433594
spy,1994-06-15,26.290637969970703
spy,1994-06-16,26.34379768371582
spy,1994-06-17,26.1967716217041
spy,1994-06-20,25.973709106445312
spy,1994-06-21,25.750646591186523
spy,1994-06-22,25.848773956298828
spy,1994-06-23,25.697092056274414
spy,1994-06-24,25.16173553466797
spy,1994-06-27,25.598949432373047
spy,1994-06-28,25.474031448364258
spy,1994-06-29,25.554353713989258
spy,1994-06-30,25.39373016357422
spy,1994-07-01,25.44727325439453
spy,1994-07-05,25.581106185913086
spy,1994-07-06,25.545425415039062
spy,1994-07-07,25.652490615844727
spy,1994-07-08,25.643566131591797
spy,1994-07-11,25.554353713989258
spy,1994-07-12,25.590044021606445
spy,1994-07-13,25.634654998779297
spy,1994-07-14,25.9112606048584
spy,1994-07-15,25.920185089111328
spy,1994-07-18,25.96476936340332
spy,1994-07-19,25.9112606048584
spy,1994-07-20,25.795246124267578
spy,1994-07-21,25.848773956298828
spy,1994-07-22,25.893394470214844
spy,1994-07-25,25.929088592529297
spy,1994-07-26,25.902326583862305
spy,1994-07-27,25.902326583862305
spy,1994-07-28,25.955854415893555
spy,1994-07-29,26.214611053466797
spy,1994-08-01,26.339529037475586
spy,1994-08-02,26.37523651123047
spy,1994-08-03,26.384153366088867
spy,1994-08-04,26.232467651367188
spy,1994-08-05,26.14323616027832
spy,1994-08-08,26.205686569213867
spy,1994-08-09,26.25030517578125
spy,1994-08-10,26.348451614379883
spy,1994-08-11,26.25030517578125
spy,1994-08-12,26.45553207397461
spy,1994-08-15,26.44659423828125
spy,1994-08-16,26.633955001831055
spy,1994-08-17,26.616134643554688
spy,1994-08-18,26.526899337768555
spy,1994-08-19,26.50907325744629
spy,1994-08-22,26.482288360595703
spy,1994-08-23,26.633955001831055
spy,1994-08-24,26.919479370117188
spy,1994-08-25,26.848125457763672
spy,1994-08-26,27.231794357299805
spy,1994-08-29,27.213951110839844
spy,1994-08-30,27.285329818725586
spy,1994-08-31,27.213951110839844
spy,1994-09-01,27.124717712402344
spy,1994-09-02,27.00873565673828
spy,1994-09-06,27.017648696899414
spy,1994-09-07,26.990880966186523
spy,1994-09-08,27.124717712402344
spy,1994-09-09,26.83920669555664
spy,1994-09-12,26.758895874023438
spy,1994-09-13,26.83920669555664
spy,1994-09-14,26.86595916748047
spy,1994-09-15,27.20503044128418
spy,1994-09-16,27.01141357421875
spy,1994-09-19,27.038347244262695
spy,1994-09-20,26.526639938354492
spy,1994-09-21,26.526639938354492
spy,1994-09-22,26.463829040527344
spy,1994-09-23,26.37405014038086
spy,1994-09-26,26.50870704650879
spy,1994-09-27,26.49074935913086
spy,1994-09-28,26.697216033935547
spy,1994-09-29,26.562564849853516
spy,1994-09-30,26.526639938354492
spy,1994-10-03,26.463829040527344
spy,1994-10-04,26.06884002685547
spy,1994-10-05,26.077831268310547
spy,1994-10-06,25.997007369995117
spy,1994-10-07,26.113719940185547
spy,1994-10-10,26.39201545715332
spy,1994-10-11,26.786996841430664
spy,1994-10-12,26.822898864746094
spy,1994-10-13,26.912670135498047
spy,1994-10-14,27.02936553955078
spy,1994-10-17,26.97551155090332
spy,1994-10-18,26.912670135498047
spy,1994-10-19,27.038347244262695
spy,1994-10-20,26.85879135131836
spy,1994-10-21,26.751100540161133
spy,1994-10-24,26.526639938354492
spy,1994-10-25,26.553579330444336
spy,1994-10-26,26.652341842651367
spy,1994-10-27,26.813922882080078
spy,1994-10-28,27.379457473754883
spy,1994-10-31,27.280725479125977
spy,1994-11-01,26.97551155090332
spy,1994-11-02,26.822898864746094
spy,1994-11-03,26.96652603149414
spy,1994-11-04,26.61643409729004
spy,1994-11-07,26.697216033935547
spy,1994-11-08,26.903703689575195
spy,1994-11-09,26.948562622070312
spy,1994-11-10,26.760053634643555
spy,1994-11-11,26.661319732666016
spy,1994-11-14,26.912670135498047
spy,1994-11-15,26.822898864746094
spy,1994-11-16,26.912670135498047
spy,1994-11-17,26.733125686645508
spy,1994-11-18,26.697216033935547
spy,1994-11-21,26.427906036376953
spy,1994-11-22,25.8533878326416
spy,1994-11-23,25.997007369995117
spy,1994-11-25,26.122692108154297
spy,1994-11-28,26.239402770996094
spy,1994-11-29,26.23042106628418
spy,1994-11-30,26.19451332092285
spy,1994-12-01,25.93419075012207
spy,1994-12-02,26.17656898498535
spy,1994-12-05,26.2034912109375
spy,1994-12-06,26.221445083618164
spy,1994-12-07,26.032922744750977
spy,1994-12-08,25.781579971313477
spy,1994-12-09,25.880311965942383
spy,1994-12-12,26.050880432128906
spy,1994-12-13,26.149629592895508
spy,1994-12-14,26.284290313720703
spy,1994-12-15,26.365074157714844
spy,1994-12-16,26.493864059448242
spy,1994-12-19,26.530040740966797
spy,1994-12-20,26.448619842529297
spy,1994-12-21,26.729106903076172
spy,1994-12-22,26.647682189941406
spy,1994-12-23,26.674829483032227
spy,1994-12-27,26.819604873657227
spy,1994-12-28,26.68385887145996
spy,1994-12-29,26.701974868774414
spy,1994-12-30,26.38528060913086
spy,1995-01-03,26.511953353881836
spy,1995-01-04,26.638626098632812
spy,1995-01-05,26.638626098632812
spy,1995-01-06,26.665794372558594
spy,1995-01-09,26.692914962768555
spy,1995-01-10,26.720064163208008
spy,1995-01-11,26.738157272338867
spy,1995-01-12,26.74721336364746
spy,1995-01-13,27.06391143798828
spy,1995-01-16,27.22676658630371
spy,1995-01-17,27.235816955566406
spy,1995-01-18,27.20869255065918
spy,1995-01-19,27.05485725402832
spy,1995-01-20,26.9553279876709
spy,1995-01-23,27.03675651550293
spy,1995-01-24,27.072938919067383
spy,1995-01-25,27.145339965820312
spy,1995-01-26,27.17247772216797
spy,1995-01-27,27.28106117248535
spy,1995-01-30,27.163440704345703
spy,1995-01-31,27.272014617919922
spy,1995-02-01,27.262964248657227
spy,1995-02-02,27.42584228515625
spy,1995-02-03,27.814924240112305
spy,1995-02-06,27.93255615234375
spy,1995-02-07,27.96876335144043
spy,1995-02-08,27.96876335144043
spy,1995-02-09,27.96876335144043
spy,1995-02-10,28.004934310913086
spy,1995-02-13,28.01399040222168
spy,1995-02-14,28.050189971923828
spy,1995-02-15,28.204004287719727
spy,1995-02-16,28.167816162109375
spy,1995-02-17,28.059240341186523
spy,1995-02-21,28.050189971923828
spy,1995-02-22,28.258304595947266
spy,1995-02-23,28.303544998168945
spy,1995-02-24,28.375925064086914
spy,1995-02-27,28.149717330932617
spy,1995-02-28,28.384981155395508
spy,1995-03-01,28.204004287719727
spy,1995-03-02,28.240222930908203
spy,1995-03-03,28.249256134033203
spy,1995-03-06,28.267351150512695
spy,1995-03-07,28.050189971923828
spy,1995-03-08,28.122575759887695
spy,1995-03-09,28.113525390625
spy,1995-03-10,28.529747009277344
spy,1995-03-13,28.502620697021484
spy,1995-03-14,28.710721969604492
spy,1995-03-15,28.656423568725586
spy,1995-03-16,28.828350067138672
spy,1995-03-17,28.857030868530273
spy,1995-03-20,28.857030868530273
spy,1995-03-21,28.784255981445312
spy,1995-03-22,28.81154441833496
spy,1995-03-23,28.82973289489746
spy,1995-03-24,29.239118576049805
spy,1995-03-27,29.357397079467773
spy,1995-03-28,29.357397079467773
spy,1995-03-29,29.348299026489258
spy,1995-03-30,29.293716430664062
spy,1995-03-31,29.175426483154297
spy,1995-04-03,29.24821662902832
spy,1995-04-04,29.439273834228516
spy,1995-04-05,29.439273834228516
spy,1995-04-06,29.548439025878906
spy,1995-04-07,29.52113914489746
spy,1995-04-10,29.575727462768555
spy,1995-04-11,29.475662231445312
spy,1995-04-12,29.575727462768555
spy,1995-04-13,29.73948097229004
spy,1995-04-17,29.56662368774414
spy,1995-04-18,29.4665584564209
spy,1995-04-19,29.439273834228516
spy,1995-04-20,29.484764099121094
spy,1995-04-21,29.630321502685547
spy,1995-04-24,29.97601890563965
spy,1995-04-25,29.894113540649414
spy,1995-04-26,29.921436309814453
spy,1995-04-27,29.994197845458984
spy,1995-04-28,30.039703369140625
spy,1995-05-01,29.95781898498535
spy,1995-05-02,30.021488189697266
spy,1995-05-03,30.439971923828125
spy,1995-05-04,30.42177963256836
spy,1995-05-05,30.385393142700195
spy,1995-05-08,30.60373878479004
spy,1995-05-09,30.576444625854492
spy,1995-05-10,30.612823486328125
spy,1995-05-11,30.694734573364258
spy,1995-05-12,30.712907791137695
spy,1995-05-15,30.85845184326172
spy,1995-05-16,30.876657485961914
spy,1995-05-17,30.758390426635742
spy,1995-05-18,30.312620162963867
spy,1995-05-19,30.33080291748047
spy,1995-05-22,30.66743278503418
spy,1995-05-23,30.94943618774414
spy,1995-05-24,30.93122100830078
spy,1995-05-25,30.958534240722656
spy,1995-05-26,30.60373878479004
spy,1995-05-30,30.594633102416992
spy,1995-05-31,31.231464385986328
spy,1995-06-01,31.14958953857422
spy,1995-06-02,31.176868438720703
spy,1995-06-05,31.3679141998291
spy,1995-06-06,31.31332015991211
spy,1995-06-07,31.14958953857422
spy,1995-06-08,31.076793670654297
spy,1995-06-09,30.89484405517578
spy,1995-06-12,31.067699432373047
spy,1995-06-13,31.40431022644043
spy,1995-06-14,31.376991271972656
spy,1995-06-15,31.51346206665039
spy,1995-06-16,31.607030868530273
spy,1995-06-19,31.963930130004883
spy,1995-06-20,31.881572723388672
spy,1995-06-21,31.863264083862305
spy,1995-06-22,32.28420639038086
spy,1995-06-23,32.22015380859375
spy,1995-06-26,31.835803985595703
spy,1995-06-27,31.771745681762695
spy,1995-06-28,31.936458587646484
spy,1995-06-29,31.881572723388672
spy,1995-06-30,31.863264083862305
spy,1995-07-03,31.982219696044922
spy,1995-07-05,32.10118865966797
spy,1995-07-06,32.51297378540039
spy,1995-07-07,32.65938186645508
spy,1995-07-10,32.67768859863281
spy,1995-07-11,32.522117614746094
spy,1995-07-12,32.92475891113281
spy,1995-07-13,32.85153579711914
spy,1995-07-14,32.824100494384766
spy,1995-07-17,33.007102966308594
spy,1995-07-18,32.723419189453125
spy,1995-07-19,32.36656951904297
spy,1995-07-20,32.485504150390625
spy,1995-07-21,32.44890594482422
spy,1995-07-24,32.68682861328125
spy,1995-07-25,32.93391418457031
spy,1995-07-26,32.906463623046875
spy,1995-07-27,33.18096923828125
spy,1995-07-28,32.97050476074219
spy,1995-07-31,32.888160705566406
spy,1995-08-01,32.833248138427734
spy,1995-08-02,32.76006317138672
spy,1995-08-03,32.750885009765625
spy,1995-08-04,32.78749084472656
spy,1995-08-07,32.860687255859375
spy,1995-08-08,32.860687255859375
spy,1995-08-09,32.85153579711914
spy,1995-08-10,32.77833557128906
spy,1995-08-11,32.59534454345703
spy,1995-08-14,32.888160705566406
spy,1995-08-15,32.824100494384766
spy,1995-08-16,32.91559982299805
spy,1995-08-17,32.860687255859375
spy,1995-08-18,32.89730453491211
spy,1995-08-21,32.805782318115234
spy,1995-08-22,32.869850158691406
spy,1995-08-23,32.750885009765625
spy,1995-08-24,32.78749084472656
spy,1995-08-25,32.97050476074219
spy,1995-08-28,32.85153579711914
spy,1995-08-29,32.93391418457031
spy,1995-08-30,33.007102966308594
spy,1995-08-31,33.0345458984375
spy,1995-09-01,33.18096923828125
spy,1995-09-05,33.492103576660156
spy,1995-09-06,33.556148529052734
spy,1995-09-07,33.574462890625
spy,1995-09-08,33.70258712768555
spy,1995-09-11,33.7940673828125
spy,1995-09-12,33.949649810791016
spy,1995-09-13,34.10521697998047
spy,1995-09-14,34.41633224487305
spy,1995-09-15,34.406856536865234
spy,1995-09-18,34.278072357177734
spy,1995-09-19,34.44364929199219
spy,1995-09-20,34.6092414855957
spy,1995-09-21,34.324058532714844
spy,1995-09-22,34.333248138427734
spy,1995-09-25,34.278072357177734
spy,1995-09-26,34.26884841918945
spy,1995-09-27,34.241241455078125
spy,1995-09-28,34.498863220214844
spy,1995-09-29,34.43446731567383
spy,1995-10-02,34.2596321105957
spy,1995-10-03,34.296470642089844
spy,1995-10-04,34.2596321105957
spy,1995-10-05,34.36084747314453
spy,1995-10-06,34.38844680786133
spy,1995-10-09,34.1032600402832
spy,1995-10-10,34.084869384765625
spy,1995-10-11,34.19522476196289
spy,1995-10-12,34.406856536865234
spy,1995-10-13,34.51726531982422
spy,1995-10-16,34.35165786743164
spy,1995-10-17,34.581642150878906
spy,1995-10-18,34.6828498840332
spy,1995-10-19,34.84843826293945
spy,1995-10-20,34.636844635009766
spy,1995-10-23,34.56325149536133
spy,1995-10-24,34.600032806396484
spy,1995-10-25,34.31486511230469
spy,1995-10-26,34.00206756591797
spy,1995-10-27,34.2596321105957
spy,1995-10-30,34.480445861816406
spy,1995-10-31,34.333248138427734
spy,1995-11-01,34.6092414855957
spy,1995-11-02,34.83002853393555
spy,1995-11-03,34.87602615356445
spy,1995-11-06,34.75644302368164
spy,1995-11-07,34.62763214111328
spy,1995-11-08,34.9404411315918
spy,1995-11-09,35.06922912597656
spy,1995-11-10,35.05082702636719
spy,1995-11-13,35.01401901245117
spy,1995-11-14,34.78402328491211
spy,1995-11-15,35.13362121582031
spy,1995-11-16,35.32682800292969
spy,1995-11-17,35.43722152709961
spy,1995-11-20,35.25324630737305
spy,1995-11-21,35.53840637207031
spy,1995-11-22,35.42801284790039
spy,1995-11-24,35.52003860473633
spy,1995-11-27,35.52920913696289
spy,1995-11-28,35.90641784667969
spy,1995-11-29,35.943180084228516
spy,1995-11-30,35.860389709472656
spy,1995-12-01,35.90641784667969
spy,1995-12-04,36.34799575805664
spy,1995-12-05,36.58717727661133
spy,1995-12-06,36.669979095458984
spy,1995-12-07,36.476776123046875
spy,1995-12-08,36.59638595581055
spy,1995-12-11,36.75276565551758
spy,1995-12-12,36.64237976074219
spy,1995-12-13,36.87236785888672
spy,1995-12-14,36.60556411743164
spy,1995-12-15,36.61897659301758
spy,1995-12-18,35.91547775268555
spy,1995-12-19,36.294986724853516
spy,1995-12-20,35.9432487487793
spy,1995-12-21,36.12838363647461
spy,1995-12-22,36.25798797607422
spy,1995-12-26,36.433841705322266
spy,1995-12-27,36.41532516479492
spy,1995-12-28,36.378326416015625
spy,1995-12-29,36.424598693847656
spy,1996-01-02,36.81336975097656
spy,1996-01-03,36.91520309448242
spy,1996-01-04,36.56344223022461
spy,1996-01-05,36.4893684387207
spy,1996-01-08,36.62825393676758
spy,1996-01-09,35.998802185058594
spy,1996-01-10,35.526695251464844
spy,1996-01-11,35.739620208740234
spy,1996-01-12,35.68407440185547
spy,1996-01-15,35.61001968383789
spy,1996-01-16,36.04506301879883
spy,1996-01-17,35.933998107910156
spy,1996-01-18,36.054325103759766
spy,1996-01-19,36.294986724853516
spy,1996-01-22,36.30426025390625
spy,1996-01-23,36.3875617980957
spy,1996-01-24,36.68376541137695
spy,1996-01-25,36.554161071777344
spy,1996-01-26,36.868896484375
spy,1996-01-29,37.017005920410156
spy,1996-01-30,37.33174133300781
spy,1996-01-31,37.720516204833984
spy,1996-02-01,37.85936737060547
spy,1996-02-02,37.70200729370117
spy,1996-02-05,38.00746536254883
spy,1996-02-06,38.36846160888672
spy,1996-02-07,38.59062194824219
spy,1996-02-08,39.00716781616211
spy,1996-02-09,38.9979248046875
spy,1996-02-12,39.294151306152344
spy,1996-02-13,39.210819244384766
spy,1996-02-14,38.868324279785156
spy,1996-02-15,38.627662658691406
spy,1996-02-16,38.47029495239258
spy,1996-02-20,38.09077453613281
spy,1996-02-21,38.562870025634766
spy,1996-02-22,39.17380142211914
spy,1996-02-23,39.06269836425781
spy,1996-02-26,38.50730895996094
spy,1996-02-27,38.38698196411133
spy,1996-02-28,38.211116790771484
spy,1996-02-29,37.84084701538086
spy,1996-03-01,38.44253158569336
spy,1996-03-04,38.664676666259766
spy,1996-03-05,39.025672912597656
spy,1996-03-06,38.68319320678711
spy,1996-03-07,38.87759017944336
spy,1996-03-08,37.61870574951172
spy,1996-03-11,38.053768157958984
spy,1996-03-12,37.757537841796875
spy,1996-03-13,38.016719818115234
spy,1996-03-14,38.18333053588867
spy,1996-03-15,38.15767288208008
spy,1996-03-18,38.89220428466797
spy,1996-03-19,38.80852127075195
spy,1996-03-20,38.762046813964844
spy,1996-03-21,38.66905212402344
spy,1996-03-22,38.77132797241211
spy,1996-03-25,38.69695281982422
spy,1996-03-26,38.88289260864258
spy,1996-03-27,38.52958679199219
spy,1996-03-28,38.678340911865234
spy,1996-03-29,38.492393493652344
spy,1996-04-01,38.93867874145508
spy,1996-04-02,39.01306915283203
spy,1996-04-03,39.01306915283203
spy,1996-04-04,38.98518753051758
spy,1996-04-08,38.31574630737305
spy,1996-04-09,38.16697692871094
spy,1996-04-10,37.488243103027344
spy,1996-04-11,37.44175338745117
spy,1996-04-12,37.91594696044922
spy,1996-04-15,38.23206329345703
spy,1996-04-16,38.34364700317383
spy,1996-04-17,38.250648498535156
spy,1996-04-18,38.30643081665039
spy,1996-04-19,38.399410247802734
spy,1996-04-22,38.69695281982422
spy,1996-04-23,38.81780242919922
spy,1996-04-24,38.678340911865234
spy,1996-04-25,38.85502243041992
spy,1996-04-26,38.93867874145508
spy,1996-04-29,38.93867874145508
spy,1996-04-30,38.910789489746094
spy,1996-05-01,38.99446105957031
spy,1996-05-02,38.325042724609375
spy,1996-05-03,38.269256591796875
spy,1996-05-06,38.23206329345703
spy,1996-05-07,38.07402038574219
spy,1996-05-08,38.54818344116211
spy,1996-05-09,38.52029800415039
spy,1996-05-10,38.901485443115234
spy,1996-05-13,39.48726272583008
spy,1996-05-14,39.7289924621582
spy,1996-05-15,39.682491302490234
spy,1996-05-16,39.76617431640625
spy,1996-05-17,39.98003387451172
spy,1996-05-20,40.24964904785156
spy,1996-05-21,40.193870544433594
spy,1996-05-22,40.575077056884766
spy,1996-05-23,40.40770721435547
spy,1996-05-24,40.5657844543457
spy,1996-05-28,40.15668869018555
spy,1996-05-29,39.887046813964844
spy,1996-05-30,40.091590881347656
spy,1996-05-31,39.79407501220703
spy,1996-06-03,39.905635833740234
spy,1996-06-04,40.18456268310547
spy,1996-06-05,40.537906646728516
spy,1996-06-06,40.24034118652344
spy,1996-06-07,40.24034118652344
spy,1996-06-10,40.110191345214844
spy,1996-06-11,40.07299041748047
spy,1996-06-12,39.99863052368164
spy,1996-06-13,39.99863052368164
spy,1996-06-14,39.831260681152344
spy,1996-06-17,39.80338668823242
spy,1996-06-18,39.47795867919922
spy,1996-06-19,39.654605865478516
spy,1996-06-20,39.6267204284668
spy,1996-06-21,39.967533111572266
spy,1996-06-24,40.04231262207031
spy,1996-06-25,39.995582580566406
spy,1996-06-26,39.724510192871094
spy,1996-06-27,40.00493240356445
spy,1996-06-28,40.1451301574707
spy,1996-07-01,40.490962982177734
spy,1996-07-02,40.34142303466797
spy,1996-07-03,40.257301330566406
spy,1996-07-05,39.229129791259766
spy,1996-07-08,39.070213317871094
spy,1996-07-09,39.229129791259766
spy,1996-07-10,39.38801956176758
spy,1996-07-11,38.593536376953125
spy,1996-07-12,38.6215934753418
spy,1996-07-15,37.481258392333984
spy,1996-07-16,37.574710845947266
spy,1996-07-17,38.02338409423828
spy,1996-07-18,38.54681396484375
spy,1996-07-19,38.26639175415039
spy,1996-07-22,37.98599624633789
spy,1996-07-23,37.499942779541016
spy,1996-07-24,37.574710845947266
spy,1996-07-25,37.911224365234375
spy,1996-07-26,38.11685562133789
spy,1996-07-29,37.696224212646484
spy,1996-07-30,38.060768127441406
spy,1996-07-31,38.34117126464844
spy,1996-08-01,38.97675323486328
spy,1996-08-02,39.817996978759766
spy,1996-08-05,39.58430480957031
spy,1996-08-06,39.70581817626953
spy,1996-08-07,39.80863571166992
spy,1996-08-08,39.74324035644531
spy,1996-08-09,39.61235809326172
spy,1996-08-12,39.90211868286133
spy,1996-08-13,39.58430480957031
spy,1996-08-14,39.724510192871094
spy,1996-08-15,39.64973449707031
spy,1996-08-16,39.98622512817383
spy,1996-08-19,40.00493240356445
spy,1996-08-20,39.97690963745117
spy,1996-08-21,39.83666229248047
spy,1996-08-22,40.210575103759766
spy,1996-08-23,39.995582580566406
spy,1996-08-26,39.79927444458008
spy,1996-08-27,39.94886779785156
spy,1996-08-28,39.88345718383789
spy,1996-08-29,39.4908561706543
spy,1996-08-30,39.0795783996582
spy,1996-09-03,39.33193588256836
spy,1996-09-04,39.36932373046875
spy,1996-09-05,38.89263153076172
spy,1996-09-06,39.44411087036133
spy,1996-09-09,39.91147232055664
spy,1996-09-10,39.89274597167969
spy,1996-09-11,40.117095947265625
spy,1996-09-12,40.39751052856445
spy,1996-09-13,41.01438522338867
spy,1996-09-16,41.1639404296875
spy,1996-09-17,41.07048797607422
spy,1996-09-18,40.96764373779297
spy,1996-09-19,41.12657165527344
spy,1996-09-20,41.272457122802734
spy,1996-09-23,41.26304244995117
spy,1996-09-24,41.253658294677734
spy,1996-09-25,41.281856536865234
spy,1996-09-26,41.26304244995117
spy,1996-09-27,41.300636291503906
spy,1996-09-30,41.26304244995117
spy,1996-10-01,41.488529205322266
spy,1996-10-02,41.770381927490234
spy,1996-10-03,41.732810974121094
spy,1996-10-04,42.296512603759766
spy,1996-10-07,42.34348678588867
spy,1996-10-08,42.17436599731445
spy,1996-10-09,41.845523834228516
spy,1996-10-10,41.760986328125
spy,1996-10-11,42.27772521972656
spy,1996-10-14,42.334102630615234
spy,1996-10-15,42.27772521972656
spy,1996-10-16,42.484405517578125
spy,1996-10-17,42.597145080566406
spy,1996-10-18,42.8226318359375
spy,1996-10-21,42.766258239746094
spy,1996-10-22,42.465614318847656
spy,1996-10-23,42.6065559387207
spy,1996-10-24,42.24014663696289
spy,1996-10-25,42.27772521972656
spy,1996-10-28,41.99587631225586
spy,1996-10-29,42.334102630615234
spy,1996-10-30,42.193172454833984
spy,1996-10-31,42.597145080566406
spy,1996-11-01,42.446861267089844
spy,1996-11-04,42.72870635986328
spy,1996-11-05,42.97294998168945
spy,1996-11-06,43.79972839355469
spy,1996-11-07,43.90308380126953
spy,1996-11-08,44.14731979370117
spy,1996-11-11,44.100379943847656
spy,1996-11-12,43.96881866455078
spy,1996-11-13,44.166133880615234
spy,1996-11-14,44.45735549926758
spy,1996-11-15,44.51374816894531
spy,1996-11-18,44.52315902709961
spy,1996-11-19,44.842559814453125
spy,1996-11-20,44.91771697998047
spy,1996-11-21,44.851966857910156
spy,1996-11-22,45.1995735168457
spy,1996-11-25,45.772674560546875
spy,1996-11-26,45.62235641479492
spy,1996-11-27,45.53778839111328
spy,1996-11-29,45.70691680908203
spy,1996-12-02,45.7257194519043
spy,1996-12-03,44.94593048095703
spy,1996-12-04,45.06803512573242
spy,1996-12-05,44.94593048095703
spy,1996-12-06,44.68285369873047
spy,1996-12-09,45.34050369262695
spy,1996-12-10,45.124427795410156
spy,1996-12-11,44.71104049682617
spy,1996-12-12,43.96881866455078
spy,1996-12-13,44.08155822753906
spy,1996-12-16,43.51786422729492
spy,1996-12-17,43.865478515625
spy,1996-12-18,44.21306610107422
spy,1996-12-19,45.124427795410156
spy,1996-12-20,45.22344207763672
spy,1996-12-23,45.11014938354492
spy,1996-12-24,45.44058609008789
spy,1996-12-26,45.78989791870117
spy,1996-12-27,45.846553802490234
spy,1996-12-30,45.45002746582031
spy,1996-12-31,44.61918258666992
spy,1997-01-02,44.73249816894531
spy,1997-01-03,45.37451171875
spy,1997-01-06,44.977989196777344
spy,1997-01-07,45.52555465698242
spy,1997-01-08,45.129005432128906
spy,1997-01-09,45.50666809082031
spy,1997-01-10,45.99761962890625
spy,1997-01-13,45.93153381347656
spy,1997-01-14,46.5074348449707
spy,1997-01-15,46.39414978027344
spy,1997-01-16,46.582969665527344
spy,1997-01-17,46.866207122802734
spy,1997-01-20,46.9228630065918
spy,1997-01-21,47.300514221191406
spy,1997-01-22,47.640384674072266
spy,1997-01-23,46.979522705078125
spy,1997-01-24,46.375267028808594
spy,1997-01-27,46.24308395385742
spy,1997-01-28,46.375267028808594
spy,1997-01-29,46.828468322753906
spy,1997-01-30,47.43268585205078
spy,1997-01-31,47.37604904174805
spy,1997-02-03,47.51765441894531
spy,1997-02-04,47.81034469604492
spy,1997-02-05,46.91341781616211
spy,1997-02-06,47.2249755859375
spy,1997-02-07,47.86699295043945
spy,1997-02-10,47.41380310058594
spy,1997-02-11,47.96138381958008
spy,1997-02-12,48.641151428222656
spy,1997-02-13,49.16989517211914
spy,1997-02-14,49.056556701660156
spy,1997-02-18,49.47200012207031
spy,1997-02-19,49.141544342041016
spy,1997-02-20,48.54674530029297
spy,1997-02-21,48.56562042236328
spy,1997-02-24,49.141544342041016
spy,1997-02-25,49.179317474365234
spy,1997-02-26,48.69780731201172
spy,1997-02-27,47.9708251953125
spy,1997-02-28,47.829227447509766
spy,1997-03-03,48.15020751953125
spy,1997-03-04,47.885841369628906
spy,1997-03-05,48.69780731201172
spy,1997-03-06,48.414573669433594
spy,1997-03-07,48.848873138427734
spy,1997-03-10,49.35868835449219
spy,1997-03-11,49.094329833984375
spy,1997-03-12,48.66004180908203
spy,1997-03-13,47.90473556518555
spy,1997-03-14,48.15020751953125
spy,1997-03-17,48.282405853271484
spy,1997-03-18,47.76314926147461
spy,1997-03-19,47.60260772705078
spy,1997-03-20,47.357154846191406
spy,1997-03-21,47.576416015625
spy,1997-03-24,48.2398681640625
spy,1997-03-25,47.765968322753906
spy,1997-03-26,47.974456787109375
spy,1997-03-27,46.70450973510742
spy,1997-03-31,45.71885299682617
spy,1997-04-01,46.012672424316406
spy,1997-04-02,45.18812942504883
spy,1997-04-03,45.43454360961914
spy,1997-04-04,46.00320053100586
spy,1997-04-07,46.18326187133789
spy,1997-04-08,46.51496887207031
spy,1997-04-09,46.13585662841797
spy,1997-04-10,45.96526336669922
spy,1997-04-11,44.505741119384766
spy,1997-04-14,45.102821350097656
spy,1997-04-15,45.87049102783203
spy,1997-04-16,46.40121841430664
spy,1997-04-17,46.2116813659668
spy,1997-04-18,46.43914794921875
spy,1997-04-21,46.13585662841797
spy,1997-04-22,47.14995193481445
spy,1997-04-23,47.19732666015625
spy,1997-04-24,46.96040344238281
spy,1997-04-25,46.420169830322266
spy,1997-04-28,46.875118255615234
spy,1997-04-29,48.353553771972656
spy,1997-04-30,48.581031799316406
spy,1997-05-01,48.524147033691406
spy,1997-05-02,49.39608383178711
spy,1997-05-05,50.571285247802734
spy,1997-05-06,50.533355712890625
spy,1997-05-07,49.43398666381836
spy,1997-05-08,49.77518081665039
spy,1997-05-09,50.11634826660156
spy,1997-05-12,50.95039367675781
spy,1997-05-13,50.74187088012695
spy,1997-05-14,50.83663558959961
spy,1997-05-15,51.1778450012207
spy,1997-05-16,50.47648620605469
spy,1997-05-19,50.6281623840332
spy,1997-05-20,51.234683990478516
spy,1997-05-21,51.120967864990234
spy,1997-05-22,50.95039367675781
spy,1997-05-23,51.42422103881836
spy,1997-05-27,51.63274383544922
spy,1997-05-28,51.623268127441406
spy,1997-05-29,51.31998825073242
spy,1997-05-30,51.65167999267578
spy,1997-06-02,51.42422103881836
spy,1997-06-03,51.25365447998047
spy,1997-06-04,51.1967658996582
spy,1997-06-05,51.386329650878906
spy,1997-06-06,52.390899658203125
spy,1997-06-09,52.656280517578125
spy,1997-06-10,52.817405700683594
spy,1997-06-11,52.94059753417969
spy,1997-06-12,53.96418380737305
spy,1997-06-13,54.41909408569336
spy,1997-06-16,54.438053131103516
spy,1997-06-17,54.362213134765625
spy,1997-06-18,54.17268371582031
spy,1997-06-19,54.73181915283203
spy,1997-06-20,54.545387268066406
spy,1997-06-23,53.222869873046875
spy,1997-06-24,54.573917388916016
spy,1997-06-25,54.19330978393555
spy,1997-06-26,53.926944732666016
spy,1997-06-27,54.13623046875
spy,1997-06-30,53.77471160888672
spy,1997-07-01,54.402645111083984
spy,1997-07-02,55.29697036743164
spy,1997-07-03,56.05811309814453
spy,1997-07-07,55.48724365234375
spy,1997-07-08,56.06768035888672
spy,1997-07-09,55.449195861816406
spy,1997-07-10,55.69658660888672
spy,1997-07-11,55.88689422607422
spy,1997-07-14,56.05811309814453
spy,1997-07-15,56.34355926513672
spy,1997-07-16,57.08567428588867
spy,1997-07-17,56.800228118896484
spy,1997-07-18,55.591922760009766
spy,1997-07-21,55.60143280029297
spy,1997-07-22,57.07614517211914
spy,1997-07-23,57.02859115600586
spy,1997-07-24,57.29497528076172
spy,1997-07-25,57.25688934326172
spy,1997-07-28,57.21890640258789
spy,1997-07-29,57.4091796875
spy,1997-07-30,58.09419250488281
spy,1997-07-31,58.03707504272461
spy,1997-08-01,57.80876159667969
spy,1997-08-04,57.96097946166992
spy,1997-08-05,57.999053955078125
spy,1997-08-06,58.47475051879883
spy,1997-08-07,58.03707504272461
spy,1997-08-08,56.85731506347656
spy,1997-08-11,57.27595138549805
spy,1997-08-12,56.36259078979492
spy,1997-08-13,56.191307067871094
spy,1997-08-14,56.400638580322266
spy,1997-08-15,54.66904067993164
spy,1997-08-18,55.88689422607422
spy,1997-08-19,56.533851623535156
spy,1997-08-20,57.39015197753906
spy,1997-08-21,56.38161849975586
spy,1997-08-22,56.36259078979492
spy,1997-08-25,56.15322494506836
spy,1997-08-26,55.32554244995117
spy,1997-08-27,55.65855026245117
spy,1997-08-28,54.811763763427734
spy,1997-08-29,55.03059768676758
spy,1997-09-02,56.81929397583008
spy,1997-09-03,56.51478576660156
spy,1997-09-04,56.87636184692383
spy,1997-09-05,56.71463394165039
spy,1997-09-08,56.96200942993164
spy,1997-09-09,56.99051284790039
spy,1997-09-10,55.81073760986328
spy,1997-09-11,55.52531814575195
spy,1997-09-12,56.419677734375
spy,1997-09-15,56.32453918457031
spy,1997-09-16,57.732627868652344
spy,1997-09-17,57.732627868652344
spy,1997-09-18,57.98001480102539
spy,1997-09-19,58.07810592651367
spy,1997-09-22,58.402774810791016
spy,1997-09-23,58.135414123535156
spy,1997-09-24,57.657958984375
spy,1997-09-25,57.2568359375
spy,1997-09-26,57.73432540893555
spy,1997-09-29,58.28815460205078
spy,1997-09-30,57.677005767822266
spy,1997-10-01,58.44097137451172
spy,1997-10-02,58.7656364440918
spy,1997-10-03,59.061683654785156
spy,1997-10-06,59.453182220458984
spy,1997-10-07,60.00706481933594
spy,1997-10-08,59.58686828613281
spy,1997-10-09,59.37678527832031
spy,1997-10-10,59.204917907714844
spy,1997-10-13,59.262176513671875
spy,1997-10-14,59.281280517578125
spy,1997-10-15,59.14760208129883
spy,1997-10-16,58.21180725097656
spy,1997-10-17,57.619754791259766
spy,1997-10-20,58.44097137451172
spy,1997-10-21,59.57731246948242
spy,1997-10-22,59.1857795715332
spy,1997-10-23,58.02082061767578
spy,1997-10-24,57.447845458984375
spy,1997-10-27,53.28440856933594
spy,1997-10-28,56.3592414855957
spy,1997-10-29,56.20647048950195
spy,1997-10-30,54.96506118774414
spy,1997-10-31,56.263729095458984
spy,1997-11-03,57.447845458984375
spy,1997-11-04,57.447845458984375
spy,1997-11-05,57.63883590698242
spy,1997-11-06,57.41919708251953
spy,1997-11-07,56.798484802246094
spy,1997-11-10,56.45475769042969
spy,1997-11-11,56.473854064941406
spy,1997-11-12,55.30881881713867
spy,1997-11-13,56.1109733581543
spy,1997-11-14,56.874916076660156
spy,1997-11-17,57.925323486328125
spy,1997-11-18,57.56243896484375
spy,1997-11-19,57.84890365600586
spy,1997-11-20,58.72745132446289
spy,1997-11-21,59.12849426269531
spy,1997-11-24,58.05902099609375
spy,1997-11-25,58.21180725097656
spy,1997-11-26,58.3836669921875
spy,1997-11-28,58.44097137451172
spy,1997-12-01,59.949771881103516
spy,1997-12-02,59.58686828613281
spy,1997-12-03,59.758758544921875
spy,1997-12-04,59.70146179199219
spy,1997-12-05,60.46539306640625
spy,1997-12-08,60.29348373413086
spy,1997-12-09,59.93063735961914
spy,1997-12-10,59.414947509765625
spy,1997-12-11,58.402774810791016
spy,1997-12-12,58.51735305786133
spy,1997-12-15,59.109413146972656
spy,1997-12-16,59.4722900390625
spy,1997-12-17,59.1667366027832
spy,1997-12-18,58.59373092651367
spy,1997-12-19,58.155826568603516
spy,1997-12-22,58.52968215942383
spy,1997-12-23,57.484710693359375
spy,1997-12-24,57.31210708618164
spy,1997-12-26,57.54219055175781
spy,1997-12-29,58.67352294921875
spy,1997-12-30,59.59386444091797
spy,1997-12-31,59.5555419921875
spy,1998-01-02,59.86231994628906
spy,1998-01-05,59.99655532836914
spy,1998-01-06,59.03782653808594
spy,1998-01-07,59.191226959228516
spy,1998-01-08,58.67352294921875
spy,1998-01-09,56.64102554321289
spy,1998-01-12,57.67646026611328
spy,1998-01-13,58.48176956176758
spy,1998-01-14,58.75021743774414
spy,1998-01-15,58.26126480102539
spy,1998-01-16,59.09535598754883
spy,1998-01-20,60.054080963134766
spy,1998-01-21,59.47887420654297
spy,1998-01-22,58.9515380859375
spy,1998-01-23,58.865257263183594
spy,1998-01-26,58.82691955566406
spy,1998-01-27,59.421321868896484
spy,1998-01-28,59.958229064941406
spy,1998-01-29,60.28415298461914
spy,1998-01-30,60.32250213623047
spy,1998-02-02,61.31959915161133
spy,1998-02-03,61.779754638671875
spy,1998-02-04,61.70308303833008
spy,1998-02-05,61.66471481323242
spy,1998-02-06,62.35499572753906
spy,1998-02-09,62.14410400390625
spy,1998-02-10,62.73847579956055
spy,1998-02-11,62.680973052978516
spy,1998-02-12,62.949405670166016
spy,1998-02-13,62.58506774902344
spy,1998-02-17,62.89188766479492
spy,1998-02-18,63.46710968017578
spy,1998-02-19,63.131553649902344
spy,1998-02-20,63.60135269165039
spy,1998-02-23,63.85060501098633
spy,1998-02-24,63.35206985473633
spy,1998-02-25,64.13822937011719
spy,1998-02-26,64.50250244140625
spy,1998-02-27,64.50250244140625
spy,1998-03-02,64.36832427978516
spy,1998-03-03,64.73258972167969
spy,1998-03-04,64.3107681274414
spy,1998-03-05,63.71637725830078
spy,1998-03-06,65.00102996826172
spy,1998-03-09,64.77094268798828
spy,1998-03-10,65.38455963134766
spy,1998-03-11,65.69134521484375
spy,1998-03-12,65.95977783203125
spy,1998-03-13,65.71051025390625
spy,1998-03-16,66.41995239257812
spy,1998-03-17,66.6117172241211
spy,1998-03-18,66.8609848022461
spy,1998-03-19,67.03355407714844
spy,1998-03-20,67.61071014404297
spy,1998-03-23,67.45691680908203
spy,1998-03-24,68.03377532958984
spy,1998-03-25,67.78379821777344
spy,1998-03-26,67.74531555175781
spy,1998-03-27,67.45691680908203
spy,1998-03-30,67.41844177246094
spy,1998-03-31,67.6491928100586
spy,1998-04-01,68.19722747802734
spy,1998-04-02,68.93757629394531
spy,1998-04-03,69.28369140625
spy,1998-04-06,68.72602844238281
spy,1998-04-07,68.26457214355469
spy,1998-04-08,67.87994384765625
spy,1998-04-09,68.41838073730469
spy,1998-04-13,68.2260971069336
spy,1998-04-14,68.80293273925781
spy,1998-04-15,68.99524688720703
spy,1998-04-16,68.1875991821289
spy,1998-04-17,69.0914306640625
spy,1998-04-20,69.0721664428711
spy,1998-04-21,69.39907836914062
spy,1998-04-22,69.59136199951172
spy,1998-04-23,68.91830444335938
spy,1998-04-24,68.1875991821289
spy,1998-04-27,66.89925384521484
spy,1998-04-28,66.80311584472656
spy,1998-04-29,67.26461791992188
spy,1998-04-30,68.51451873779297
spy,1998-05-01,69.28369140625
spy,1998-05-04,69.11062622070312
spy,1998-05-05,68.62989044189453
spy,1998-05-06,67.82229614257812
spy,1998-05-07,67.28382110595703
spy,1998-05-08,68.37992858886719
spy,1998-05-11,68.1491470336914
spy,1998-05-12,68.8798599243164
spy,1998-05-13,69.05291748046875
spy,1998-05-14,68.70679473876953
spy,1998-05-15,68.32222747802734
spy,1998-05-18,68.05298614501953
spy,1998-05-19,68.51451873779297
spy,1998-05-20,69.1683349609375
spy,1998-05-21,68.72602844238281
spy,1998-05-22,68.45680236816406
spy,1998-05-26,67.36073303222656
spy,1998-05-27,67.45691680908203
spy,1998-05-28,67.76460266113281
spy,1998-05-29,67.0915298461914
spy,1998-06-01,67.39920806884766
spy,1998-06-02,67.45691680908203
spy,1998-06-03,66.3800048828125
spy,1998-06-04,67.61071014404297
spy,1998-06-05,68.91830444335938
spy,1998-06-08,68.8414077758789
spy,1998-06-09,69.05291748046875
spy,1998-06-10,68.61067962646484
spy,1998-06-11,67.32228088378906
spy,1998-06-12,67.95684814453125
spy,1998-06-15,66.16849517822266
spy,1998-06-16,67.18766021728516
spy,1998-06-17,68.59144592285156
spy,1998-06-18,68.28379821777344
spy,1998-06-19,67.94164276123047
spy,1998-06-22,68.26953887939453
spy,1998-06-23,69.07975769042969
spy,1998-06-24,70.0057144165039
spy,1998-06-25,69.88997650146484
spy,1998-06-26,70.17930603027344
spy,1998-06-29,70.43010711669922
spy,1998-06-30,69.94783020019531
spy,1998-07-01,70.75804138183594
spy,1998-07-02,70.89310455322266
spy,1998-07-06,71.60681915283203
spy,1998-07-07,71.47176361083984
spy,1998-07-08,71.9926528930664
spy,1998-07-09,71.51036071777344
spy,1998-07-10,71.8962173461914
spy,1998-07-13,71.91553497314453
spy,1998-07-14,72.7256851196289
spy,1998-07-15,72.5906753540039
spy,1998-07-16,73.09223937988281
spy,1998-07-17,73.18868255615234
spy,1998-07-20,73.18868255615234
spy,1998-07-21,71.91553497314453
spy,1998-07-22,71.91553497314453
spy,1998-07-23,70.4880142211914
spy,1998-07-24,70.43010711669922
spy,1998-07-27,70.93170928955078
spy,1998-07-28,69.73564910888672
spy,1998-07-29,69.46556854248047
spy,1998-07-30,70.50728607177734
spy,1998-07-31,69.00259399414062
spy,1998-08-03,68.71322631835938
spy,1998-08-04,66.05116271972656
spy,1998-08-05,66.95779418945312
spy,1998-08-06,67.24713897705078
spy,1998-08-07,67.36295318603516
spy,1998-08-10,66.97708129882812
spy,1998-08-11,65.9739990234375
spy,1998-08-12,67.09284973144531
spy,1998-08-13,66.28263854980469
spy,1998-08-14,65.51095581054688
spy,1998-08-17,66.89991760253906
spy,1998-08-18,68.13451385498047
spy,1998-08-19,67.96088409423828
spy,1998-08-20,67.5558090209961
spy,1998-08-21,67.01567077636719
spy,1998-08-24,67.44005584716797
spy,1998-08-25,67.59441375732422
spy,1998-08-26,67.20858001708984
spy,1998-08-27,64.04489135742188
spy,1998-08-28,63.81344223022461
spy,1998-08-31,59.2608528137207
spy,1998-09-01,61.76859664916992
spy,1998-09-02,61.32490539550781
spy,1998-09-03,60.84267807006836
spy,1998-09-04,60.341102600097656
spy,1998-09-08,63.58192825317383
spy,1998-09-09,62.03871536254883
spy,1998-09-10,60.8040885925293
spy,1998-09-11,62.771751403808594
spy,1998-09-14,63.8520393371582
spy,1998-09-15,64.23783874511719
spy,1998-09-16,64.81654357910156
spy,1998-09-17,62.964622497558594
spy,1998-09-18,63.24510955810547
spy,1998-09-21,63.20639419555664
spy,1998-09-22,63.729068756103516
spy,1998-09-23,66.28445434570312
spy,1998-09-24,64.6583251953125
spy,1998-09-25,64.58085632324219
spy,1998-09-28,65.1616439819336
spy,1998-09-29,65.00675201416016
spy,1998-09-30,63.03215026855469
spy,1998-10-01,61.21245193481445
spy,1998-10-02,62.39329528808594
spy,1998-10-05,61.13500213623047
spy,1998-10-06,61.0768928527832
spy,1998-10-07,60.16703796386719
spy,1998-10-08,59.83795928955078
spy,1998-10-09,61.03822708129883
spy,1998-10-12,61.92873764038086
spy,1998-10-13,61.71577453613281
spy,1998-10-14,62.2965087890625
spy,1998-10-15,65.64561462402344
spy,1998-10-16,65.66496276855469
spy,1998-10-19,65.89725494384766
spy,1998-10-20,66.28445434570312
spy,1998-10-21,66.05210876464844
spy,1998-10-22,67.03944396972656
spy,1998-10-23,66.1876449584961
spy,1998-10-26,66.6716079711914
spy,1998-10-27,66.28445434570312
spy,1998-10-28,66.16827392578125
spy,1998-10-29,67.7750473022461
spy,1998-10-30,68.14282989501953
spy,1998-11-02,69.30439758300781
spy,1998-11-03,68.80108642578125
spy,1998-11-04,69.53672790527344
spy,1998-11-05,70.48532104492188
spy,1998-11-06,70.69823455810547
spy,1998-11-09,70.19490814208984
spy,1998-11-10,70.00128936767578
spy,1998-11-11,69.53672790527344
spy,1998-11-12,69.45925903320312
spy,1998-11-13,70.13682556152344
spy,1998-11-16,70.65950012207031
spy,1998-11-17,70.65950012207031
spy,1998-11-18,71.08538055419922
spy,1998-11-19,71.70492553710938
spy,1998-11-20,72.24690246582031
spy,1998-11-23,73.95050048828125
spy,1998-11-24,73.48583984375
spy,1998-11-25,73.48583984375
spy,1998-11-27,74.0279312133789
spy,1998-11-30,71.93717956542969
spy,1998-12-01,72.8664321899414
spy,1998-12-02,72.65347290039062
spy,1998-12-03,71.45326232910156
spy,1998-12-04,73.33099365234375
spy,1998-12-07,73.67950439453125
spy,1998-12-08,73.35038757324219
spy,1998-12-09,73.48583984375
spy,1998-12-10,72.41148376464844
spy,1998-12-11,72.55671691894531
spy,1998-12-14,70.46595001220703
spy,1998-12-15,72.28565216064453
spy,1998-12-16,72.1888656616211
spy,1998-12-17,73.34071350097656
spy,1998-12-18,73.65234375
spy,1998-12-21,74.68172454833984
spy,1998-12-22,75.011962890625
spy,1998-12-23,76.58522033691406
spy,1998-12-24,76.2550277709961
spy,1998-12-28,76.06080627441406
spy,1998-12-29,77.26502227783203
spy,1998-12-30,76.64348602294922
spy,1998-12-31,76.64348602294922
spy,1999-01-04,76.46870422363281
spy,1999-01-05,77.3427505493164
spy,1999-01-06,79.20734405517578
spy,1999-01-07,78.81888580322266
spy,1999-01-08,79.40154266357422
spy,1999-01-11,78.64404296875
spy,1999-01-12,77.22618103027344
spy,1999-01-13,76.68229675292969
spy,1999-01-14,75.34214782714844
spy,1999-01-15,77.30389404296875
spy,1999-01-19,77.80885314941406
spy,1999-01-20,78.4303970336914
spy,1999-01-21,76.35213470458984
spy,1999-01-22,76.17733764648438
spy,1999-01-25,76.95425415039062
spy,1999-01-26,78.3526840209961
spy,1999-01-27,77.4397964477539
spy,1999-01-28,78.7411880493164
spy,1999-01-29,79.34329986572266
spy,1999-02-01,78.87711334228516
spy,1999-02-02,78.39156341552734
spy,1999-02-03,79.18789672851562
spy,1999-02-04,78.00309753417969
spy,1999-02-05,77.10964965820312
spy,1999-02-08,77.26502227783203
spy,1999-02-09,75.5363540649414
spy,1999-02-10,76.02194213867188
spy,1999-02-11,77.77002716064453
spy,1999-02-12,76.83773040771484
spy,1999-02-16,76.37159729003906
spy,1999-02-17,76.29385375976562
spy,1999-02-18,76.89599609375
spy,1999-02-19,77.22618103027344
spy,1999-02-22,79.28498840332031
spy,1999-02-23,79.24618530273438
spy,1999-02-24,77.84771728515625
spy,1999-02-25,77.10964965820312
spy,1999-02-26,76.79888153076172
spy,1999-03-01,77.01253509521484
spy,1999-03-02,76.33268737792969
spy,1999-03-03,76.7406005859375
spy,1999-03-04,77.7117691040039
spy,1999-03-05,79.27532958984375
spy,1999-03-08,79.79007720947266
spy,1999-03-09,79.5958023071289
spy,1999-03-10,80.29502868652344
spy,1999-03-11,81.1884994506836
spy,1999-03-12,80.41157531738281
spy,1999-03-15,81.5575180053711
spy,1999-03-16,81.24677276611328
spy,1999-03-17,80.89715576171875
spy,1999-03-18,82.198486328125
spy,1999-03-19,80.80132293701172
spy,1999-03-22,80.9570541381836
spy,1999-03-23,78.62066650390625
spy,1999-03-24,79.06840515136719
spy,1999-03-25,80.68452453613281
spy,1999-03-26,80.10041046142578
spy,1999-03-29,81.71640014648438
spy,1999-03-30,81.28807830810547
spy,1999-03-31,79.98355865478516
spy,1999-04-01,80.58710479736328
spy,1999-04-05,82.4952392578125
spy,1999-04-06,82.30049133300781
spy,1999-04-07,82.96250915527344
spy,1999-04-08,84.01388549804688
spy,1999-04-09,84.03339385986328
spy,1999-04-12,84.92896270751953
spy,1999-04-13,84.38383483886719
spy,1999-04-14,82.96250915527344
spy,1999-04-15,82.65093994140625
spy,1999-04-16,81.9500503540039
spy,1999-04-19,80.68452453613281
spy,1999-04-20,81.69694519042969
spy,1999-04-21,84.03339385986328
spy,1999-04-22,84.83164978027344
spy,1999-04-23,84.61744689941406
spy,1999-04-26,85.104248046875
spy,1999-04-27,85.51306915283203
spy,1999-04-28,84.34483337402344
spy,1999-04-29,83.7023696899414
spy,1999-04-30,83.02090454101562
spy,1999-05-03,84.53958892822266
spy,1999-05-04,83.3323974609375
spy,1999-05-05,83.99442291259766
spy,1999-05-06,83.47842407226562
spy,1999-05-07,84.11128234863281
spy,1999-05-10,83.692626953125
spy,1999-05-11,84.53958892822266
spy,1999-05-12,85.2015609741211
spy,1999-05-13,85.57154083251953
spy,1999-05-14,83.35192108154297
spy,1999-05-17,83.60498809814453
spy,1999-05-18,83.44921875
spy,1999-05-19,84.0528335571289
spy,1999-05-20,83.54659271240234
spy,1999-05-21,83.07933807373047
spy,1999-05-24,81.69694519042969
spy,1999-05-25,80.37297058105469
spy,1999-05-26,81.26856231689453
spy,1999-05-27,80.10041046142578
spy,1999-05-28,81.1225814819336
spy,1999-06-01,80.8402328491211
spy,1999-06-02,80.9180908203125
spy,1999-06-03,81.36597442626953
spy,1999-06-04,83.0014419555664
spy,1999-06-07,83.21562194824219
spy,1999-06-08,82.39788055419922
spy,1999-06-09,82.31996154785156
spy,1999-06-10,81.5606689453125
spy,1999-06-11,80.87918853759766
spy,1999-06-14,80.9570541381836
spy,1999-06-15,81.50224304199219
spy,1999-06-16,83.05987548828125
spy,1999-06-17,83.83870697021484
spy,1999-06-18,83.93550109863281
spy,1999-06-21,84.13080596923828
spy,1999-06-22,83.54491424560547
spy,1999-06-23,83.13483428955078
spy,1999-06-24,82.50991821289062
spy,1999-06-25,82.30490112304688
spy,1999-06-28,83.31063079833984
spy,1999-06-29,84.09175109863281
spy,1999-06-30,85.61502838134766
spy,1999-07-01,86.2594223022461
spy,1999-07-02,87.11872100830078
spy,1999-07-06,87.09918212890625
spy,1999-07-07,87.21636962890625
spy,1999-07-08,87.28475189208984
spy,1999-07-09,87.80221557617188
spy,1999-07-12,87.41169738769531
spy,1999-07-13,87.09918212890625
spy,1999-07-14,87.58740234375
spy,1999-07-15,88.14400482177734
spy,1999-07-16,88.6224594116211
spy,1999-07-19,88.03658294677734
spy,1999-07-20,86.23016357421875
spy,1999-07-21,86.1325454711914
spy,1999-07-22,84.9998779296875
spy,1999-07-23,84.83386993408203
spy,1999-07-26,84.2089614868164
spy,1999-07-27,84.9119873046875
spy,1999-07-28,85.18535614013672
spy,1999-07-29,83.9941177368164
spy,1999-07-30,82.9590835571289
spy,1999-08-02,83.15436553955078
spy,1999-08-03,82.76378631591797
spy,1999-08-04,81.63114166259766
spy,1999-08-05,82.37322235107422
spy,1999-08-06,81.4748764038086
spy,1999-08-09,81.29910278320312
spy,1999-08-10,80.40078735351562
spy,1999-08-11,81.37721252441406
spy,1999-08-12,81.3283920288086
spy,1999-08-13,83.21294403076172
spy,1999-08-16,83.583984375
spy,1999-08-17,84.13080596923828
spy,1999-08-18,83.52545928955078
spy,1999-08-19,82.8418960571289
spy,1999-08-20,83.68161010742188
spy,1999-08-23,85.28302764892578
spy,1999-08-24,85.59544372558594
spy,1999-08-25,86.47428894042969
spy,1999-08-26,85.43927001953125
spy,1999-08-27,84.40421295166016
spy,1999-08-30,82.8418960571289
spy,1999-08-31,82.5294189453125
spy,1999-09-01,83.54491424560547
spy,1999-09-02,82.5587158203125
spy,1999-09-03,84.97051239013672
spy,1999-09-07,84.65807342529297
spy,1999-09-08,84.24800872802734
spy,1999-09-09,84.2089614868164
spy,1999-09-10,84.9119873046875
spy,1999-09-13,84.33589172363281
spy,1999-09-14,83.77923583984375
spy,1999-09-15,82.45130920410156
spy,1999-09-16,82.7735366821289
spy,1999-09-17,83.81938934326172
spy,1999-09-20,83.70191192626953
spy,1999-09-21,81.93933868408203
spy,1999-09-22,81.8511962890625
spy,1999-09-23,80.13761138916016
spy,1999-09-24,80.05924224853516
spy,1999-09-27,80.58808898925781
spy,1999-09-28,80.4313735961914
spy,1999-09-29,79.47179412841797
spy,1999-09-30,80.68597412109375
spy,1999-10-01,80.50971984863281
spy,1999-10-04,81.93933868408203
spy,1999-10-05,81.86102294921875
spy,1999-10-06,83.1143798828125
spy,1999-10-07,82.64434814453125
spy,1999-10-08,83.8977279663086
spy,1999-10-11,83.76066589355469
spy,1999-10-12,82.4681167602539
spy,1999-10-13,80.33348083496094
spy,1999-10-14,80.31388854980469
spy,1999-10-15,78.257568359375
spy,1999-10-18,78.82551574707031
spy,1999-10-19,79.5892562866211
spy,1999-10-20,80.37261962890625
spy,1999-10-21,80.84266662597656
spy,1999-10-22,81.528076171875
spy,1999-10-25,81.11680603027344
spy,1999-10-26,80.09842681884766
spy,1999-10-27,81.54766082763672
spy,1999-10-28,84.32862854003906
spy,1999-10-29,85.85614776611328
spy,1999-11-01,84.95524597167969
spy,1999-11-02,84.34814453125
spy,1999-11-03,84.91609954833984
spy,1999-11-04,85.56237030029297
spy,1999-11-05,86.40450286865234
spy,1999-11-08,86.4828109741211
spy,1999-11-09,85.67011260986328
spy,1999-11-10,86.30655670166016
spy,1999-11-11,86.7961654663086
spy,1999-11-12,87.57952880859375
spy,1999-11-15,87.78519439697266
spy,1999-11-16,88.51957702636719
spy,1999-11-17,88.75454711914062
spy,1999-11-18,89.38121795654297
spy,1999-11-19,89.30293273925781
spy,1999-11-22,89.2833251953125
spy,1999-11-23,88.49996948242188
spy,1999-11-24,88.96998596191406
spy,1999-11-26,88.63705444335938
spy,1999-11-29,88.32374572753906
spy,1999-11-30,87.28573608398438
spy,1999-12-01,87.99076080322266
spy,1999-12-02,88.51957702636719
spy,1999-12-03,90.14495086669922
spy,1999-12-06,89.4791488647461
spy,1999-12-07,88.75454711914062
spy,1999-12-08,88.18659210205078
spy,1999-12-09,88.6174545288086
spy,1999-12-10,88.91124725341797
spy,1999-12-13,89.06793975830078
spy,1999-12-14,88.20621490478516
spy,1999-12-15,88.67622375488281
spy,1999-12-16,89.06793975830078
spy,1999-12-17,89.63990783691406
spy,1999-12-20,88.99205780029297
spy,1999-12-21,90.34667205810547
spy,1999-12-22,90.58226776123047
spy,1999-12-23,92.02519226074219
spy,1999-12-27,91.89756774902344
spy,1999-12-28,91.83868408203125
spy,1999-12-29,92.23136138916016
spy,1999-12-30,92.12339782714844
spy,1999-12-31,92.27059936523438
spy,2000-01-03,91.3675537109375
spy,2000-01-04,87.79449462890625
spy,2000-01-05,87.95155334472656
spy,2000-01-06,86.53804779052734
spy,2000-01-07,91.5638656616211
spy,2000-01-10,91.87796783447266
spy,2000-01-11,90.77861022949219
spy,2000-01-12,89.8755111694336
spy,2000-01-13,91.09270477294922
spy,2000-01-14,92.32952880859375
spy,2000-01-18,91.60309600830078
spy,2000-01-19,92.3490982055664
spy,2000-01-20,90.93561553955078
spy,2000-01-21,90.73927307128906
spy,2000-01-24,88.16747283935547
spy,2000-01-25,89.16877746582031
spy,2000-01-26,88.46199035644531
spy,2000-01-27,88.10858154296875
spy,2000-01-28,85.36011505126953
spy,2000-01-31,87.67670440673828
spy,2000-02-01,88.54052734375
spy,2000-02-02,88.61907958984375
spy,2000-02-03,89.95401000976562
spy,2000-02-04,89.5810546875
spy,2000-02-07,89.44357299804688
spy,2000-02-08,90.6607894897461
spy,2000-02-09,88.7564926147461
spy,2000-02-10,88.9331283569336
spy,2000-02-11,87.12702941894531
spy,2000-02-14,87.63741302490234
spy,2000-02-15,88.62886810302734
spy,2000-02-16,87.32333374023438
spy,2000-02-17,86.87181091308594
spy,2000-02-18,85.00674438476562
spy,2000-02-22,84.790771484375
spy,2000-02-23,85.79203796386719
spy,2000-02-24,84.06442260742188
spy,2000-02-25,83.76014709472656
spy,2000-02-28,85.5172119140625
spy,2000-02-29,86.34172821044922
spy,2000-03-01,86.969970703125
spy,2000-03-02,87.0287857055664
spy,2000-03-03,88.65830993652344
spy,2000-03-06,87.79449462890625
spy,2000-03-07,86.09634399414062
spy,2000-03-08,85.98832702636719
spy,2000-03-09,88.50123596191406
spy,2000-03-10,88.03011322021484
spy,2000-03-13,87.0680923461914
spy,2000-03-14,85.831298828125
spy,2000-03-15,87.83374786376953
spy,2000-03-16,91.93688201904297
spy,2000-03-17,92.54444885253906
spy,2000-03-20,92.07208251953125
spy,2000-03-21,93.96155548095703
spy,2000-03-22,94.53236389160156
spy,2000-03-23,96.14630889892578
spy,2000-03-24,96.71705627441406
spy,2000-03-27,95.69361877441406
spy,2000-03-28,95.14251708984375
spy,2000-03-29,95.24089050292969
spy,2000-03-30,93.64665222167969
spy,2000-03-31,94.70951080322266
spy,2000-04-03,95.26056671142578
spy,2000-04-04,94.55203247070312
spy,2000-04-05,93.96155548095703
spy,2000-04-06,94.77841186523438
spy,2000-04-07,95.37870788574219
spy,2000-04-10,95.00472259521484
spy,2000-04-11,94.72917938232422
spy,2000-04-12,92.13114929199219
spy,2000-04-13,90.85186004638672
spy,2000-04-14,85.65579223632812
spy,2000-04-17,88.64743041992188
spy,2000-04-18,90.98959350585938
spy,2000-04-19,90.14332580566406
spy,2000-04-20,90.57630920410156
spy,2000-04-24,89.59217834472656
spy,2000-04-25,93.31205749511719
spy,2000-04-26,92.25906372070312
spy,2000-04-27,91.95402526855469
spy,2000-04-28,91.38322448730469
spy,2000-05-01,92.62322998046875
spy,2000-05-02,90.77311706542969
spy,2000-05-03,88.64743041992188
spy,2000-05-04,89.31661987304688
spy,2000-05-05,90.39918518066406
spy,2000-05-08,89.72008514404297
spy,2000-05-09,89.001708984375
spy,2000-05-10,86.9941635131836
spy,2000-05-11,88.98207092285156
spy,2000-05-12,89.94647979736328
spy,2000-05-15,91.50132751464844
spy,2000-05-16,92.38703155517578
spy,2000-05-17,91.42263793945312
spy,2000-05-18,90.3007583618164
spy,2000-05-19,88.88365173339844
spy,2000-05-22,88.21442413330078
spy,2000-05-23,86.91544342041016
spy,2000-05-24,88.33250427246094
spy,2000-05-25,86.8170166015625
spy,2000-05-26,86.91544342041016
spy,2000-05-30,89.74966430664062
spy,2000-05-31,89.94647979736328
spy,2000-06-01,91.5210189819336
spy,2000-06-02,93.11522674560547
spy,2000-06-05,92.66260528564453
spy,2000-06-06,92.249267578125
spy,2000-06-07,92.88888549804688
spy,2000-06-08,92.52478790283203
spy,2000-06-09,92.32798767089844
spy,2000-06-12,91.24542999267578
spy,2000-06-13,92.95781707763672
spy,2000-06-14,93.11522674560547
spy,2000-06-15,93.31205749511719
spy,2000-06-16,92.54535675048828
spy,2000-06-19,93.72906494140625
spy,2000-06-20,93.39368438720703
spy,2000-06-21,93.35420989990234
spy,2000-06-22,91.93380737304688
spy,2000-06-23,91.14466094970703
spy,2000-06-26,92.31849670410156
spy,2000-06-27,91.63789367675781
spy,2000-06-28,91.89431762695312
spy,2000-06-29,91.02629089355469
spy,2000-06-30,91.7167739868164
spy,2000-07-03,92.9793930053711
spy,2000-07-05,91.30245971679688
spy,2000-07-06,92.0126953125
spy,2000-07-07,93.49227905273438
spy,2000-07-10,93.33446502685547
spy,2000-07-11,93.5317611694336
spy,2000-07-12,94.14334106445312
spy,2000-07-13,94.5576171875
spy,2000-07-14,95.48485565185547
spy,2000-07-17,95.3270263671875
spy,2000-07-18,94.54780578613281
spy,2000-07-19,93.78823852539062
spy,2000-07-20,95.09027099609375
spy,2000-07-21,93.2358169555664
spy,2000-07-24,92.70319366455078
spy,2000-07-25,92.99909210205078
spy,2000-07-26,92.09161376953125
spy,2000-07-27,91.77596282958984
spy,2000-07-28,89.70448303222656
spy,2000-07-31,90.27660369873047
spy,2000-08-01,90.82897186279297
spy,2000-08-02,91.28275299072266
spy,2000-08-03,91.91407775878906
spy,2000-08-04,92.40726470947266
spy,2000-08-07,93.51203155517578
spy,2000-08-08,93.86714935302734
spy,2000-08-09,93.07803344726562
spy,2000-08-10,92.624267578125
spy,2000-08-11,93.05828857421875
spy,2000-08-14,94.24198150634766
spy,2000-08-15,94.16310119628906
spy,2000-08-16,93.82767486572266
spy,2000-08-17,94.8140640258789
spy,2000-08-18,94.49848937988281
spy,2000-08-21,95.01139831542969
spy,2000-08-22,94.85354614257812
spy,2000-08-23,95.22840881347656
spy,2000-08-24,95.5243148803711
spy,2000-08-25,95.48485565185547
spy,2000-08-28,95.81037902832031
spy,2000-08-29,95.83010864257812
spy,2000-08-30,94.91275787353516
spy,2000-08-31,96.17536163330078
spy,2000-09-01,96.27398681640625
spy,2000-09-05,95.50460815429688
spy,2000-09-06,94.41952514648438
spy,2000-09-07,95.22840881347656
spy,2000-09-08,94.57736206054688
spy,2000-09-11,94.43928527832031
spy,2000-09-12,93.74878692626953
spy,2000-09-13,93.99542999267578
spy,2000-09-14,94.46890258789062
spy,2000-09-15,92.40209197998047
spy,2000-09-18,91.55168151855469
spy,2000-09-19,92.3823013305664
spy,2000-09-20,91.69996643066406
spy,2000-09-21,90.30561828613281
spy,2000-09-22,91.94721221923828
spy,2000-09-25,91.29451751708984
spy,2000-09-26,90.12759399414062
spy,2000-09-27,90.60230255126953
spy,2000-09-28,91.7691879272461
spy,2000-09-29,90.8989486694336
spy,2000-10-02,91.03736877441406
spy,2000-10-03,90.18695831298828
spy,2000-10-04,90.93852233886719
spy,2000-10-05,91.25496673583984
spy,2000-10-06,89.27717590332031
spy,2000-10-09,88.60472869873047
spy,2000-10-10,87.14116668701172
spy,2000-10-11,86.40938568115234
spy,2000-10-12,84.25362396240234
spy,2000-10-13,87.06206512451172
spy,2000-10-16,87.4576187133789
spy,2000-10-17,85.28205871582031
spy,2000-10-18,84.96565246582031
spy,2000-10-19,88.16964721679688
spy,2000-10-20,88.54535675048828
spy,2000-10-23,88.94097900390625
spy,2000-10-24,88.34761810302734
spy,2000-10-25,86.27093505859375
spy,2000-10-26,86.50828552246094
spy,2000-10-27,88.14982604980469
spy,2000-10-30,88.94097900390625
spy,2000-10-31,90.47374725341797
spy,2000-11-01,90.16717529296875
spy,2000-11-02,90.31549835205078
spy,2000-11-03,90.36494445800781
spy,2000-11-06,90.9978256225586
spy,2000-11-07,90.97810363769531
spy,2000-11-08,88.96073913574219
spy,2000-11-09,88.62451934814453
spy,2000-11-10,86.46870422363281
spy,2000-11-13,85.7962646484375
spy,2000-11-14,88.0510025024414
spy,2000-11-15,88.32785034179688
spy,2000-11-16,86.9433822631836
spy,2000-11-17,86.47859191894531
spy,2000-11-20,85.24246978759766
spy,2000-11-21,85.67765045166016
spy,2000-11-22,83.63062286376953
spy,2000-11-24,85.34137725830078
spy,2000-11-27,86.09292602539062
spy,2000-11-28,84.60958862304688
spy,2000-11-29,84.4513931274414
spy,2000-11-30,83.71958923339844
spy,2000-12-01,83.68004608154297
spy,2000-12-04,84.39205932617188
spy,2000-12-05,87.16092681884766
spy,2000-12-06,85.7665786743164
spy,2000-12-07,84.58988952636719
spy,2000-12-08,84.78764343261719
spy,2000-12-11,87.73454284667969
spy,2000-12-12,87.35869598388672
spy,2000-12-13,86.16217803955078
spy,2000-12-14,85.06449127197266
spy,2000-12-15,83.1432113647461
spy,2000-12-18,84.25411987304688
spy,2000-12-19,82.53810119628906
spy,2000-12-20,80.14757537841797
spy,2000-12-21,80.70306396484375
spy,2000-12-22,83.12333679199219
spy,2000-12-26,84.01604461669922
spy,2000-12-27,84.63105010986328
spy,2000-12-28,84.88899993896484
spy,2000-12-29,83.28205108642578
spy,2001-01-02,81.77433013916016
spy,2001-01-03,85.70233917236328
spy,2001-01-04,84.7798843383789
spy,2001-01-05,82.01238250732422
spy,2001-01-08,82.6472396850586
spy,2001-01-09,82.42899322509766
spy,2001-01-10,83.87720489501953
spy,2001-01-11,83.95659637451172
spy,2001-01-12,83.7978515625
spy,2001-01-16,84.33350372314453
spy,2001-01-17,84.72034454345703
spy,2001-01-18,85.56343841552734
spy,2001-01-19,85.07742309570312
spy,2001-01-22,85.64285278320312
spy,2001-01-23,86.31733703613281
spy,2001-01-24,86.57524108886719
spy,2001-01-25,86.35701751708984
spy,2001-01-26,86.2578125
spy,2001-01-29,86.71807861328125
spy,2001-01-30,87.47991943359375
spy,2001-01-31,86.9847412109375
spy,2001-02-01,87.56238555908203
spy,2001-02-02,85.57536315917969
spy,2001-02-05,86.20384979248047
spy,2001-02-06,85.94993591308594
spy,2001-02-07,85.50553131103516
spy,2001-02-08,84.50884246826172
spy,2001-02-09,83.6962890625
spy,2001-02-12,84.65492248535156
spy,2001-02-13,83.96292877197266
spy,2001-02-14,83.83596801757812
spy,2001-02-15,84.64846801757812
spy,2001-02-16,82.78211212158203
spy,2001-02-20,81.5060806274414
spy,2001-02-21,79.7475814819336
spy,2001-02-22,79.8682632446289
spy,2001-02-23,79.32865905761719
spy,2001-02-26,81.01731872558594
spy,2001-02-27,80.26817321777344
spy,2001-02-28,78.68744659423828
spy,2001-03-01,79.10011291503906
spy,2001-03-02,78.4715805053711
spy,2001-03-05,79.18900299072266
spy,2001-03-06,80.03966522216797
spy,2001-03-07,80.6109619140625
spy,2001-03-08,80.69988250732422
spy,2001-03-09,78.3128890991211
spy,2001-03-12,74.96097564697266
spy,2001-03-13,76.19256591796875
spy,2001-03-14,74.6880111694336
spy,2001-03-15,74.70703125
spy,2001-03-16,73.20863342285156
spy,2001-03-19,74.69812774658203
spy,2001-03-20,72.69302368164062
spy,2001-03-21,71.45814514160156
spy,2001-03-22,70.73246002197266
spy,2001-03-23,72.87129211425781
spy,2001-03-26,73.80061340332031
spy,2001-03-27,75.30921936035156
spy,2001-03-28,73.22772979736328
spy,2001-03-29,73.5078125
spy,2001-03-30,74.27802276611328
spy,2001-04-02,72.69302368164062
spy,2001-04-03,70.26781463623047
spy,2001-04-04,70.56062316894531
spy,2001-04-05,73.23410034179688
spy,2001-04-06,72.12016296386719
spy,2001-04-09,72.92219543457031
spy,2001-04-10,74.2525634765625
spy,2001-04-11,74.30352020263672
spy,2001-04-12,75.65293884277344
spy,2001-04-16,74.85726928710938
spy,2001-04-17,75.91392517089844
spy,2001-04-18,78.93116760253906
spy,2001-04-19,79.98145294189453
spy,2001-04-20,79.24942016601562
spy,2001-04-23,77.81083679199219
spy,2001-04-24,77.39070892333984
spy,2001-04-25,78.40282440185547
spy,2001-04-26,78.75289916992188
spy,2001-04-27,80.06417083740234
spy,2001-04-30,80.62435913085938
spy,2001-05-01,80.87260437011719
spy,2001-05-02,80.72618865966797
spy,2001-05-03,79.70135498046875
spy,2001-05-04,81.05720520019531
spy,2001-05-07,80.3570327758789
spy,2001-05-08,80.31883239746094
spy,2001-05-09,79.98145294189453
spy,2001-05-10,80.2169189453125
spy,2001-05-11,79.66319274902344
spy,2001-05-14,79.8222885131836
spy,2001-05-15,80.19149017333984
spy,2001-05-16,82.08201599121094
spy,2001-05-17,82.2093276977539
spy,2001-05-18,82.58489990234375
spy,2001-05-21,83.80067443847656
spy,2001-05-22,83.6924819946289
spy,2001-05-23,82.27301025390625
spy,2001-05-24,82.514892578125
spy,2001-05-25,81.54098510742188
spy,2001-05-29,80.89169311523438
spy,2001-05-30,79.75865936279297
spy,2001-05-31,80.17240905761719
spy,2001-06-01,80.66888427734375
spy,2001-06-04,81.05720520019531
spy,2001-06-05,81.986572265625
spy,2001-06-06,81.30546569824219
spy,2001-06-07,81.5982666015625
spy,2001-06-08,80.84076690673828
spy,2001-06-11,80.26789093017578
spy,2001-06-12,80.12784576416016
spy,2001-06-13,79.4403305053711
spy,2001-06-14,77.65804290771484
spy,2001-06-15,77.7831802368164
spy,2001-06-18,77.40653991699219
spy,2001-06-19,77.74488067626953
spy,2001-06-20,78.15345001220703
spy,2001-06-21,79.04071807861328
spy,2001-06-22,78.42151641845703
spy,2001-06-25,77.70018768310547
spy,2001-06-26,77.59166717529297
spy,2001-06-27,77.54698944091797
spy,2001-06-28,77.97468566894531
spy,2001-06-29,78.26192474365234
spy,2001-07-02,79.23861694335938
spy,2001-07-03,79.21946716308594
spy,2001-07-05,77.67464447021484
spy,2001-07-06,75.99579620361328
spy,2001-07-09,76.41072082519531
spy,2001-07-10,75.49149322509766
spy,2001-07-11,75.56806945800781
spy,2001-07-12,77.36185455322266
spy,2001-07-13,78.03216552734375
spy,2001-07-16,77.05545043945312
spy,2001-07-17,77.7767562866211
spy,2001-07-18,77.24691772460938
spy,2001-07-19,77.92362213134766
spy,2001-07-20,77.45761108398438
spy,2001-07-23,75.93194580078125
spy,2001-07-24,75.19783020019531
spy,2001-07-25,76.02770233154297
spy,2001-07-26,76.82565307617188
spy,2001-07-27,77.1192855834961
spy,2001-07-30,77.14482879638672
spy,2001-07-31,77.46399688720703
spy,2001-08-01,77.94915008544922
spy,2001-08-02,78.2683334350586
spy,2001-08-03,77.84062194824219
spy,2001-08-06,76.79373931884766
spy,2001-08-07,77.09371948242188
spy,2001-08-08,75.66381072998047
spy,2001-08-09,75.88724517822266
spy,2001-08-10,76.14898681640625
spy,2001-08-13,76.16812896728516
spy,2001-08-14,76.1362533569336
spy,2001-08-15,75.47872161865234
spy,2001-08-16,75.74046325683594
spy,2001-08-17,74.52759552001953
spy,2001-08-20,75.2170181274414
spy,2001-08-21,73.93392181396484
spy,2001-08-22,74.69994354248047
spy,2001-08-23,74.43180847167969
spy,2001-08-24,75.97663116455078
spy,2001-08-27,75.52339935302734
spy,2001-08-28,74.41908264160156
spy,2001-08-29,73.75518798828125
spy,2001-08-30,72.33805084228516
spy,2001-08-31,72.86788177490234
spy,2001-09-04,72.40187072753906
spy,2001-09-05,72.58056640625
spy,2001-09-06,70.71022033691406
spy,2001-09-07,69.401611328125
spy,2001-09-10,70.25062561035156
spy,2001-09-17,66.5801010131836
spy,2001-09-18,66.42054748535156
spy,2001-09-19,65.07997131347656
spy,2001-09-20,63.011714935302734
spy,2001-09-21,62.33186721801758
spy,2001-09-24,64.52323150634766
spy,2001-09-25,65.19600677490234
spy,2001-09-26,64.96536254882812
spy,2001-09-27,65.5291976928711
spy,2001-09-28,66.91966247558594
spy,2001-10-01,66.81071472167969
spy,2001-10-02,67.65010070800781
spy,2001-10-03,68.78418731689453
spy,2001-10-04,68.84188079833984
spy,2001-10-05,68.70732116699219
spy,2001-10-08,68.2588119506836
spy,2001-10-09,67.89356994628906
spy,2001-10-10,69.40574645996094
spy,2001-10-11,70.48219299316406
spy,2001-10-12,70.16180419921875
spy,2001-10-15,70.03364562988281
spy,2001-10-16,70.47576141357422
spy,2001-10-17,68.97640228271484
spy,2001-10-18,68.82905578613281
spy,2001-10-19,68.78418731689453
spy,2001-10-22,70.1426010131836
spy,2001-10-23,69.78379821777344
spy,2001-10-24,69.59796142578125
spy,2001-10-25,70.84739685058594
spy,2001-10-26,70.68720245361328
spy,2001-10-29,68.84829711914062
spy,2001-10-30,68.02173614501953
spy,2001-10-31,67.79107666015625
spy,2001-11-01,69.52749633789062
spy,2001-11-02,70.00164031982422
spy,2001-11-05,70.91790771484375
spy,2001-11-06,72.01998138427734
spy,2001-11-07,71.92390441894531
spy,2001-11-08,72.14810943603516
spy,2001-11-09,72.22500610351562
spy,2001-11-12,71.78289794921875
spy,2001-11-13,73.39754486083984
spy,2001-11-14,73.4680404663086
spy,2001-11-15,73.60264587402344
spy,2001-11-16,73.27584838867188
spy,2001-11-19,74.17924499511719
spy,2001-11-20,73.55779266357422
spy,2001-11-21,73.07081604003906
spy,2001-11-23,74.12161254882812
spy,2001-11-26,74.28180694580078
spy,2001-11-27,73.96148681640625
spy,2001-11-28,72.62226867675781
spy,2001-11-29,73.60264587402344
spy,2001-11-30,73.07723236083984
spy,2001-12-03,72.64148712158203
spy,2001-12-04,73.87175750732422
spy,2001-12-05,75.22371673583984
spy,2001-12-06,75.18526458740234
spy,2001-12-07,74.68547821044922
spy,2001-12-10,73.28862762451172
spy,2001-12-11,73.14130401611328
spy,2001-12-12,73.2245864868164
spy,2001-12-13,71.8021011352539
spy,2001-12-14,72.48773956298828
spy,2001-12-17,73.23738861083984
spy,2001-12-18,73.67313385009766
spy,2001-12-19,74.1921157836914
spy,2001-12-20,73.46168518066406
spy,2001-12-21,73.90723419189453
spy,2001-12-24,73.76573944091797
spy,2001-12-26,74.17081451416016
spy,2001-12-27,74.62091064453125
spy,2001-12-28,74.58234405517578
spy,2001-12-31,73.48928833007812
spy,2002-01-02,74.28014373779297
spy,2002-01-03,75.12236785888672
spy,2002-01-04,75.62393951416016
spy,2002-01-07,75.09024810791016
spy,2002-01-08,74.9166488647461
spy,2002-01-09,74.30586242675781
spy,2002-01-10,74.63375091552734
spy,2002-01-11,73.90080261230469
spy,2002-01-14,73.43788146972656
spy,2002-01-15,74.03579711914062
spy,2002-01-16,72.53772735595703
spy,2002-01-17,73.08421325683594
spy,2002-01-18,72.74991607666016
spy,2002-01-22,72.24840545654297
spy,2002-01-23,72.80134582519531
spy,2002-01-24,73.02639770507812
spy,2002-01-25,73.00709533691406
spy,2002-01-28,73.2064437866211
spy,2002-01-29,70.90463256835938
spy,2002-01-30,71.92694854736328
spy,2002-01-31,72.76921081542969
spy,2002-02-01,72.42842102050781
spy,2002-02-04,70.62814331054688
spy,2002-02-05,70.19097137451172
spy,2002-02-06,69.88876342773438
spy,2002-02-07,69.45156860351562
spy,2002-02-08,70.782470703125
spy,2002-02-11,71.65043640136719
spy,2002-02-12,71.42545318603516
spy,2002-02-13,72.18412780761719
spy,2002-02-14,72.0490951538086
spy,2002-02-15,71.29684448242188
spy,2002-02-19,69.92736053466797
spy,2002-02-20,71.10397338867188
spy,2002-02-21,69.63155364990234
spy,2002-02-22,70.49317169189453
spy,2002-02-25,71.65690612792969
spy,2002-02-26,71.50900268554688
spy,2002-02-27,71.7854995727539
spy,2002-02-28,71.46395874023438
spy,2002-03-01,73.12928009033203
spy,2002-03-04,74.42159271240234
spy,2002-03-05,74.18368530273438
spy,2002-03-06,75.06452178955078
spy,2002-03-07,74.90379333496094
spy,2002-03-08,75.21883392333984
spy,2002-03-11,75.37956237792969
spy,2002-03-12,75.33457946777344
spy,2002-03-13,74.60807800292969
spy,2002-03-14,74.50518035888672
spy,2002-03-15,75.21510314941406
spy,2002-03-18,75.22795867919922
spy,2002-03-19,75.73094177246094
spy,2002-03-20,74.30595397949219
spy,2002-03-21,74.33818817138672
spy,2002-03-22,74.17696380615234
spy,2002-03-25,73.25494384765625
spy,2002-03-26,73.68043518066406
spy,2002-03-27,73.87390899658203
spy,2002-03-28,73.84162902832031
spy,2002-04-01,73.87390899658203
spy,2002-04-02,73.46770477294922
spy,2002-04-03,72.95187377929688
spy,2002-04-04,72.6488037109375
spy,2002-04-05,72.66171264648438
spy,2002-04-08,72.81645965576172
spy,2002-04-09,72.30706787109375
spy,2002-04-10,73.12596130371094
spy,2002-04-11,71.30764770507812
spy,2002-04-12,71.84282684326172
spy,2002-04-15,71.29473114013672
spy,2002-04-16,72.99053955078125
spy,2002-04-17,72.83577728271484
spy,2002-04-18,72.51985931396484
spy,2002-04-19,72.7841796875
spy,2002-04-22,71.572021484375
spy,2002-04-23,71.26246643066406
spy,2002-04-24,70.54679870605469
spy,2002-04-25,70.58546447753906
spy,2002-04-26,69.24427032470703
spy,2002-04-29,68.90258026123047
spy,2002-04-30,69.54735565185547
spy,2002-05-01,70.39849090576172
spy,2002-05-02,70.12767028808594
spy,2002-05-03,69.36683654785156
spy,2002-05-06,68.00630187988281
spy,2002-05-07,67.76768493652344
spy,2002-05-08,70.28886413574219
spy,2002-05-09,69.47642517089844
spy,2002-05-10,68.16748046875
spy,2002-05-13,69.5538101196289
spy,2002-05-14,71.06906127929688
spy,2002-05-15,70.79180908203125
spy,2002-05-16,71.15931701660156
spy,2002-05-17,71.50753021240234
spy,2002-05-20,70.73373413085938
spy,2002-05-21,70.08897399902344
spy,2002-05-22,70.24374389648438
spy,2002-05-23,70.99168395996094
spy,2002-05-24,70.08252716064453
spy,2002-05-28,69.70209503173828
spy,2002-05-29,69.1862564086914
spy,2002-05-30,68.99284362792969
spy,2002-05-31,69.13471984863281
spy,2002-06-03,67.29702758789062
spy,2002-06-04,67.46468353271484
spy,2002-06-05,68.0965576171875
spy,2002-06-06,66.7102279663086
spy,2002-06-07,66.63286590576172
spy,2002-06-10,66.89080810546875
spy,2002-06-11,65.74308776855469
spy,2002-06-12,66.14282989501953
spy,2002-06-13,65.47869110107422
spy,2002-06-14,65.3819808959961
spy,2002-06-17,67.13584899902344
spy,2002-06-18,67.68389129638672
spy,2002-06-19,66.10417938232422
spy,2002-06-20,65.25947570800781
spy,2002-06-21,64.23908996582031
spy,2002-06-24,64.57555389404297
spy,2002-06-25,63.12618637084961
spy,2002-06-26,63.22968673706055
spy,2002-06-27,64.33613586425781
spy,2002-06-28,64.0320053100586
spy,2002-07-01,62.78321075439453
spy,2002-07-02,61.450321197509766
spy,2002-07-03,61.799686431884766
spy,2002-07-05,64.25851440429688
spy,2002-07-08,63.45612335205078
spy,2002-07-09,61.857933044433594
spy,2002-07-10,59.6061897277832
spy,2002-07-11,60.09148406982422
spy,2002-07-12,59.43151092529297
spy,2002-07-15,59.74861145019531
spy,2002-07-16,58.59682083129883
spy,2002-07-17,58.71329116821289
spy,2002-07-18,56.81095504760742
spy,2002-07-19,54.81159973144531
spy,2002-07-22,53.18748474121094
spy,2002-07-23,51.731605529785156
spy,2002-07-24,54.81806564331055
spy,2002-07-25,54.3521842956543
spy,2002-07-26,55.38744354248047
spy,2002-07-29,58.08565902709961
spy,2002-07-30,58.842681884765625
spy,2002-07-31,58.985042572021484
spy,2002-08-01,57.445098876953125
spy,2002-08-02,56.15742874145508
spy,2002-08-05,54.2033576965332
spy,2002-08-06,56.028018951416016
spy,2002-08-07,57.00506591796875
spy,2002-08-08,58.84918212890625
spy,2002-08-09,59.069156646728516
spy,2002-08-12,58.63563919067383
spy,2002-08-13,57.56800842285156
spy,2002-08-14,59.670921325683594
spy,2002-08-15,60.49912643432617
spy,2002-08-16,60.31793212890625
spy,2002-08-19,61.72853088378906
spy,2002-08-20,61.075050354003906
spy,2002-08-21,61.955013275146484
spy,2002-08-22,62.556732177734375
spy,2002-08-23,61.21088790893555
spy,2002-08-26,61.63793182373047
spy,2002-08-27,60.92621994018555
spy,2002-08-28,59.593292236328125
spy,2002-08-29,59.6191520690918
spy,2002-08-30,59.38623046875
spy,2002-09-03,57.121559143066406
spy,2002-09-04,57.93682098388672
spy,2002-09-05,57.445098876953125
spy,2002-09-06,58.234493255615234
spy,2002-09-09,58.66151809692383
spy,2002-09-10,59.33443832397461
spy,2002-09-11,58.96562576293945
spy,2002-09-12,57.87859344482422
spy,2002-09-13,58.02091598510742
spy,2002-09-16,58.16331481933594
spy,2002-09-17,56.830387115478516
spy,2002-09-18,56.260963439941406
spy,2002-09-19,54.80510711669922
spy,2002-09-20,54.82330322265625
spy,2002-09-23,54.37483215332031
spy,2002-09-24,53.49739456176758
spy,2002-09-25,54.82330322265625
spy,2002-09-26,55.720218658447266
spy,2002-09-27,53.78337478637695
spy,2002-09-30,53.1594352722168
spy,2002-10-01,55.71373748779297
spy,2002-10-02,54.043373107910156
spy,2002-10-03,53.49739456176758
spy,2002-10-04,52.515987396240234
spy,2002-10-07,51.43054962158203
spy,2002-10-08,52.23649597167969
spy,2002-10-09,50.761077880859375
spy,2002-10-10,52.405479431152344
spy,2002-10-11,54.69981002807617
spy,2002-10-14,55.00529861450195
spy,2002-10-15,57.65057373046875
spy,2002-10-16,56.25320053100586
spy,2002-10-17,57.37113571166992
spy,2002-10-18,57.61158752441406
spy,2002-10-21,58.60599899291992
spy,2002-10-22,58.18353271484375
spy,2002-10-23,58.62553405761719
spy,2002-10-24,57.42959976196289
spy,2002-10-25,58.62553405761719
spy,2002-10-28,58.242027282714844
spy,2002-10-29,57.56607437133789
spy,2002-10-30,58.12504196166992
spy,2002-10-31,57.53361129760742
spy,2002-11-01,58.671024322509766
spy,2002-11-04,59.22997283935547
spy,2002-11-05,59.69792556762695
spy,2002-11-06,60.471405029296875
spy,2002-11-07,58.9894905090332
spy,2002-11-08,58.268043518066406
spy,2002-11-11,57.364620208740234
spy,2002-11-12,57.81958770751953
spy,2002-11-13,57.8780632019043
spy,2002-11-14,58.970001220703125
spy,2002-11-15,59.405460357666016
spy,2002-11-18,58.80747604370117
spy,2002-11-19,58.7294921875
spy,2002-11-20,60.03590774536133
spy,2002-11-21,61.153831481933594
spy,2002-11-22,60.718345642089844
spy,2002-11-25,60.757347106933594
spy,2002-11-26,59.60043716430664
spy,2002-11-27,61.27729797363281
spy,2002-11-29,61.08230209350586
spy,2002-12-02,61.17980194091797
spy,2002-12-03,60.360904693603516
spy,2002-12-04,60.08790588378906
spy,2002-12-05,59.424964904785156
spy,2002-12-06,59.8149299621582
spy,2002-12-09,58.17052459716797
spy,2002-12-10,58.95044708251953
spy,2002-12-11,59.00249099731445
spy,2002-12-12,58.99597930908203
spy,2002-12-13,58.066566467285156
spy,2002-12-16,59.56796646118164
spy,2002-12-17,59.04795455932617
spy,2002-12-18,58.36552810668945
spy,2002-12-19,57.94956588745117
spy,2002-12-20,58.77642822265625
spy,2002-12-23,58.796024322509766
spy,2002-12-24,58.35841751098633
spy,2002-12-26,58.384552001953125
spy,2002-12-27,57.07175064086914
spy,2002-12-30,57.54855728149414
spy,2002-12-31,57.62689208984375
spy,2003-01-02,59.48183059692383
spy,2003-01-03,59.664710998535156
spy,2003-01-06,60.71627426147461
spy,2003-01-07,60.56609344482422
spy,2003-01-08,59.69084167480469
spy,2003-01-09,60.618309020996094
spy,2003-01-10,60.78164291381836
spy,2003-01-13,60.762027740478516
spy,2003-01-14,60.95799255371094
spy,2003-01-15,60.350528717041016
spy,2003-01-16,60.102325439453125
spy,2003-01-17,59.214054107666016
spy,2003-01-21,58.29309844970703
spy,2003-01-22,57.587703704833984
spy,2003-01-23,57.940406799316406
spy,2003-01-24,56.41861343383789
spy,2003-01-27,55.64786911010742
spy,2003-01-28,56.05936813354492
spy,2003-01-29,56.48393249511719
spy,2003-01-30,55.14494705200195
spy,2003-01-31,56.20956039428711
spy,2003-02-03,56.32062530517578
spy,2003-02-04,55.765411376953125
spy,2003-02-05,55.41925811767578
spy,2003-02-06,55.15802001953125
spy,2003-02-07,54.48527526855469
spy,2003-02-10,54.87062454223633
spy,2003-02-11,54.49180221557617
spy,2003-02-12,53.623130798339844
spy,2003-02-13,53.786415100097656
spy,2003-02-14,54.96209716796875
spy,2003-02-18,55.928733825683594
spy,2003-02-19,55.63480758666992
spy,2003-02-20,55.07965087890625
spy,2003-02-21,55.63480758666992
spy,2003-02-24,54.73347091674805
spy,2003-02-25,55.171085357666016
spy,2003-02-26,54.367706298828125
spy,2003-02-27,55.086181640625
spy,2003-02-28,55.451934814453125
spy,2003-03-03,54.922882080078125
spy,2003-03-04,54.04766845703125
spy,2003-03-05,54.50489044189453
spy,2003-03-06,54.04766845703125
spy,2003-03-07,54.419979095458984
spy,2003-03-10,53.11369323730469
spy,2003-03-11,52.59117889404297
spy,2003-03-12,52.94388198852539
spy,2003-03-13,54.77266311645508
spy,2003-03-14,54.94902801513672
spy,2003-03-17,56.679874420166016
spy,2003-03-18,57.012977600097656
spy,2003-03-19,57.4505500793457
spy,2003-03-20,57.574676513671875
spy,2003-03-21,58.80357360839844
spy,2003-03-24,56.849365234375
spy,2003-03-25,57.393653869628906
spy,2003-03-26,57.10511779785156
spy,2003-03-27,57.151023864746094
spy,2003-03-28,56.86248016357422
spy,2003-03-31,55.57056427001953
spy,2003-04-01,56.42311096191406
spy,2003-04-02,57.787109375
spy,2003-04-03,57.51170349121094
spy,2003-04-04,57.852718353271484
spy,2003-04-07,57.741207122802734
spy,2003-04-08,57.83305740356445
spy,2003-04-09,57.07235336303711
spy,2003-04-10,57.387115478515625
spy,2003-04-11,57.151023864746094
spy,2003-04-14,58.33145523071289
spy,2003-04-15,58.875701904296875
spy,2003-04-16,57.87238311767578
spy,2003-04-17,58.73143005371094
spy,2003-04-21,58.79048156738281
spy,2003-04-22,59.89868927001953
spy,2003-04-23,60.4495849609375
spy,2003-04-24,59.911865234375
spy,2003-04-25,59.170814514160156
spy,2003-04-28,60.1938591003418
spy,2003-04-29,60.4036979675293
spy,2003-04-30,60.272552490234375
spy,2003-05-01,60.265987396240234
spy,2003-05-02,61.12503433227539
spy,2003-05-05,61.007015228271484
spy,2003-05-06,61.58407211303711
spy,2003-05-07,61.243099212646484
spy,2003-05-08,60.62664794921875
spy,2003-05-09,61.4660530090332
spy,2003-05-12,62.22016906738281
spy,2003-05-13,62.108680725097656
spy,2003-05-14,61.9775505065918
spy,2003-05-15,62.37099075317383
spy,2003-05-16,62.21365737915039
spy,2003-05-19,60.75779724121094
spy,2003-05-20,60.63321304321289
spy,2003-05-21,60.75779724121094
spy,2003-05-22,61.361087799072266
spy,2003-05-23,61.48573684692383
spy,2003-05-27,62.561195373535156
spy,2003-05-28,62.73822784423828
spy,2003-05-29,62.574283599853516
spy,2003-05-30,63.57763671875
spy,2003-06-02,63.83995819091797
spy,2003-06-03,64.1022720336914
spy,2003-06-04,65.02693176269531
spy,2003-06-05,65.3482666015625
spy,2003-06-06,65.09251403808594
spy,2003-06-09,64.4301528930664
spy,2003-06-10,65.08592987060547
spy,2003-06-11,65.77449035644531
spy,2003-06-12,65.97779083251953
spy,2003-06-13,65.28923034667969
spy,2003-06-16,66.6663589477539
spy,2003-06-17,66.6663589477539
spy,2003-06-18,66.60735321044922
spy,2003-06-19,65.59087371826172
spy,2003-06-20,65.44609832763672
spy,2003-06-23,64.77479553222656
spy,2003-06-24,64.84060668945312
spy,2003-06-25,64.1890640258789
spy,2003-06-26,65.02490997314453
spy,2003-06-27,64.27462768554688
spy,2003-06-30,64.25484466552734
spy,2003-07-01,64.84717559814453
spy,2003-07-02,65.66326904296875
spy,2003-07-03,64.98538970947266
spy,2003-07-07,66.27534484863281
spy,2003-07-08,66.57150268554688
spy,2003-07-09,66.19637298583984
spy,2003-07-10,65.3539810180664
spy,2003-07-11,65.97257995605469
spy,2003-07-14,66.29508972167969
spy,2003-07-15,66.1502914428711
spy,2003-07-16,65.76200866699219
spy,2003-07-17,64.82745361328125
spy,2003-07-18,65.49214935302734
spy,2003-07-21,64.68262481689453
spy,2003-07-22,65.26839447021484
spy,2003-07-23,65.3144760131836
spy,2003-07-24,64.82086944580078
spy,2003-07-25,65.96599578857422
spy,2003-07-28,65.72249603271484
spy,2003-07-29,65.41976165771484
spy,2003-07-30,65.26180267333984
spy,2003-07-31,65.41316986083984
spy,2003-08-01,64.83403015136719
spy,2003-08-04,64.83403015136719
spy,2003-08-05,63.45849609375
spy,2003-08-06,63.8270263671875
spy,2003-08-07,64.49835205078125
spy,2003-08-08,64.68262481689453
spy,2003-08-11,64.92617797851562
spy,2003-08-12,65.51850891113281
spy,2003-08-13,65.1828384399414
spy,2003-08-14,65.36054229736328
spy,2003-08-15,65.56454467773438
spy,2003-08-18,66.13056182861328
spy,2003-08-19,66.38066864013672
spy,2003-08-20,66.11079406738281
spy,2003-08-21,66.32141876220703
spy,2003-08-22,65.66326904296875
spy,2003-08-25,65.76860046386719
spy,2003-08-26,65.88703918457031
spy,2003-08-27,65.90678405761719
spy,2003-08-28,66.31484985351562
spy,2003-08-29,66.76236724853516
spy,2003-09-02,67.65747833251953
spy,2003-09-03,68.0260238647461
spy,2003-09-04,68.05892944335938
spy,2003-09-05,67.67720794677734
spy,2003-09-08,68.23662567138672
spy,2003-09-09,67.78907012939453
spy,2003-09-10,67.10462951660156
spy,2003-09-11,67.30204010009766
spy,2003-09-12,67.42707824707031
spy,2003-09-15,67.19020080566406
spy,2003-09-16,68.17079162597656
spy,2003-09-17,68.0391845703125
spy,2003-09-18,68.84210968017578
spy,2003-09-19,68.491943359375
spy,2003-09-22,67.75199890136719
spy,2003-09-23,68.00967407226562
spy,2003-09-24,66.8006820678711
spy,2003-09-25,66.25228881835938
spy,2003-09-26,66.03428649902344
spy,2003-09-29,66.68172454833984
spy,2003-09-30,66.03428649902344
spy,2003-10-01,67.44152069091797
spy,2003-10-02,67.68592834472656
spy,2003-10-03,68.30699920654297
spy,2003-10-06,68.61750030517578
spy,2003-10-07,68.88179779052734
spy,2003-10-08,68.70999145507812
spy,2003-10-09,68.8949966430664
spy,2003-10-10,69.0865707397461
spy,2003-10-13,69.30461120605469
spy,2003-10-14,69.54901885986328
spy,2003-10-15,69.36405944824219
spy,2003-10-16,69.64154052734375
spy,2003-10-17,68.88179779052734
spy,2003-10-20,69.39708709716797
spy,2003-10-21,69.2781982421875
spy,2003-10-22,68.40611267089844
spy,2003-10-23,68.28058624267578
spy,2003-10-24,68.43248748779297
spy,2003-10-27,68.46553802490234
spy,2003-10-28,69.39708709716797
spy,2003-10-29,69.48958587646484
spy,2003-10-30,69.63493347167969
spy,2003-10-31,69.56887817382812
spy,2003-11-03,70.02471923828125
spy,2003-11-04,69.87281036376953
spy,2003-11-05,69.92562103271484
spy,2003-11-06,70.29561614990234
spy,2003-11-07,69.773681640625
spy,2003-11-10,69.48958587646484
spy,2003-11-11,69.46977233886719
spy,2003-11-12,70.24935913085938
spy,2003-11-13,70.26920318603516
spy,2003-11-14,69.67455291748047
spy,2003-11-17,69.32444763183594
spy,2003-11-18,68.6042709350586
spy,2003-11-19,69.18568420410156
spy,2003-11-20,68.56462097167969
spy,2003-11-21,68.84874725341797
spy,2003-11-24,69.76041412353516
spy,2003-11-25,70.02471923828125
spy,2003-11-26,70.27577209472656
spy,2003-11-28,70.3286361694336
spy,2003-12-01,71.0884017944336
spy,2003-12-02,70.91002655029297
spy,2003-12-03,70.79774475097656
spy,2003-12-04,71.0884017944336
spy,2003-12-05,70.5928955078125
spy,2003-12-08,71.06858825683594
spy,2003-12-09,70.52025604248047
spy,2003-12-10,70.51365661621094
spy,2003-12-11,71.30642700195312
spy,2003-12-12,71.44514465332031
spy,2003-12-15,71.0884017944336
spy,2003-12-16,71.45841217041016
spy,2003-12-17,71.68296813964844
spy,2003-12-18,72.48899841308594
spy,2003-12-19,72.2872085571289
spy,2003-12-22,72.79168701171875
spy,2003-12-23,72.83821868896484
spy,2003-12-24,72.76520538330078
spy,2003-12-26,72.81829833984375
spy,2003-12-29,73.78744506835938
spy,2003-12-30,73.80070495605469
spy,2003-12-31,73.86708068847656
spy,2004-01-02,73.83391571044922
spy,2004-01-05,74.63705444335938
spy,2004-01-06,74.71012878417969
spy,2004-01-07,74.96234893798828
spy,2004-01-08,75.26106262207031
spy,2004-01-09,74.60386657714844
spy,2004-01-12,75.15484619140625
spy,2004-01-13,74.7167739868164
spy,2004-01-14,75.34071350097656
spy,2004-01-15,75.52654266357422
spy,2004-01-16,75.82530975341797
spy,2004-01-20,75.80535125732422
spy,2004-01-21,76.40278625488281
spy,2004-01-22,76.2036361694336
spy,2004-01-23,75.95805358886719
spy,2004-01-26,76.91390228271484
spy,2004-01-27,76.12397766113281
spy,2004-01-28,75.2544174194336
spy,2004-01-29,75.32743835449219
spy,2004-01-30,75.32743835449219
spy,2004-02-02,75.65269470214844
spy,2004-02-03,75.52654266357422
spy,2004-02-04,74.90925598144531
spy,2004-02-05,75.12828063964844
spy,2004-02-06,75.9713134765625
spy,2004-02-09,75.9911880493164
spy,2004-02-10,76.23682403564453
spy,2004-02-11,77.046630859375
spy,2004-02-12,76.76785278320312
spy,2004-02-13,76.4227294921875
spy,2004-02-17,77.11302185058594
spy,2004-02-18,76.77449035644531
spy,2004-02-19,76.48909759521484
spy,2004-02-20,76.25675964355469
spy,2004-02-23,76.0642318725586
spy,2004-02-24,75.93152618408203
spy,2004-02-25,76.25009155273438
spy,2004-02-26,76.29657745361328
spy,2004-02-27,76.34965515136719
spy,2004-03-01,77.10641479492188
spy,2004-03-02,76.65499877929688
spy,2004-03-03,76.79441833496094
spy,2004-03-04,76.99356079101562
spy,2004-03-05,77.25244140625
spy,2004-03-08,76.30986785888672
spy,2004-03-09,76.00450134277344
spy,2004-03-10,74.73001098632812
spy,2004-03-11,73.76091003417969
spy,2004-03-12,74.73001098632812
spy,2004-03-15,73.81396484375
spy,2004-03-16,74.20563507080078
spy,2004-03-17,75.03536224365234
spy,2004-03-18,75.05525970458984
spy,2004-03-19,73.97948455810547
spy,2004-03-22,73.04022979736328
spy,2004-03-23,72.91370391845703
spy,2004-03-24,72.9736099243164
spy,2004-03-25,73.93952941894531
spy,2004-03-26,73.95951080322266
spy,2004-03-29,74.99866485595703
spy,2004-03-30,75.25177001953125
spy,2004-03-31,75.33834075927734
spy,2004-04-01,75.79134368896484
spy,2004-04-02,76.36419677734375
spy,2004-04-05,76.78386688232422
spy,2004-04-06,76.53739929199219
spy,2004-04-07,76.3575439453125
spy,2004-04-08,76.18437194824219
spy,2004-04-12,76.48407745361328
spy,2004-04-13,75.41162872314453
spy,2004-04-14,75.53158569335938
spy,2004-04-15,75.2450942993164
spy,2004-04-16,75.82463836669922
spy,2004-04-19,75.82463836669922
spy,2004-04-20,74.55233764648438
spy,2004-04-21,75.05191802978516
spy,2004-04-22,76.10441589355469
spy,2004-04-23,76.17769622802734
spy,2004-04-26,76.07112121582031
spy,2004-04-27,76.1377182006836
spy,2004-04-28,75.15187072753906
spy,2004-04-29,74.49240112304688
spy,2004-04-30,73.91287231445312
spy,2004-05-03,74.70555114746094
spy,2004-05-04,74.64559936523438
spy,2004-05-05,75.12521362304688
spy,2004-05-06,74.47908020019531
spy,2004-05-07,73.24677276611328
spy,2004-05-10,72.49403381347656
spy,2004-05-11,73.10686492919922
spy,2004-05-12,73.57312774658203
spy,2004-05-13,73.2667236328125
spy,2004-05-14,73.3000259399414
spy,2004-05-17,72.67389678955078
spy,2004-05-18,73.04022979736328
spy,2004-05-19,72.78710174560547
spy,2004-05-20,73.02029418945312
spy,2004-05-21,73.14682006835938
spy,2004-05-24,73.45323944091797
spy,2004-05-25,74.50572967529297
spy,2004-05-26,74.76551818847656
spy,2004-05-27,75.18518829345703
spy,2004-05-28,75.17853546142578
spy,2004-06-01,75.07860565185547
spy,2004-06-02,75.35836791992188
spy,2004-06-03,74.66561889648438
spy,2004-06-04,75.25843811035156
spy,2004-06-07,76.4041748046875
spy,2004-06-08,76.51077270507812
spy,2004-06-09,75.79801177978516
spy,2004-06-10,76.1710205078125
spy,2004-06-14,75.41831970214844
spy,2004-06-15,75.95120239257812
spy,2004-06-16,75.93787384033203
spy,2004-06-17,75.82463836669922
spy,2004-06-18,75.96770477294922
spy,2004-06-21,75.68024444580078
spy,2004-06-22,76.06126403808594
spy,2004-06-23,76.71650695800781
spy,2004-06-24,76.47584533691406
spy,2004-06-25,76.108154296875
spy,2004-06-28,75.8473892211914
spy,2004-06-29,76.16162109375
spy,2004-06-30,76.56940460205078
spy,2004-07-01,75.50642395019531
spy,2004-07-02,75.46630096435547
spy,2004-07-06,74.80445861816406
spy,2004-07-07,75.02506256103516
spy,2004-07-08,74.50358581542969
spy,2004-07-09,74.69745635986328
spy,2004-07-12,74.73091888427734
spy,2004-07-13,74.78437042236328
spy,2004-07-14,74.55707550048828
spy,2004-07-15,74.07571411132812
spy,2004-07-16,74.01554870605469
spy,2004-07-19,73.7013168334961
spy,2004-07-20,74.63726806640625
spy,2004-07-21,73.26007080078125
spy,2004-07-22,73.46064758300781
spy,2004-07-23,72.84557342529297
spy,2004-07-26,72.70518493652344
spy,2004-07-27,73.38707733154297
spy,2004-07-28,73.60773468017578
spy,2004-07-29,73.92195892333984
spy,2004-07-30,74.10246276855469
spy,2004-08-02,74.25621795654297
spy,2004-08-03,73.68124389648438
spy,2004-08-04,73.67456817626953
spy,2004-08-05,72.4712142944336
spy,2004-08-06,71.43492889404297
spy,2004-08-09,71.53520965576172
spy,2004-08-10,72.45780944824219
spy,2004-08-11,72.31070709228516
spy,2004-08-12,71.52184295654297
spy,2004-08-13,71.66224670410156
spy,2004-08-16,72.40432739257812
spy,2004-08-17,72.81214904785156
spy,2004-08-18,73.56090545654297
spy,2004-08-19,73.34696960449219
spy,2004-08-20,73.86175537109375
spy,2004-08-23,73.67456817626953
spy,2004-08-24,73.77487182617188
spy,2004-08-25,74.27626037597656
spy,2004-08-26,74.27626037597656
spy,2004-08-27,74.5102767944336
spy,2004-08-30,73.89522552490234
spy,2004-08-31,74.28295135498047
spy,2004-09-01,74.42337799072266
spy,2004-09-02,75.26575469970703
spy,2004-09-03,74.95822143554688
spy,2004-09-07,75.45292663574219
spy,2004-09-08,75.26575469970703
spy,2004-09-09,75.19886779785156
spy,2004-09-10,75.58666229248047
spy,2004-09-13,75.83399963378906
spy,2004-09-14,75.98780059814453
spy,2004-09-15,75.41279602050781
spy,2004-09-16,75.6401138305664
spy,2004-09-17,75.96167755126953
spy,2004-09-20,75.50516510009766
spy,2004-09-21,75.83414459228516
spy,2004-09-22,74.88758087158203
spy,2004-09-23,74.48477935791016
spy,2004-09-24,74.8271255493164
spy,2004-09-27,74.35047912597656
spy,2004-09-28,74.70628356933594
spy,2004-09-29,75.08226013183594
spy,2004-09-30,75.02853393554688
spy,2004-10-01,76.29737091064453
spy,2004-10-04,76.42496490478516
spy,2004-10-05,76.46521759033203
spy,2004-10-06,76.98888397216797
spy,2004-10-07,76.16311645507812
spy,2004-10-08,75.53206634521484
spy,2004-10-11,75.84085845947266
spy,2004-10-12,75.54544830322266
spy,2004-10-13,74.88087463378906
spy,2004-10-14,74.27668762207031
spy,2004-10-15,74.69290924072266
spy,2004-10-18,74.974853515625
spy,2004-10-19,74.3437728881836
spy,2004-10-20,74.19609832763672
spy,2004-10-21,74.67945098876953
spy,2004-10-22,73.84029388427734
spy,2004-10-25,73.75300598144531
spy,2004-10-26,74.88087463378906
spy,2004-10-27,75.78044128417969
spy,2004-10-28,76.0086898803711
spy,2004-10-29,75.99526977539062
spy,2004-11-01,76.20336151123047
spy,2004-11-02,76.23026275634766
spy,2004-11-03,77.19023895263672
spy,2004-11-04,78.24424743652344
spy,2004-11-05,78.73432922363281
spy,2004-11-08,78.62017059326172
spy,2004-11-09,78.46573638916016
spy,2004-11-10,78.52623748779297
spy,2004-11-11,79.12370300292969
spy,2004-11-12,79.74803161621094
spy,2004-11-15,79.94395446777344
spy,2004-11-16,79.37161254882812
spy,2004-11-17,79.8429946899414
spy,2004-11-18,79.9507064819336
spy,2004-11-19,79.06189727783203
spy,2004-11-22,79.43896484375
spy,2004-11-23,79.56016540527344
spy,2004-11-24,79.74873352050781
spy,2004-11-26,79.68810272216797
spy,2004-11-29,79.32453155517578
spy,2004-11-30,79.37837219238281
spy,2004-12-01,80.2806396484375
spy,2004-12-02,80.34795379638672
spy,2004-12-03,80.29410552978516
spy,2004-12-06,80.26716613769531
spy,2004-12-07,79.51978302001953
spy,2004-12-08,79.98439025878906
spy,2004-12-09,80.26716613769531
spy,2004-12-10,80.34795379638672
spy,2004-12-13,81.0482406616211
spy,2004-12-14,81.3310317993164
spy,2004-12-15,81.39159393310547
spy,2004-12-16,81.34451293945312
spy,2004-12-17,80.80195617675781
spy,2004-12-20,80.8222427368164
spy,2004-12-21,81.44458770751953
spy,2004-12-22,81.64079284667969
spy,2004-12-23,81.70166778564453
spy,2004-12-27,81.53253936767578
spy,2004-12-28,81.97905731201172
spy,2004-12-29,82.1008071899414
spy,2004-12-30,81.94524383544922
spy,2004-12-31,81.76932525634766
spy,2005-01-03,81.38371276855469
spy,2005-01-04,80.38926696777344
spy,2005-01-05,79.83454132080078
spy,2005-01-06,80.24041748046875
spy,2005-01-07,80.12544250488281
spy,2005-01-10,80.5042724609375
spy,2005-01-11,79.94955444335938
spy,2005-01-12,80.2133560180664
spy,2005-01-13,79.5706787109375
spy,2005-01-14,79.9901123046875
spy,2005-01-18,80.8222427368164
spy,2005-01-19,79.97657012939453
spy,2005-01-20,79.489501953125
spy,2005-01-21,79.00244903564453
spy,2005-01-24,78.84680938720703
spy,2005-01-25,79.0700454711914
spy,2005-01-26,79.30684661865234
spy,2005-01-27,79.44216918945312
spy,2005-01-28,79.44216918945312
spy,2005-01-31,79.93598175048828
spy,2005-02-01,80.4433822631836
spy,2005-02-02,80.68692016601562
spy,2005-02-03,80.47721862792969
spy,2005-02-04,81.33639526367188
spy,2005-02-07,81.2281265258789
spy,2005-02-08,81.32283020019531
spy,2005-02-09,80.7139663696289
spy,2005-02-10,81.00492095947266
spy,2005-02-11,81.70166778564453
spy,2005-02-14,81.64079284667969
spy,2005-02-15,81.94524383544922
spy,2005-02-16,81.99933624267578
spy,2005-02-17,81.33639526367188
spy,2005-02-18,81.44458770751953
spy,2005-02-22,80.23363494873047
spy,2005-02-23,80.80870819091797
spy,2005-02-24,81.34315490722656
spy,2005-02-25,82.1481704711914
spy,2005-02-28,81.60697174072266
spy,2005-03-01,82.01288604736328
spy,2005-03-02,81.97230529785156
spy,2005-03-03,82.00614929199219
spy,2005-03-04,83.02761840820312
spy,2005-03-07,83.06822967529297
spy,2005-03-08,82.75701904296875
spy,2005-03-09,81.83695983886719
spy,2005-03-10,82.0196533203125
spy,2005-03-11,81.44458770751953
spy,2005-03-14,81.9520034790039
spy,2005-03-15,81.2754898071289
spy,2005-03-16,80.58545684814453
spy,2005-03-17,80.747802734375
spy,2005-03-18,80.508056640625
spy,2005-03-21,80.209228515625
spy,2005-03-22,79.39422607421875
spy,2005-03-23,79.46214294433594
spy,2005-03-24,79.55725860595703
spy,2005-03-28,79.67269897460938
spy,2005-03-29,79.14293670654297
spy,2005-03-30,80.2635726928711
spy,2005-03-31,80.11414337158203
spy,2005-04-01,79.75421905517578
spy,2005-04-04,79.8900146484375
spy,2005-04-05,80.27033996582031
spy,2005-04-06,80.54877471923828
spy,2005-04-07,80.98348236083984
spy,2005-04-08,80.14131164550781
spy,2005-04-11,80.20240020751953
spy,2005-04-12,80.61672973632812
spy,2005-04-13,79.66587829589844
spy,2005-04-14,78.62678527832031
spy,2005-04-15,77.52650451660156
spy,2005-04-18,77.76422119140625
spy,2005-04-19,78.38227081298828
spy,2005-04-20,77.28883361816406
spy,2005-04-21,78.78977966308594
spy,2005-04-22,78.49092864990234
spy,2005-04-25,79.00711822509766
spy,2005-04-26,78.23966979980469
spy,2005-04-27,78.5452880859375
spy,2005-04-28,77.56050872802734
spy,2005-04-29,78.61320495605469
spy,2005-05-02,79.05464935302734
spy,2005-05-03,79.19046783447266
spy,2005-05-04,79.80174255371094
spy,2005-05-05,79.77456665039062
spy,2005-05-06,79.52326965332031
spy,2005-05-09,80.01907348632812
spy,2005-05-10,79.19046783447266
spy,2005-05-11,79.62516021728516
spy,2005-05-12,78.7490005493164
spy,2005-05-13,78.59281921386719
spy,2005-05-16,79.3263168334961
spy,2005-05-17,79.85609436035156
spy,2005-05-18,80.6778564453125
spy,2005-05-19,81.0174331665039
spy,2005-05-20,80.9019775390625
spy,2005-05-23,81.3502426147461
spy,2005-05-24,81.16007995605469
spy,2005-05-25,81.09896087646484
spy,2005-05-26,81.53361511230469
spy,2005-05-27,81.66941833496094
spy,2005-05-31,81.14646911621094
spy,2005-06-01,81.83922576904297
spy,2005-06-02,82.01580047607422
spy,2005-06-03,81.60152435302734
spy,2005-06-06,81.52682495117188
spy,2005-06-07,81.58795928955078
spy,2005-06-08,81.43851470947266
spy,2005-06-09,81.8256607055664
spy,2005-06-10,81.63548278808594
spy,2005-06-13,81.89356231689453
spy,2005-06-14,82.08372497558594
spy,2005-06-15,82.23994445800781
spy,2005-06-16,82.45050811767578
spy,2005-06-17,82.7559585571289
spy,2005-06-20,82.78329467773438
spy,2005-06-21,82.83097839355469
spy,2005-06-22,82.89913177490234
spy,2005-06-23,81.73312377929688
spy,2005-06-24,81.13304901123047
spy,2005-06-27,81.24897003173828
spy,2005-06-28,81.93087005615234
spy,2005-06-29,81.71266174316406
spy,2005-06-30,81.26940155029297
spy,2005-07-01,81.50809478759766
spy,2005-07-05,82.1626968383789
spy,2005-07-06,81.4739761352539
spy,2005-07-07,81.79447937011719
spy,2005-07-08,82.72869873046875
spy,2005-07-11,83.1514663696289
spy,2005-07-12,83.36971282958984
spy,2005-07-13,83.48558044433594
spy,2005-07-14,83.81290435791016
spy,2005-07-15,83.76519012451172
spy,2005-07-18,83.43103790283203
spy,2005-07-19,83.88792419433594
spy,2005-07-20,84.17431640625
spy,2005-07-21,83.6833724975586
spy,2005-07-22,84.24254608154297
spy,2005-07-25,84.00386810302734
spy,2005-07-26,84.10611724853516
spy,2005-07-27,84.41299438476562
spy,2005-07-28,84.94491577148438
spy,2005-07-29,84.37891387939453
spy,2005-08-01,84.31752014160156
spy,2005-08-02,84.82213592529297
spy,2005-08-03,85.04720306396484
spy,2005-08-04,84.36526489257812
spy,2005-08-05,83.7924575805664
spy,2005-08-08,83.63562774658203
spy,2005-08-09,84.14022827148438
spy,2005-08-10,84.09931182861328
spy,2005-08-11,84.43346405029297
spy,2005-08-12,83.9151840209961
spy,2005-08-15,84.43346405029297
spy,2005-08-16,83.33563232421875
spy,2005-08-17,83.32879638671875
spy,2005-08-18,83.32196044921875
spy,2005-08-19,83.51292419433594
spy,2005-08-22,83.51292419433594
spy,2005-08-23,83.35602569580078
spy,2005-08-24,82.6127700805664
spy,2005-08-25,82.91282653808594
spy,2005-08-26,82.34683227539062
spy,2005-08-29,82.98101043701172
spy,2005-08-30,82.54458618164062
spy,2005-08-31,83.5878677368164
spy,2005-09-01,83.52654266357422
spy,2005-09-02,83.37648010253906
spy,2005-09-06,84.35160064697266
spy,2005-09-07,84.49480438232422
spy,2005-09-08,84.21524047851562
spy,2005-09-09,84.9653549194336
spy,2005-09-12,84.7948989868164
spy,2005-09-13,84.3243637084961
spy,2005-09-14,84.01752471923828
spy,2005-09-15,83.97655487060547
spy,2005-09-16,84.57373046875
spy,2005-09-19,84.29293823242188
spy,2005-09-20,83.58077239990234
spy,2005-09-21,82.80011749267578
spy,2005-09-22,83.09455108642578
spy,2005-09-23,83.16301727294922
spy,2005-09-26,83.2588882446289
spy,2005-09-27,83.23835754394531
spy,2005-09-28,83.32054901123047
spy,2005-09-29,83.99849700927734
spy,2005-09-30,84.25872039794922
spy,2005-10-03,83.9574203491211
spy,2005-10-04,83.01240539550781
spy,2005-10-05,81.92352294921875
spy,2005-10-06,81.62907409667969
spy,2005-10-07,81.90982055664062
spy,2005-10-10,81.21812438964844
spy,2005-10-11,81.10171508789062
spy,2005-10-12,80.46489715576172
spy,2005-10-13,80.41697692871094
spy,2005-10-14,81.26610565185547
spy,2005-10-17,81.56742858886719
spy,2005-10-18,80.68402862548828
spy,2005-10-19,82.02626037597656
spy,2005-10-20,80.581298828125
spy,2005-10-21,80.89632415771484
spy,2005-10-24,82.14950561523438
spy,2005-10-25,81.98516082763672
spy,2005-10-26,81.74545288085938
spy,2005-10-27,80.87577819824219
spy,2005-10-28,82.0399398803711
spy,2005-10-31,82.26594543457031
spy,2005-11-01,82.51245880126953
spy,2005-11-02,83.37531280517578
spy,2005-11-03,83.73139190673828
spy,2005-11-04,83.62183380126953
spy,2005-11-07,83.70401763916016
spy,2005-11-08,83.70401763916016
spy,2005-11-09,83.81360626220703
spy,2005-11-10,84.46415710449219
spy,2005-11-11,84.75174713134766
spy,2005-11-14,84.70386505126953
spy,2005-11-15,84.39571380615234
spy,2005-11-16,84.56686401367188
spy,2005-11-17,85.35440826416016
spy,2005-11-18,85.68994903564453
spy,2005-11-21,86.12139892578125
spy,2005-11-22,86.49117279052734
spy,2005-11-23,86.99109649658203
spy,2005-11-25,87.0595703125
spy,2005-11-28,86.44326782226562
spy,2005-11-29,86.34737396240234
spy,2005-11-30,85.8817138671875
spy,2005-12-01,86.75825500488281
spy,2005-12-02,86.86782836914062
spy,2005-12-05,86.68295288085938
spy,2005-12-06,86.84732055664062
spy,2005-12-07,86.34053802490234
spy,2005-12-08,86.2857437133789
spy,2005-12-09,86.51173400878906
spy,2005-12-12,86.59390258789062
spy,2005-12-13,87.18285369873047
spy,2005-12-14,87.52523803710938
spy,2005-12-15,87.2718734741211
spy,2005-12-16,86.9909896850586
spy,2005-12-19,86.54346466064453
spy,2005-12-20,86.6261215209961
spy,2005-12-21,86.7638168334961
spy,2005-12-22,87.21817016601562
spy,2005-12-23,87.26630401611328
spy,2005-12-27,86.37826538085938
spy,2005-12-28,86.57106018066406
spy,2005-12-29,86.18550109863281
spy,2005-12-30,85.71739959716797
spy,2006-01-03,87.22504425048828
spy,2006-01-04,87.63812255859375
spy,2006-01-05,87.69322204589844
spy,2006-01-06,88.42293548583984
spy,2006-01-09,88.65010070800781
spy,2006-01-10,88.73961639404297
spy,2006-01-11,89.02189636230469
spy,2006-01-12,88.67074584960938
spy,2006-01-13,88.58815002441406
spy,2006-01-17,88.34716796875
spy,2006-01-18,87.99610900878906
spy,2006-01-19,88.33341979980469
spy,2006-01-20,86.72248840332031
spy,2006-01-23,87.03227996826172
spy,2006-01-24,87.12179565429688
spy,2006-01-25,87.1975326538086
spy,2006-01-26,87.6794204711914
spy,2006-01-27,88.49177551269531
spy,2006-01-30,88.42293548583984
spy,2006-01-31,87.77581024169922
spy,2006-02-01,88.3885269165039
spy,2006-02-02,87.36273956298828
spy,2006-02-03,86.92906188964844
spy,2006-02-06,87.15621948242188
spy,2006-02-07,86.3851547241211
spy,2006-02-08,87.17000579833984
spy,2006-02-09,87.02542877197266
spy,2006-02-10,87.18374633789062
spy,2006-02-13,87.02542877197266
spy,2006-02-14,87.94791412353516
spy,2006-02-15,88.25772094726562
spy,2006-02-16,88.91863250732422
spy,2006-02-17,88.67766571044922
spy,2006-02-21,88.45734405517578
spy,2006-02-22,88.99431610107422
spy,2006-02-23,88.86355590820312
spy,2006-02-24,89.0907211303711
spy,2006-02-27,89.12516021728516
spy,2006-02-28,88.27833557128906
spy,2006-03-01,89.06315612792969
spy,2006-03-02,89.05631256103516
spy,2006-03-03,88.64324951171875
spy,2006-03-06,88.237060546875
spy,2006-03-07,88.09938049316406
spy,2006-03-08,88.28522491455078
spy,2006-03-09,87.69322204589844
spy,2006-03-10,88.52619934082031
spy,2006-03-13,88.69146728515625
spy,2006-03-14,89.62084197998047
spy,2006-03-15,90.02010345458984
spy,2006-03-16,90.20597076416016
spy,2006-03-17,90.28131866455078
spy,2006-03-20,90.13619232177734
spy,2006-03-21,89.56939697265625
spy,2006-03-22,90.11547088623047
spy,2006-03-23,89.9288330078125
spy,2006-03-24,89.99796295166016
spy,2006-03-27,89.86663055419922
spy,2006-03-28,89.31368255615234
spy,2006-03-29,89.87355041503906
spy,2006-03-30,89.71454620361328
spy,2006-03-31,89.73529052734375
spy,2006-04-03,89.66618347167969
spy,2006-04-04,90.23985290527344
spy,2006-04-05,90.55087280273438
spy,2006-04-06,90.45414733886719
spy,2006-04-07,89.53482055664062
spy,2006-04-10,89.67310333251953
spy,2006-04-11,88.91277313232422
spy,2006-04-12,89.07869720458984
spy,2006-04-13,88.96116638183594
spy,2006-04-17,88.92662811279297
spy,2006-04-18,90.33661651611328
spy,2006-04-19,90.50940704345703
spy,2006-04-20,90.63382720947266
spy,2006-04-21,90.64763641357422
spy,2006-04-24,90.48175811767578
spy,2006-04-25,90.10853576660156
spy,2006-04-26,90.12926483154297
spy,2006-04-27,90.56470489501953
spy,2006-04-28,90.86883544921875
spy,2006-05-01,90.12926483154297
spy,2006-05-02,90.8066635131836
spy,2006-05-03,90.46796417236328
spy,2006-05-04,90.79278564453125
spy,2006-05-05,91.59452056884766
spy,2006-05-08,91.48397064208984
spy,2006-05-09,91.66366577148438
spy,2006-05-10,91.61534881591797
spy,2006-05-11,90.50940704345703
spy,2006-05-12,89.32749938964844
spy,2006-05-15,89.5072021484375
spy,2006-05-16,89.37590789794922
spy,2006-05-17,87.67561340332031
spy,2006-05-18,87.23322296142578
spy,2006-05-19,87.84838104248047
spy,2006-05-22,87.1779556274414
spy,2006-05-23,86.51441955566406
spy,2006-05-24,87.20561218261719
spy,2006-05-25,88.28382873535156
spy,2006-05-26,88.73311614990234
spy,2006-05-30,87.15721130371094
spy,2006-05-31,88.13175201416016
spy,2006-06-01,88.97502136230469
spy,2006-06-02,89.16162109375
spy,2006-06-05,87.8622055053711
spy,2006-06-06,87.64793395996094
spy,2006-06-07,86.99134063720703
spy,2006-06-08,86.9153060913086
spy,2006-06-09,86.63884735107422
spy,2006-06-12,85.69883728027344
spy,2006-06-13,84.70353698730469
spy,2006-06-14,85.36015319824219
spy,2006-06-15,87.17105102539062
spy,2006-06-16,86.53583526611328
spy,2006-06-19,85.85546875
spy,2006-06-20,86.14704895019531
spy,2006-06-21,86.78572845458984
spy,2006-06-22,86.40387725830078
spy,2006-06-23,86.3900375366211
spy,2006-06-26,86.77184295654297
spy,2006-06-27,86.0220947265625
spy,2006-06-28,86.60521697998047
spy,2006-06-29,88.35472106933594
spy,2006-06-30,88.36164855957031
spy,2006-07-03,88.72264099121094
spy,2006-07-05,88.21585845947266
spy,2006-07-06,88.47271728515625
spy,2006-07-07,87.89649963378906
spy,2006-07-10,88.06312561035156
spy,2006-07-11,88.451904296875
spy,2006-07-12,87.50774383544922
spy,2006-07-13,86.08460235595703
spy,2006-07-14,85.75133514404297
spy,2006-07-17,85.62639617919922
spy,2006-07-18,86.0637435913086
spy,2006-07-19,87.2578353881836
spy,2006-07-20,86.66078186035156
spy,2006-07-21,86.04988098144531
spy,2006-07-24,87.61878204345703
spy,2006-07-25,87.93121337890625
spy,2006-07-26,88.04925537109375
spy,2006-07-27,87.96592712402344
spy,2006-07-28,88.84761810302734
spy,2006-07-31,88.75736236572266
spy,2006-08-01,88.31997680664062
spy,2006-08-02,88.91703796386719
spy,2006-08-03,89.15303802490234
spy,2006-08-04,89.0003433227539
spy,2006-08-07,88.79206085205078
spy,2006-08-08,88.451904296875
spy,2006-08-09,88.15337371826172
spy,2006-08-10,88.42410278320312
spy,2006-08-11,88.17414855957031
spy,2006-08-14,88.24359893798828
spy,2006-08-15,89.29887390136719
spy,2006-08-16,90.04166412353516
spy,2006-08-17,90.27078247070312
spy,2006-08-18,90.72895050048828
spy,2006-08-21,90.34020233154297
spy,2006-08-22,90.33325958251953
spy,2006-08-23,90.08332824707031
spy,2006-08-24,90.00700378417969
spy,2006-08-25,90.1180419921875
spy,2006-08-28,90.54845428466797
spy,2006-08-29,90.652587890625
spy,2006-08-30,90.7081527709961
spy,2006-08-31,90.69428253173828
spy,2006-09-01,91.23574829101562
spy,2006-09-05,91.40933990478516
spy,2006-09-06,90.60401916503906
spy,2006-09-07,90.18745422363281
spy,2006-09-08,90.4443359375
spy,2006-09-11,90.53458404541016
spy,2006-09-12,91.4231948852539
spy,2006-09-13,91.79112243652344
spy,2006-09-14,91.79803466796875
spy,2006-09-15,92.01353454589844
spy,2006-09-18,92.1390151977539
spy,2006-09-19,91.90896606445312
spy,2006-09-20,92.39701843261719
spy,2006-09-21,91.95076751708984
spy,2006-09-22,91.67188262939453
spy,2006-09-25,92.37612915039062
spy,2006-09-26,93.14315795898438
spy,2006-09-27,93.25470733642578
spy,2006-09-28,93.2198257446289
spy,2006-09-29,93.14315795898438
spy,2006-10-02,92.79450225830078
spy,2006-10-03,92.98973083496094
spy,2006-10-04,94.07749938964844
spy,2006-10-05,94.25879669189453
spy,2006-10-06,94.14027404785156
spy,2006-10-09,94.19605255126953
spy,2006-10-10,94.32154846191406
spy,2006-10-11,94.2099380493164
spy,2006-10-12,95.02583312988281
spy,2006-10-13,95.2698745727539
spy,2006-10-16,95.41627502441406
spy,2006-10-17,95.11646270751953
spy,2006-10-18,95.24195861816406
spy,2006-10-19,95.39535522460938
spy,2006-10-20,95.41627502441406
spy,2006-10-23,95.85556030273438
spy,2006-10-24,96.14140319824219
spy,2006-10-25,96.46918487548828
spy,2006-10-26,96.76898956298828
spy,2006-10-27,96.16236877441406
spy,2006-10-30,96.09264373779297
spy,2006-10-31,96.07872009277344
spy,2006-11-01,95.43024444580078
spy,2006-11-02,95.37448120117188
spy,2006-11-03,95.20709228515625
spy,2006-11-06,96.2809066772461
spy,2006-11-07,96.65045166015625
spy,2006-11-08,96.8596420288086
spy,2006-11-09,96.35065460205078
spy,2006-11-10,96.39247131347656
spy,2006-11-13,96.62956237792969
spy,2006-11-14,97.35472106933594
spy,2006-11-15,97.63363647460938
spy,2006-11-16,97.88468170166016
spy,2006-11-17,97.91255950927734
spy,2006-11-20,97.9683609008789
spy,2006-11-21,98.06597900390625
spy,2006-11-22,98.26118469238281
spy,2006-11-24,97.86376190185547
spy,2006-11-27,96.51803588867188
spy,2006-11-28,96.93636322021484
spy,2006-11-29,97.9474105834961
spy,2006-11-30,97.98924255371094
spy,2006-12-01,97.77310943603516
spy,2006-12-04,98.51919555664062
spy,2006-12-05,98.94452667236328
spy,2006-12-06,98.86082458496094
spy,2006-12-07,98.42855834960938
spy,2006-12-08,98.60987854003906
spy,2006-12-11,98.89572143554688
spy,2006-12-12,98.81900787353516
spy,2006-12-13,98.923583984375
spy,2006-12-14,99.79522705078125
spy,2006-12-15,99.8042984008789
spy,2006-12-18,99.5308837890625
spy,2006-12-19,99.72020721435547
spy,2006-12-20,99.66409301757812
spy,2006-12-21,99.29947662353516
spy,2006-12-22,98.68948364257812
spy,2006-12-26,99.27145385742188
spy,2006-12-27,99.92353820800781
spy,2006-12-28,99.71321105957031
spy,2006-12-29,99.29947662353516
spy,2007-01-03,99.1241683959961
spy,2007-01-04,99.33452606201172
spy,2007-01-05,98.54218292236328
spy,2007-01-08,98.99799346923828
spy,2007-01-09,98.91388702392578
spy,2007-01-10,99.24339294433594
spy,2007-01-11,99.67813873291016
spy,2007-01-12,100.43541717529297
spy,2007-01-16,100.23908233642578
spy,2007-01-17,100.28113555908203
spy,2007-01-18,99.94461822509766
spy,2007-01-19,100.14092254638672
spy,2007-01-22,99.83233642578125
spy,2007-01-23,100.12686920166016
spy,2007-01-24,100.9332504272461
spy,2007-01-25,99.74827575683594
spy,2007-01-26,99.65708923339844
spy,2007-01-29,99.60099792480469
spy,2007-01-30,100.11986541748047
spy,2007-01-31,100.79300689697266
spy,2007-02-01,101.39598083496094
spy,2007-02-02,101.53628540039062
spy,2007-02-05,101.56425476074219
spy,2007-02-06,101.59234619140625
spy,2007-02-07,101.81665802001953
spy,2007-02-08,101.68346405029297
spy,2007-02-09,100.92622375488281
spy,2007-02-12,100.58261108398438
spy,2007-02-13,101.43108367919922
spy,2007-02-14,102.09716796875
spy,2007-02-15,102.23038482666016
spy,2007-02-16,102.18134307861328
spy,2007-02-20,102.39862823486328
spy,2007-02-21,102.35659790039062
spy,2007-02-22,102.27942657470703
spy,2007-02-23,101.87977600097656
spy,2007-02-26,101.7886962890625
spy,2007-02-27,97.8130111694336
spy,2007-02-28,98.81571197509766
spy,2007-03-01,98.52120971679688
spy,2007-03-02,97.23103332519531
spy,2007-03-05,96.3055419921875
spy,2007-03-06,97.95326232910156
spy,2007-03-07,97.8551025390625
spy,2007-03-08,98.68246459960938
spy,2007-03-09,98.71051025390625
spy,2007-03-12,98.85777282714844
spy,2007-03-13,96.93656158447266
spy,2007-03-14,97.65875244140625
spy,2007-03-15,97.79198455810547
spy,2007-03-16,97.51814270019531
spy,2007-03-19,98.69373321533203
spy,2007-03-20,99.23577880859375
spy,2007-03-21,100.86898040771484
spy,2007-03-22,100.79156494140625
spy,2007-03-23,100.93934631347656
spy,2007-03-26,100.80560302734375
spy,2007-03-27,100.56629180908203
spy,2007-03-28,99.83416748046875
spy,2007-03-29,99.93973541259766
spy,2007-03-30,99.96084594726562
spy,2007-04-02,100.07350158691406
spy,2007-04-03,101.15054321289062
spy,2007-04-04,101.26313781738281
spy,2007-04-05,101.53775787353516
spy,2007-04-09,101.67849731445312
spy,2007-04-10,101.79814910888672
spy,2007-04-11,101.38282775878906
spy,2007-04-12,101.8333969116211
spy,2007-04-13,102.29798889160156
spy,2007-04-16,103.2694091796875
spy,2007-04-17,103.54393768310547
spy,2007-04-18,103.67066192626953
spy,2007-04-19,103.64256286621094
spy,2007-04-20,104.6209716796875
spy,2007-04-23,104.22679138183594
spy,2007-04-24,104.26897430419922
spy,2007-04-25,105.22636413574219
spy,2007-04-26,105.34605407714844
spy,2007-04-27,105.26162719726562
spy,2007-04-30,104.38866424560547
spy,2007-05-01,104.65621185302734
spy,2007-05-02,105.2686538696289
spy,2007-05-03,105.83881378173828
spy,2007-05-04,106.24005889892578
spy,2007-05-07,106.26118469238281
spy,2007-05-08,106.1204605102539
spy,2007-05-09,106.40904235839844
spy,2007-05-10,105.29678344726562
spy,2007-05-11,106.19784545898438
spy,2007-05-14,105.9655532836914
spy,2007-05-15,105.99370574951172
spy,2007-05-16,106.71876525878906
spy,2007-05-17,106.50758361816406
spy,2007-05-18,107.4367904663086
spy,2007-05-21,107.38043975830078
spy,2007-05-22,107.2960205078125
spy,2007-05-23,107.31007385253906
spy,2007-05-24,106.3386459350586
spy,2007-05-25,106.78215026855469
spy,2007-05-29,107.16930389404297
spy,2007-05-30,108.04219818115234
spy,2007-05-31,107.9295883178711
spy,2007-06-01,108.46454620361328
spy,2007-06-04,108.47869110107422
spy,2007-06-05,108.04924011230469
spy,2007-06-06,106.88770294189453
spy,2007-06-07,104.95894622802734
spy,2007-06-08,106.3245849609375
spy,2007-06-11,106.50758361816406
spy,2007-06-12,105.34605407714844
spy,2007-06-13,106.92289733886719
spy,2007-06-14,107.6057357788086
spy,2007-06-15,108.21802520751953
spy,2007-06-18,108.09078216552734
spy,2007-06-19,108.35941314697266
spy,2007-06-20,106.85352325439453
spy,2007-06-21,107.4474105834961
spy,2007-06-22,106.43643188476562
spy,2007-06-25,105.92735290527344
spy,2007-06-26,104.83859252929688
spy,2007-06-27,106.33031463623047
spy,2007-06-28,106.31623077392578
spy,2007-06-29,106.35153198242188
spy,2007-07-02,107.31305694580078
spy,2007-07-03,107.70187377929688
spy,2007-07-05,107.5887680053711
spy,2007-07-06,108.15441131591797
spy,2007-07-09,108.23921203613281
spy,2007-07-10,106.69796752929688
spy,2007-07-11,107.45445251464844
spy,2007-07-12,109.15120697021484
spy,2007-07-13,109.4764404296875
spy,2007-07-16,109.46228790283203
spy,2007-07-17,109.40576934814453
spy,2007-07-18,109.20779418945312
spy,2007-07-19,109.63198852539062
spy,2007-07-20,108.52202606201172
spy,2007-07-23,108.85431671142578
spy,2007-07-24,106.96664428710938
spy,2007-07-25,107.18579864501953
spy,2007-07-26,104.64771270751953
spy,2007-07-27,102.59042358398438
spy,2007-07-30,104.1952896118164
spy,2007-07-31,103.02165985107422
spy,2007-08-01,103.52359771728516
spy,2007-08-02,104.35084533691406
spy,2007-08-03,101.6642837524414
spy,2007-08-06,103.36809539794922
spy,2007-08-07,104.47103118896484
spy,2007-08-08,105.92735290527344
spy,2007-08-09,102.78837585449219
spy,2007-08-10,102.30758666992188
spy,2007-08-13,102.67521667480469
spy,2007-08-14,101.10575866699219
spy,2007-08-15,99.71298217773438
spy,2007-08-16,100.46238708496094
spy,2007-08-17,102.30758666992188
spy,2007-08-20,102.25808715820312
spy,2007-08-21,102.46315002441406
spy,2007-08-22,103.67916107177734
spy,2007-08-23,103.5872573852539
spy,2007-08-24,104.86687469482422
spy,2007-08-27,103.89124298095703
spy,2007-08-28,101.60770416259766
spy,2007-08-29,103.60135650634766
spy,2007-08-30,103.32564544677734
spy,2007-08-31,104.34370422363281
spy,2007-09-04,105.39712524414062
spy,2007-09-05,104.48512268066406
spy,2007-09-06,104.72549438476562
spy,2007-09-07,103.26913452148438
spy,2007-09-10,103.07110595703125
spy,2007-09-11,104.27303314208984
spy,2007-09-12,104.54169464111328
spy,2007-09-13,105.27693939208984
spy,2007-09-14,105.26986694335938
spy,2007-09-17,104.704345703125
spy,2007-09-18,107.78675079345703
spy,2007-09-19,108.42304229736328
spy,2007-09-20,107.65950012207031
spy,2007-09-21,107.95003509521484
spy,2007-09-24,107.75114440917969
spy,2007-09-25,107.53805541992188
spy,2007-09-26,108.1063003540039
spy,2007-09-27,108.74560546875
spy,2007-09-28,108.38330841064453
spy,2007-10-01,109.6051025390625
spy,2007-10-02,109.4559097290039
spy,2007-10-03,109.23573303222656
spy,2007-10-04,109.40623474121094
spy,2007-10-05,110.70612335205078
spy,2007-10-08,110.11654663085938
spy,2007-10-09,111.15361022949219
spy,2007-10-10,110.96892547607422
spy,2007-10-11,110.43617248535156
spy,2007-10-12,111.04708862304688
spy,2007-10-15,110.10945892333984
spy,2007-10-16,109.23573303222656
spy,2007-10-17,109.569580078125
spy,2007-10-18,109.17180633544922
spy,2007-10-19,106.31625366210938
spy,2007-10-22,106.9342269897461
spy,2007-10-23,107.8009033203125
spy,2007-10-24,107.60198974609375
spy,2007-10-25,107.8576431274414
spy,2007-10-26,109.12208557128906
spy,2007-10-29,109.48432922363281
spy,2007-10-30,108.72427368164062
spy,2007-10-31,109.85368347167969
spy,2007-11-01,107.28231811523438
spy,2007-11-02,107.403076171875
spy,2007-11-05,106.586181640625
spy,2007-11-06,108.02106475830078
spy,2007-11-07,105.0660171508789
spy,2007-11-08,104.53331756591797
spy,2007-11-09,103.09840393066406
spy,2007-11-12,102.07548522949219
spy,2007-11-13,105.18679809570312
spy,2007-11-14,104.89551544189453
spy,2007-11-15,103.38253784179688
spy,2007-11-16,103.56006622314453
spy,2007-11-19,102.11811065673828
spy,2007-11-20,102.74320220947266
spy,2007-11-21,100.640625
spy,2007-11-23,102.38094329833984
spy,2007-11-26,100.1220932006836
spy,2007-11-27,101.27284240722656
spy,2007-11-28,104.5119857788086
spy,2007-11-29,104.5474853515625
spy,2007-11-30,105.59879302978516
spy,2007-12-03,104.90266418457031
spy,2007-12-04,103.96495056152344
spy,2007-12-05,105.70535278320312
spy,2007-12-06,107.21834564208984
spy,2007-12-07,107.19710540771484
spy,2007-12-10,108.02814483642578
spy,2007-12-11,105.0660171508789
spy,2007-12-12,106.10311889648438
spy,2007-12-13,105.8829574584961
spy,2007-12-14,104.54041290283203
spy,2007-12-17,103.0486831665039
spy,2007-12-18,103.62405395507812
spy,2007-12-19,103.62405395507812
spy,2007-12-20,104.27760314941406
spy,2007-12-21,105.78077697753906
spy,2007-12-24,106.56627655029297
spy,2007-12-26,106.79478454589844
spy,2007-12-27,105.45223999023438
spy,2007-12-28,105.18804931640625
spy,2007-12-31,104.4096908569336
spy,2008-01-02,103.49559020996094
spy,2008-01-03,103.44564819335938
spy,2008-01-04,100.91053771972656
spy,2008-01-07,100.82486724853516
spy,2008-01-08,99.1966552734375
spy,2008-01-09,100.23930358886719
spy,2008-01-10,100.89627075195312
spy,2008-01-11,100.08216094970703
spy,2008-01-14,100.88914489746094
spy,2008-01-15,98.66824340820312
spy,2008-01-16,97.81845092773438
spy,2008-01-17,95.28335571289062
spy,2008-01-18,94.30501556396484
spy,2008-01-22,93.3481674194336
spy,2008-01-23,95.5904541015625
spy,2008-01-24,96.39738464355469
spy,2008-01-25,95.0048828125
spy,2008-01-28,96.575927734375
spy,2008-01-29,97.05435180664062
spy,2008-01-30,96.34027099609375
spy,2008-01-31,98.09693145751953
spy,2008-02-01,99.67508697509766
spy,2008-02-04,98.41829681396484
spy,2008-02-05,95.78325653076172
spy,2008-02-06,95.01202392578125
spy,2008-02-07,95.64043426513672
spy,2008-02-08,95.02632904052734
spy,2008-02-11,95.51187133789062
spy,2008-02-12,96.39738464355469
spy,2008-02-13,97.38287353515625
spy,2008-02-14,96.52593994140625
spy,2008-02-15,96.50450897216797
spy,2008-02-19,96.77586364746094
spy,2008-02-20,97.0615005493164
spy,2008-02-21,96.25458526611328
spy,2008-02-22,96.84727478027344
spy,2008-02-25,98.06842041015625
spy,2008-02-26,98.80391693115234
spy,2008-02-27,98.70392608642578
spy,2008-02-28,97.7398681640625
spy,2008-02-29,95.56188201904297
spy,2008-03-03,95.33338165283203
spy,2008-03-04,94.96920776367188
spy,2008-03-05,95.56900024414062
spy,2008-03-06,93.59095001220703
spy,2008-03-07,92.62690734863281
spy,2008-03-10,91.40576171875
spy,2008-03-11,94.69065856933594
spy,2008-03-12,93.8051528930664
spy,2008-03-13,94.01224517822266
spy,2008-03-14,92.55548858642578
spy,2008-03-17,91.62002563476562
spy,2008-03-18,95.42620086669922
spy,2008-03-19,93.06253814697266
spy,2008-03-20,94.78630065917969
spy,2008-03-24,96.68086242675781
spy,2008-03-25,96.774169921875
spy,2008-03-26,95.59005737304688
spy,2008-03-27,95.28864288330078
spy,2008-03-28,94.37724304199219
spy,2008-03-31,94.70734405517578
spy,2008-04-01,98.03722381591797
spy,2008-04-02,98.1017837524414
spy,2008-04-03,98.34577941894531
spy,2008-04-04,98.2381362915039
spy,2008-04-07,98.28843688964844
spy,2008-04-08,98.18791198730469
spy,2008-04-09,97.47742462158203
spy,2008-04-10,97.61381530761719
spy,2008-04-11,95.71923065185547
spy,2008-04-14,95.39628601074219
spy,2008-04-15,95.61876678466797
spy,2008-04-16,98.2094497680664
spy,2008-04-17,98.35296630859375
spy,2008-04-18,99.37919616699219
spy,2008-04-21,99.4294204711914
spy,2008-04-22,98.99165344238281
spy,2008-04-23,98.83378601074219
spy,2008-04-24,99.26436614990234
spy,2008-04-25,100.18295288085938
spy,2008-04-28,100.20452117919922
spy,2008-04-29,99.80978393554688
spy,2008-04-30,99.22130584716797
spy,2008-05-01,101.27376556396484
spy,2008-05-02,101.55363464355469
spy,2008-05-05,101.0656509399414
spy,2008-05-06,101.94114685058594
spy,2008-05-07,100.12554931640625
spy,2008-05-08,99.86719512939453
spy,2008-05-09,99.68061828613281
spy,2008-05-12,100.80013275146484
spy,2008-05-13,100.81448364257812
spy,2008-05-14,101.02259826660156
spy,2008-05-15,102.28568267822266
spy,2008-05-16,102.37895965576172
spy,2008-05-19,102.65884399414062
spy,2008-05-20,101.82637023925781
spy,2008-05-21,100.10403442382812
spy,2008-05-22,100.11837005615234
spy,2008-05-23,98.7763900756836
spy,2008-05-27,99.50834655761719
spy,2008-05-28,99.9676742553711
spy,2008-05-29,100.47003936767578
spy,2008-05-30,100.7212142944336
spy,2008-06-02,99.68061828613281
spy,2008-06-03,99.09930419921875
spy,2008-06-04,99.04911041259766
spy,2008-06-05,101.0297622680664
spy,2008-06-06,97.80757141113281
spy,2008-06-09,98.0444107055664
spy,2008-06-10,97.55638122558594
spy,2008-06-11,96.12109375
spy,2008-06-12,96.48710632324219
spy,2008-06-13,97.70706939697266
spy,2008-06-16,97.76451873779297
spy,2008-06-17,97.29084014892578
spy,2008-06-18,96.34359741210938
spy,2008-06-19,96.46559143066406
spy,2008-06-20,94.8997802734375
spy,2008-06-23,94.80602264404297
spy,2008-06-24,94.61847686767578
spy,2008-06-25,95.0656509399414
spy,2008-06-26,92.48363494873047
spy,2008-06-27,91.97875213623047
spy,2008-06-30,92.30337524414062
spy,2008-07-01,92.59183502197266
spy,2008-07-02,91.00511169433594
spy,2008-07-03,91.09883880615234
spy,2008-07-07,90.1684799194336
spy,2008-07-08,91.76960754394531
spy,2008-07-09,90.00260925292969
spy,2008-07-10,90.37044525146484
spy,2008-07-11,89.31741333007812
spy,2008-07-14,88.5096435546875
spy,2008-07-15,87.26194763183594
spy,2008-07-16,89.40396118164062
spy,2008-07-17,90.29832458496094
spy,2008-07-18,90.8608627319336
spy,2008-07-21,90.91136169433594
spy,2008-07-22,91.94271850585938
spy,2008-07-23,92.44036865234375
spy,2008-07-24,90.52189636230469
spy,2008-07-25,90.50027465820312
spy,2008-07-28,89.17318725585938
spy,2008-07-29,91.07722473144531
spy,2008-07-30,92.69999694824219
spy,2008-07-31,91.47392272949219
spy,2008-08-01,90.99071502685547
spy,2008-08-04,90.14685821533203
spy,2008-08-05,92.57740783691406
spy,2008-08-06,92.98846435546875
spy,2008-08-07,91.60370635986328
spy,2008-08-08,93.30583190917969
spy,2008-08-11,94.27227783203125
spy,2008-08-12,93.29144287109375
spy,2008-08-13,92.7288818359375
spy,2008-08-14,93.42842102050781
spy,2008-08-15,93.88282012939453
spy,2008-08-18,92.59903717041016
spy,2008-08-19,91.58934020996094
spy,2008-08-20,92.01483917236328
spy,2008-08-21,92.17353057861328
spy,2008-08-22,93.50782012939453
spy,2008-08-25,91.61094665527344
spy,2008-08-26,91.8777847290039
spy,2008-08-27,92.77214050292969
spy,2008-08-28,93.8972396850586
spy,2008-08-29,92.88752746582031
spy,2008-09-02,92.31056213378906
spy,2008-09-03,92.23118591308594
spy,2008-09-04,89.4544906616211
spy,2008-09-05,89.7357406616211
spy,2008-09-08,91.58934020996094
spy,2008-09-09,88.87025451660156
spy,2008-09-10,89.23088073730469
spy,2008-09-11,90.52189636230469
spy,2008-09-12,90.94020080566406
spy,2008-09-15,86.61279296875
spy,2008-09-16,88.0625
spy,2008-09-17,84.1029281616211
spy,2008-09-18,86.59837341308594
spy,2008-09-19,90.03752136230469
spy,2008-09-22,87.9991455078125
spy,2008-09-23,85.99701690673828
spy,2008-09-24,86.2726821899414
spy,2008-09-25,87.62189483642578
spy,2008-09-26,87.66544342041016
spy,2008-09-29,80.7958984375
spy,2008-09-30,84.13998413085938
spy,2008-10-01,84.1907730102539
spy,2008-10-02,81.13680267333984
spy,2008-10-03,80.04143524169922
spy,2008-10-06,75.96465301513672
spy,2008-10-07,72.56250762939453
spy,2008-10-08,70.73445129394531
spy,2008-10-09,65.7944564819336
spy,2008-10-10,64.19854736328125
spy,2008-10-13,73.52001190185547
spy,2008-10-14,72.43192291259766
spy,2008-10-15,65.3011474609375
spy,2008-10-16,68.02143859863281
spy,2008-10-17,67.61518859863281
spy,2008-10-20,71.67747497558594
spy,2008-10-21,69.53754425048828
spy,2008-10-22,65.75090026855469
spy,2008-10-23,66.51261138916016
spy,2008-10-24,63.13943099975586
spy,2008-10-27,60.897926330566406
spy,2008-10-28,68.01416015625
spy,2008-10-29,67.52088165283203
spy,2008-10-30,69.8567123413086
spy,2008-10-31,70.24114990234375
spy,2008-11-03,70.44426727294922
spy,2008-11-04,72.8381118774414
spy,2008-11-05,69.77692413330078
spy,2008-11-06,65.91048431396484
spy,2008-11-07,68.08670806884766
spy,2008-11-10,67.1944580078125
spy,2008-11-11,65.11981201171875
spy,2008-11-12,62.254451751708984
spy,2008-11-13,66.13539123535156
spy,2008-11-14,62.834747314453125
spy,2008-11-17,62.00057601928711
spy,2008-11-18,63.16843795776367
spy,2008-11-19,59.12068176269531
spy,2008-11-20,54.73196029663086
spy,2008-11-21,57.68437194824219
spy,2008-11-24,61.68135070800781
spy,2008-11-25,62.13837814331055
spy,2008-11-26,64.53947448730469
spy,2008-11-28,65.35193634033203
spy,2008-12-01,59.56318664550781
spy,2008-12-02,61.85545349121094
spy,2008-12-03,63.34254837036133
spy,2008-12-04,61.87721252441406
spy,2008-12-05,63.78504943847656
spy,2008-12-08,66.0120620727539
spy,2008-12-09,64.92391967773438
spy,2008-12-10,65.366455078125
spy,2008-12-11,63.79234313964844
spy,2008-12-12,64.55399322509766
spy,2008-12-15,63.65449523925781
spy,2008-12-16,66.65039825439453
spy,2008-12-17,66.00483703613281
spy,2008-12-18,64.7716293334961
spy,2008-12-19,64.49297332763672
spy,2008-12-22,63.666603088378906
spy,2008-12-23,63.00845718383789
spy,2008-12-24,63.37409210205078
spy,2008-12-26,63.73975372314453
spy,2008-12-29,63.55693054199219
spy,2008-12-30,65.06338500976562
spy,2008-12-31,65.99214172363281
spy,2009-01-02,67.98125457763672
spy,2009-01-05,67.90081787109375
spy,2009-01-06,68.35423278808594
spy,2009-01-07,66.30658721923828
spy,2009-01-08,66.57717895507812
spy,2009-01-09,65.1511459350586
spy,2009-01-12,63.586158752441406
spy,2009-01-13,63.70317077636719
spy,2009-01-14,61.69941329956055
spy,2009-01-15,61.72138977050781
spy,2009-01-16,62.20399856567383
spy,2009-01-20,58.9205207824707
spy,2009-01-21,61.46541213989258
spy,2009-01-22,60.514739990234375
spy,2009-01-23,60.777992248535156
spy,2009-01-26,61.1948356628418
spy,2009-01-27,61.81645202636719
spy,2009-01-28,63.907962799072266
spy,2009-01-29,61.83104705810547
spy,2009-01-30,60.573246002197266
spy,2009-02-02,60.39042282104492
spy,2009-02-03,61.23869705200195
spy,2009-02-04,60.93889617919922
spy,2009-02-05,61.845680236816406
spy,2009-02-06,63.608131408691406
spy,2009-02-09,63.69585037231445
spy,2009-02-10,60.777992248535156
spy,2009-02-11,61.136322021484375
spy,2009-02-12,61.18022918701172
spy,2009-02-13,60.52204513549805
spy,2009-02-17,57.93327331542969
spy,2009-02-18,57.794288635253906
spy,2009-02-19,57.17270278930664
spy,2009-02-20,56.616920471191406
spy,2009-02-23,54.59123229980469
spy,2009-02-24,56.660797119140625
spy,2009-02-25,56.214744567871094
spy,2009-02-26,55.30059051513672
spy,2009-02-27,54.064697265625
spy,2009-03-02,51.629493713378906
spy,2009-03-03,51.24190902709961
spy,2009-03-04,52.45585632324219
spy,2009-03-05,50.31315612792969
spy,2009-03-06,50.40091323852539
spy,2009-03-09,49.808555603027344
spy,2009-03-10,52.777645111083984
spy,2009-03-11,53.121315002441406
spy,2009-03-12,55.21283721923828
spy,2009-03-13,55.644325256347656
spy,2009-03-16,55.47610855102539
spy,2009-03-17,57.17270278930664
spy,2009-03-18,58.4525032043457
spy,2009-03-19,57.72848892211914
spy,2009-03-20,56.49922180175781
spy,2009-03-23,60.55751419067383
spy,2009-03-24,59.36434555053711
spy,2009-03-25,59.9903678894043
spy,2009-03-26,61.213008880615234
spy,2009-03-27,60.10823440551758
spy,2009-03-30,58.03120422363281
spy,2009-03-31,58.56888198852539
spy,2009-04-01,59.70314407348633
spy,2009-04-02,61.44871139526367
spy,2009-04-03,62.06003952026367
spy,2009-04-06,61.573936462402344
spy,2009-04-07,60.13767623901367
spy,2009-04-08,60.78580856323242
spy,2009-04-09,63.20165252685547
spy,2009-04-13,63.21638870239258
spy,2009-04-14,62.126304626464844
spy,2009-04-15,62.7891845703125
spy,2009-04-16,63.70986557006836
spy,2009-04-17,64.13705444335938
spy,2009-04-20,61.44871139526367
spy,2009-04-21,62.64925003051758
spy,2009-04-22,62.26625061035156
spy,2009-04-23,62.87757110595703
spy,2009-04-24,63.82770538330078
spy,2009-04-27,63.223758697509766
spy,2009-04-28,63.02488327026367
spy,2009-04-29,64.3653335571289
spy,2009-04-30,64.38746643066406
spy,2009-05-01,64.73363494873047
spy,2009-05-04,66.93585968017578
spy,2009-05-05,66.7075424194336
spy,2009-05-06,67.8639144897461
spy,2009-05-07,66.92110443115234
spy,2009-05-08,68.48259735107422
spy,2009-05-11,67.20101928710938
spy,2009-05-12,67.00212097167969
spy,2009-05-13,65.31549835205078
spy,2009-05-14,65.87525177001953
spy,2009-05-15,65.33758544921875
spy,2009-05-18,67.1936264038086
spy,2009-05-19,67.11263275146484
spy,2009-05-20,66.663330078125
spy,2009-05-21,65.70584106445312
spy,2009-05-22,65.56590270996094
spy,2009-05-26,67.24519348144531
spy,2009-05-27,66.04466247558594
spy,2009-05-28,66.96532440185547
spy,2009-05-29,68.1511459350586
spy,2009-06-01,69.80097198486328
spy,2009-06-02,69.85990142822266
spy,2009-06-03,68.97606658935547
spy,2009-06-04,69.62419891357422
spy,2009-06-05,69.638916015625
spy,2009-06-08,69.3516845703125
spy,2009-06-09,69.70520782470703
spy,2009-06-10,69.52845764160156
spy,2009-06-11,69.83776092529297
spy,2009-06-12,70.029296875
spy,2009-06-15,68.4236068725586
spy,2009-06-16,67.49559783935547
spy,2009-06-17,67.42937469482422
spy,2009-06-18,67.92281341552734
spy,2009-06-19,68.17316436767578
spy,2009-06-22,66.12886810302734
spy,2009-06-23,66.18067932128906
spy,2009-06-24,66.75105285644531
spy,2009-06-25,68.20278930664062
spy,2009-06-26,68.02501678466797
spy,2009-06-29,68.6619873046875
spy,2009-06-30,68.10650634765625
spy,2009-07-01,68.38795471191406
spy,2009-07-02,66.52143096923828
spy,2009-07-06,66.5140151977539
spy,2009-07-07,65.22523498535156
spy,2009-07-08,65.18077087402344
spy,2009-07-09,65.30668640136719
spy,2009-07-10,65.15115356445312
spy,2009-07-13,66.7362289428711
spy,2009-07-14,67.11398315429688
spy,2009-07-15,69.07681274414062
spy,2009-07-16,68.9657211303711
spy,2009-07-17,69.72120666503906
spy,2009-07-20,70.46188354492188
spy,2009-07-21,70.78781127929688
spy,2009-07-22,70.77297973632812
spy,2009-07-23,72.33589172363281
spy,2009-07-24,72.63208770751953
spy,2009-07-27,72.8469467163086
spy,2009-07-28,72.50618743896484
spy,2009-07-29,72.32841491699219
spy,2009-07-30,73.08394622802734
spy,2009-07-31,73.18766784667969
spy,2009-08-03,74.39495086669922
spy,2009-08-04,74.5875473022461
spy,2009-08-05,74.37274932861328
spy,2009-08-06,73.98758697509766
spy,2009-08-07,74.9578857421875
spy,2009-08-10,74.8023452758789
spy,2009-08-11,73.86907958984375
spy,2009-08-12,74.66161346435547
spy,2009-08-13,75.2319564819336
spy,2009-08-14,74.65422058105469
spy,2009-08-17,72.81729125976562
spy,2009-08-18,73.39505767822266
spy,2009-08-19,74.03943634033203
spy,2009-08-20,74.8023452758789
spy,2009-08-21,76.2689437866211
spy,2009-08-24,76.2614974975586
spy,2009-08-25,76.40962219238281
spy,2009-08-26,76.41704559326172
spy,2009-08-27,76.58739471435547
spy,2009-08-28,76.57260131835938
spy,2009-08-31,75.89115905761719
spy,2009-09-01,74.21720123291016
spy,2009-09-02,73.93573760986328
spy,2009-09-03,74.55050659179688
spy,2009-09-04,75.59487915039062
spy,2009-09-08,76.2466812133789
spy,2009-09-09,76.83184814453125
spy,2009-09-10,77.61693572998047
spy,2009-09-11,77.60212707519531
spy,2009-09-14,77.97991943359375
spy,2009-09-15,78.3058090209961
spy,2009-09-16,79.49089050292969
spy,2009-09-17,79.37240600585938
spy,2009-09-18,79.42300415039062
spy,2009-09-21,79.22205352783203
spy,2009-09-22,79.6834945678711
spy,2009-09-23,79.0210952758789
spy,2009-09-24,78.15038299560547
spy,2009-09-25,77.73363494873047
spy,2009-09-28,79.12532806396484
spy,2009-09-29,78.88717651367188
spy,2009-09-30,78.58203125
spy,2009-10-01,76.63221740722656
spy,2009-10-02,76.27495574951172
spy,2009-10-05,77.41362762451172
spy,2009-10-06,78.52249908447266
spy,2009-10-07,78.73832702636719
spy,2009-10-08,79.34114837646484
spy,2009-10-09,79.82492065429688
spy,2009-10-12,80.13746643066406
spy,2009-10-13,79.97370147705078
spy,2009-10-14,81.35053253173828
spy,2009-10-15,81.64826202392578
spy,2009-10-16,81.03797149658203
spy,2009-10-19,81.70777893066406
spy,2009-10-20,81.27610778808594
spy,2009-10-21,80.54679870605469
spy,2009-10-22,81.36541748046875
spy,2009-10-23,80.43515014648438
spy,2009-10-26,79.56441497802734
spy,2009-10-27,79.19974517822266
spy,2009-10-28,77.70388793945312
spy,2009-10-29,79.37094116210938
spy,2009-10-30,77.0712661743164
spy,2009-11-02,77.63689422607422
spy,2009-11-03,77.88249206542969
spy,2009-11-04,78.08342742919922
spy,2009-11-05,79.5197525024414
spy,2009-11-06,79.7281723022461
spy,2009-11-09,81.5440444946289
spy,2009-11-10,81.55892944335938
spy,2009-11-11,81.97569274902344
spy,2009-11-12,81.14216613769531
spy,2009-11-13,81.58123779296875
spy,2009-11-16,82.76456451416016
spy,2009-11-17,82.86132049560547
spy,2009-11-18,82.80921173095703
spy,2009-11-19,81.7300796508789
spy,2009-11-20,81.43984985351562
spy,2009-11-23,82.47430419921875
spy,2009-11-24,82.60084533691406
spy,2009-11-25,82.89108276367188
spy,2009-11-27,81.5440444946289
spy,2009-11-30,81.81941223144531
spy,2009-12-01,82.83154296875
spy,2009-12-02,82.79431915283203
spy,2009-12-03,82.14686584472656
spy,2009-12-04,82.6156997680664
spy,2009-12-07,82.48918914794922
spy,2009-12-08,81.57380676269531
spy,2009-12-09,81.87894439697266
spy,2009-12-10,82.34038543701172
spy,2009-12-11,82.69013977050781
spy,2009-12-14,83.2557144165039
spy,2009-12-15,82.86876678466797
spy,2009-12-16,82.99526977539062
spy,2009-12-17,81.99799346923828
spy,2009-12-18,82.46192169189453
spy,2009-12-21,83.29993438720703
spy,2009-12-22,83.59919738769531
spy,2009-12-23,83.76383209228516
spy,2009-12-24,84.16038513183594
spy,2009-12-28,84.33998107910156
spy,2009-12-29,84.22023010253906
spy,2009-12-30,84.1903076171875
spy,2009-12-31,83.38221740722656
spy,2010-01-04,84.7963638305664
spy,2010-01-05,85.02085876464844
spy,2010-01-06,85.08071899414062
spy,2010-01-07,85.4398422241211
spy,2010-01-08,85.72415161132812
spy,2010-01-11,85.84388732910156
spy,2010-01-12,85.04328918457031
spy,2010-01-13,85.7615966796875
spy,2010-01-14,85.9935302734375
spy,2010-01-15,85.02831268310547
spy,2010-01-19,86.0907974243164
spy,2010-01-20,85.21538543701172
spy,2010-01-21,83.57676696777344
spy,2010-01-22,81.71369934082031
spy,2010-01-25,82.1326904296875
spy,2010-01-26,81.78852081298828
spy,2010-01-27,82.17758178710938
spy,2010-01-28,81.23484802246094
spy,2010-01-29,80.3519287109375
spy,2010-02-01,81.60142517089844
spy,2010-02-02,82.589111328125
spy,2010-02-03,82.17758178710938
spy,2010-02-04,79.64111328125
spy,2010-02-05,79.80572509765625
spy,2010-02-08,79.22957611083984
spy,2010-02-09,80.22471618652344
spy,2010-02-10,80.0676040649414
spy,2010-02-11,80.90563201904297
spy,2010-02-12,80.8382797241211
spy,2010-02-16,82.1102523803711
spy,2010-02-17,82.49932098388672
spy,2010-02-18,82.98567199707031
spy,2010-02-19,83.15776062011719
spy,2010-02-22,83.1727294921875
spy,2010-02-23,82.1626205444336
spy,2010-02-24,82.91831970214844
spy,2010-02-25,82.80610656738281
spy,2010-02-26,82.8584213256836
spy,2010-03-01,83.71894836425781
spy,2010-03-02,83.95088195800781
spy,2010-03-03,84.02571105957031
spy,2010-03-04,84.28008270263672
spy,2010-03-05,85.4847640991211
spy,2010-03-08,85.49967956542969
spy,2010-03-09,85.64188385009766
spy,2010-03-10,86.02348327636719
spy,2010-03-11,86.38259887695312
spy,2010-03-12,86.39009857177734
spy,2010-03-15,86.41253662109375
spy,2010-03-16,87.10087585449219
spy,2010-03-17,87.61717987060547
spy,2010-03-18,87.57230377197266
spy,2010-03-19,87.12899780273438
spy,2010-03-22,87.5948257446289
spy,2010-03-23,88.21089172363281
spy,2010-03-24,87.78262329101562
spy,2010-03-25,87.63990020751953
spy,2010-03-26,87.58732604980469
spy,2010-03-29,88.143310546875
spy,2010-03-30,88.20337677001953
spy,2010-03-31,87.90284729003906
spy,2010-04-01,88.50392150878906
spy,2010-04-05,89.22517395019531
spy,2010-04-06,89.4355239868164
spy,2010-04-07,88.92464447021484
spy,2010-04-08,89.23267364501953
spy,2010-04-09,89.81871032714844
spy,2010-04-12,89.96141815185547
spy,2010-04-13,90.02904510498047
spy,2010-04-14,91.05083465576172
spy,2010-04-15,91.12598419189453
spy,2010-04-16,89.67594146728516
spy,2010-04-19,90.0140380859375
spy,2010-04-20,90.81791687011719
spy,2010-04-21,90.65266418457031
spy,2010-04-22,90.92312622070312
spy,2010-04-23,91.5166244506836
spy,2010-04-26,91.17103576660156
spy,2010-04-27,89.0147933959961
spy,2010-04-28,89.69096374511719
spy,2010-04-29,90.80290222167969
spy,2010-04-30,89.26273345947266
spy,2010-05-03,90.41975402832031
spy,2010-05-04,88.29353332519531
spy,2010-05-05,87.76760864257812
spy,2010-05-06,84.85254669189453
spy,2010-05-07,83.59036254882812
spy,2010-05-10,87.27177429199219
spy,2010-05-11,87.0238265991211
spy,2010-05-12,88.24095916748047
spy,2010-05-13,87.14405822753906
spy,2010-05-14,85.56631469726562
spy,2010-05-17,85.61138153076172
spy,2010-05-18,84.4468765258789
spy,2010-05-19,83.96602630615234
spy,2010-05-20,80.79552459716797
spy,2010-05-21,81.97505950927734
spy,2010-05-24,80.92323303222656
spy,2010-05-25,81.00586700439453
spy,2010-05-26,80.51752471923828
spy,2010-05-27,83.21470642089844
spy,2010-05-28,82.17041015625
spy,2010-06-01,80.78800964355469
spy,2010-06-02,82.89167022705078
spy,2010-06-03,83.17713928222656
spy,2010-06-04,80.25454711914062
spy,2010-06-07,79.25533294677734
spy,2010-06-08,80.10428619384766
spy,2010-06-09,79.6760482788086
spy,2010-06-10,82.00508880615234
spy,2010-06-11,82.40328216552734
spy,2010-06-14,82.27557373046875
spy,2010-06-15,84.1463394165039
spy,2010-06-16,84.11624908447266
spy,2010-06-17,84.25151062011719
spy,2010-06-18,84.34284973144531
spy,2010-06-21,84.10130310058594
spy,2010-06-22,82.71231842041016
spy,2010-06-23,82.45565795898438
spy,2010-06-24,81.08930206298828
spy,2010-06-25,81.42900848388672
spy,2010-06-28,81.1723403930664
spy,2010-06-29,78.66615295410156
spy,2010-06-30,77.9188232421875
spy,2010-07-01,77.57156372070312
spy,2010-07-02,77.14885711669922
spy,2010-07-06,77.65460205078125
spy,2010-07-07,80.10043334960938
spy,2010-07-08,80.89305877685547
spy,2010-07-09,81.4969711303711
spy,2010-07-12,81.5498046875
spy,2010-07-13,82.78024291992188
spy,2010-07-14,82.7726821899414
spy,2010-07-15,82.79535675048828
spy,2010-07-16,80.51561737060547
spy,2010-07-19,80.9912109375
spy,2010-07-20,81.88947296142578
spy,2010-07-21,80.82512664794922
spy,2010-07-22,82.62928771972656
spy,2010-07-23,83.34644317626953
spy,2010-07-26,84.21450805664062
spy,2010-07-27,84.20698547363281
spy,2010-07-28,83.66346740722656
spy,2010-07-29,83.2558364868164
spy,2010-07-30,83.24071502685547
spy,2010-08-02,85.12036895751953
spy,2010-08-03,84.71273040771484
spy,2010-08-04,85.27891540527344
spy,2010-08-05,85.18832397460938
spy,2010-08-06,84.841064453125
spy,2010-08-09,85.29401397705078
spy,2010-08-10,84.8335189819336
spy,2010-08-11,82.50850677490234
spy,2010-08-12,82.00270080566406
spy,2010-08-13,81.76115417480469
spy,2010-08-16,81.7234115600586
spy,2010-08-17,82.72740936279297
spy,2010-08-18,82.8783950805664
spy,2010-08-19,81.4365463256836
spy,2010-08-20,81.1723403930664
spy,2010-08-23,80.86286926269531
spy,2010-08-24,79.66258239746094
spy,2010-08-25,79.97207641601562
spy,2010-08-26,79.43612670898438
spy,2010-08-27,80.66658020019531
spy,2010-08-30,79.49652862548828
spy,2010-08-31,79.49652862548828
spy,2010-09-01,81.8743896484375
spy,2010-09-02,82.63678741455078
spy,2010-09-03,83.70874786376953
spy,2010-09-07,82.7651596069336
spy,2010-09-08,83.34644317626953
spy,2010-09-09,83.73138427734375
spy,2010-09-10,84.15410614013672
spy,2010-09-13,85.0902099609375
spy,2010-09-14,85.037353515625
spy,2010-09-15,85.36195373535156
spy,2010-09-16,85.33930969238281
spy,2010-09-17,85.37114715576172
spy,2010-09-20,86.67652893066406
spy,2010-09-21,86.501953125
spy,2010-09-22,86.07697296142578
spy,2010-09-23,85.37874603271484
spy,2010-09-24,87.13946533203125
spy,2010-09-27,86.72203063964844
spy,2010-09-28,87.0256576538086
spy,2010-09-29,86.87386322021484
spy,2010-09-30,86.61577606201172
spy,2010-10-01,86.98006439208984
spy,2010-10-04,86.3274154663086
spy,2010-10-05,88.06535339355469
spy,2010-10-06,88.05777740478516
spy,2010-10-07,87.95150756835938
spy,2010-10-08,88.4448013305664
spy,2010-10-11,88.52830505371094
spy,2010-10-12,88.80149841308594
spy,2010-10-13,89.49212646484375
spy,2010-10-14,89.14302062988281
spy,2010-10-15,89.32516479492188
spy,2010-10-18,89.76533508300781
spy,2010-10-19,88.58902740478516
spy,2010-10-20,89.45418548583984
spy,2010-10-21,89.6514892578125
spy,2010-10-22,89.8184585571289
spy,2010-10-25,90.08407592773438
spy,2010-10-26,90.09929656982422
spy,2010-10-27,89.84121704101562
spy,2010-10-28,89.85640716552734
spy,2010-10-29,89.92469787597656
spy,2010-11-01,89.955078125
spy,2010-11-02,90.66842651367188
spy,2010-11-03,91.03272247314453
spy,2010-11-04,92.78584289550781
spy,2010-11-05,93.13496398925781
spy,2010-11-08,92.96041107177734
spy,2010-11-09,92.29257202148438
spy,2010-11-10,92.66444396972656
spy,2010-11-11,92.31531524658203
spy,2010-11-12,91.22245025634766
spy,2010-11-15,91.09342956542969
spy,2010-11-16,89.67426300048828
spy,2010-11-17,89.71981811523438
spy,2010-11-18,91.04032135009766
spy,2010-11-19,91.29078674316406
spy,2010-11-22,91.21490478515625
spy,2010-11-23,89.89434814453125
spy,2010-11-24,91.22245025634766
spy,2010-11-26,90.15996551513672
spy,2010-11-29,90.43316650390625
spy,2010-11-30,89.92469787597656
spy,2010-12-01,91.83721160888672
spy,2010-12-02,93.01353454589844
spy,2010-12-03,93.26395416259766
spy,2010-12-06,93.16533660888672
spy,2010-12-07,93.21845245361328
spy,2010-12-08,93.5599594116211
spy,2010-12-09,93.92422485351562
spy,2010-12-10,94.47063446044922
spy,2010-12-13,94.5313720703125
spy,2010-12-14,94.61483001708984
spy,2010-12-15,94.1822738647461
spy,2010-12-16,94.72867584228516
spy,2010-12-17,94.83015441894531
spy,2010-12-20,95.0590591430664
spy,2010-12-21,95.66170501708984
spy,2010-12-22,95.95928192138672
spy,2010-12-23,95.82195281982422
spy,2010-12-27,95.86006927490234
spy,2010-12-28,95.99740600585938
spy,2010-12-29,96.06604766845703
spy,2010-12-30,95.91351318359375
spy,2010-12-31,95.9363784790039
spy,2011-01-03,96.92818450927734
spy,2011-01-04,96.87476348876953
spy,2011-01-05,97.3782958984375
spy,2011-01-06,97.18757629394531
spy,2011-01-07,96.99683380126953
spy,2011-01-10,96.87476348876953
spy,2011-01-11,97.21807861328125
spy,2011-01-12,98.09545135498047
spy,2011-01-13,97.93521118164062
spy,2011-01-14,98.6447525024414
spy,2011-01-18,98.81257629394531
spy,2011-01-19,97.84367370605469
spy,2011-01-20,97.71398162841797
spy,2011-01-21,97.93521118164062
spy,2011-01-24,98.49214935302734
spy,2011-01-25,98.54553985595703
spy,2011-01-26,98.9270248413086
spy,2011-01-27,99.17115783691406
spy,2011-01-28,97.4393310546875
spy,2011-01-31,98.1717300415039
spy,2011-02-01,99.74334716796875
spy,2011-02-02,99.55258178710938
spy,2011-02-03,99.77384185791016
spy,2011-02-04,100.05610656738281
spy,2011-02-07,100.68170166015625
spy,2011-02-08,101.13945770263672
spy,2011-02-09,100.91057586669922
spy,2011-02-10,100.94876098632812
spy,2011-02-11,101.55143737792969
spy,2011-02-14,101.79556274414062
spy,2011-02-15,101.47514343261719
spy,2011-02-16,102.11600494384766
spy,2011-02-17,102.4211654663086
spy,2011-02-18,102.63475799560547
spy,2011-02-22,100.57487487792969
spy,2011-02-23,99.95694732666016
spy,2011-02-24,99.88823699951172
spy,2011-02-25,100.95635223388672
spy,2011-02-28,101.58195495605469
spy,2011-03-01,99.88823699951172
spy,2011-03-02,100.10188293457031
spy,2011-03-03,101.82608032226562
spy,2011-03-04,101.06314849853516
spy,2011-03-07,100.26970672607422
spy,2011-03-08,101.1470718383789
spy,2011-03-09,101.00214385986328
spy,2011-03-10,99.13299560546875
spy,2011-03-11,99.81959533691406
spy,2011-03-14,99.21691131591797
spy,2011-03-15,98.08018493652344
spy,2011-03-16,96.26444244384766
spy,2011-03-17,97.53851318359375
spy,2011-03-18,97.89327239990234
spy,2011-03-21,99.4103775024414
spy,2011-03-22,99.0655746459961
spy,2011-03-23,99.3490982055664
spy,2011-03-24,100.2991943359375
spy,2011-03-25,100.60568237304688
spy,2011-03-28,100.36048889160156
spy,2011-03-29,101.0348129272461
spy,2011-03-30,101.7320556640625
spy,2011-03-31,101.59414672851562
spy,2011-04-01,102.02324676513672
spy,2011-04-04,102.10752868652344
spy,2011-04-05,102.09217834472656
spy,2011-04-06,102.41398620605469
spy,2011-04-07,102.15349578857422
spy,2011-04-08,101.80104064941406
spy,2011-04-11,101.49455261230469
spy,2011-04-12,100.73596954345703
spy,2011-04-13,100.72828674316406
spy,2011-04-14,100.80493927001953
spy,2011-04-15,101.17272186279297
spy,2011-04-18,100.03870391845703
spy,2011-04-19,100.61334991455078
spy,2011-04-20,101.98497009277344
spy,2011-04-21,102.5059585571289
spy,2011-04-25,102.3987045288086
spy,2011-04-26,103.27985382080078
spy,2011-04-27,103.95409393310547
spy,2011-04-28,104.29126739501953
spy,2011-04-29,104.53644561767578
spy,2011-05-02,104.37554168701172
spy,2011-05-03,104.00009155273438
spy,2011-05-04,103.31048583984375
spy,2011-05-05,102.37567901611328
spy,2011-05-06,102.82776641845703
spy,2011-05-09,103.22622680664062
spy,2011-05-10,104.10736846923828
spy,2011-05-11,103.01168060302734
spy,2011-05-12,103.50204467773438
spy,2011-05-13,102.70516967773438
spy,2011-05-16,102.05387115478516
spy,2011-05-17,102.03858947753906
spy,2011-05-18,102.95036315917969
spy,2011-05-19,103.19551849365234
spy,2011-05-20,102.37567901611328
spy,2011-05-23,101.18804168701172
spy,2011-05-24,101.10376739501953
spy,2011-05-25,101.44092559814453
spy,2011-05-26,101.90829467773438
spy,2011-05-27,102.2990493774414
spy,2011-05-31,103.36412811279297
spy,2011-06-01,101.04248809814453
spy,2011-06-02,100.93516540527344
spy,2011-06-03,99.9314193725586
spy,2011-06-06,98.87403869628906
spy,2011-06-07,98.81275939941406
spy,2011-06-08,98.39897155761719
spy,2011-06-09,99.14986419677734
spy,2011-06-10,97.77067565917969
spy,2011-06-13,97.84729766845703
spy,2011-06-14,99.08859252929688
spy,2011-06-15,97.32622528076172
spy,2011-06-16,97.54080200195312
spy,2011-06-17,97.83187866210938
spy,2011-06-20,98.33238983154297
spy,2011-06-21,99.67991638183594
spy,2011-06-22,99.07935333251953
spy,2011-06-23,98.7944107055664
spy,2011-06-24,97.64707946777344
spy,2011-06-27,98.51719665527344
spy,2011-06-28,99.8031234741211
spy,2011-06-29,100.65787506103516
spy,2011-06-30,101.6203842163086
spy,2011-07-01,103.12196350097656
spy,2011-07-05,103.03726196289062
spy,2011-07-06,103.16046142578125
spy,2011-07-07,104.2308120727539
spy,2011-07-08,103.4915542602539
spy,2011-07-11,101.6203842163086
spy,2011-07-12,101.18148803710938
spy,2011-07-13,101.52027893066406
spy,2011-07-14,100.81957244873047
spy,2011-07-15,101.40476989746094
spy,2011-07-18,100.57318115234375
spy,2011-07-19,102.20558166503906
spy,2011-07-20,102.14400482177734
spy,2011-07-21,103.56085968017578
spy,2011-07-22,103.63017272949219
spy,2011-07-25,103.05261993408203
spy,2011-07-26,102.66764068603516
spy,2011-07-27,100.56547546386719
spy,2011-07-28,100.27289581298828
spy,2011-07-29,99.58756256103516
spy,2011-08-01,99.16400146484375
spy,2011-08-02,96.6306381225586
spy,2011-08-03,97.15425109863281
spy,2011-08-04,92.6033935546875
spy,2011-08-05,92.46479797363281
spy,2011-08-08,86.44319152832031
spy,2011-08-09,90.46275329589844
spy,2011-08-10,86.46630859375
spy,2011-08-11,90.34719848632812
spy,2011-08-12,90.95555114746094
spy,2011-08-15,92.880615234375
spy,2011-08-16,92.08748626708984
spy,2011-08-17,92.14907836914062
spy,2011-08-18,88.17574310302734
spy,2011-08-19,86.73577880859375
spy,2011-08-22,86.80511474609375
spy,2011-08-23,89.66187286376953
spy,2011-08-24,90.92471313476562
spy,2011-08-25,89.5386962890625
spy,2011-08-26,90.84003448486328
spy,2011-08-29,93.4504165649414
spy,2011-08-30,93.69683074951172
spy,2011-08-31,94.1126480102539
spy,2011-09-01,93.12699890136719
spy,2011-09-02,90.74761962890625
spy,2011-09-06,90.08540344238281
spy,2011-09-07,92.62651824951172
spy,2011-09-08,91.6639633178711
spy,2011-09-09,89.26148223876953
spy,2011-09-12,89.8389892578125
spy,2011-09-13,90.66293334960938
spy,2011-09-14,91.91802978515625
spy,2011-09-15,93.50432586669922
spy,2011-09-16,94.0577621459961
spy,2011-09-19,93.12117004394531
spy,2011-09-20,93.01283264160156
spy,2011-09-21,90.27281188964844
spy,2011-09-22,87.35480499267578
spy,2011-09-23,87.88114929199219
spy,2011-09-26,89.9709701538086
spy,2011-09-27,90.97715759277344
spy,2011-09-28,89.11956787109375
spy,2011-09-29,89.82392120361328
spy,2011-09-30,87.57927703857422
spy,2011-10-03,85.08699035644531
spy,2011-10-04,86.95231628417969
spy,2011-10-05,88.562255859375
spy,2011-10-06,90.16446685791016
spy,2011-10-07,89.56071472167969
spy,2011-10-10,92.55615997314453
spy,2011-10-11,92.6490249633789
spy,2011-10-12,93.46173858642578
spy,2011-10-13,93.27596282958984
spy,2011-10-14,94.87044525146484
spy,2011-10-17,93.05925750732422
spy,2011-10-18,94.8781967163086
spy,2011-10-19,93.7558822631836
spy,2011-10-20,94.16608428955078
spy,2011-10-21,95.95406341552734
spy,2011-10-24,97.13056182861328
spy,2011-10-25,95.24199676513672
spy,2011-10-26,96.20947265625
spy,2011-10-27,99.56092834472656
spy,2011-10-28,99.5377197265625
spy,2011-10-31,97.13829040527344
spy,2011-11-01,94.42926788330078
spy,2011-11-02,95.96952056884766
spy,2011-11-03,97.71880340576172
spy,2011-11-04,97.1228256225586
spy,2011-11-07,97.7265396118164
spy,2011-11-08,98.98045349121094
spy,2011-11-09,95.32713317871094
spy,2011-11-10,96.2249526977539
spy,2011-11-11,98.03614044189453
spy,2011-11-14,97.10736083984375
spy,2011-11-15,97.58723449707031
spy,2011-11-16,96.03921508789062
spy,2011-11-17,94.51441955566406
spy,2011-11-18,94.41378784179688
spy,2011-11-21,92.6180419921875
spy,2011-11-22,92.25428771972656
spy,2011-11-23,90.21866607666016
spy,2011-11-25,90.04835510253906
spy,2011-11-28,92.65676879882812
spy,2011-11-29,92.91995239257812
spy,2011-11-30,96.74356842041016
spy,2011-12-01,96.72806549072266
spy,2011-12-02,96.64292907714844
spy,2011-12-05,97.69557189941406
spy,2011-12-06,97.7265396118164
spy,2011-12-07,98.09032440185547
spy,2011-12-08,95.9385986328125
spy,2011-12-09,97.56399536132812
spy,2011-12-12,96.13983154296875
spy,2011-12-13,95.24199676513672
spy,2011-12-14,94.2280044555664
spy,2011-12-15,94.568603515625
spy,2011-12-16,94.70880889892578
spy,2011-12-19,93.69621276855469
spy,2011-12-20,96.53145599365234
spy,2011-12-21,96.71842193603516
spy,2011-12-22,97.5752182006836
spy,2011-12-23,98.44762420654297
spy,2011-12-27,98.52548217773438
spy,2011-12-28,97.23248291015625
spy,2011-12-29,98.2372817993164
spy,2011-12-30,97.75434875488281
spy,2012-01-03,99.31219482421875
spy,2012-01-04,99.46797943115234
spy,2012-01-05,99.73281860351562
spy,2012-01-06,99.47579193115234
spy,2012-01-09,99.71723937988281
spy,2012-01-10,100.58185577392578
spy,2012-01-11,100.63639068603516
spy,2012-01-12,100.8778305053711
spy,2012-01-13,100.35594177246094
spy,2012-01-17,100.74540710449219
spy,2012-01-18,101.85926818847656
spy,2012-01-19,102.39672088623047
spy,2012-01-20,102.77838897705078
spy,2012-01-23,102.5135498046875
spy,2012-01-24,102.39672088623047
spy,2012-01-25,103.25349426269531
spy,2012-01-26,102.72384643554688
spy,2012-01-27,102.6771240234375
spy,2012-01-30,102.32664489746094
spy,2012-01-31,102.28765106201172
spy,2012-02-01,103.18346405029297
spy,2012-02-02,103.34697723388672
spy,2012-02-03,104.79578399658203
spy,2012-02-06,104.7256851196289
spy,2012-02-07,104.9905014038086
spy,2012-02-08,105.30209350585938
spy,2012-02-09,105.43452453613281
spy,2012-02-10,104.65559387207031
spy,2012-02-13,105.43452453613281
spy,2012-02-14,105.30209350585938
spy,2012-02-15,104.8113784790039
spy,2012-02-16,105.97196960449219
spy,2012-02-17,106.25238037109375
spy,2012-02-21,106.29910278320312
spy,2012-02-22,105.95635223388672
spy,2012-02-23,106.42374420166016
spy,2012-02-24,106.65738677978516
spy,2012-02-27,106.83655548095703
spy,2012-02-28,107.14813232421875
spy,2012-02-29,106.7275161743164
spy,2012-03-01,107.28057098388672
spy,2012-03-02,106.95339965820312
spy,2012-03-05,106.51720428466797
spy,2012-03-06,104.95936584472656
spy,2012-03-07,105.69154357910156
spy,2012-03-08,106.74308776855469
spy,2012-03-09,107.15591430664062
spy,2012-03-12,107.16368103027344
spy,2012-03-13,109.09542083740234
spy,2012-03-14,108.97860717773438
spy,2012-03-15,109.60948181152344
spy,2012-03-16,109.76124572753906
spy,2012-03-19,110.19155883789062
spy,2012-03-20,109.87084197998047
spy,2012-03-21,109.69087982177734
spy,2012-03-22,108.90074920654297
spy,2012-03-23,109.25276947021484
spy,2012-03-26,110.7861328125
spy,2012-03-27,110.44190216064453
spy,2012-03-28,109.8943099975586
spy,2012-03-29,109.70650482177734
spy,2012-03-30,110.16028594970703
spy,2012-04-02,110.9660873413086
spy,2012-04-03,110.5123062133789
spy,2012-04-04,109.41709899902344
spy,2012-04-05,109.36233520507812
spy,2012-04-09,108.13402557373047
spy,2012-04-10,106.31901550292969
spy,2012-04-11,107.17959594726562
spy,2012-04-12,108.57994842529297
spy,2012-04-13,107.2891616821289
spy,2012-04-16,107.2187271118164
spy,2012-04-17,108.80683135986328
spy,2012-04-18,108.43913269042969
spy,2012-04-19,107.74288177490234
spy,2012-04-20,107.9228286743164
spy,2012-04-23,107.01530456542969
spy,2012-04-24,107.42211151123047
spy,2012-04-25,108.89290618896484
spy,2012-04-26,109.65177917480469
spy,2012-04-27,109.83172607421875
spy,2012-04-30,109.42487335205078
spy,2012-05-01,110.10552978515625
spy,2012-05-02,109.77693939208984
spy,2012-05-03,108.93980407714844
spy,2012-05-04,107.17959594726562
spy,2012-05-07,107.25784301757812
spy,2012-05-08,106.82752990722656
spy,2012-05-09,106.19387817382812
spy,2012-05-10,106.41291809082031
spy,2012-05-11,106.09215545654297
spy,2012-05-14,104.91863250732422
spy,2012-05-15,104.31623077392578
spy,2012-05-16,103.91728210449219
spy,2012-05-17,102.37606811523438
spy,2012-05-18,101.4998550415039
spy,2012-05-21,103.24444580078125
spy,2012-05-22,103.42438507080078
spy,2012-05-23,103.47915649414062
spy,2012-05-24,103.68254852294922
spy,2012-05-25,103.3461685180664
spy,2012-05-29,104.597900390625
spy,2012-05-30,103.08016204833984
spy,2012-05-31,102.85330200195312
spy,2012-06-01,100.2637710571289
spy,2012-06-04,100.21685791015625
spy,2012-06-05,100.97571563720703
spy,2012-06-06,103.24444580078125
spy,2012-06-07,103.30703735351562
spy,2012-06-08,104.1285400390625
spy,2012-06-11,102.80636596679688
spy,2012-06-12,103.9876708984375
spy,2012-06-13,103.32270812988281
spy,2012-06-14,104.41796875
spy,2012-06-15,105.48588562011719
spy,2012-06-18,105.69033813476562
spy,2012-06-19,106.71263122558594
spy,2012-06-20,106.53961181640625
spy,2012-06-21,104.14901733398438
spy,2012-06-22,104.95115661621094
spy,2012-06-25,103.26822662353516
spy,2012-06-26,103.78730773925781
spy,2012-06-27,104.72309112548828
spy,2012-06-28,104.42424011230469
spy,2012-06-29,107.0272216796875
spy,2012-07-02,107.3495864868164
spy,2012-07-03,108.05734252929688
spy,2012-07-05,107.56979370117188
spy,2012-07-06,106.5475082397461
spy,2012-07-09,106.41378021240234
spy,2012-07-10,105.48588562011719
spy,2012-07-11,105.5015869140625
spy,2012-07-12,104.99041748046875
spy,2012-07-13,106.75196838378906
spy,2012-07-16,106.50031280517578
spy,2012-07-17,107.23163604736328
spy,2012-07-18,108.02587127685547
spy,2012-07-19,108.30899810791016
spy,2012-07-20,107.31816864013672
spy,2012-07-23,106.23292541503906
spy,2012-07-24,105.32075500488281
spy,2012-07-25,105.34432220458984
spy,2012-07-26,107.082275390625
spy,2012-07-27,109.05604553222656
spy,2012-07-30,109.05604553222656
spy,2012-07-31,108.29329681396484
spy,2012-08-01,108.19890594482422
spy,2012-08-02,107.45186614990234
spy,2012-08-03,109.58296203613281
spy,2012-08-06,109.79525756835938
spy,2012-08-07,110.34574890136719
spy,2012-08-08,110.47943115234375
spy,2012-08-09,110.57378387451172
spy,2012-08-10,110.754638671875
spy,2012-08-13,110.69962310791016
spy,2012-08-14,110.71531677246094
spy,2012-08-15,110.84114837646484
spy,2012-08-16,111.65904235839844
spy,2012-08-17,111.80840301513672
spy,2012-08-20,111.8162841796875
spy,2012-08-21,111.47813415527344
spy,2012-08-22,111.52535247802734
spy,2012-08-23,110.61312103271484
spy,2012-08-24,111.28150939941406
spy,2012-08-27,111.3051528930664
spy,2012-08-28,111.19502258300781
spy,2012-08-29,111.28150939941406
spy,2012-08-30,110.47943115234375
spy,2012-08-31,111.00633239746094
spy,2012-09-04,110.90402221679688
spy,2012-09-05,110.8097152709961
spy,2012-09-06,113.05876159667969
spy,2012-09-07,113.49916076660156
spy,2012-09-10,112.85429382324219
spy,2012-09-11,113.16887664794922
spy,2012-09-12,113.54629516601562
spy,2012-09-13,115.27635955810547
spy,2012-09-14,115.78752136230469
spy,2012-09-17,115.39433288574219
spy,2012-09-18,115.29989624023438
spy,2012-09-19,115.36290740966797
spy,2012-09-20,115.37078094482422
spy,2012-09-21,115.32251739501953
spy,2012-09-24,115.14860534667969
spy,2012-09-25,113.92317962646484
spy,2012-09-26,113.28279113769531
spy,2012-09-27,114.35015106201172
spy,2012-09-28,113.82040405273438
spy,2012-10-01,114.12084197998047
spy,2012-10-02,114.23941802978516
spy,2012-10-03,114.70590209960938
spy,2012-10-04,115.52810668945312
spy,2012-10-05,115.53595733642578
spy,2012-10-08,115.14070892333984
spy,2012-10-09,114.00224304199219
spy,2012-10-10,113.27491760253906
spy,2012-10-11,113.33818817138672
spy,2012-10-12,112.96659088134766
spy,2012-10-15,113.9073715209961
spy,2012-10-16,115.06165313720703
spy,2012-10-17,115.5833740234375
spy,2012-10-18,115.28298950195312
spy,2012-10-19,113.36187744140625
spy,2012-10-22,113.37775421142578
spy,2012-10-23,111.80443572998047
spy,2012-10-24,111.4881820678711
spy,2012-10-25,111.81231689453125
spy,2012-10-26,111.74909210205078
spy,2012-10-31,111.74909210205078
spy,2012-11-01,112.91915893554688
spy,2012-11-02,111.91510772705078
spy,2012-11-05,112.14436340332031
spy,2012-11-06,113.02190399169922
spy,2012-11-07,110.46039581298828
spy,2012-11-08,109.13226318359375
spy,2012-11-09,109.22715759277344
spy,2012-11-12,109.3140640258789
spy,2012-11-13,108.93460083007812
spy,2012-11-14,107.464111328125
spy,2012-11-15,107.28227233886719
spy,2012-11-16,107.81195831298828
spy,2012-11-19,109.99400329589844
spy,2012-11-20,110.04141235351562
spy,2012-11-21,110.24697875976562
spy,2012-11-23,111.74909210205078
spy,2012-11-26,111.5119400024414
spy,2012-11-27,110.94265747070312
spy,2012-11-28,111.83609771728516
spy,2012-11-29,112.35785675048828
spy,2012-11-30,112.38156127929688
spy,2012-12-03,111.82815551757812
spy,2012-12-04,111.66997528076172
spy,2012-12-05,111.8676986694336
spy,2012-12-06,112.24713897705078
spy,2012-12-07,112.58712005615234
spy,2012-12-10,112.63453674316406
spy,2012-12-11,113.40140533447266
spy,2012-12-12,113.45671844482422
spy,2012-12-13,112.76107788085938
spy,2012-12-14,112.342041015625
spy,2012-12-17,113.66229248046875
spy,2012-12-18,114.92720794677734
spy,2012-12-19,114.0733642578125
spy,2012-12-20,114.72956848144531
spy,2012-12-21,113.68819427490234
spy,2012-12-24,113.33786010742188
spy,2012-12-26,112.86013793945312
spy,2012-12-27,112.7088394165039
spy,2012-12-28,111.49070739746094
spy,2012-12-31,113.38562774658203
spy,2013-01-02,116.29176330566406
spy,2013-01-03,116.02901458740234
spy,2013-01-04,116.53852844238281
spy,2013-01-07,116.2200698852539
spy,2013-01-08,115.88565826416016
spy,2013-01-09,116.18025970458984
spy,2013-01-10,117.10379028320312
spy,2013-01-11,117.09587860107422
spy,2013-01-14,117.01625061035156
spy,2013-01-15,117.09587860107422
spy,2013-01-16,117.0799789428711
spy,2013-01-17,117.83634948730469
spy,2013-01-18,118.09905242919922
spy,2013-01-22,118.73603820800781
spy,2013-01-23,118.92708587646484
spy,2013-01-24,118.9589614868164
spy,2013-01-25,119.62774658203125
spy,2013-01-28,119.48442840576172
spy,2013-01-29,119.9542465209961
spy,2013-01-30,119.48442840576172
spy,2013-01-31,119.18982696533203
spy,2013-02-01,120.41600036621094
spy,2013-02-04,119.06243896484375
spy,2013-02-05,120.26471710205078
spy,2013-02-06,120.352294921875
spy,2013-02-07,120.19310760498047
spy,2013-02-08,120.86186218261719
spy,2013-02-11,120.83792877197266
spy,2013-02-12,121.03704071044922
spy,2013-02-13,121.1404800415039
spy,2013-02-14,121.25199890136719
spy,2013-02-15,121.10865783691406
spy,2013-02-19,122.0163803100586
spy,2013-02-20,120.49559783935547
spy,2013-02-21,119.76306915283203
spy,2013-02-22,120.9334945678711
spy,2013-02-25,118.632568359375
spy,2013-02-26,119.44461059570312
spy,2013-02-27,120.9494857788086
spy,2013-02-28,120.71060943603516
spy,2013-03-01,121.10865783691406
spy,2013-03-04,121.75354766845703
spy,2013-03-05,122.8443603515625
spy,2013-03-06,123.01160430908203
spy,2013-03-07,123.23446655273438
spy,2013-03-08,123.75997924804688
spy,2013-03-11,124.22974395751953
spy,2013-03-12,123.9510726928711
spy,2013-03-13,124.12628173828125
spy,2013-03-14,124.78701782226562
spy,2013-03-15,124.62232971191406
spy,2013-03-18,123.93458557128906
spy,2013-03-19,123.64665222167969
spy,2013-03-20,124.5103530883789
spy,2013-03-21,123.44673156738281
spy,2013-03-22,124.4384536743164
spy,2013-03-25,123.91858673095703
spy,2013-03-26,124.91023254394531
spy,2013-03-27,124.91023254394531
spy,2013-03-28,125.29412078857422
spy,2013-04-01,124.79830169677734
spy,2013-04-02,125.4140853881836
spy,2013-04-03,124.14253234863281
spy,2013-04-04,124.64631652832031
spy,2013-04-05,124.08653259277344
spy,2013-04-08,124.92623138427734
spy,2013-04-09,125.35808563232422
spy,2013-04-10,126.89358520507812
spy,2013-04-11,127.30949401855469
spy,2013-04-12,126.99752807617188
spy,2013-04-15,124.05450439453125
spy,2013-04-16,125.88591003417969
spy,2013-04-17,124.04649353027344
spy,2013-04-18,123.27075958251953
spy,2013-04-19,124.34245300292969
spy,2013-04-22,124.89427947998047
spy,2013-04-23,126.18179321289062
spy,2013-04-24,126.26179504394531
spy,2013-04-25,126.77363586425781
spy,2013-04-26,126.54961395263672
spy,2013-04-29,127.3974609375
spy,2013-04-30,127.70128631591797
spy,2013-05-01,126.5816650390625
spy,2013-05-02,127.7573013305664
spy,2013-05-03,129.05279541015625
spy,2013-05-06,129.38079833984375
spy,2013-05-07,130.03652954101562
spy,2013-05-08,130.6282958984375
spy,2013-05-09,130.26040649414062
spy,2013-05-10,130.68429565429688
spy,2013-05-13,130.78829956054688
spy,2013-05-14,132.1398468017578
spy,2013-05-15,132.8515625
spy,2013-05-16,132.22779846191406
spy,2013-05-17,133.5074005126953
spy,2013-05-20,133.49942016601562
spy,2013-05-21,133.69129943847656
spy,2013-05-22,132.69964599609375
spy,2013-05-23,132.3157958984375
spy,2013-05-24,132.20379638671875
spy,2013-05-28,132.99559020996094
spy,2013-05-29,132.13180541992188
spy,2013-05-30,132.61965942382812
spy,2013-05-31,130.71627807617188
spy,2013-06-03,131.43603515625
spy,2013-06-04,130.8042755126953
spy,2013-06-05,128.972900390625
spy,2013-06-06,130.14044189453125
spy,2013-06-07,131.79592895507812
spy,2013-06-10,131.79592895507812
spy,2013-06-11,130.43643188476562
spy,2013-06-12,129.35671997070312
spy,2013-06-13,131.32406616210938
spy,2013-06-14,130.5003662109375
spy,2013-06-17,131.50802612304688
spy,2013-06-18,132.54766845703125
spy,2013-06-19,130.71627807617188
spy,2013-06-20,127.47734832763672
spy,2013-06-21,127.88665008544922
spy,2013-06-24,126.27059173583984
spy,2013-06-25,127.48460388183594
spy,2013-06-26,128.74688720703125
spy,2013-06-27,129.50257873535156
spy,2013-06-28,128.97195434570312
spy,2013-07-01,129.72772216796875
spy,2013-07-02,129.60708618164062
spy,2013-07-03,129.663330078125
spy,2013-07-05,131.06222534179688
spy,2013-07-08,131.8099365234375
spy,2013-07-09,132.75860595703125
spy,2013-07-10,132.8068084716797
spy,2013-07-11,134.61578369140625
spy,2013-07-12,134.67205810546875
spy,2013-07-15,135.1865692138672
spy,2013-07-16,134.6800994873047
spy,2013-07-17,135.02581787109375
spy,2013-07-18,135.76541137695312
spy,2013-07-19,136.00660705566406
spy,2013-07-22,136.27195739746094
spy,2013-07-23,135.98248291015625
spy,2013-07-24,135.48402404785156
spy,2013-07-25,135.8136444091797
spy,2013-07-26,135.95838928222656
spy,2013-07-29,135.54034423828125
spy,2013-07-30,135.54034423828125
spy,2013-07-31,135.6367950439453
spy,2013-08-01,137.20455932617188
spy,2013-08-02,137.43771362304688
spy,2013-08-05,137.2366485595703
spy,2013-08-06,136.45684814453125
spy,2013-08-07,136.0146942138672
spy,2013-08-08,136.51319885253906
spy,2013-08-09,136.11915588378906
spy,2013-08-12,135.95838928222656
spy,2013-08-13,136.3604278564453
spy,2013-08-14,135.66091918945312
spy,2013-08-15,133.76356506347656
spy,2013-08-16,133.3213653564453
spy,2013-08-19,132.4691925048828
spy,2013-08-20,133.12039184570312
spy,2013-08-21,132.3003692626953
spy,2013-08-22,133.5063018798828
spy,2013-08-23,133.95652770996094
spy,2013-08-26,133.45803833007812
spy,2013-08-27,131.3115234375
spy,2013-08-28,131.77783203125
spy,2013-08-29,131.98680114746094
spy,2013-08-30,131.56874084472656
spy,2013-09-03,132.16366577148438
spy,2013-09-04,133.257080078125
spy,2013-09-05,133.4259033203125
spy,2013-09-06,133.49024963378906
spy,2013-09-09,134.76856994628906
spy,2013-09-10,135.76541137695312
spy,2013-09-11,136.1915283203125
spy,2013-09-12,135.82972717285156
spy,2013-09-13,136.13526916503906
spy,2013-09-16,136.92318725585938
spy,2013-09-17,137.53416442871094
spy,2013-09-18,139.1260223388672
spy,2013-09-19,138.89283752441406
spy,2013-09-20,137.92176818847656
spy,2013-09-23,137.28359985351562
spy,2013-09-24,136.96041870117188
spy,2013-09-25,136.5644989013672
spy,2013-09-26,137.08969116210938
spy,2013-09-27,136.4595489501953
spy,2013-09-30,135.73243713378906
spy,2013-10-01,136.80691528320312
spy,2013-10-02,136.6776885986328
spy,2013-10-03,135.4172821044922
spy,2013-10-04,136.44338989257812
spy,2013-10-07,135.26388549804688
spy,2013-10-08,133.68844604492188
spy,2013-10-09,133.78543090820312
spy,2013-10-10,136.6695556640625
spy,2013-10-11,137.55015563964844
spy,2013-10-14,138.09950256347656
spy,2013-10-15,137.09771728515625
spy,2013-10-16,139.01243591308594
spy,2013-10-17,139.94146728515625
spy,2013-10-18,140.88670349121094
spy,2013-10-21,140.89486694335938
spy,2013-10-22,141.71078491210938
spy,2013-10-23,141.0321502685547
spy,2013-10-24,141.500732421875
spy,2013-10-25,142.14706420898438
spy,2013-10-28,142.3732452392578
spy,2013-10-29,143.13262939453125
spy,2013-10-30,142.4216766357422
spy,2013-10-31,142.0177764892578
spy,2013-11-01,142.3570556640625
spy,2013-11-04,142.85800170898438
spy,2013-11-05,142.40557861328125
spy,2013-11-06,143.13262939453125
spy,2013-11-07,141.32296752929688
spy,2013-11-08,143.22958374023438
spy,2013-11-11,143.2538299560547
spy,2013-11-12,142.9629669189453
spy,2013-11-13,144.11021423339844
spy,2013-11-14,144.82920837402344
spy,2013-11-15,145.4593505859375
spy,2013-11-18,144.95037841796875
spy,2013-11-19,144.6352996826172
spy,2013-11-20,144.18284606933594
spy,2013-11-21,145.34622192382812
spy,2013-11-22,146.07330322265625
spy,2013-11-25,145.92791748046875
spy,2013-11-26,145.96827697753906
spy,2013-11-27,146.3237762451172
spy,2013-11-29,146.2268524169922
spy,2013-12-02,145.84715270996094
spy,2013-12-03,145.21701049804688
spy,2013-12-04,145.20077514648438
spy,2013-12-05,144.5625762939453
spy,2013-12-06,146.1783447265625
spy,2013-12-09,146.54998779296875
spy,2013-12-10,146.02484130859375
spy,2013-12-11,144.38482666015625
spy,2013-12-12,143.90823364257812
spy,2013-12-13,143.89205932617188
spy,2013-12-16,144.788818359375
spy,2013-12-17,144.32827758789062
spy,2013-12-18,146.79237365722656
spy,2013-12-19,146.62271118164062
spy,2013-12-20,147.4755859375
spy,2013-12-23,148.26348876953125
spy,2013-12-24,148.58839416503906
spy,2013-12-26,149.3438262939453
spy,2013-12-27,149.33567810058594
spy,2013-12-30,149.3113250732422
spy,2013-12-31,150.0179443359375
spy,2014-01-02,148.58026123046875
spy,2014-01-03,148.5558624267578
spy,2014-01-06,148.1254119873047
spy,2014-01-07,149.03512573242188
spy,2014-01-08,149.06764221191406
spy,2014-01-09,149.16514587402344
spy,2014-01-10,149.57122802734375
spy,2014-01-13,147.58119201660156
spy,2014-01-14,149.1894989013672
spy,2014-01-15,149.99363708496094
spy,2014-01-16,149.79869079589844
spy,2014-01-17,149.16514587402344
spy,2014-01-21,149.60374450683594
spy,2014-01-22,149.7012481689453
spy,2014-01-23,148.47471618652344
spy,2014-01-24,145.3068389892578
spy,2014-01-27,144.59205627441406
spy,2014-01-28,145.45303344726562
spy,2014-01-29,144.05596923828125
spy,2014-01-30,145.5830078125
spy,2014-01-31,144.7301483154297
spy,2014-02-03,141.47293090820312
spy,2014-02-04,142.46383666992188
spy,2014-02-05,142.2852020263672
spy,2014-02-06,144.16151428222656
spy,2014-02-07,145.94845581054688
spy,2014-02-10,146.21656799316406
spy,2014-02-11,147.81666564941406
spy,2014-02-12,147.8898468017578
spy,2014-02-13,148.65333557128906
spy,2014-02-14,149.47378540039062
spy,2014-02-18,149.6524200439453
spy,2014-02-19,148.66151428222656
spy,2014-02-20,149.53880310058594
spy,2014-02-21,149.36814880371094
spy,2014-02-24,150.1967315673828
spy,2014-02-25,150.1398162841797
spy,2014-02-26,150.14796447753906
spy,2014-02-27,150.9359130859375
spy,2014-02-28,151.31756591796875
spy,2014-03-03,150.2535400390625
spy,2014-03-04,152.36546325683594
spy,2014-03-05,152.50350952148438
spy,2014-03-06,152.8528594970703
spy,2014-03-07,152.9177703857422
spy,2014-03-10,152.83657836914062
spy,2014-03-11,152.0811767578125
spy,2014-03-12,152.1217498779297
spy,2014-03-13,150.41603088378906
spy,2014-03-14,149.99363708496094
spy,2014-03-17,151.35012817382812
spy,2014-03-18,152.43043518066406
spy,2014-03-19,151.61814880371094
spy,2014-03-20,152.50350952148438
spy,2014-03-21,151.91201782226562
spy,2014-03-24,151.28378295898438
spy,2014-03-25,152.0017852783203
spy,2014-03-26,150.90850830078125
spy,2014-03-27,150.59034729003906
spy,2014-03-28,151.33279418945312
spy,2014-03-31,152.57286071777344
spy,2014-04-01,153.58445739746094
spy,2014-04-02,154.09849548339844
spy,2014-04-03,153.89454650878906
spy,2014-04-04,152.0751953125
spy,2014-04-07,150.39454650878906
spy,2014-04-08,151.01455688476562
spy,2014-04-09,152.6381378173828
spy,2014-04-10,149.431884765625
spy,2014-04-11,148.08563232421875
spy,2014-04-14,149.2523193359375
spy,2014-04-15,150.2803192138672
spy,2014-04-16,151.8549346923828
spy,2014-04-17,152.0670623779297
spy,2014-04-21,152.59730529785156
spy,2014-04-22,153.29080200195312
spy,2014-04-23,152.93185424804688
spy,2014-04-24,153.2418670654297
spy,2014-04-25,151.9854736328125
spy,2014-04-28,152.46676635742188
spy,2014-04-29,153.17662048339844
spy,2014-04-30,153.63348388671875
spy,2014-05-01,153.64979553222656
spy,2014-05-02,153.42950439453125
spy,2014-05-05,153.72323608398438
spy,2014-05-06,152.38522338867188
spy,2014-05-07,153.28273010253906
spy,2014-05-08,153.11949157714844
spy,2014-05-09,153.34793090820312
spy,2014-05-12,154.84097290039062
spy,2014-05-13,154.97962951660156
spy,2014-05-14,154.245361328125
spy,2014-05-15,152.8910369873047
spy,2014-05-16,153.42135620117188
spy,2014-05-19,153.98428344726562
spy,2014-05-20,153.01344299316406
spy,2014-05-21,154.30247497558594
spy,2014-05-22,154.67779541015625
spy,2014-05-23,155.2978057861328
spy,2014-05-27,156.2523651123047
spy,2014-05-28,156.13816833496094
spy,2014-05-29,156.94586181640625
spy,2014-05-30,157.1987762451172
spy,2014-06-02,157.3782958984375
spy,2014-06-03,157.29666137695312
spy,2014-06-04,157.61488342285156
spy,2014-06-05,158.6428680419922
spy,2014-06-06,159.40158081054688
spy,2014-06-09,159.56468200683594
spy,2014-06-10,159.5811004638672
spy,2014-06-11,159.02627563476562
spy,2014-06-12,157.900390625
spy,2014-06-13,158.38177490234375
spy,2014-06-16,158.5122833251953
spy,2014-06-17,158.9528350830078
spy,2014-06-18,160.1195068359375
spy,2014-06-19,160.2989959716797
spy,2014-06-20,160.62445068359375
spy,2014-06-23,160.5752410888672
spy,2014-06-24,159.60797119140625
spy,2014-06-25,160.32933044433594
spy,2014-06-26,160.21458435058594
spy,2014-06-27,160.52609252929688
spy,2014-06-30,160.44415283203125
spy,2014-07-01,161.51800537109375
spy,2014-07-02,161.68191528320312
spy,2014-07-03,162.47714233398438
spy,2014-07-07,161.91143798828125
spy,2014-07-08,160.8704071044922
spy,2014-07-09,161.59178161621094
spy,2014-07-10,160.952392578125
spy,2014-07-11,161.1737060546875
spy,2014-07-14,161.9852752685547
spy,2014-07-15,161.68191528320312
spy,2014-07-16,162.28036499023438
spy,2014-07-17,160.4359588623047
spy,2014-07-18,162.075439453125
spy,2014-07-21,161.7721405029297
spy,2014-07-22,162.47714233398438
spy,2014-07-23,162.83775329589844
spy,2014-07-24,162.8460235595703
spy,2014-07-25,162.08355712890625
spy,2014-07-28,162.14927673339844
spy,2014-07-29,161.452392578125
spy,2014-07-30,161.47702026367188
spy,2014-07-31,158.28810119628906
spy,2014-08-01,157.80447387695312
spy,2014-08-04,158.9438934326172
spy,2014-08-05,157.40274047851562
spy,2014-08-06,157.45199584960938
spy,2014-08-07,156.59945678710938
spy,2014-08-08,158.41110229492188
spy,2014-08-11,158.87017822265625
spy,2014-08-12,158.64881896972656
spy,2014-08-13,159.72271728515625
spy,2014-08-14,160.4768524169922
spy,2014-08-15,160.44415283203125
spy,2014-08-18,161.78854370117188
spy,2014-08-19,162.63287353515625
spy,2014-08-20,163.06736755371094
spy,2014-08-21,163.54281616210938
spy,2014-08-22,163.28871154785156
spy,2014-08-25,164.11666870117188
spy,2014-08-26,164.22317504882812
spy,2014-08-27,164.1576385498047
spy,2014-08-28,164.06744384765625
spy,2014-08-29,164.53477478027344
spy,2014-09-02,164.4527587890625
spy,2014-09-03,164.36256408691406
spy,2014-09-04,164.12484741210938
spy,2014-09-05,164.86264038085938
spy,2014-09-08,164.43634033203125
spy,2014-09-09,163.39524841308594
spy,2014-09-10,164.0100555419922
spy,2014-09-11,164.19862365722656
spy,2014-09-12,163.23953247070312
spy,2014-09-15,163.11659240722656
spy,2014-09-16,164.34616088867188
spy,2014-09-17,164.5675506591797
spy,2014-09-18,165.44467163085938
spy,2014-09-19,165.29562377929688
spy,2014-09-22,164.01901245117188
spy,2014-09-23,163.080078125
spy,2014-09-24,164.35670471191406
spy,2014-09-25,161.7047119140625
spy,2014-09-26,162.98951721191406
spy,2014-09-29,162.6930389404297
spy,2014-09-30,162.26478576660156
spy,2014-10-01,160.0657958984375
spy,2014-10-02,160.09046936035156
spy,2014-10-03,161.85293579101562
spy,2014-10-06,161.66351318359375
spy,2014-10-07,159.1680450439453
spy,2014-10-08,161.95175170898438
spy,2014-10-09,158.73976135253906
spy,2014-10-10,156.92787170410156
spy,2014-10-13,154.34999084472656
spy,2014-10-14,154.58883666992188
spy,2014-10-15,153.54287719726562
spy,2014-10-16,153.41116333007812
spy,2014-10-17,155.22296142578125
spy,2014-10-20,156.73019409179688
spy,2014-10-21,159.83514404296875
spy,2014-10-22,158.6986083984375
spy,2014-10-23,160.54344177246094
spy,2014-10-24,161.77883911132812
spy,2014-10-27,161.55650329589844
spy,2014-10-28,163.4095458984375
spy,2014-10-29,163.16249084472656
spy,2014-10-30,164.20843505859375
spy,2014-10-31,166.08624267578125
spy,2014-11-03,166.1768035888672
spy,2014-11-04,165.60035705566406
spy,2014-11-05,166.64633178710938
spy,2014-11-06,167.31338500976562
spy,2014-11-07,167.4698486328125
spy,2014-11-10,167.99697875976562
spy,2014-11-11,168.1616973876953
spy,2014-11-12,167.98052978515625
spy,2014-11-13,168.16995239257812
spy,2014-11-14,168.21112060546875
spy,2014-11-17,168.31817626953125
spy,2014-11-18,169.29002380371094
spy,2014-11-19,169.01824951171875
spy,2014-11-20,169.3147735595703
spy,2014-11-21,170.22071838378906
spy,2014-11-24,170.69834899902344
spy,2014-11-25,170.57481384277344
spy,2014-11-26,171.01129150390625
spy,2014-11-28,170.6490020751953
spy,2014-12-01,169.46298217773438
spy,2014-12-02,170.55833435058594
spy,2014-12-03,171.2172393798828
spy,2014-12-04,171.0278778076172
spy,2014-12-05,171.30780029296875
spy,2014-12-08,170.16297912597656
spy,2014-12-09,170.04776000976562
spy,2014-12-10,167.32164001464844
spy,2014-12-11,168.16995239257812
spy,2014-12-12,165.45205688476562
spy,2014-12-15,164.31552124023438
spy,2014-12-16,162.9977569580078
spy,2014-12-17,166.19332885742188
spy,2014-12-18,170.3031005859375
spy,2014-12-19,171.0277099609375
spy,2014-12-22,171.8144073486328
spy,2014-12-23,172.0463104248047
spy,2014-12-24,172.06288146972656
spy,2014-12-26,172.61767578125
spy,2014-12-29,172.8495330810547
spy,2014-12-30,171.92205810546875
spy,2014-12-31,170.21612548828125
spy,2015-01-02,170.12501525878906
spy,2015-01-05,167.05258178710938
spy,2015-01-06,165.47914123535156
spy,2015-01-07,167.5412139892578
spy,2015-01-08,170.51422119140625
spy,2015-01-09,169.14779663085938
spy,2015-01-12,167.82276916503906
spy,2015-01-13,167.35073852539062
spy,2015-01-14,166.34039306640625
spy,2015-01-15,164.81661987304688
spy,2015-01-16,166.9781036376953
spy,2015-01-20,167.33416748046875
spy,2015-01-21,168.1788330078125
spy,2015-01-22,170.67982482910156
spy,2015-01-23,169.74407958984375
spy,2015-01-26,170.1415557861328
spy,2015-01-27,167.8973388671875
spy,2015-01-28,165.74417114257812
spy,2015-01-29,167.2761688232422
spy,2015-01-30,165.17269897460938
spy,2015-02-02,167.2182159423828
spy,2015-02-03,169.63645935058594
spy,2015-02-04,168.99049377441406
spy,2015-02-05,170.69642639160156
spy,2015-02-06,170.22438049316406
spy,2015-02-09,169.46249389648438
spy,2015-02-10,171.267822265625
spy,2015-02-11,171.36721801757812
spy,2015-02-12,173.01522827148438
spy,2015-02-13,173.72744750976562
spy,2015-02-17,174.00071716308594
spy,2015-02-18,174.01724243164062
spy,2015-02-19,173.89306640625
spy,2015-02-20,174.9364776611328
spy,2015-02-23,174.9116668701172
spy,2015-02-24,175.40853881835938
spy,2015-02-25,175.25949096679688
spy,2015-02-26,175.05245971679688
spy,2015-02-27,174.45619201660156
spy,2015-03-02,175.55763244628906
spy,2015-03-03,174.83712768554688
spy,2015-03-04,174.10009765625
spy,2015-03-05,174.2905731201172
spy,2015-03-06,171.83924865722656
spy,2015-03-09,172.55145263671875
spy,2015-03-10,169.7523651123047
spy,2015-03-11,169.35487365722656
spy,2015-03-12,171.50799560546875
spy,2015-03-13,170.45628356933594
spy,2015-03-16,172.73365783691406
spy,2015-03-17,172.22012329101562
spy,2015-03-18,174.2905731201172
spy,2015-03-19,173.49557495117188
spy,2015-03-20,175.02699279785156
spy,2015-03-23,174.68592834472656
spy,2015-03-24,173.70433044433594
spy,2015-03-25,171.15892028808594
spy,2015-03-26,170.7512969970703
spy,2015-03-27,171.1422882080078
spy,2015-03-30,173.23019409179688
spy,2015-03-31,171.7162322998047
spy,2015-04-01,171.10902404785156
spy,2015-04-02,171.72457885742188
spy,2015-04-06,172.8808135986328
spy,2015-04-07,172.42332458496094
spy,2015-04-08,173.0055694580078
spy,2015-04-09,173.77085876464844
spy,2015-04-10,174.7191619873047
spy,2015-04-13,173.9288787841797
spy,2015-04-14,174.26170349121094
spy,2015-04-15,175.04359436035156
spy,2015-04-16,174.99365234375
spy,2015-04-17,172.9806671142578
spy,2015-04-20,174.56112670898438
spy,2015-04-21,174.35317993164062
spy,2015-04-22,175.2099609375
spy,2015-04-23,175.6508331298828
spy,2015-04-24,176.05845642089844
spy,2015-04-27,175.32643127441406
spy,2015-04-28,175.88375854492188
spy,2015-04-29,175.16004943847656
spy,2015-04-30,173.40492248535156
spy,2015-05-01,175.28480529785156
spy,2015-05-04,175.78390502929688
spy,2015-05-05,173.77085876464844
spy,2015-05-06,173.05552673339844
spy,2015-05-07,173.7459259033203
spy,2015-05-08,176.0334930419922
spy,2015-05-11,175.1933135986328
spy,2015-05-12,174.6692657470703
spy,2015-05-13,174.7025604248047
spy,2015-05-14,176.52427673339844
spy,2015-05-15,176.715576171875
spy,2015-05-18,177.26463317871094
spy,2015-05-19,177.20632934570312
spy,2015-05-20,177.0816192626953
spy,2015-05-21,177.59735107421875
spy,2015-05-22,177.173095703125
spy,2015-05-26,175.26817321777344
spy,2015-05-27,176.9318389892578
spy,2015-05-28,176.73223876953125
spy,2015-05-29,175.63421630859375
spy,2015-06-01,175.9918975830078
spy,2015-06-02,175.81723022460938
spy,2015-06-03,176.2830352783203
spy,2015-06-04,174.79405212402344
spy,2015-06-05,174.49452209472656
spy,2015-06-08,173.4214630126953
spy,2015-06-09,173.3965301513672
spy,2015-06-10,175.47618103027344
spy,2015-06-11,176.0418243408203
spy,2015-06-12,174.69418334960938
spy,2015-06-15,173.94552612304688
spy,2015-06-16,174.8938751220703
spy,2015-06-17,175.17666625976562
spy,2015-06-18,176.99838256835938
spy,2015-06-19,176.21267700195312
spy,2015-06-22,177.11546325683594
spy,2015-06-23,177.2407989501953
spy,2015-06-24,175.95352172851562
spy,2015-06-25,175.41854858398438
spy,2015-06-26,175.38514709472656
spy,2015-06-29,171.7072296142578
spy,2015-06-30,172.066650390625
spy,2015-07-01,173.4459228515625
spy,2015-07-02,173.28709411621094
spy,2015-07-06,172.79391479492188
spy,2015-07-07,173.8805694580078
spy,2015-07-08,170.9633331298828
spy,2015-07-09,171.27261352539062
spy,2015-07-10,173.4291534423828
spy,2015-07-13,175.3433074951172
spy,2015-07-14,176.10398864746094
spy,2015-07-15,176.0455322265625
spy,2015-07-16,177.45814514160156
spy,2015-07-17,177.60853576660156
spy,2015-07-20,177.70057678222656
spy,2015-07-21,176.99838256835938
spy,2015-07-22,176.6807403564453
spy,2015-07-23,175.68605041503906
spy,2015-07-24,173.86386108398438
spy,2015-07-27,172.8524169921875
spy,2015-07-28,174.97557067871094
spy,2015-07-29,176.17922973632812
spy,2015-07-30,176.2210693359375
spy,2015-07-31,175.95352172851562
spy,2015-08-03,175.36009216308594
spy,2015-08-04,175.0173797607422
spy,2015-08-05,175.59413146972656
spy,2015-08-06,174.1563720703125
spy,2015-08-07,173.82203674316406
spy,2015-08-10,176.0120849609375
spy,2015-08-11,174.42385864257812
spy,2015-08-12,174.6328125
spy,2015-08-13,174.41552734375
spy,2015-08-14,175.05079650878906
spy,2015-08-17,176.02877807617188
spy,2015-08-18,175.5188751220703
spy,2015-08-19,174.13133239746094
spy,2015-08-20,170.49522399902344
spy,2015-08-21,165.36288452148438
spy,2015-08-24,158.40000915527344
spy,2015-08-25,156.53599548339844
spy,2015-08-26,162.5459747314453
spy,2015-08-27,166.56658935546875
spy,2015-08-28,166.57492065429688
spy,2015-08-31,165.2292022705078
spy,2015-09-01,160.29745483398438
spy,2015-09-02,163.3400421142578
spy,2015-09-03,163.4571075439453
spy,2015-09-04,160.98289489746094
spy,2015-09-08,165.02854919433594
spy,2015-09-09,162.82177734375
spy,2015-09-10,163.7078399658203
spy,2015-09-11,164.45179748535156
spy,2015-09-14,163.8416290283203
spy,2015-09-15,165.88951110839844
spy,2015-09-16,167.3272247314453
spy,2015-09-17,166.9510498046875
spy,2015-09-18,164.2228546142578
spy,2015-09-21,165.07156372070312
spy,2015-09-22,162.92892456054688
spy,2015-09-23,162.66842651367188
spy,2015-09-24,162.08026123046875
spy,2015-09-25,162.0382843017578
spy,2015-09-28,157.9715118408203
spy,2015-09-29,158.06396484375
spy,2015-09-30,161.0132293701172
spy,2015-10-01,161.4333038330078
spy,2015-10-02,163.84474182128906
spy,2015-10-05,166.7602996826172
spy,2015-10-06,166.18898010253906
spy,2015-10-07,167.55018615722656
spy,2015-10-08,169.0625762939453
spy,2015-10-09,169.16343688964844
spy,2015-10-12,169.32302856445312
spy,2015-10-13,168.25596618652344
spy,2015-10-14,167.4493408203125
spy,2015-10-15,170.02041625976562
spy,2015-10-16,170.79345703125
spy,2015-10-19,170.87744140625
spy,2015-10-20,170.65907287597656
spy,2015-10-21,169.60032653808594
spy,2015-10-22,172.4655303955078
spy,2015-10-23,174.3560028076172
spy,2015-10-26,173.92758178710938
spy,2015-10-27,173.5913848876953
spy,2015-10-28,175.56594848632812
spy,2015-10-29,175.4651641845703
spy,2015-10-30,174.7089080810547
spy,2015-11-02,176.77584838867188
spy,2015-11-03,177.2884063720703
spy,2015-11-04,176.7506866455078
spy,2015-11-05,176.57423400878906
spy,2015-11-06,176.4818115234375
spy,2015-11-09,174.83494567871094
spy,2015-11-10,175.23822021484375
spy,2015-11-11,174.54925537109375
spy,2015-11-12,172.11264038085938
spy,2015-11-13,170.1800994873047
spy,2015-11-16,172.7679901123047
spy,2015-11-17,172.64190673828125
spy,2015-11-18,175.381103515625
spy,2015-11-19,175.2298583984375
spy,2015-11-20,175.86846923828125
spy,2015-11-23,175.6668243408203
spy,2015-11-24,175.90203857421875
spy,2015-11-25,175.87686157226562
spy,2015-11-27,176.0784912109375
spy,2015-11-30,175.34750366210938
spy,2015-12-01,177.01953125
spy,2015-12-02,175.21307373046875
spy,2015-12-03,172.7595977783203
spy,2015-12-04,176.12889099121094
spy,2015-12-07,175.06178283691406
spy,2015-12-08,173.88548278808594
spy,2015-12-09,172.53268432617188
spy,2015-12-10,172.97804260253906
spy,2015-12-11,169.62554931640625
spy,2015-12-14,170.4825897216797
spy,2015-12-15,172.27220153808594
spy,2015-12-16,174.79298400878906
spy,2015-12-17,172.12940979003906
spy,2015-12-18,169.0629425048828
spy,2015-12-21,170.45753479003906
spy,2015-12-22,172.0043182373047
spy,2015-12-23,174.1343231201172
spy,2015-12-24,173.8468780517578
spy,2015-12-28,173.4496612548828
spy,2015-12-29,175.30068969726562
spy,2015-12-30,174.0582733154297
spy,2015-12-31,172.31703186035156
spy,2016-01-04,169.90814208984375
spy,2016-01-05,170.19557189941406
spy,2016-01-06,168.0486602783203
spy,2016-01-07,164.01690673828125
spy,2016-01-08,162.2166290283203
spy,2016-01-11,162.37716674804688
spy,2016-01-12,163.68727111816406
spy,2016-01-13,159.6048126220703
spy,2016-01-14,162.22500610351562
spy,2016-01-15,158.74264526367188
spy,2016-01-19,158.9539794921875
spy,2016-01-20,156.9169464111328
spy,2016-01-21,157.79598999023438
spy,2016-01-22,161.0332489013672
spy,2016-01-25,158.5989532470703
spy,2016-01-26,160.76275634765625
spy,2016-01-27,159.01312255859375
spy,2016-01-28,159.8414764404297
spy,2016-01-29,163.73800659179688
spy,2016-02-01,163.67881774902344
spy,2016-02-02,160.72897338867188
spy,2016-02-03,161.6925811767578
spy,2016-02-04,161.9461212158203
spy,2016-02-05,158.8609619140625
spy,2016-02-08,156.72256469726562
spy,2016-02-09,156.73098754882812
spy,2016-02-10,156.59580993652344
spy,2016-02-11,154.55877685546875
spy,2016-02-12,157.74533081054688
spy,2016-02-16,160.4077911376953
spy,2016-02-17,163.0279541015625
spy,2016-02-18,162.36026000976562
spy,2016-02-19,162.28416442871094
spy,2016-02-22,164.63392639160156
spy,2016-02-23,162.5546875
spy,2016-02-24,163.2985076904297
spy,2016-02-25,165.2762908935547
spy,2016-02-26,164.89593505859375
spy,2016-02-29,163.6027374267578
spy,2016-03-01,167.44851684570312
spy,2016-03-02,168.2008056640625
spy,2016-03-03,168.8600616455078
spy,2016-03-04,169.40940856933594
spy,2016-03-07,169.544677734375
spy,2016-03-08,167.6936492919922
spy,2016-03-09,168.52198791503906
spy,2016-03-10,168.65719604492188
spy,2016-03-11,171.37879943847656
spy,2016-03-14,171.1591033935547
spy,2016-03-15,170.8801727294922
spy,2016-03-16,171.8690948486328
spy,2016-03-17,172.9594268798828
spy,2016-03-18,173.6390838623047
spy,2016-03-21,173.885498046875
spy,2016-03-22,173.79205322265625
spy,2016-03-23,172.64511108398438
spy,2016-03-24,172.56866455078125
spy,2016-03-28,172.67054748535156
spy,2016-03-29,174.26779174804688
spy,2016-03-30,175.03248596191406
spy,2016-03-31,174.60760498046875
spy,2016-04-01,175.7970733642578
spy,2016-04-04,175.2278594970703
spy,2016-04-05,173.4777069091797
spy,2016-04-06,175.3722686767578
spy,2016-04-07,173.2738037109375
spy,2016-04-08,173.74099731445312
spy,2016-04-11,173.33322143554688
spy,2016-04-12,174.9474639892578
spy,2016-04-13,176.7146453857422
spy,2016-04-14,176.72314453125
spy,2016-04-15,176.5277099609375
spy,2016-04-18,177.7681121826172
spy,2016-04-19,178.32882690429688
spy,2016-04-20,178.49876403808594
spy,2016-04-21,177.5386962890625
spy,2016-04-22,177.5386962890625
spy,2016-04-25,177.23287963867188
spy,2016-04-26,177.4962158203125
spy,2016-04-27,177.8615264892578
spy,2016-04-28,176.24729919433594
spy,2016-04-29,175.2957763671875
spy,2016-05-02,176.6891632080078
spy,2016-05-03,175.1513671875
spy,2016-05-04,174.17430114746094
spy,2016-05-05,174.14039611816406
spy,2016-05-06,174.77757263183594
spy,2016-05-09,174.9219207763672
spy,2016-05-10,177.096923828125
spy,2016-05-11,175.4402313232422
spy,2016-05-12,175.49118041992188
spy,2016-05-13,173.96194458007812
spy,2016-05-16,175.67813110351562
spy,2016-05-17,174.03839111328125
spy,2016-05-18,174.08937072753906
spy,2016-05-19,173.4862060546875
spy,2016-05-20,174.58218383789062
spy,2016-05-23,174.34423828125
spy,2016-05-24,176.60418701171875
spy,2016-05-25,177.8020782470703
spy,2016-05-26,177.85302734375
spy,2016-05-27,178.61767578125
spy,2016-05-31,178.27784729003906
spy,2016-06-01,178.64317321777344
spy,2016-06-02,179.1869354248047
spy,2016-06-03,178.65170288085938
spy,2016-06-06,179.5607147216797
spy,2016-06-07,179.8411102294922
spy,2016-06-08,180.4272918701172
spy,2016-06-09,180.1809539794922
spy,2016-06-10,178.47328186035156
spy,2016-06-13,177.096923828125
spy,2016-06-14,176.7485809326172
spy,2016-06-15,176.5022735595703
spy,2016-06-16,177.0289764404297
spy,2016-06-17,176.36962890625
spy,2016-06-20,177.5055389404297
spy,2016-06-21,178.0093536376953
spy,2016-06-22,177.71900939941406
spy,2016-06-23,180.0333251953125
spy,2016-06-24,173.56851196289062
spy,2016-06-27,170.45993041992188
spy,2016-06-28,173.53436279296875
spy,2016-06-29,176.48919677734375
spy,2016-06-30,178.8975372314453
spy,2016-07-01,179.27325439453125
spy,2016-07-05,177.98374938964844
spy,2016-07-06,179.05125427246094
spy,2016-07-07,178.9402313232422
spy,2016-07-08,181.60475158691406
spy,2016-07-11,182.24526977539062
spy,2016-07-12,183.56898498535156
spy,2016-07-13,183.54331970214844
spy,2016-07-14,184.56808471679688
spy,2016-07-15,184.32049560546875
spy,2016-07-18,184.8158416748047
spy,2016-07-19,184.62789916992188
spy,2016-07-20,185.3965301513672
spy,2016-07-21,184.69627380371094
spy,2016-07-22,185.52462768554688
spy,2016-07-25,185.02078247070312
spy,2016-07-26,185.10617065429688
spy,2016-07-27,184.90977478027344
spy,2016-07-28,185.12322998046875
spy,2016-07-29,185.42214965820312
spy,2016-08-01,185.26841735839844
spy,2016-08-02,184.0813751220703
spy,2016-08-03,184.619384765625
spy,2016-08-04,184.8158416748047
spy,2016-08-05,186.32740783691406
spy,2016-08-08,186.2163543701172
spy,2016-08-09,186.32740783691406
spy,2016-08-10,185.86627197265625
spy,2016-08-11,186.728759765625
spy,2016-08-12,186.56651306152344
spy,2016-08-15,187.10452270507812
spy,2016-08-16,186.1395263671875
spy,2016-08-17,186.48965454101562
spy,2016-08-18,186.90811157226562
spy,2016-08-19,186.63482666015625
spy,2016-08-22,186.62628173828125
spy,2016-08-23,187.00205993652344
spy,2016-08-24,186.04562377929688
spy,2016-08-25,185.91748046875
spy,2016-08-26,185.5673370361328
spy,2016-08-29,186.48114013671875
spy,2016-08-30,186.17364501953125
spy,2016-08-31,185.6442413330078
spy,2016-09-01,185.6527099609375
spy,2016-09-02,186.48965454101562
spy,2016-09-06,187.0533447265625
spy,2016-09-07,187.03619384765625
spy,2016-09-08,186.60922241210938
spy,2016-09-09,182.1427459716797
spy,2016-09-12,184.7560272216797
spy,2016-09-13,182.10006713867188
spy,2016-09-14,182.03176879882812
spy,2016-09-15,183.8507843017578
spy,2016-09-16,183.1400909423828
spy,2016-09-19,183.17440795898438
spy,2016-09-20,183.18296813964844
spy,2016-09-21,185.2429962158203
spy,2016-09-22,186.41026306152344
spy,2016-09-23,185.38888549804688
spy,2016-09-26,183.88681030273438
spy,2016-09-27,185.02838134765625
spy,2016-09-28,185.94677734375
spy,2016-09-29,184.2644500732422
spy,2016-09-30,185.6549835205078
spy,2016-10-03,185.20860290527344
spy,2016-10-04,184.2644500732422
spy,2016-10-05,185.07992553710938
spy,2016-10-06,185.20860290527344
spy,2016-10-07,184.57345581054688
spy,2016-10-10,185.5347900390625
spy,2016-10-11,183.19155883789062
spy,2016-10-12,183.43186950683594
spy,2016-10-13,182.83108520507812
spy,2016-10-14,182.92550659179688
spy,2016-10-17,182.2903289794922
spy,2016-10-18,183.43186950683594
spy,2016-10-19,183.921142578125
spy,2016-10-20,183.57785034179688
spy,2016-10-21,183.66363525390625
spy,2016-10-24,184.44471740722656
spy,2016-10-25,183.8267364501953
spy,2016-10-26,183.45762634277344
spy,2016-10-27,182.96839904785156
spy,2016-10-28,182.4276580810547
spy,2016-10-31,182.43626403808594
spy,2016-11-01,181.11444091796875
spy,2016-11-02,180.02438354492188
spy,2016-11-03,179.2003936767578
spy,2016-11-04,179.00296020507812
spy,2016-11-07,182.95126342773438
spy,2016-11-08,183.7752685546875
spy,2016-11-09,185.7236328125
spy,2016-11-10,186.18710327148438
spy,2016-11-11,185.75794982910156
spy,2016-11-14,185.9038848876953
spy,2016-11-15,187.3544158935547
spy,2016-11-16,187.0025177001953
spy,2016-11-17,187.96383666992188
spy,2016-11-18,187.5432586669922
spy,2016-11-21,188.95950317382812
spy,2016-11-22,189.32859802246094
spy,2016-11-23,189.43157958984375
spy,2016-11-25,190.1354522705078
spy,2016-11-28,189.2427215576172
spy,2016-11-29,189.6118621826172
spy,2016-11-30,189.15695190429688
spy,2016-12-01,188.46168518066406
spy,2016-12-02,188.55609130859375
spy,2016-12-05,189.6890869140625
spy,2016-12-06,190.28988647460938
spy,2016-12-07,192.77899169921875
spy,2016-12-08,193.25112915039062
spy,2016-12-09,194.4184112548828
spy,2016-12-12,194.19529724121094
spy,2016-12-13,195.49134826660156
spy,2016-12-14,193.87765502929688
spy,2016-12-15,194.67591857910156
spy,2016-12-16,194.2952117919922
spy,2016-12-19,194.7182159423828
spy,2016-12-20,195.46937561035156
spy,2016-12-21,194.92544555664062
spy,2016-12-22,194.5887451171875
spy,2016-12-23,194.8736572265625
spy,2016-12-27,195.357177734375
spy,2016-12-28,193.74261474609375
spy,2016-12-29,193.6993865966797
spy,2016-12-30,192.99143981933594
spy,2017-01-03,194.4678955078125
spy,2017-01-04,195.6248016357422
spy,2017-01-05,195.46937561035156
spy,2017-01-06,196.16873168945312
spy,2017-01-09,195.52117919921875
spy,2017-01-10,195.52117919921875
spy,2017-01-11,196.07379150390625
spy,2017-01-12,195.5816192626953
spy,2017-01-13,196.03054809570312
spy,2017-01-17,195.33987426757812
spy,2017-01-18,195.7715606689453
spy,2017-01-19,195.0463409423828
spy,2017-01-20,195.76292419433594
spy,2017-01-23,195.25352478027344
spy,2017-01-24,196.5054473876953
spy,2017-01-25,198.20631408691406
spy,2017-01-26,197.99911499023438
spy,2017-01-27,197.68824768066406
spy,2017-01-30,196.46226501464844
spy,2017-01-31,196.44500732421875
spy,2017-02-01,196.52267456054688
spy,2017-02-02,196.6522216796875
spy,2017-02-03,198.00772094726562
spy,2017-02-06,197.6537322998047
spy,2017-02-07,197.662353515625
spy,2017-02-08,197.92141723632812
spy,2017-02-09,199.09561157226562
spy,2017-02-10,199.8812713623047
spy,2017-02-13,200.96913146972656
spy,2017-02-14,201.77207946777344
spy,2017-02-15,202.82537841796875
spy,2017-02-16,202.65269470214844
spy,2017-02-17,202.9721221923828
spy,2017-02-21,204.18092346191406
spy,2017-02-22,203.9995574951172
spy,2017-02-23,204.13772583007812
spy,2017-02-24,204.39674377441406
spy,2017-02-27,204.71620178222656
spy,2017-02-28,204.16360473632812
spy,2017-03-01,207.0214080810547
spy,2017-03-02,205.7176513671875
spy,2017-03-03,205.84722900390625
spy,2017-03-06,205.23423767089844
spy,2017-03-07,204.62123107910156
spy,2017-03-08,204.2413330078125
spy,2017-03-09,204.50033569335938
spy,2017-03-10,205.21693420410156
spy,2017-03-13,205.32052612304688
spy,2017-03-14,204.53488159179688
spy,2017-03-15,206.30482482910156
spy,2017-03-16,205.8990020751953
spy,2017-03-17,205.53738403320312
spy,2017-03-20,205.3119659423828
spy,2017-03-21,202.6758575439453
spy,2017-03-22,203.15280151367188
spy,2017-03-23,202.93603515625
spy,2017-03-24,202.78855895996094
spy,2017-03-27,202.58042907714844
spy,2017-03-28,204.05458068847656
spy,2017-03-29,204.24534606933594
spy,2017-03-30,204.8957061767578
spy,2017-03-31,204.41880798339844
spy,2017-04-03,204.06329345703125
spy,2017-04-04,204.193359375
spy,2017-04-05,203.5863494873047
spy,2017-04-06,204.15866088867188
spy,2017-04-07,203.95054626464844
spy,2017-04-10,204.07199096679688
spy,2017-04-11,203.82919311523438
spy,2017-04-12,202.93603515625
spy,2017-04-13,201.61795043945312
spy,2017-04-17,203.404296875
spy,2017-04-18,202.79725646972656
spy,2017-04-19,202.4243927001953
spy,2017-04-20,204.07199096679688
spy,2017-04-21,203.42160034179688
spy,2017-04-24,205.6588134765625
spy,2017-04-25,206.85548400878906
spy,2017-04-26,206.725341796875
spy,2017-04-27,206.8988494873047
spy,2017-04-28,206.44790649414062
spy,2017-05-01,206.96820068359375
spy,2017-05-02,207.0462646484375
spy,2017-05-03,206.7947540283203
spy,2017-05-04,207.03756713867188
spy,2017-05-05,207.85267639160156
spy,2017-05-08,207.81800842285156
spy,2017-05-09,207.62722778320312
spy,2017-05-10,208.0000762939453
spy,2017-05-11,207.57525634765625
spy,2017-05-12,207.22830200195312
spy,2017-05-15,208.37294006347656
spy,2017-05-16,208.18222045898438
spy,2017-05-17,204.48817443847656
spy,2017-05-18,205.3119659423828
spy,2017-05-19,206.64732360839844
spy,2017-05-22,207.69654846191406
spy,2017-05-23,208.1561737060547
spy,2017-05-24,208.64175415039062
spy,2017-05-25,209.63893127441406
spy,2017-05-26,209.59561157226562
spy,2017-05-30,209.4135284423828
spy,2017-05-31,209.3614959716797
spy,2017-06-01,211.02642822265625
spy,2017-06-02,211.72879028320312
spy,2017-06-05,211.5727081298828
spy,2017-06-06,210.89630126953125
spy,2017-06-07,211.28651428222656
spy,2017-06-08,211.3905487060547
spy,2017-06-09,211.06976318359375
spy,2017-06-12,211.02642822265625
spy,2017-06-13,212.0583038330078
spy,2017-06-14,211.7894744873047
spy,2017-06-15,211.3819122314453
spy,2017-06-16,211.4281005859375
spy,2017-06-19,213.18826293945312
spy,2017-06-20,211.75048828125
spy,2017-06-21,211.6981964111328
spy,2017-06-22,211.60238647460938
spy,2017-06-23,211.8550567626953
spy,2017-06-26,211.99449157714844
spy,2017-06-27,210.28663635253906
spy,2017-06-28,212.1687774658203
spy,2017-06-29,210.30406188964844
spy,2017-06-30,210.69615173339844
spy,2017-07-03,211.0534210205078
spy,2017-07-05,211.5413818359375
spy,2017-07-06,209.60694885253906
spy,2017-07-07,210.96629333496094
spy,2017-07-10,211.19285583496094
spy,2017-07-11,211.0360107421875
spy,2017-07-12,212.6218719482422
spy,2017-07-13,212.9791259765625
spy,2017-07-14,213.97250366210938
spy,2017-07-17,213.9463348388672
spy,2017-07-18,214.05960083007812
spy,2017-07-19,215.21856689453125
spy,2017-07-20,215.3143768310547
spy,2017-07-21,215.1226806640625
spy,2017-07-24,215.07041931152344
spy,2017-07-25,215.59323120117188
spy,2017-07-26,215.6019287109375
spy,2017-07-27,215.40155029296875
spy,2017-07-28,215.14886474609375
spy,2017-07-31,215.02687072753906
spy,2017-08-01,215.5060577392578
spy,2017-08-02,215.6106414794922
spy,2017-08-03,215.1923828125
spy,2017-08-04,215.5845489501953
spy,2017-08-07,215.98533630371094
spy,2017-08-08,215.4537811279297
spy,2017-08-09,215.445068359375
spy,2017-08-10,212.4040069580078
spy,2017-08-11,212.7177276611328
spy,2017-08-14,214.82643127441406
spy,2017-08-15,214.80026245117188
spy,2017-08-16,215.1749725341797
spy,2017-08-17,211.8201904296875
spy,2017-08-18,211.48912048339844
spy,2017-08-21,211.65469360351562
spy,2017-08-22,213.86793518066406
spy,2017-08-23,213.10113525390625
spy,2017-08-24,212.6044464111328
spy,2017-08-25,213.10113525390625
spy,2017-08-28,213.10983276367188
spy,2017-08-29,213.35382080078125
spy,2017-08-30,214.36460876464844
spy,2017-08-31,215.654296875
spy,2017-09-01,215.959228515625
spy,2017-09-05,214.40818786621094
spy,2017-09-06,215.14012145996094
spy,2017-09-07,215.11399841308594
spy,2017-09-08,214.86123657226562
spy,2017-09-11,217.15296936035156
spy,2017-09-12,217.88491821289062
spy,2017-09-13,217.989501953125
spy,2017-09-14,217.9197998046875
spy,2017-09-15,218.21316528320312
spy,2017-09-18,218.67727661132812
spy,2017-09-19,218.89613342285156
spy,2017-09-20,218.9749755859375
spy,2017-09-21,218.38829040527344
spy,2017-09-22,218.43209838867188
spy,2017-09-25,217.98545837402344
spy,2017-09-26,218.1168212890625
spy,2017-09-27,218.9662322998047
spy,2017-09-28,219.2289581298828
spy,2017-09-29,219.99952697753906
spy,2017-10-02,220.95404052734375
spy,2017-10-03,221.4269256591797
spy,2017-10-04,221.68968200683594
spy,2017-10-05,223.003173828125
spy,2017-10-06,222.7491912841797
spy,2017-10-09,222.3813934326172
spy,2017-10-10,222.9681396484375
spy,2017-10-11,223.31838989257812
spy,2017-10-12,222.98565673828125
spy,2017-10-13,223.2571258544922
spy,2017-10-16,223.55482482910156
spy,2017-10-17,223.7124481201172
spy,2017-10-18,223.93136596679688
spy,2017-10-19,223.99270629882812
spy,2017-10-20,225.14865112304688
spy,2017-10-23,224.2729034423828
spy,2017-10-24,224.66693115234375
spy,2017-10-25,223.55482482910156
spy,2017-10-26,223.84381103515625
spy,2017-10-27,225.6739501953125
spy,2017-10-30,224.83334350585938
spy,2017-10-31,225.18362426757812
spy,2017-11-01,225.48133850097656
spy,2017-11-02,225.56886291503906
spy,2017-11-03,226.32200622558594
spy,2017-11-06,226.6722869873047
spy,2017-11-07,226.51470947265625
spy,2017-11-08,226.89996337890625
spy,2017-11-09,226.07684326171875
spy,2017-11-10,226.0067596435547
spy,2017-11-13,226.21688842773438
spy,2017-11-14,225.6915283203125
spy,2017-11-15,224.56192016601562
spy,2017-11-16,226.47088623046875
spy,2017-11-17,225.8053436279297
spy,2017-11-20,226.190673828125
spy,2017-11-21,227.6706085205078
spy,2017-11-22,227.4691925048828
spy,2017-11-24,227.9945831298828
spy,2017-11-27,227.88075256347656
spy,2017-11-28,230.19259643554688
spy,2017-11-29,230.052490234375
spy,2017-11-30,232.06655883789062
spy,2017-12-01,231.5849151611328
spy,2017-12-04,231.30470275878906
spy,2017-12-05,230.47276306152344
spy,2017-12-06,230.5165557861328
spy,2017-12-07,231.24343872070312
spy,2017-12-08,232.50436401367188
spy,2017-12-11,233.20494079589844
spy,2017-12-12,233.61654663085938
spy,2017-12-13,233.59022521972656
spy,2017-12-14,232.63575744628906
spy,2017-12-15,234.5730438232422
spy,2017-12-18,236.060546875
spy,2017-12-19,235.1539306640625
spy,2017-12-20,235.0307159423828
spy,2017-12-21,235.5147247314453
spy,2017-12-22,235.4532012939453
spy,2017-12-26,235.17149353027344
spy,2017-12-27,235.2859649658203
spy,2017-12-28,235.76998901367188
spy,2017-12-29,234.88108825683594
spy,2018-01-02,236.5621795654297
spy,2018-01-03,238.05844116210938
spy,2018-01-04,239.06179809570312
spy,2018-01-05,240.65492248535156
spy,2018-01-08,241.09510803222656
spy,2018-01-09,241.6407470703125
spy,2018-01-10,241.27105712890625
spy,2018-01-11,243.03143310546875
spy,2018-01-12,244.61566162109375
spy,2018-01-16,243.77951049804688
spy,2018-01-17,246.1031951904297
spy,2018-01-18,245.6894989013672
spy,2018-01-19,246.80731201171875
spy,2018-01-22,248.8140411376953
spy,2018-01-23,249.3422088623047
spy,2018-01-24,249.24533081054688
spy,2018-01-25,249.3509979248047
spy,2018-01-26,252.23788452148438
spy,2018-01-29,250.56558227539062
spy,2018-01-30,247.99559020996094
spy,2018-01-31,248.11874389648438
spy,2018-02-01,247.8371124267578
spy,2018-02-02,242.44168090820312
spy,2018-02-05,232.30215454101562
spy,2018-02-06,236.87904357910156
spy,2018-02-07,235.59402465820312
spy,2018-02-08,226.75711059570312
spy,2018-02-09,230.16334533691406
spy,2018-02-12,233.54318237304688
spy,2018-02-13,234.12408447265625
spy,2018-02-14,237.28387451171875
spy,2018-02-15,240.3116912841797
spy,2018-02-16,240.38209533691406
spy,2018-02-20,238.876953125
spy,2018-02-21,237.6887664794922
spy,2018-02-22,237.99681091308594
spy,2018-02-23,241.79034423828125
spy,2018-02-26,244.5980224609375
spy,2018-02-27,241.5440216064453
spy,2018-02-28,239.0970458984375
spy,2018-03-01,235.62037658691406
spy,2018-03-02,236.83506774902344
spy,2018-03-05,239.57244873046875
spy,2018-03-06,240.17959594726562
spy,2018-03-07,240.09165954589844
spy,2018-03-08,241.2534942626953
spy,2018-03-09,245.4517822265625
spy,2018-03-12,245.14376831054688
spy,2018-03-13,243.5594940185547
spy,2018-03-14,242.30958557128906
spy,2018-03-15,242.0455780029297
spy,2018-03-16,242.30807495117188
spy,2018-03-19,239.029541015625
spy,2018-03-20,239.4360809326172
spy,2018-03-21,238.97654724121094
spy,2018-03-22,233.00274658203125
spy,2018-03-23,228.0364990234375
spy,2018-03-26,234.2753448486328
spy,2018-03-27,230.28988647460938
spy,2018-03-28,229.60940551757812
spy,2018-03-29,232.5432586669922
spy,2018-04-02,227.52391052246094
spy,2018-04-03,230.44007873535156
spy,2018-04-04,232.90557861328125
spy,2018-04-05,234.74368286132812
spy,2018-04-06,229.51219177246094
spy,2018-04-09,230.64332580566406
spy,2018-04-10,234.3106689453125
spy,2018-04-11,233.08233642578125
spy,2018-04-12,234.9999542236328
spy,2018-04-13,234.3106689453125
spy,2018-04-16,236.23709106445312
spy,2018-04-17,238.76438903808594
spy,2018-04-18,238.9412384033203
spy,2018-04-19,237.61569213867188
spy,2018-04-20,235.60092163085938
spy,2018-04-23,235.5655059814453
spy,2018-04-24,232.39306640625
spy,2018-04-25,232.9674835205078
spy,2018-04-26,235.3357696533203
spy,2018-04-27,235.55662536621094
spy,2018-04-30,233.7450714111328
spy,2018-05-01,234.16046142578125
spy,2018-05-02,232.58749389648438
spy,2018-05-03,232.0748748779297
spy,2018-05-04,235.0794219970703
spy,2018-05-07,235.87472534179688
spy,2018-05-08,235.87472534179688
spy,2018-05-09,238.1546630859375
spy,2018-05-10,240.3816375732422
spy,2018-05-11,241.11509704589844
spy,2018-05-14,241.22996520996094
spy,2018-05-15,239.56857299804688
spy,2018-05-16,240.5760498046875
spy,2018-05-17,240.37281799316406
spy,2018-05-18,239.77178955078125
spy,2018-05-21,241.57455444335938
spy,2018-05-22,240.90292358398438
spy,2018-05-23,241.5657958984375
spy,2018-05-24,241.0708770751953
spy,2018-05-25,240.4964141845703
spy,2018-05-29,237.73049926757812
spy,2018-05-30,240.90292358398438
spy,2018-05-31,239.42730712890625
spy,2018-06-01,241.77783203125
spy,2018-06-04,242.92666625976562
spy,2018-06-05,243.1033935546875
spy,2018-06-06,245.13583374023438
spy,2018-06-07,245.109375
spy,2018-06-08,245.83399963378906
spy,2018-06-11,246.16099548339844
spy,2018-06-12,246.4791259765625
spy,2018-06-13,245.692626953125
spy,2018-06-14,246.31126403808594
spy,2018-06-15,245.9968719482422
spy,2018-06-18,245.49090576171875
spy,2018-06-19,244.5500946044922
spy,2018-06-20,244.96725463867188
spy,2018-06-21,243.43162536621094
spy,2018-06-22,243.87542724609375
spy,2018-06-25,240.5555877685547
spy,2018-06-26,241.08816528320312
spy,2018-06-27,239.09100341796875
spy,2018-06-28,240.45797729492188
spy,2018-06-29,240.80410766601562
spy,2018-07-02,241.3189697265625
spy,2018-07-03,240.46682739257812
spy,2018-07-05,242.4285888671875
spy,2018-07-06,244.47898864746094
spy,2018-07-09,246.68043518066406
spy,2018-07-10,247.56813049316406
spy,2018-07-11,245.75732421875
spy,2018-07-12,247.98541259765625
spy,2018-07-13,248.1805877685547
spy,2018-07-16,247.95867919921875
spy,2018-07-17,248.9617156982422
spy,2018-07-18,249.48550415039062
spy,2018-07-19,248.5445098876953
spy,2018-07-20,248.2606201171875
spy,2018-07-23,248.72206115722656
spy,2018-07-24,249.97364807128906
spy,2018-07-25,252.10415649414062
spy,2018-07-26,251.50930786132812
spy,2018-07-27,249.80503845214844
spy,2018-07-30,248.50021362304688
spy,2018-07-31,249.72518920898438
spy,2018-08-01,249.3079071044922
spy,2018-08-02,250.66607666015625
spy,2018-08-03,251.74008178710938
spy,2018-08-06,252.66326904296875
spy,2018-08-07,253.49769592285156
spy,2018-08-08,253.39114379882812
spy,2018-08-09,253.04501342773438
spy,2018-08-10,251.3495330810547
spy,2018-08-13,250.4086456298828
spy,2018-08-14,252.0063934326172
spy,2018-08-15,250.12460327148438
spy,2018-08-16,252.14849853515625
spy,2018-08-17,253.03616333007812
spy,2018-08-20,253.57748413085938
spy,2018-08-21,254.1721954345703
spy,2018-08-22,254.02139282226562
spy,2018-08-23,253.68409729003906
spy,2018-08-24,255.21083068847656
spy,2018-08-27,257.2258605957031
spy,2018-08-28,257.35009765625
spy,2018-08-29,258.7347717285156
spy,2018-08-30,257.6874694824219
spy,2018-08-31,257.69635009765625
spy,2018-09-04,257.2524719238281
spy,2018-09-05,256.56005859375
spy,2018-09-06,255.78782653808594
spy,2018-09-07,255.29066467285156
spy,2018-09-10,255.73455810546875
spy,2018-09-11,256.57781982421875
spy,2018-09-12,256.6399841308594
spy,2018-09-13,258.1578369140625
spy,2018-09-14,258.2023010253906
spy,2018-09-17,256.8352355957031
spy,2018-09-18,258.2287902832031
spy,2018-09-19,258.5039978027344
spy,2018-09-20,260.5989990234375
spy,2018-09-21,260.3608703613281
spy,2018-09-24,259.49591064453125
spy,2018-09-25,259.2551574707031
spy,2018-09-26,258.4793395996094
spy,2018-09-27,259.20166015625
spy,2018-09-28,259.22845458984375
spy,2018-10-01,260.1289367675781
spy,2018-10-02,259.97747802734375
spy,2018-10-03,260.12005615234375
spy,2018-10-04,258.0870666503906
spy,2018-10-05,256.6426086425781
spy,2018-10-08,256.6426086425781
spy,2018-10-09,256.26806640625
spy,2018-10-10,248.1538848876953
spy,2018-10-11,242.6877899169922
spy,2018-10-12,246.05838012695312
spy,2018-10-15,244.67620849609375
spy,2018-10-16,250.0263214111328
spy,2018-10-17,250.0709228515625
spy,2018-10-18,246.45957946777344
spy,2018-10-19,246.3258056640625
spy,2018-10-22,245.2201690673828
spy,2018-10-23,243.97186279296875
spy,2018-10-24,236.5798797607422
spy,2018-10-25,240.82423400878906
spy,2018-10-26,236.58876037597656
spy,2018-10-29,235.2779998779297
spy,2018-10-30,238.7644500732422
spy,2018-10-31,241.3145751953125
spy,2018-11-01,243.8826446533203
spy,2018-11-02,242.4381561279297
spy,2018-11-05,243.77560424804688
spy,2018-11-06,245.31829833984375
spy,2018-11-07,250.5702667236328
spy,2018-11-08,250.1155242919922
spy,2018-11-09,247.67230224609375
spy,2018-11-12,243.04454040527344
spy,2018-11-13,242.58969116210938
spy,2018-11-14,240.93121337890625
spy,2018-11-15,243.4457244873047
spy,2018-11-16,244.07884216308594
spy,2018-11-19,239.9503631591797
spy,2018-11-20,235.5098419189453
spy,2018-11-21,236.3123779296875
spy,2018-11-23,234.7340545654297
spy,2018-11-26,238.523681640625
spy,2018-11-27,239.32614135742188
spy,2018-11-28,244.836669921875
spy,2018-11-29,244.30177307128906
spy,2018-11-30,245.79083251953125
spy,2018-12-03,249.04551696777344
spy,2018-12-04,240.97573852539062
spy,2018-12-06,240.61013793945312
spy,2018-12-07,235.0194091796875
spy,2018-12-10,235.4652557373047
spy,2018-12-11,235.51876831054688
spy,2018-12-12,236.7046661376953
spy,2018-12-13,236.6244354248047
spy,2018-12-14,232.2552032470703
spy,2018-12-17,227.69871520996094
spy,2018-12-18,227.44903564453125
spy,2018-12-19,224.0428466796875
spy,2018-12-20,220.39588928222656
spy,2018-12-21,215.8800811767578
spy,2018-12-24,210.17587280273438
spy,2018-12-26,220.79501342773438
spy,2018-12-27,222.49014282226562
spy,2018-12-28,222.20315551757812
spy,2018-12-31,224.14935302734375
spy,2019-01-02,224.38258361816406
spy,2019-01-03,219.02816772460938
spy,2019-01-04,226.3647003173828
spy,2019-01-07,228.1494598388672
spy,2019-01-08,230.29299926757812
spy,2019-01-09,231.36927795410156
spy,2019-01-10,232.18545532226562
spy,2019-01-11,232.2751007080078
spy,2019-01-14,230.85806274414062
spy,2019-01-15,233.50381469726562
spy,2019-01-16,234.06887817382812
spy,2019-01-17,235.8447265625
spy,2019-01-18,238.9838104248047
spy,2019-01-22,235.75502014160156
spy,2019-01-23,236.24826049804688
spy,2019-01-24,236.3738250732422
spy,2019-01-25,238.37391662597656
spy,2019-01-28,236.56219482421875
spy,2019-01-29,236.24826049804688
spy,2019-01-30,239.98828125
spy,2019-01-31,242.09591674804688
spy,2019-02-01,242.21261596679688
spy,2019-02-04,243.91664123535156
spy,2019-02-05,244.93917846679688
spy,2019-02-06,244.6162109375
spy,2019-02-07,242.28439331054688
spy,2019-02-08,242.58030700683594
spy,2019-02-11,242.71487426757812
spy,2019-02-12,245.83596801757812
spy,2019-02-13,246.63417053222656
spy,2019-02-14,246.0871124267578
spy,2019-02-15,248.76876831054688
spy,2019-02-19,249.19927978515625
spy,2019-02-20,249.70162963867188
spy,2019-02-21,248.81373596191406
spy,2019-02-22,250.3563690185547
spy,2019-02-25,250.69711303710938
spy,2019-02-26,250.51779174804688
spy,2019-02-27,250.41014099121094
spy,2019-02-28,249.94375610351562
spy,2019-03-01,251.50433349609375
spy,2019-03-04,250.5895538330078
spy,2019-03-05,250.2487030029297
spy,2019-03-06,248.73291015625
spy,2019-03-07,246.6521759033203
spy,2019-03-08,246.1588592529297
spy,2019-03-11,249.728515625
spy,2019-03-12,250.67015075683594
spy,2019-03-13,252.3294219970703
spy,2019-03-14,252.1680145263672
spy,2019-03-15,253.413818359375
spy,2019-03-18,254.332763671875
spy,2019-03-19,254.39573669433594
spy,2019-03-20,253.63002014160156
spy,2019-03-21,256.4948425292969
spy,2019-03-22,251.55812072753906
spy,2019-03-25,251.3689422607422
spy,2019-03-26,253.24269104003906
spy,2019-03-27,251.91844177246094
spy,2019-03-28,252.87342834472656
spy,2019-03-29,254.46778869628906
spy,2019-04-01,257.4856262207031
spy,2019-04-02,257.6116943359375
spy,2019-04-03,258.0171203613281
spy,2019-04-04,258.7018127441406
spy,2019-04-05,259.95404052734375
spy,2019-04-08,260.1520690917969
spy,2019-04-09,258.81890869140625
spy,2019-04-10,259.7018127441406
spy,2019-04-11,259.62957763671875
spy,2019-04-12,261.38629150390625
spy,2019-04-15,261.21514892578125
spy,2019-04-16,261.38629150390625
spy,2019-04-17,260.7467346191406
spy,2019-04-18,261.2601623535156
spy,2019-04-22,261.4853820800781
spy,2019-04-23,263.83648681640625
spy,2019-04-24,263.2509765625
spy,2019-04-25,263.0888366699219
spy,2019-04-26,264.3138732910156
spy,2019-04-29,264.7283935546875
spy,2019-04-30,264.863525390625
spy,2019-05-01,262.87255859375
spy,2019-05-02,262.3050842285156
spy,2019-05-03,264.8724670410156
spy,2019-05-06,263.7824401855469
spy,2019-05-07,259.3772888183594
spy,2019-05-08,259.0170593261719
spy,2019-05-09,258.2333068847656
spy,2019-05-10,259.5304870605469
spy,2019-05-13,253.00839233398438
spy,2019-05-14,255.29661560058594
spy,2019-05-15,256.7921142578125
spy,2019-05-16,259.1702575683594
spy,2019-05-17,257.4946594238281
spy,2019-05-20,255.79208374023438
spy,2019-05-21,258.0981750488281
spy,2019-05-22,257.3054504394531
spy,2019-05-23,254.1615753173828
spy,2019-05-24,254.73812866210938
spy,2019-05-28,252.3688201904297
spy,2019-05-29,250.6753692626953
spy,2019-05-30,251.36001586914062
spy,2019-05-31,247.9727783203125
spy,2019-06-03,247.3422088623047
spy,2019-06-04,252.71121215820312
spy,2019-06-05,254.9002685546875
spy,2019-06-06,256.55780029296875
spy,2019-06-07,259.1250915527344
spy,2019-06-10,260.31427001953125
spy,2019-06-11,260.251220703125
spy,2019-06-12,259.791748046875
spy,2019-06-13,260.8637390136719
spy,2019-06-14,260.57550048828125
spy,2019-06-17,260.67462158203125
spy,2019-06-18,263.4040222167969
spy,2019-06-19,263.99871826171875
spy,2019-06-20,266.5209655761719
spy,2019-06-21,266.133544921875
spy,2019-06-24,265.8077392578125
spy,2019-06-25,263.2007141113281
spy,2019-06-26,262.9381103515625
spy,2019-06-27,263.87060546875
spy,2019-06-28,265.2284240722656
spy,2019-07-01,267.6363220214844
spy,2019-07-02,268.3332824707031
spy,2019-07-03,270.4786071777344
spy,2019-07-05,270.1708984375
spy,2019-07-08,268.6862487792969
spy,2019-07-09,269.0211486816406
spy,2019-07-10,270.30657958984375
spy,2019-07-11,270.94024658203125
spy,2019-07-12,272.1532897949219
spy,2019-07-15,272.2438049316406
spy,2019-07-16,271.36572265625
spy,2019-07-17,269.51904296875
spy,2019-07-18,270.5057678222656
spy,2019-07-19,269.0030822753906
spy,2019-07-22,269.6639099121094
spy,2019-07-23,271.59197998046875
spy,2019-07-24,272.868408203125
spy,2019-07-25,271.56488037109375
spy,2019-07-26,273.3843994140625
spy,2019-07-29,272.8864440917969
spy,2019-07-30,272.2166748046875
spy,2019-07-31,269.23846435546875
spy,2019-08-01,266.89398193359375
spy,2019-08-02,264.8843688964844
spy,2019-08-05,256.91845703125
spy,2019-08-06,260.52130126953125
spy,2019-08-07,260.6751403808594
spy,2019-08-08,265.7895202636719
spy,2019-08-09,263.9791259765625
spy,2019-08-12,260.7657165527344
spy,2019-08-13,264.821044921875
spy,2019-08-14,256.9908752441406
spy,2019-08-15,257.669921875
spy,2019-08-16,261.47174072265625
spy,2019-08-19,264.6217956542969
spy,2019-08-20,262.5941162109375
spy,2019-08-21,264.7304992675781
spy,2019-08-22,264.6490173339844
spy,2019-08-23,257.8508605957031
spy,2019-08-26,260.7022705078125
spy,2019-08-27,259.67938232421875
spy,2019-08-28,261.5079345703125
spy,2019-08-29,264.8482666015625
spy,2019-08-30,264.7304992675781
spy,2019-09-03,263.18255615234375
spy,2019-09-04,266.1697692871094
spy,2019-09-05,269.591552734375
spy,2019-09-06,269.7997131347656
spy,2019-09-09,269.9355163574219
spy,2019-09-10,269.8721618652344
spy,2019-09-11,271.79119873046875
spy,2019-09-12,272.7325744628906
spy,2019-09-13,272.5516662597656
spy,2019-09-16,271.70977783203125
spy,2019-09-17,272.3976745605469
spy,2019-09-18,272.5606384277344
spy,2019-09-19,272.5425109863281
spy,2019-09-20,271.2548522949219
spy,2019-09-23,271.1911926269531
spy,2019-09-24,269.0631408691406
spy,2019-09-25,270.6545715332031
spy,2019-09-26,270.0907287597656
spy,2019-09-27,268.6357421875
spy,2019-09-30,269.8815612792969
spy,2019-10-01,266.67144775390625
spy,2019-10-02,261.9607849121094
spy,2019-10-03,264.10699462890625
spy,2019-10-04,267.6808776855469
spy,2019-10-07,266.52593994140625
spy,2019-10-08,262.38818359375
spy,2019-10-09,264.87994384765625
spy,2019-10-10,266.67144775390625
spy,2019-10-11,269.43597412109375
spy,2019-10-14,269.1359558105469
spy,2019-10-15,271.80035400390625
spy,2019-10-16,271.3639221191406
spy,2019-10-17,272.1641845703125
spy,2019-10-18,270.9729309082031
spy,2019-10-21,272.8098449707031
spy,2019-10-22,271.918701171875
spy,2019-10-23,272.7099304199219
spy,2019-10-24,273.1554870605469
spy,2019-10-25,274.2738952636719
spy,2019-10-28,275.82000732421875
spy,2019-10-29,275.7380676269531
spy,2019-10-30,276.58392333984375
spy,2019-10-31,275.8472900390625
spy,2019-11-01,278.4027404785156
spy,2019-11-04,279.5211486816406
spy,2019-11-05,279.2120361328125
spy,2019-11-06,279.2756652832031
spy,2019-11-07,280.2578125
spy,2019-11-08,280.948974609375
spy,2019-11-11,280.4124450683594
spy,2019-11-12,281.0035705566406
spy,2019-11-13,281.0945739746094
spy,2019-11-14,281.5036315917969
spy,2019-11-15,283.5408020019531
spy,2019-11-18,283.7499084472656
spy,2019-11-19,283.6680603027344
spy,2019-11-20,282.6131896972656
spy,2019-11-21,282.15850830078125
spy,2019-11-22,282.7859191894531
spy,2019-11-25,284.9776306152344
spy,2019-11-26,285.623291015625
spy,2019-11-27,286.89642333984375
spy,2019-11-29,285.8324279785156
spy,2019-12-02,283.40435791015625
spy,2019-12-03,281.5036315917969
spy,2019-12-04,283.24066162109375
spy,2019-12-05,283.7499084472656
spy,2019-12-06,286.3417053222656
spy,2019-12-09,285.4414367675781
spy,2019-12-10,285.12310791015625
spy,2019-12-11,285.9324951171875
spy,2019-12-12,288.3968811035156
spy,2019-12-13,288.56976318359375
spy,2019-12-16,290.55218505859375
spy,2019-12-17,290.6158752441406
spy,2019-12-18,290.6340026855469
spy,2019-12-19,291.82537841796875
spy,2019-12-20,293.1047668457031
spy,2019-12-23,293.5524597167969
spy,2019-12-24,293.56170654296875
spy,2019-12-26,295.1244201660156
spy,2019-12-27,295.0513610839844
spy,2019-12-30,293.4245910644531
spy,2019-12-31,294.1374206542969
spy,2020-01-02,296.8881530761719
spy,2020-01-03,294.64013671875
spy,2020-01-06,295.7642517089844
spy,2020-01-07,294.9325256347656
spy,2020-01-08,296.50439453125
spy,2020-01-09,298.51483154296875
spy,2020-01-10,297.65582275390625
spy,2020-01-13,299.702880859375
spy,2020-01-14,299.2459716796875
spy,2020-01-15,299.9222412109375
spy,2020-01-16,302.4170837402344
spy,2020-01-17,303.35833740234375
spy,2020-01-21,302.7643127441406
spy,2020-01-22,302.8008728027344
spy,2020-01-23,303.14813232421875
spy,2020-01-24,300.45220947265625
spy,2020-01-27,295.63616943359375
spy,2020-01-28,298.7341613769531
spy,2020-01-29,298.48748779296875
spy,2020-01-30,299.4561767578125
spy,2020-01-31,294.0186767578125
spy,2020-02-03,296.20281982421875
spy,2020-02-04,300.71722412109375
spy,2020-02-05,304.18994140625
spy,2020-02-06,305.2135009765625
spy,2020-02-07,303.5868835449219
spy,2020-02-10,305.8531494140625
spy,2020-02-11,306.38336181640625
spy,2020-02-12,308.357177734375
spy,2020-02-13,308.0282897949219
spy,2020-02-14,308.521728515625
spy,2020-02-18,307.7265625
spy,2020-02-19,309.1979064941406
spy,2020-02-20,307.9276428222656
spy,2020-02-21,304.75665283203125
spy,2020-02-24,294.6492004394531
spy,2020-02-25,285.7206726074219
spy,2020-02-26,284.66973876953125
spy,2020-02-27,271.8846435546875
spy,2020-02-28,270.74237060546875
spy,2020-03-02,282.46734619140625
spy,2020-03-03,274.379638671875
spy,2020-03-04,285.91259765625
spy,2020-03-05,276.4083557128906
spy,2020-03-06,271.83905029296875
spy,2020-03-09,250.60992431640625
spy,2020-03-10,263.57769775390625
spy,2020-03-11,250.7286834716797
spy,2020-03-12,226.7396697998047
spy,2020-03-13,246.12283325195312
spy,2020-03-16,219.19114685058594
spy,2020-03-17,231.0257568359375
spy,2020-03-18,219.3282012939453
spy,2020-03-19,219.7943115234375
spy,2020-03-20,210.32244873046875
spy,2020-03-23,204.9449005126953
spy,2020-03-24,223.5135498046875
spy,2020-03-25,226.85960388183594
spy,2020-03-26,240.10589599609375
spy,2020-03-27,232.9541473388672
spy,2020-03-30,240.51950073242188
spy,2020-03-31,236.93450927734375
spy,2020-04-01,226.27127075195312
spy,2020-04-02,231.49258422851562
spy,2020-04-03,228.14651489257812
spy,2020-04-06,243.47024536132812
spy,2020-04-07,243.71849060058594
spy,2020-04-08,251.8997039794922
spy,2020-04-09,255.73300170898438
spy,2020-04-13,253.3981475830078
spy,2020-04-14,260.8715515136719
spy,2020-04-15,255.32850646972656
spy,2020-04-16,256.560302734375
spy,2020-04-17,263.4914245605469
spy,2020-04-20,258.8492126464844
spy,2020-04-21,250.98976135253906
spy,2020-04-22,256.560302734375
spy,2020-04-23,256.5419006347656
spy,2020-04-24,260.1177673339844
spy,2020-04-27,263.86822509765625
spy,2020-04-28,262.6548767089844
spy,2020-04-29,269.53076171875
spy,2020-04-30,267.021240234375
spy,2020-05-01,259.9523010253906
spy,2020-05-04,260.66937255859375
spy,2020-05-05,263.0777587890625
spy,2020-05-06,261.29437255859375
spy,2020-05-07,264.4473876953125
spy,2020-05-08,268.8229675292969
spy,2020-05-11,268.87811279296875
spy,2020-05-12,263.5189514160156
spy,2020-05-13,258.8583679199219
spy,2020-05-14,261.95623779296875
spy,2020-05-15,263.1604309082031
spy,2020-05-18,271.17620849609375
spy,2020-05-19,268.3908996582031
spy,2020-05-20,272.95025634765625
spy,2020-05-21,271.0659484863281
spy,2020-05-22,271.5806884765625
spy,2020-05-26,274.9267272949219
spy,2020-05-27,279.01739501953125
spy,2020-05-28,278.50262451171875
spy,2020-05-29,279.7434997558594
spy,2020-06-01,280.8742370605469
spy,2020-06-02,283.1998596191406
spy,2020-06-03,286.96881103515625
spy,2020-06-04,286.2150573730469
spy,2020-06-05,293.550537109375
spy,2020-06-08,297.0988464355469
spy,2020-06-09,294.8835144042969
spy,2020-06-10,293.2380676269531
spy,2020-06-11,276.33319091796875
spy,2020-06-12,279.64239501953125
spy,2020-06-15,282.2530822753906
spy,2020-06-16,287.6858215332031
spy,2020-06-17,286.49078369140625
spy,2020-06-18,286.6011657714844
spy,2020-06-19,284.963134765625
spy,2020-06-22,286.791259765625
spy,2020-06-23,288.1116638183594
spy,2020-06-24,280.7622375488281
spy,2020-06-25,283.7721862792969
spy,2020-06-26,277.0321960449219
spy,2020-06-29,281.1038513183594
spy,2020-06-30,284.7046813964844
spy,2020-07-01,286.698974609375
spy,2020-07-02,288.2777404785156
spy,2020-07-06,292.7279968261719
spy,2020-07-07,289.70892333984375
spy,2020-07-08,291.9248352050781
spy,2020-07-09,290.26287841796875
spy,2020-07-10,293.2265319824219
spy,2020-07-13,290.6875
spy,2020-07-14,294.4545593261719
spy,2020-07-15,297.1598815917969
spy,2020-07-16,296.1811218261719
spy,2020-07-17,297.0398254394531
spy,2020-07-20,299.4403381347656
spy,2020-07-21,300.0774230957031
spy,2020-07-22,301.7854919433594
spy,2020-07-23,298.1846008300781
spy,2020-07-24,296.2641906738281
spy,2020-07-27,298.4246826171875
spy,2020-07-28,296.5318908691406
spy,2020-07-29,300.178955078125
spy,2020-07-30,299.1079406738281
spy,2020-07-31,301.4715270996094
spy,2020-08-03,303.5674743652344
spy,2020-08-04,304.7400207519531
spy,2020-08-05,306.6327209472656
spy,2020-08-06,308.6823425292969
spy,2020-08-07,308.9040222167969
spy,2020-08-10,309.82733154296875
spy,2020-08-11,307.2697448730469
spy,2020-08-12,311.5538330078125
spy,2020-08-13,310.9906005859375
spy,2020-08-14,310.9998779296875
spy,2020-08-17,311.98779296875
spy,2020-08-18,312.66180419921875
spy,2020-08-19,311.35992431640625
spy,2020-08-20,312.3293762207031
spy,2020-08-21,313.4373779296875
spy,2020-08-24,316.6134948730469
spy,2020-08-25,317.72137451171875
spy,2020-08-26,320.9067077636719
spy,2020-08-27,321.6083679199219
spy,2020-08-28,323.6857604980469
spy,2020-08-31,322.5133361816406
spy,2020-09-01,325.5509338378906
spy,2020-09-02,330.2596435546875
spy,2020-09-03,318.89410400390625
spy,2020-09-04,316.290283203125
spy,2020-09-08,307.6484069824219
spy,2020-09-09,313.72357177734375
spy,2020-09-10,308.2761535644531
spy,2020-09-11,308.4331359863281
spy,2020-09-14,312.49566650390625
spy,2020-09-15,314.0744934082031
spy,2020-09-16,312.8280334472656
spy,2020-09-17,310.0766296386719
spy,2020-09-18,306.5068054199219
spy,2020-09-21,303.0954895019531
spy,2020-09-22,306.1822814941406
spy,2020-09-23,299.08160400390625
spy,2020-09-24,299.8788757324219
spy,2020-09-25,304.72698974609375
spy,2020-09-28,309.78826904296875
spy,2020-09-29,308.1012268066406
spy,2020-09-30,310.4372253417969
spy,2020-10-01,312.43017578125
spy,2020-10-02,309.4638366699219
spy,2020-10-05,314.9516296386719
spy,2020-10-06,310.4742126464844
spy,2020-10-07,315.8785095214844
spy,2020-10-08,318.6780090332031
spy,2020-10-09,321.52386474609375
spy,2020-10-12,326.6965026855469
spy,2020-10-13,324.5644226074219
spy,2020-10-14,322.52496337890625
spy,2020-10-15,322.1263732910156
spy,2020-10-16,321.93170166015625
spy,2020-10-19,317.03729248046875
spy,2020-10-20,318.3072509765625
spy,2020-10-21,317.7046813964844
spy,2020-10-22,319.4474182128906
spy,2020-10-23,320.5320129394531
spy,2020-10-26,314.6086120605469
spy,2020-10-27,313.5240478515625
spy,2020-10-28,302.80810546875
spy,2020-10-29,305.8857116699219
spy,2020-10-30,302.69683837890625
spy,2020-11-02,306.0896301269531
spy,2020-11-03,311.49395751953125
spy,2020-11-04,318.4555358886719
spy,2020-11-05,324.66632080078125
spy,2020-11-06,324.5921936035156
spy,2020-11-09,328.6708984375
spy,2020-11-10,328.18890380859375
spy,2020-11-11,330.6268005371094
spy,2020-11-12,327.41949462890625
spy,2020-11-13,331.95245361328125
spy,2020-11-16,336.0960693359375
spy,2020-11-17,334.2884521484375
spy,2020-11-18,330.26531982421875
spy,2020-11-19,331.65576171875
spy,2020-11-20,329.38470458984375
spy,2020-11-23,331.359130859375
spy,2020-11-24,336.6985778808594
spy,2020-11-25,336.1794738769531
spy,2020-11-27,337.1157531738281
spy,2020-11-30,335.623291015625
spy,2020-12-01,339.2941589355469
spy,2020-12-02,340.0079345703125
spy,2020-12-03,339.9151916503906
spy,2020-12-04,342.8445129394531
spy,2020-12-07,342.13995361328125
spy,2020-12-08,343.14111328125
spy,2020-12-09,340.0635681152344
spy,2020-12-10,339.952392578125
spy,2020-12-11,339.5536193847656
spy,2020-12-14,338.0334777832031
spy,2020-12-15,342.6034851074219
spy,2020-12-16,343.14111328125
spy,2020-12-17,345.0600280761719
spy,2020-12-18,343.6821594238281
spy,2020-12-21,342.45330810546875
spy,2020-12-22,341.8761901855469
spy,2020-12-23,342.18341064453125
spy,2020-12-24,343.5146179199219
spy,2020-12-28,346.4656982421875
spy,2020-12-29,345.8047180175781
spy,2020-12-30,346.298095703125
spy,2020-12-31,348.0576477050781
spy,2021-01-04,343.3191223144531
spy,2021-01-05,345.6837158203125
spy,2021-01-06,347.7503662109375
spy,2021-01-07,352.9170837402344
spy,2021-01-08,354.9278259277344
spy,2021-01-11,352.5354309082031
spy,2021-01-12,352.6098327636719
spy,2021-01-13,353.5594177246094
spy,2021-01-14,352.3212585449219
spy,2021-01-15,349.7518615722656
spy,2021-01-19,352.49810791015625
spy,2021-01-20,357.37628173828125
spy,2021-01-21,357.7020568847656
spy,2021-01-22,356.43597412109375
spy,2021-01-25,357.84173583984375
spy,2021-01-26,357.28314208984375
spy,2021-01-27,348.5509338378906
spy,2021-01-28,351.54864501953125
spy,2021-01-29,344.5107421875
spy,2021-02-01,350.2452392578125
spy,2021-02-02,355.1978454589844
spy,2021-02-03,355.47711181640625
spy,2021-02-04,359.5173645019531
spy,2021-02-05,360.9324035644531
spy,2021-02-08,363.53900146484375
spy,2021-02-09,363.2969970703125
spy,2021-02-10,363.1386413574219
spy,2021-02-11,363.7252502441406
spy,2021-02-12,365.5219421386719
spy,2021-02-16,365.2054138183594
spy,2021-02-17,365.2892150878906
spy,2021-02-18,363.7344665527344
spy,2021-02-19,363.0921936035156
spy,2021-02-22,360.2993469238281
spy,2021-02-23,360.7369384765625
spy,2021-02-24,364.71197509765625
spy,2021-02-25,355.9239807128906
spy,2021-02-26,354.0900573730469
spy,2021-03-01,362.67327880859375
spy,2021-03-02,359.8431701660156
spy,2021-03-03,355.0768737792969
spy,2021-03-04,350.68280029296875
spy,2021-03-05,357.1341552734375
spy,2021-03-08,355.3560791015625
spy,2021-03-09,360.4297180175781
spy,2021-03-10,362.67327880859375
spy,2021-03-11,366.3504638671875
spy,2021-03-12,366.8438415527344
spy,2021-03-15,369.0315246582031
spy,2021-03-16,368.5660705566406
spy,2021-03-17,369.82281494140625
spy,2021-03-18,364.44207763671875
spy,2021-03-19,363.7677001953125
spy,2021-03-22,366.6723327636719
spy,2021-03-23,363.786376953125
spy,2021-03-24,361.9371337890625
spy,2021-03-25,363.97320556640625
spy,2021-03-26,369.838623046875
spy,2021-03-29,369.65179443359375
spy,2021-03-30,368.67108154296875
spy,2021-03-31,370.1653747558594
spy,2021-04-01,374.1629333496094
spy,2021-04-05,379.5333557128906
spy,2021-04-06,379.3092041015625
spy,2021-04-07,379.7481384277344
spy,2021-04-08,381.55072021484375
spy,2021-04-09,384.32464599609375
spy,2021-04-12,384.46484375
spy,2021-04-13,385.6042175292969
spy,2021-04-14,384.2872619628906
spy,2021-04-15,388.41552734375
spy,2021-04-16,389.7137756347656
spy,2021-04-19,387.799072265625
spy,2021-04-20,384.95977783203125
spy,2021-04-21,388.602294921875
spy,2021-04-22,385.05316162109375
spy,2021-04-23,389.2280578613281
spy,2021-04-26,390.04058837890625
spy,2021-04-27,389.9565734863281
spy,2021-04-28,389.8445129394531
spy,2021-04-29,392.3288879394531
spy,2021-04-30,389.7510681152344
spy,2021-05-03,390.5916442871094
spy,2021-05-04,388.1820373535156
spy,2021-05-05,388.3034362792969
spy,2021-05-06,391.4042053222656
spy,2021-05-07,394.2528381347656
spy,2021-05-10,390.348876953125
spy,2021-05-11,386.86505126953125
spy,2021-05-12,378.64605712890625
spy,2021-05-13,383.1945495605469
spy,2021-05-14,389.0785827636719
spy,2021-05-17,388.08856201171875
spy,2021-05-18,384.7449645996094
spy,2021-05-19,383.7362365722656
spy,2021-05-20,387.86444091796875
spy,2021-05-21,387.5468444824219
spy,2021-05-24,391.4976806640625
spy,2021-05-25,390.62896728515625
spy,2021-05-26,391.4042053222656
spy,2021-05-27,391.6097717285156
spy,2021-05-28,392.3102111816406
spy,2021-06-01,391.96466064453125
spy,2021-06-02,392.5810241699219
spy,2021-06-03,391.12396240234375
spy,2021-06-04,394.7012023925781
spy,2021-06-07,394.3182678222656
spy,2021-06-08,394.40234375
spy,2021-06-09,393.81390380859375
spy,2021-06-10,395.6444396972656
spy,2021-06-11,396.2982482910156
spy,2021-06-14,397.1856689453125
spy,2021-06-15,396.45709228515625
spy,2021-06-16,394.2435302734375
spy,2021-06-17,394.11273193359375
spy,2021-06-18,388.7959899902344
spy,2021-06-21,394.3620300292969
spy,2021-06-22,396.4703674316406
spy,2021-06-23,395.99249267578125
spy,2021-06-24,398.33514404296875
spy,2021-06-25,399.75
spy,2021-06-28,400.55584716796875
spy,2021-06-29,400.77142333984375
spy,2021-06-30,401.1087341308594
spy,2021-07-01,403.3294982910156
spy,2021-07-02,406.4123840332031
spy,2021-07-06,405.6720886230469
spy,2021-07-07,407.1057434082031
spy,2021-07-08,403.7887268066406
spy,2021-07-09,408.0990295410156
spy,2021-07-12,409.560791015625
spy,2021-07-13,408.16461181640625
spy,2021-07-14,408.7737731933594
spy,2021-07-15,407.3775634765625
spy,2021-07-16,404.1822509765625
spy,2021-07-19,398.21331787109375
spy,2021-07-20,403.9198303222656
spy,2021-07-21,407.1901550292969
spy,2021-07-22,408.04278564453125
spy,2021-07-23,412.24078369140625
spy,2021-07-26,413.25274658203125
spy,2021-07-27,411.36932373046875
spy,2021-07-28,411.2005615234375
spy,2021-07-29,412.9060363769531
spy,2021-07-30,410.90081787109375
spy,2021-08-02,410.0386657714844
spy,2021-08-03,413.3745422363281
spy,2021-08-04,411.3411865234375
spy,2021-08-05,413.94622802734375
spy,2021-08-06,414.6301574707031
spy,2021-08-09,414.2928771972656
spy,2021-08-10,414.8081970214844
spy,2021-08-11,415.83905029296875
spy,2021-08-12,417.0852355957031
spy,2021-08-13,417.8442687988281
spy,2021-08-16,418.8281555175781
spy,2021-08-17,416.08258056640625
spy,2021-08-18,411.528564453125
spy,2021-08-19,412.1657409667969
spy,2021-08-20,415.4454345703125
spy,2021-08-23,419.09991455078125
spy,2021-08-24,419.7651062011719
spy,2021-08-25,420.6460266113281
spy,2021-08-26,418.162841796875
spy,2021-08-27,421.90155029296875
spy,2021-08-30,423.7569580078125
spy,2021-08-31,423.12908935546875
spy,2021-09-01,423.35400390625
spy,2021-09-02,424.65655517578125
spy,2021-09-03,424.55340576171875
spy,2021-09-07,423.035400390625
spy,2021-09-08,422.5201110839844
spy,2021-09-09,420.71160888671875
spy,2021-09-10,417.39447021484375
spy,2021-09-13,418.4626770019531
spy,2021-09-14,416.20440673828125
spy,2021-09-15,419.6808166503906
spy,2021-09-16,419.0155029296875
spy,2021-09-17,414.93389892578125
spy,2021-09-20,408.0152282714844
spy,2021-09-21,407.6297607421875
spy,2021-09-22,411.6061096191406
spy,2021-09-23,416.6070861816406
spy,2021-09-24,417.29339599609375
spy,2021-09-27,416.0995788574219
spy,2021-09-28,407.71435546875
spy,2021-09-29,408.4005432128906
spy,2021-09-30,403.408935546875
spy,2021-10-01,408.2031555175781
spy,2021-10-04,402.9389953613281
spy,2021-10-05,407.131591796875
spy,2021-10-06,408.8236389160156
spy,2021-10-07,412.358154296875
spy,2021-10-08,411.6061096191406
spy,2021-10-11,408.626220703125
spy,2021-10-12,407.62042236328125
spy,2021-10-13,409.0868835449219
spy,2021-10-14,415.9678955078125
spy,2021-10-15,419.1358642578125
spy,2021-10-18,420.3767395019531
spy,2021-10-19,423.6198425292969
spy,2021-10-20,425.2837219238281
spy,2021-10-21,426.3929748535156
spy,2021-10-22,425.9512023925781
spy,2021-10-25,428.23541259765625
spy,2021-10-26,428.620849609375
spy,2021-10-27,426.7220458984375
spy,2021-10-28,430.83941650390625
spy,2021-10-29,431.713623046875
spy,2021-11-01,432.4562683105469
spy,2021-11-02,434.2046813964844
spy,2021-11-03,436.8555908203125
spy,2021-11-04,438.91436767578125
spy,2021-11-05,440.437255859375
spy,2021-11-08,440.81317138671875
spy,2021-11-09,439.3561096191406
spy,2021-11-10,435.82159423828125
spy,2021-11-11,435.9626159667969
spy,2021-11-12,439.252685546875
spy,2021-11-15,439.4031982421875
spy,2021-11-16,441.1422119140625
spy,2021-11-17,440.0706481933594
spy,2021-11-18,441.56524658203125
spy,2021-11-19,440.77557373046875
spy,2021-11-22,439.5347595214844
spy,2021-11-23,440.1176452636719
spy,2021-11-24,441.2926025390625
spy,2021-11-26,431.4504089355469
spy,2021-11-29,436.74285888671875
spy,2021-11-30,428.244873046875
spy,2021-12-01,423.48828125
spy,2021-12-02,429.9744873046875
spy,2021-12-03,426.2331848144531
spy,2021-12-06,431.28118896484375
spy,2021-12-07,440.2021789550781
spy,2021-12-08,441.3677978515625
spy,2021-12-09,438.38787841796875
spy,2021-12-10,442.5146789550781
spy,2021-12-13,438.5947570800781
spy,2021-12-14,435.5771789550781
spy,2021-12-15,442.38311767578125
spy,2021-12-16,438.4819641113281
spy,2021-12-17,433.8152160644531
spy,2021-12-20,429.2022705078125
spy,2021-12-21,436.824462890625
spy,2021-12-22,441.19219970703125
spy,2021-12-23,443.9372863769531
spy,2021-12-27,450.21990966796875
spy,2021-12-28,449.85198974609375
spy,2021-12-29,450.4273681640625
spy,2021-12-30,449.1822814941406
spy,2021-12-31,448.0502624511719
spy,2022-01-03,450.64447021484375
spy,2022-01-04,450.49346923828125
spy,2022-01-05,441.8431091308594
spy,2022-01-06,441.4279479980469
spy,2022-01-07,439.68280029296875
spy,2022-01-10,439.13568115234375
spy,2022-01-11,443.1354675292969
spy,2022-01-12,444.3334045410156
spy,2022-01-13,438.21112060546875
spy,2022-01-14,438.3903503417969
spy,2022-01-18,430.6266784667969
spy,2022-01-19,426.1553039550781
spy,2022-01-20,421.43853759765625
spy,2022-01-21,413.1654357910156
spy,2022-01-24,414.9200744628906
spy,2022-01-25,409.854248046875
spy,2022-01-26,408.8260498046875
spy,2022-01-27,406.8072509765625
spy,2022-01-28,416.9105224609375
spy,2022-01-31,424.4195556640625
spy,2022-02-01,427.2872619628906
spy,2022-02-02,431.43798828125
spy,2022-02-03,421.2970275878906
spy,2022-02-04,423.2780456542969
spy,2022-02-07,421.91961669921875
spy,2022-02-08,425.39117431640625
spy,2022-02-09,431.6172790527344
spy,2022-02-10,423.8629455566406
spy,2022-02-11,415.5048522949219
spy,2022-02-14,414.1464538574219
spy,2022-02-15,420.82537841796875
spy,2022-02-16,421.2970275878906
spy,2022-02-17,412.2975158691406
spy,2022-02-18,409.6278991699219
spy,2022-02-22,405.23193359375
spy,2022-02-23,398.0436096191406
spy,2022-02-24,404.03387451171875
spy,2022-02-25,412.948486328125
spy,2022-02-28,411.8919677734375
spy,2022-03-01,405.6187438964844
spy,2022-03-02,413.0805358886719
spy,2022-03-03,411.0240783691406
spy,2022-03-04,407.6846008300781
spy,2022-03-07,395.6663818359375
spy,2022-03-08,392.66656494140625
spy,2022-03-09,403.1943054199219
spy,2022-03-10,401.37371826171875
spy,2022-03-11,396.2701416015625
spy,2022-03-14,393.3741149902344
spy,2022-03-15,402.0245056152344
spy,2022-03-16,410.9391174316406
spy,2022-03-17,416.0803527832031
spy,2022-03-18,420.6376037597656
spy,2022-03-21,420.5146179199219
spy,2022-03-22,425.43524169921875
spy,2022-03-23,419.9562683105469
spy,2022-03-24,426.286865234375
spy,2022-03-25,428.36871337890625
spy,2022-03-28,431.41558837890625
spy,2022-03-29,436.7526550292969
spy,2022-03-30,434.0557556152344
spy,2022-03-31,427.37506103515625
spy,2022-04-01,428.58636474609375
spy,2022-04-04,432.25775146484375
spy,2022-04-05,426.7978820800781
spy,2022-04-06,422.5301513671875
spy,2022-04-07,424.6593017578125
spy,2022-04-08,423.52374267578125
spy,2022-04-11,416.2848205566406
spy,2022-04-12,414.7423095703125
spy,2022-04-13,419.49261474609375
spy,2022-04-14,414.2691345214844
spy,2022-04-18,414.43951416015625
spy,2022-04-19,421.129638671875
spy,2022-04-20,420.8173828125
spy,2022-04-21,414.524658203125
spy,2022-04-22,403.1505126953125
spy,2022-04-25,405.48779296875
spy,2022-04-26,393.7445068359375
spy,2022-04-27,394.85162353515625
spy,2022-04-28,404.8253479003906
spy,2022-04-29,389.86480712890625
spy,2022-05-02,392.2115478515625
spy,2022-05-03,394.0094909667969
spy,2022-05-04,406.0081481933594
spy,2022-05-05,391.5775451660156
spy,2022-05-06,389.2402038574219
spy,2022-05-09,376.77783203125
spy,2022-05-10,377.6484069824219
spy,2022-05-11,371.64898681640625
spy,2022-05-12,371.2610168457031
spy,2022-05-13,380.1370544433594
spy,2022-05-16,378.59466552734375
spy,2022-05-17,386.3825378417969
spy,2022-05-18,370.8067626953125
spy,2022-05-19,368.5357666015625
spy,2022-05-20,368.6966247558594
spy,2022-05-23,375.594970703125
spy,2022-05-24,372.72772216796875
spy,2022-05-25,376.0207824707031
spy,2022-05-26,383.5342102050781
spy,2022-05-27,392.9495849609375
spy,2022-05-31,390.74481201171875
spy,2022-06-01,387.58428955078125
spy,2022-06-02,394.9652404785156
spy,2022-06-03,388.48321533203125
spy,2022-06-06,389.66607666015625
spy,2022-06-07,393.4037780761719
spy,2022-06-08,389.12664794921875
spy,2022-06-09,379.87213134765625
spy,2022-06-10,368.8574523925781
spy,2022-06-13,354.8526306152344
spy,2022-06-14,353.7833557128906
spy,2022-06-15,358.8269958496094
spy,2022-06-16,346.9512634277344
spy,2022-06-17,347.69915771484375
spy,2022-06-21,356.4520568847656
spy,2022-06-22,355.80584716796875
spy,2022-06-23,359.2935791015625
spy,2022-06-24,370.7169494628906
spy,2022-06-27,369.30096435546875
spy,2022-06-28,361.7550354003906
spy,2022-06-29,361.4604187011719
spy,2022-06-30,358.5238342285156
spy,2022-07-01,362.31573486328125
spy,2022-07-05,363.0000305175781
spy,2022-07-06,364.22589111328125
spy,2022-07-07,369.6810302734375
spy,2022-07-08,369.3769836425781
spy,2022-07-11,365.1573791503906
spy,2022-07-12,361.9261779785156
spy,2022-07-13,360.0253601074219
spy,2022-07-14,359.1510314941406
spy,2022-07-15,366.0127258300781
spy,2022-07-18,362.9905700683594
spy,2022-07-19,372.7982177734375
spy,2022-07-20,375.17413330078125
spy,2022-07-21,378.99462890625
spy,2022-07-22,375.4782409667969
spy,2022-07-25,375.9344482421875
spy,2022-07-26,371.48675537109375
spy,2022-07-27,381.1329650878906
spy,2022-07-28,385.9131774902344
spy,2022-07-29,391.5393981933594
spy,2022-08-01,390.3799133300781
spy,2022-08-02,387.8044738769531
spy,2022-08-03,393.8772888183594
spy,2022-08-04,393.6111755371094
spy,2022-08-05,392.9458923339844
spy,2022-08-08,392.48968505859375
spy,2022-08-09,390.9311828613281
spy,2022-08-10,399.1422119140625
spy,2022-08-11,399.1422119140625
spy,2022-08-12,405.89935302734375
spy,2022-08-15,407.5719299316406
spy,2022-08-16,408.3702697753906
spy,2022-08-17,405.47161865234375
spy,2022-08-18,406.650146484375
spy,2022-08-19,401.1855163574219
spy,2022-08-22,392.8318786621094
spy,2022-08-23,391.8815002441406
spy,2022-08-24,393.13592529296875
spy,2022-08-25,398.68609619140625
spy,2022-08-26,385.19097900390625
spy,2022-08-29,382.64404296875
spy,2022-08-30,378.4433898925781
spy,2022-08-31,375.5638122558594
spy,2022-09-01,376.7422790527344
spy,2022-09-02,372.76971435546875
spy,2022-09-06,371.3632507324219
spy,2022-09-07,378.03472900390625
spy,2022-09-08,380.5056457519531
spy,2022-09-09,386.4169006347656
spy,2022-09-12,390.5699462890625
spy,2022-09-13,373.5870361328125
spy,2022-09-14,375.0125732421875
spy,2022-09-15,370.75494384765625
spy,2022-09-16,367.9264221191406
spy,2022-09-19,370.7797546386719
spy,2022-09-20,366.52374267578125
spy,2022-09-21,360.1301574707031
spy,2022-09-22,357.10516357421875
spy,2022-09-23,351.1219482421875
spy,2022-09-26,347.6483459472656
spy,2022-09-27,346.7608642578125
spy,2022-09-28,353.58392333984375
spy,2022-09-29,346.19793701171875
spy,2022-09-30,340.84442138671875
spy,2022-10-03,349.8431701660156
spy,2022-10-04,360.6836853027344
spy,2022-10-05,359.8438720703125
spy,2022-10-06,356.1318054199219
spy,2022-10-07,346.19793701171875
spy,2022-10-10,343.5545959472656
spy,2022-10-11,341.37884521484375
spy,2022-10-12,340.2528381347656
spy,2022-10-13,349.23248291015625
spy,2022-10-14,341.2738952636719
spy,2022-10-17,350.0435791015625
spy,2022-10-18,354.1564636230469
spy,2022-10-19,351.646728515625
spy,2022-10-20,348.6980895996094
spy,2022-10-21,357.17193603515625
spy,2022-10-24,361.54248046875
spy,2022-10-25,367.3157653808594
spy,2022-10-26,364.5484313964844
spy,2022-10-27,362.6017150878906
spy,2022-10-28,371.228271484375
spy,2022-10-31,368.5467834472656
spy,2022-11-01,366.9340515136719
spy,2022-11-02,357.72540283203125
spy,2022-11-03,354.04193115234375
spy,2022-11-04,359.1376953125
spy,2022-11-07,362.57318115234375
spy,2022-11-08,364.5293273925781
spy,2022-11-09,357.01922607421875
spy,2022-11-10,376.6389465332031
spy,2022-11-11,380.28424072265625
spy,2022-11-14,377.0492858886719
spy,2022-11-15,380.2651672363281
spy,2022-11-16,377.36419677734375
spy,2022-11-17,376.20953369140625
spy,2022-11-18,377.91766357421875
spy,2022-11-21,376.5434875488281
spy,2022-11-22,381.6107177734375
spy,2022-11-23,384.01544189453125
spy,2022-11-25,383.9295654296875
spy,2022-11-28,377.80316162109375
spy,2022-11-29,377.154296875
spy,2022-11-30,389.03485107421875
spy,2022-12-01,388.7485656738281
spy,2022-12-02,388.30010986328125
spy,2022-12-05,381.3148498535156
spy,2022-12-06,375.8182678222656
spy,2022-12-07,375.1789855957031
spy,2022-12-08,378.1180114746094
spy,2022-12-09,375.2934265136719
spy,2022-12-12,380.70416259765625
spy,2022-12-13,383.5860290527344
spy,2022-12-14,381.133544921875
spy,2022-12-15,371.8103942871094
spy,2022-12-16,367.4206848144531
spy,2022-12-19,364.3051452636719
spy,2022-12-20,364.8036193847656
spy,2022-12-21,370.2583923339844
spy,2022-12-22,364.97613525390625
spy,2022-12-23,367.07562255859375
spy,2022-12-27,365.6280212402344
spy,2022-12-28,361.0841064453125
spy,2022-12-29,367.5837707519531
spy,2022-12-30,366.6154479980469
spy,2023-01-03,365.07208251953125
spy,2023-01-04,367.8905029296875
spy,2023-01-05,363.6916198730469
spy,2023-01-06,372.03179931640625
spy,2023-01-09,371.8209228515625
spy,2023-01-10,374.4284973144531
spy,2023-01-11,379.16412353515625
spy,2023-01-12,380.5445861816406
spy,2023-01-13,382.02093505859375
spy,2023-01-17,381.32110595703125
spy,2023-01-18,375.30084228515625
spy,2023-01-19,372.5687255859375
spy,2023-01-20,379.5093078613281
spy,2023-01-23,384.0628967285156
spy,2023-01-24,383.6506652832031
spy,2023-01-25,383.79443359375
spy,2023-01-26,388.01251220703125
spy,2023-01-27,388.9040222167969
spy,2023-01-30,384.02447509765625
spy,2023-01-31,389.6709289550781
spy,2023-02-01,393.8122863769531
spy,2023-02-02,399.54498291015625
spy,2023-02-03,395.2982177734375
spy,2023-02-06,392.88238525390625
spy,2023-02-07,398.0207824707031
spy,2023-02-08,393.66851806640625
spy,2023-02-09,390.25567626953125
spy,2023-02-10,391.1664733886719
spy,2023-02-13,395.75830078125
spy,2023-02-14,395.576171875
spy,2023-02-15,396.8608703613281
spy,2023-02-16,391.396484375
spy,2023-02-17,390.418701171875
spy,2023-02-21,382.5865783691406
spy,2023-02-22,382.0592956542969
spy,2023-02-23,384.09161376953125
spy,2023-02-24,379.98858642578125
spy,2023-02-27,381.28277587890625
spy,2023-02-28,379.8735656738281
spy,2023-03-01,378.4163818359375
spy,2023-03-02,381.3594665527344
spy,2023-03-03,387.4756164550781
spy,2023-03-06,387.7440185546875
spy,2023-03-07,381.8004455566406
spy,2023-03-08,382.423583984375
spy,2023-03-09,375.367919921875
spy,2023-03-10,369.9515686035156
spy,2023-03-13,369.42431640625
spy,2023-03-14,375.5309143066406
spy,2023-03-15,373.18218994140625
spy,2023-03-16,379.7297058105469
spy,2023-03-17,375.2897033691406
spy,2023-03-20,378.8982849121094
spy,2023-03-21,383.87347412109375
spy,2023-03-22,377.32977294921875
spy,2023-03-23,378.349853515625
spy,2023-03-24,380.8326110839844
spy,2023-03-27,381.54473876953125
spy,2023-03-28,380.688232421875
spy,2023-03-29,386.2214660644531
spy,2023-03-30,388.4829406738281
spy,2023-03-31,393.9584045410156
spy,2023-04-03,395.4596252441406
spy,2023-04-04,393.2656555175781
spy,2023-04-05,392.2359313964844
spy,2023-04-06,393.7660217285156
spy,2023-04-10,394.1701354980469
spy,2023-04-11,394.2759704589844
spy,2023-04-12,392.6689453125
spy,2023-04-13,397.8846435546875
spy,2023-04-14,396.91265869140625
spy,2023-04-17,398.3370056152344
spy,2023-04-18,398.59674072265625
spy,2023-04-19,398.5293884277344
spy,2023-04-20,396.3545837402344
spy,2023-04-21,396.66253662109375
spy,2023-04-24,397.0762939453125
spy,2023-04-25,390.773193359375
spy,2023-04-26,389.1180114746094
spy,2023-04-27,396.8645935058594
spy,2023-04-28,400.2518615722656
spy,2023-05-01,399.8477478027344
spy,2023-05-02,395.353759765625
spy,2023-05-03,392.6401062011719
spy,2023-05-04,389.8590393066406
spy,2023-05-05,397.0762939453125
spy,2023-05-08,397.1821594238281
spy,2023-05-09,395.44036865234375
spy,2023-05-10,397.28802490234375
spy,2023-05-11,396.5951232910156
spy,2023-05-12,396.0755615234375
spy,2023-05-15,397.4420166015625
spy,2023-05-16,394.7860107421875
spy,2023-05-17,399.57830810546875
spy,2023-05-18,403.42755126953125
spy,2023-05-19,402.84051513671875
spy,2023-05-22,403.0041198730469
spy,2023-05-23,398.48126220703125
spy,2023-05-24,395.5943908691406
spy,2023-05-25,399.0201110839844
spy,2023-05-26,404.1877746582031
spy,2023-05-30,404.34173583984375
spy,2023-05-31,402.099609375
spy,2023-06-01,405.9198913574219
spy,2023-06-02,411.78997802734375
spy,2023-06-05,411.00091552734375
spy,2023-06-06,411.89581298828125
spy,2023-06-07,410.4715881347656
spy,2023-06-08,412.9543151855469
spy,2023-06-09,413.6953125
spy,2023-06-12,417.44830322265625
spy,2023-06-13,420.2004699707031
spy,2023-06-14,420.7008361816406
spy,2023-06-15,425.9166259765625
spy,2023-06-16,424.4658203125
spy,2023-06-20,422.2636413574219
spy,2023-06-21,420.1000671386719
spy,2023-06-22,421.6165466308594
spy,2023-06-23,418.4290771484375
spy,2023-06-26,416.7194519042969
spy,2023-06-27,421.2881164550781
spy,2023-06-28,421.5005798339844
spy,2023-06-29,423.16192626953125
spy,2023-06-30,428.1555480957031
spy,2023-07-03,428.6481628417969
spy,2023-07-05,428.0106506347656
spy,2023-07-06,424.6590576171875
spy,2023-07-07,423.58685302734375
spy,2023-07-10,424.6590576171875
spy,2023-07-11,427.3634948730469
spy,2023-07-12,430.8020324707031
spy,2023-07-13,434.2212219238281
spy,2023-07-14,433.9508056640625
spy,2023-07-17,435.45758056640625
spy,2023-07-18,438.6932373046875
spy,2023-07-19,439.6688232421875
spy,2023-07-20,436.7518615722656
spy,2023-07-21,436.7518615722656
spy,2023-07-24,438.70294189453125
spy,2023-07-25,439.9006042480469
spy,2023-07-26,439.96826171875
spy,2023-07-27,437.0512390136719
spy,2023-07-28,441.3301696777344
spy,2023-07-31,442.1704406738281
spy,2023-08-01,440.9051208496094
spy,2023-08-02,434.7718505859375
spy,2023-08-03,433.5257873535156
spy,2023-08-04,431.5650939941406
spy,2023-08-07,435.33203125
spy,2023-08-08,433.43890380859375
spy,2023-08-09,430.541259765625
spy,2023-08-10,430.69580078125
spy,2023-08-11,430.4447021484375
spy,2023-08-14,432.82073974609375
spy,2023-08-15,427.77880859375
spy,2023-08-16,424.6396789550781
spy,2023-08-17,421.404052734375
spy,2023-08-18,421.60687255859375
spy,2023-08-21,424.3499755859375
spy,2023-08-22,423.20062255859375
spy,2023-08-23,427.9140625
spy,2023-08-24,421.9835510253906
spy,2023-08-25,424.95843505859375
spy,2023-08-28,427.65325927734375
spy,2023-08-29,433.8348693847656
spy,2023-08-30,435.62176513671875
spy,2023-08-31,434.9843444824219
spy,2023-09-01,435.7956848144531
spy,2023-09-05,433.91217041015625
spy,2023-09-06,430.9952087402344
spy,2023-09-07,429.6719665527344
spy,2023-09-08,430.319091796875
spy,2023-09-11,433.149169921875
spy,2023-09-12,430.7730712890625
spy,2023-09-13,431.2753601074219
spy,2023-09-14,434.99395751953125
spy,2023-09-15,429.7530212402344
spy,2023-09-18,430.0050354003906
spy,2023-09-19,429.11328125
spy,2023-09-20,425.1683044433594
spy,2023-09-21,418.1409606933594
spy,2023-09-22,417.2007141113281
spy,2023-09-25,418.95513916015625
spy,2023-09-26,412.8001708984375
spy,2023-09-27,412.9649353027344
spy,2023-09-28,415.35906982421875
spy,2023-09-29,414.35107421875
spy,2023-10-02,414.1863098144531
spy,2023-10-03,408.641845703125
spy,2023-10-04,411.6176452636719
spy,2023-10-05,411.4625549316406
spy,2023-10-06,416.3477783203125
spy,2023-10-09,419.0133361816406
spy,2023-10-10,421.1942138671875
spy,2023-10-11,422.9195556640625
spy,2023-10-12,420.3411560058594
spy,2023-10-13,418.2475280761719
spy,2023-10-16,422.64813232421875
spy,2023-10-17,422.6287536621094
spy,2023-10-18,416.9971618652344
spy,2023-10-19,413.3332824707031
spy,2023-10-20,408.25421142578125
spy,2023-10-23,407.5466003417969
spy,2023-10-24,410.6192932128906
spy,2023-10-25,404.7259521484375
spy,2023-10-26,399.8795471191406
spy,2023-10-27,398.0669250488281
spy,2023-10-30,402.82623291015625
spy,2023-10-31,405.3560791015625
spy,2023-11-01,409.6790771484375
spy,2023-11-02,417.5303039550781
spy,2023-11-03,421.3396301269531
spy,2023-11-06,422.30889892578125
spy,2023-11-07,423.51080322265625
spy,2023-11-08,423.8209533691406
spy,2023-11-09,420.51568603515625
spy,2023-11-10,427.0777282714844
spy,2023-11-13,426.67059326171875
spy,2023-11-14,434.94842529296875
spy,2023-11-15,435.86920166015625
spy,2023-11-16,436.40234375
spy,2023-11-17,436.9451599121094
spy,2023-11-20,440.3085632324219
spy,2023-11-21,439.3489685058594
spy,2023-11-22,441.04522705078125
spy,2023-11-24,441.3165588378906
spy,2023-11-27,440.52178955078125
spy,2023-11-28,440.9579772949219
spy,2023-11-29,440.6477966308594
spy,2023-11-30,442.3827819824219
spy,2023-12-01,444.9999084472656
spy,2023-12-04,442.6639709472656
spy,2023-12-05,442.57672119140625
spy,2023-12-06,440.7931823730469
spy,2023-12-07,444.1566467285156
spy,2023-12-08,446.0661315917969
spy,2023-12-11,447.8011474609375
spy,2023-12-12,449.8463439941406
spy,2023-12-13,456.0498046875
spy,2023-12-14,457.513427734375
spy,2023-12-15,456.7601013183594
spy,2023-12-18,459.3294677734375
spy,2023-12-19,462.1225891113281
spy,2023-12-20,455.7188415527344
spy,2023-12-21,460.0398864746094
spy,2023-12-22,460.96441650390625
spy,2023-12-26,462.91082763671875
spy,2023-12-27,463.7478332519531
spy,2023-12-28,463.9229736328125
spy,2023-12-29,462.5799560546875
spy,2024-01-02,459.9911804199219
spy,2024-01-03,456.234619140625
spy,2024-01-04,454.7650146484375
spy,2024-01-05,455.3879089355469
spy,2024-01-08,461.8889465332031
spy,2024-01-09,461.1882629394531
spy,2024-01-10,463.7965087890625
spy,2024-01-11,463.59210205078125
spy,2024-01-12,463.9132385253906
spy,2024-01-16,462.2101135253906
spy,2024-01-17,459.64080810546875
spy,2024-01-18,463.7283630371094
spy,2024-01-19,469.5093078613281
spy,2024-01-22,470.501953125
spy,2024-01-23,471.8741760253906
spy,2024-01-24,472.3899841308594
spy,2024-01-25,474.9593200683594
spy,2024-01-26,474.35589599609375
spy,2024-01-29,478.1124572753906
spy,2024-01-30,477.74267578125
spy,2024-01-31,469.9472351074219
spy,2024-02-01,476.09796142578125
spy,2024-02-02,481.1100769042969
spy,2024-02-05,479.35821533203125
spy,2024-02-06,480.7499694824219
spy,2024-02-07,484.7596435546875
spy,2024-02-08,484.97369384765625
spy,2024-02-09,487.776611328125
spy,2024-02-12,487.5624694824219
spy,2024-02-13,480.8472900390625
spy,2024-02-14,485.2170104980469
spy,2024-02-15,488.56488037109375
spy,2024-02-16,486.1318664550781
spy,2024-02-20,483.45550537109375
spy,2024-02-21,483.8934631347656
spy,2024-02-22,493.9078369140625
spy,2024-02-23,494.24853515625
spy,2024-02-26,492.4382629394531
spy,2024-02-27,493.3530578613281
spy,2024-02-28,492.7010498046875
spy,2024-02-29,494.4722900390625
spy,2024-03-01,499.1145935058594
spy,2024-03-04,498.579345703125
spy,2024-03-05,493.5964050292969
spy,2024-03-06,496.0975646972656
spy,2024-03-07,501.0220642089844
spy,2024-03-08,498.0148010253906
spy,2024-03-11,497.58660888671875
spy,2024-03-12,502.9393310546875
spy,2024-03-13,502.1509704589844
spy,2024-03-14,501.1583251953125
spy,2024-03-15,497.7170715332031
spy,2024-03-18,500.675048828125
spy,2024-03-19,503.4574279785156
spy,2024-03-20,508.114013671875
spy,2024-03-21,509.7931213378906
spy,2024-03-22,508.8266906738281
spy,2024-03-25,507.4208984375
spy,2024-03-26,506.4836730957031
spy,2024-03-27,510.7401123046875
spy,2024-03-28,510.6424560546875
spy,2024-04-01,509.7540588378906
spy,2024-04-02,506.5130615234375
spy,2024-04-03,507.0694274902344
spy,2024-04-04,500.880126953125
spy,2024-04-05,506.1127624511719
spy,2024-04-08,506.3958435058594
spy,2024-04-09,506.98162841796875
spy,2024-04-10,501.9051208496094
spy,2024-04-11,505.6929626464844
spy,2024-04-12,498.7128601074219
spy,2024-04-15,492.46490478515625
spy,2024-04-16,491.5667724609375
spy,2024-04-17,488.6575622558594
spy,2024-04-18,487.6520080566406
spy,2024-04-19,483.3955993652344
spy,2024-04-22,487.8472900390625
spy,2024-04-23,493.6363830566406
spy,2024-04-24,493.402099609375
spy,2024-04-25,491.5276794433594
spy,2024-04-26,496.1844177246094
spy,2024-04-29,497.9416198730469
spy,2024-04-30,490.05364990234375
spy,2024-05-01,488.4623107910156
spy,2024-05-02,493.0310974121094
spy,2024-05-03,499.14239501953125
spy,2024-05-06,504.296875
spy,2024-05-07,504.85333251953125
spy,2024-05-08,504.9022521972656
spy,2024-05-09,507.81134033203125
spy,2024-05-10,508.4655456542969
spy,2024-05-13,508.5337829589844
spy,2024-05-14,510.8670959472656
spy,2024-05-15,517.193115234375
spy,2024-05-16,516.1289672851562
spy,2024-05-17,516.8710327148438
spy,2024-05-20,517.4664916992188
spy,2024-05-21,518.7355346679688
spy,2024-05-22,517.2418823242188
spy,2024-05-23,513.4638061523438
spy,2024-05-24,516.8611450195312
spy,2024-05-28,517.2223510742188
spy,2024-05-29,513.6004638671875
spy,2024-05-30,510.1934509277344
spy,2024-05-31,514.8403930664062
spy,2024-06-03,515.2601928710938
spy,2024-06-04,515.8361206054688
spy,2024-06-05,521.9669189453125
spy,2024-06-06,521.9570922851562
spy,2024-06-07,521.3225708007812
spy,2024-06-10,522.9332885742188
spy,2024-06-11,524.1927490234375
spy,2024-06-12,528.4979248046875
spy,2024-06-13,529.56201171875
spy,2024-06-14,529.8842163085938
spy,2024-06-17,534.1015625
spy,2024-06-18,535.4585571289062
spy,2024-06-20,534.00390625
spy,2024-06-21,533.2880859375
spy,2024-06-24,531.5545043945312
spy,2024-06-25,533.6014404296875
spy,2024-06-26,534.2674560546875
spy,2024-06-27,535.1096801757812
spy,2024-06-28,533.0039672851562
spy,2024-07-01,534.1009521484375
spy,2024-07-02,537.6952514648438
spy,2024-07-03,540.0948486328125
spy,2024-07-05,543.2092895507812
spy,2024-07-08,543.8360595703125
spy,2024-07-09,544.3649291992188
spy,2024-07-10,549.7515258789062
spy,2024-07-11,545.0113525390625
spy,2024-07-12,548.4490356445312
spy,2024-07-15,549.957275390625
spy,2024-07-16,553.2186889648438
spy,2024-07-17,545.4618530273438
spy,2024-07-18,541.2700805664062
spy,2024-07-19,537.6756591796875
spy,2024-07-22,543.2190551757812
spy,2024-07-23,542.3670043945312
spy,2024-07-24,530.0755615234375
spy,2024-07-25,527.313720703125
spy,2024-07-26,533.2194213867188
spy,2024-07-29,533.5328369140625
spy,2024-07-30,530.8297729492188
spy,2024-07-31,539.4581909179688
spy,2024-08-01,531.8189697265625
spy,2024-08-02,521.9172973632812
spy,2024-08-05,506.7171325683594
spy,2024-08-06,511.388916015625
spy,2024-08-07,507.9707946777344
spy,2024-08-08,519.7137451171875
spy,2024-08-09,522.0054321289062
spy,2024-08-12,522.2796630859375
spy,2024-08-13,530.8689575195312
spy,2024-08-14,532.543701171875
spy,2024-08-15,541.6716918945312
spy,2024-08-16,542.8860473632812
spy,2024-08-19,548.0768432617188
spy,2024-08-20,547.185546875
spy,2024-08-21,549.0660400390625
spy,2024-08-22,544.7566528320312
spy,2024-08-23,550.5448608398438
spy,2024-08-26,549.2325439453125
spy,2024-08-27,549.9866943359375
spy,2024-08-28,546.7938232421875
spy,2024-08-29,546.8427734375
spy,2024-08-30,552.0629272460938
spy,2024-09-03,540.7020874023438
spy,2024-09-04,539.5953979492188
spy,2024-09-05,538.282958984375
spy,2024-09-06,529.2235717773438
spy,2024-09-09,535.1488037109375
spy,2024-09-10,537.4798583984375
spy,2024-09-11,542.9937744140625
spy,2024-09-12,547.567626953125
spy,2024-09-13,550.427490234375
spy,2024-09-16,551.2402954101562
spy,2024-09-17,551.465576171875
spy,2024-09-18,549.8300170898438
spy,2024-09-19,559.2124633789062
spy,2024-09-20,558.2459106445312
spy,2024-09-23,559.6408081054688
spy,2024-09-24,561.2421264648438
spy,2024-09-25,560.0043334960938
spy,2024-09-26,562.2245483398438
spy,2024-09-27,561.4090576171875
spy,2024-09-30,563.6588134765625
spy,2024-10-01,558.6093139648438
spy,2024-10-02,558.8450317382812
spy,2024-10-03,557.8234252929688
spy,2024-10-04,562.8925170898438
spy,2024-10-07,557.8037109375
spy,2024-10-08,563.0791625976562
spy,2024-10-09,566.9793701171875
spy,2024-10-10,565.9871215820312
spy,2024-10-11,569.3763427734375
spy,2024-10-14,574.0328369140625
spy,2024-10-15,569.5728759765625
spy,2024-10-16,572.0485229492188
spy,2024-10-17,572.0975341796875
spy,2024-10-18,574.298095703125
spy,2024-10-21,573.3550415039062
spy,2024-10-22,573.050537109375
spy,2024-10-23,567.8143310546875
spy,2024-10-24,569.0424194335938
spy,2024-10-25,568.8458251953125
spy,2024-10-28,570.6043701171875
spy,2024-10-29,571.52783203125
spy,2024-10-30,569.7987670898438
spy,2024-10-31,558.6289672851562
spy,2024-11-01,560.9866943359375
spy,2024-11-04,559.7783813476562
spy,2024-11-05,566.5470581054688
spy,2024-11-06,580.6345825195312
spy,2024-11-07,585.124267578125
spy,2024-11-08,587.65869140625
spy,2024-11-11,588.2186889648438
spy,2024-11-12,586.3914184570312
spy,2024-11-13,586.6763305664062
spy,2024-11-14,582.9039306640625
spy,2024-11-15,575.437744140625
spy,2024-11-18,577.7954711914062
spy,2024-11-19,579.9076538085938
spy,2024-11-20,580.1041259765625
spy,2024-11-21,583.2183227539062
spy,2024-11-22,585.02587890625
spy,2024-11-25,587.0103759765625
spy,2024-11-26,590.075439453125
spy,2024-11-27,588.2874755859375
spy,2024-11-29,591.94189453125
spy,2024-12-02,593.0029296875
spy,2024-12-03,593.2780151367188
spy,2024-12-04,596.9619140625
spy,2024-12-05,595.9796142578125
spy,2024-12-06,597.1093139648438
spy,2024-12-09,594.0344848632812
spy,2024-12-10,592.1875610351562
spy,2024-12-11,596.7655029296875
spy,2024-12-12,593.690673828125
spy,2024-12-13,593.5726928710938
spy,2024-12-16,596.1072998046875
spy,2024-12-17,593.6513061523438
spy,2024-12-18,575.9584350585938
spy,2024-12-19,575.7815551757812
spy,2024-12-20,582.697265625
spy,2024-12-23,586.1866455078125
spy,2024-12-24,592.7020874023438
spy,2024-12-26,592.7416381835938
spy,2024-12-27,586.5020751953125
spy,2024-12-30,579.8092041015625
spy,2024-12-31,577.6997680664062
spy,2025-01-02,576.2803344726562
spy,2025-01-03,583.48583984375
spy,2025-01-06,586.8470458984375
spy,2025-01-07,580.2133178710938
spy,2025-01-08,581.0609741210938
spy,2025-01-10,572.1896362304688
spy,2025-01-13,573.0767822265625
spy,2025-01-14,573.8653564453125
spy,2025-01-15,584.3040161132812
spy,2025-01-16,583.1802368164062
spy,2025-01-17,589.0353393554688
spy,2025-01-21,594.4271240234375
spy,2025-01-22,597.7685546875
spy,2025-01-23,601.0313110351562
spy,2025-01-24,599.2767333984375
spy,2025-01-27,590.7996826171875
spy,2025-01-28,595.8760375976562
spy,2025-01-29,593.204833984375
spy,2025-01-30,596.3885498046875
spy,2025-01-31,593.2147216796875
spy,2025-02-03,589.2225341796875
spy,2025-02-04,593.1752319335938
spy,2025-02-05,595.5803833007812
spy,2025-02-06,597.6503295898438
spy,2025-02-07,592.1796875
spy,2025-02-10,596.2012329101562
spy,2025-02-11,596.6547241210938
spy,2025-02-12,594.732666015625
spy,2025-02-13,601.0115966796875
spy,2025-02-14,600.9819946289062
spy,2025-02-18,602.7463989257812
spy,2025-02-19,604.1658325195312
spy,2025-02-20,601.65234375
spy,2025-02-21,591.361572265625
spy,2025-02-24,588.670654296875
spy,2025-02-25,585.7431030273438
spy,2025-02-26,586.0386962890625
spy,2025-02-27,576.6844482421875
spy,2025-02-28,585.6838989257812
spy,2025-03-03,575.4227905273438
spy,2025-03-04,568.6116333007812
spy,2025-03-05,574.722900390625
spy,2025-03-06,564.52099609375
spy,2025-03-07,567.68505859375
spy,2025-03-10,552.5643920898438
spy,2025-03-11,547.9710083007812
spy,2025-03-12,550.8787841796875
spy,2025-03-13,543.5353393554688
spy,2025-03-14,554.762451171875
spy,2025-03-17,559.0404052734375
spy,2025-03-18,552.9981079101562
spy,2025-03-19,559.0206909179688
spy,2025-03-20,557.4041748046875
spy,2025-03-21,557.5880126953125
spy,2025-03-24,567.5736083984375
spy,2025-03-25,568.93798828125
spy,2025-03-26,562.1458740234375
spy,2025-03-27,560.6528930664062
spy,2025-03-28,549.3623046875
spy,2025-03-31,553.0501098632812
spy,2025-04-01,554.6121215820312
spy,2025-04-02,558.1219482421875
spy,2025-04-03,530.6173095703125
spy,2025-04-04,499.5533447265625
spy,2025-04-07,498.6635437011719
spy,2025-04-08,490.8531188964844
spy,2025-04-09,542.4021606445312
spy,2025-04-10,518.6346435546875
spy,2025-04-11,527.8884887695312
spy,2025-04-14,533.0098266601562
spy,2025-04-15,531.5169067382812
spy,2025-04-16,519.7022705078125
spy,2025-04-17,520.44384765625
spy,2025-04-21,508.0558776855469
spy,2025-04-22,521.2743530273438
spy,2025-04-23,529.3516845703125
spy,2025-04-24,540.4940185546875
spy,2025-04-25,544.3993530273438
spy,2025-04-28,544.6068115234375
spy,2025-04-29,548.03759765625
spy,2025-04-30,548.2550048828125
spy,2025-05-01,552.1405029296875
spy,2025-05-02,560.3365478515625
spy,2025-05-05,557.1234130859375
spy,2025-05-06,552.466796875
spy,2025-05-07,554.7902221679688
spy,2025-05-08,558.6558227539062
spy,2025-05-09,557.9439697265625
spy,2025-05-12,576.382568359375
spy,2025-05-13,580.18896484375
spy,2025-05-14,580.9304809570312
spy,2025-05-15,583.7679443359375
spy,2025-05-16,587.465576171875
spy,2025-05-19,588.108154296875
spy,2025-05-20,586.130859375
spy,2025-05-21,576.2540893554688
spy,2025-05-22,576.4815063476562
spy,2025-05-23,572.5465087890625
spy,2025-05-27,584.4501342773438
spy,2025-05-28,581.06884765625
spy,2025-05-29,583.3626098632812
spy,2025-05-30,582.7100830078125
spy,2025-06-02,585.992431640625
spy,2025-06-03,589.3341674804688
spy,2025-06-04,589.176025390625
spy,2025-06-05,586.3285522460938
spy,2025-06-06,592.349609375
spy,2025-06-09,592.8834228515625
spy,2025-06-10,596.2449340820312
spy,2025-06-11,594.5443725585938
spy,2025-06-12,596.9072875976562
spy,2025-06-13,590.2338256835938
spy,2025-06-16,595.8494873046875
spy,2025-06-17,590.7578125
spy,2025-06-18,590.6688232421875
spy,2025-06-20,589.2816162109375
spy,2025-06-23,595.1021728515625
spy,2025-06-24,601.676513671875
spy,2025-06-25,602.0135498046875
spy,2025-06-26,606.7236328125
spy,2025-06-27,609.7380981445312
spy,2025-06-30,612.6533203125
spy,2025-07-01,612.455078125
spy,2025-07-02,615.2315063476562
spy,2025-07-03,620.0803833007812
spy,2025-07-07,615.4595336914062
spy,2025-07-08,615.1224365234375
spy,2025-07-09,618.8110961914062
spy,2025-07-10,620.5563354492188
spy,2025-07-11,618.3748168945312
spy,2025-07-14,619.5548095703125
spy,2025-07-15,616.9072875976562
spy,2025-07-16,618.9697265625
spy,2025-07-17,622.7576293945312
spy,2025-07-18,622.301513671875
spy,2025-07-21,623.4815063476562
spy,2025-07-22,623.5706787109375
spy,2025-07-23,628.8757934570312
spy,2025-07-24,629.083984375
spy,2025-07-25,631.741455078125
spy,2025-07-28,631.582763671875
spy,2025-07-29,629.9169311523438
spy,2025-07-30,629.1236572265625
spy,2025-07-31,626.763671875
spy,2025-08-01,616.4907836914062
spy,2025-08-04,625.8612670898438
spy,2025-08-05,622.6881713867188
spy,2025-08-06,627.4578247070312
spy,2025-08-07,626.9322509765625
spy,2025-08-08,631.82080078125
spy,2025-08-11,630.5712890625
spy,2025-08-12,637.284423828125
spy,2025-08-13,639.4659423828125
spy,2025-08-14,639.5254516601562
spy,2025-08-15,638.0281372070312
spy,2025-08-18,637.8892822265625
spy,2025-08-19,634.4286499023438
spy,2025-08-20,632.7429809570312
spy,2025-08-21,630.2044677734375
spy,2025-08-22,639.88232421875
spy,2025-08-25,637.0662231445312
spy,2025-08-26,639.733642578125
spy,2025-08-27,641.1912841796875
spy,2025-08-28,643.4620361328125
spy,2025-08-29,639.6245727539062
spy,2025-09-02,634.884765625
spy,2025-09-03,638.3255615234375
spy,2025-09-04,643.6603393554688
spy,2025-09-05,641.7960815429688
spy,2025-09-08,643.372802734375
spy,2025-09-09,644.8601684570312
spy,2025-09-10,646.724365234375
spy,2025-09-11,652.0987548828125
spy,2025-09-12,651.8805541992188
spy,2025-09-15,655.3511352539062
spy,2025-09-16,654.4488525390625
spy,2025-09-17,653.6357421875
spy,2025-09-18,656.6898193359375
spy,2025-09-19,659.9423217773438
spy,2025-09-22,663.0645751953125
spy,2025-09-23,659.4551391601562
spy,2025-09-24,657.3569946289062
spy,2025-09-25,654.3242797851562
spy,2025-09-26,658.072998046875
spy,2025-09-29,659.9224243164062
spy,2025-09-30,662.4082641601562
spy,2025-10-01,664.6654052734375
spy,2025-10-02,665.4309692382812
spy,2025-10-03,665.421142578125
spy,2025-10-06,667.8074951171875
spy,2025-10-07,665.3316040039062
spy,2025-10-08,669.2990112304688
spy,2025-10-09,667.3600463867188
spy,2025-10-10,649.32275390625
spy,2025-10-13,659.2860107421875
spy,2025-10-14,658.4805908203125
spy,2025-10-15,661.4039306640625
spy,2025-10-16,656.8995971679688
spy,2025-10-17,660.62841796875
spy,2025-10-20,667.499267578125
spy,2025-10-21,667.4893188476562
spy,2025-10-22,664.0191040039062
spy,2025-10-23,667.9566650390625
spy,2025-10-24,673.4155883789062
spy,2025-10-27,681.3603515625
spy,2025-10-28,683.1700439453125
spy,2025-10-29,683.4982299804688
spy,2025-10-30,675.9810180664062
spy,2025-10-31,678.1983032226562
spy,2025-11-03,679.4711303710938
spy,2025-11-04,671.4169921875
spy,2025-11-05,673.7437133789062
spy,2025-11-06,666.514892578125
spy,2025-11-07,667.1710815429688
spy,2025-11-10,677.5818481445312
spy,2025-11-11,679.1329956054688
spy,2025-11-12,679.5109252929688
spy,2025-11-13,668.235107421875
spy,2025-11-14,668.1256713867188
spy,2025-11-17,661.901123046875
spy,2025-11-18,656.3427734375
spy,2025-11-19,658.8783569335938
spy,2025-11-20,648.8355712890625
spy,2025-11-21,655.2987670898438
spy,2025-11-24,664.9437866210938
spy,2025-11-25,671.1982421875
spy,2025-11-26,675.8318481445312
spy,2025-11-28,679.5208129882812
spy,2025-12-01,676.41845703125
spy,2025-12-02,677.67138671875
spy,2025-12-03,680.0180053710938
spy,2025-12-04,680.51513671875
spy,2025-12-05,681.8078002929688
spy,2025-12-08,679.7594604492188
spy,2025-12-09,679.1727905273438
spy,2025-12-10,683.6771850585938
spy,2025-12-11,685.26806640625
spy,2025-12-12,677.9000854492188
spy,2025-12-15,676.8758544921875
spy,2025-12-16,675.0264282226562
spy,2025-12-17,667.5986938476562
spy,2025-12-18,672.6399536132812
spy,2025-12-19,678.7363891601562
spy,2025-12-22,682.96484375
spy,2025-12-23,686.0863037109375
spy,2025-12-24,688.4996948242188
spy,2025-12-26,688.4298706054688
spy,2025-12-29,685.9765625
spy,2025-12-30,685.138916015625
spy,2025-12-31,680.062744140625
spy,2026-01-02,681.309326171875
spy,2026-01-05,685.846923828125
spy,2026-01-06,689.92578125
spy,2026-01-07,687.701904296875
spy,2026-01-08,687.632080078125
spy,2026-01-09,692.1796264648438
spy,2026-01-12,693.2666625976562
spy,2026-01-13,691.8804931640625
spy,2026-01-14,688.479736328125
spy,2026-01-15,690.3546142578125
spy,2026-01-16,689.7761840820312
spy,2026-01-20,675.7345581054688
spy,2026-01-21,683.5332641601562
spy,2026-01-22,687.103515625
spy,2026-01-23,687.352783203125
spy,2026-01-26,690.84326171875
spy,2026-01-27,693.5957641601562
spy,2026-01-28,693.5259399414062
spy,2026-01-29,692.1497192382812
spy,2026-01-30,690.0853271484375
spy,2026-02-02,693.5159912109375
spy,2026-02-03,687.6520385742188
spy,2026-02-04,684.3211059570312
spy,2026-02-05,675.7744750976562
spy,2026-02-06,688.739013671875
spy,2026-02-09,692.0599975585938
spy,2026-02-10,690.2349243164062
spy,2026-02-11,690.075439453125
spy,2026-02-12,679.41455078125
spy,2026-02-13,679.8931884765625
spy,2026-02-17,680.9901733398438
spy,2026-02-18,684.4208374023438
spy,2026-02-19,682.61572265625
spy,2026-02-20,687.5523071289062
spy,2026-02-23,680.531494140625
spy,2026-02-24,685.4779052734375
spy,2026-02-25,691.26220703125
spy,2026-02-26,687.422607421875
spy,2026-02-27,684.1216430664062
spy,2026-03-02,684.5106201171875
spy,2026-03-03,678.4771118164062
spy,2026-03-04,683.2639770507812
spy,2026-03-05,679.4544067382812
spy,2026-03-06,670.5487060546875
spy,2026-03-09,676.4227294921875
spy,2026-03-10,675.3356323242188
spy,2026-03-11,674.4879760742188
spy,2026-03-12,664.2459106445312
spy,2026-03-13,660.4862060546875
spy,2026-03-16,667.2078857421875
spy,2026-03-17,668.9630126953125
spy,2026-03-18,659.6285400390625
spy,2026-03-19,658.0029907226562
spy,2026-03-20,648.5700073242188
spy,2026-03-23,655.3800048828125
spy,2026-03-24,653.1799926757812
spy,2026-03-25,656.8200073242188
spy,2026-03-26,645.0900268554688
spy,2026-03-27,634.0900268554688
spy,2026-03-30,631.969970703125
spy,2026-03-31,650.3400268554688
spy,2026-04-01,655.239990234375
spy,2026-04-02,655.8300170898438
spy,2026-04-06,658.9299926757812
spy,2026-04-07,659.219970703125
spy,2026-04-08,676.010009765625
