Item_Id,Date,Price
spy,1993-01-29,24.175392150878906
spy,1993-02-01,24.347318649291992
spy,1993-02-02,24.398916244506836
spy,1993-02-03,24.656824111938477
spy,1993-02-04,24.76000213623047
spy,1993-02-05,24.742794036865234
spy,1993-02-08,24.742794036865234
spy,1993-02-09,24.570852279663086
spy,1993-02-10,24.605247497558594
spy,1993-02-11,24.725597381591797
spy,1993-02-12,24.536453247070312
spy,1993-02-16,23.9174747467041
spy,1993-02-17,23.900279998779297
spy,1993-02-18,23.88308334350586
spy,1993-02-19,23.96904182434082
spy,1993-02-22,24.05501937866211
spy,1993-02-23,24.037824630737305
spy,1993-02-24,24.347318649291992
spy,1993-02-25,24.398916244506836
spy,1993-02-26,24.433298110961914
spy,1993-03-01,24.364521026611328
spy,1993-03-02,24.725597381591797
spy,1993-03-03,24.828771591186523
spy,1993-03-04,24.69122886657715
spy,1993-03-05,24.622440338134766
spy,1993-03-08,25.172653198242188
spy,1993-03-09,25.086694717407227
spy,1993-03-10,25.138259887695312
spy,1993-03-11,25.069499969482422
spy,1993-03-12,24.811574935913086
spy,1993-03-15,24.931949615478516
spy,1993-03-16,24.931949615478516
spy,1993-03-17,24.777204513549805
spy,1993-03-18,24.931949615478516
spy,1993-03-19,24.894222259521484
spy,1993-03-22,24.756004333496094
spy,1993-03-23,24.80784034729004
spy,1993-03-24,24.80784034729004
spy,1993-03-25,24.96331787109375
spy,1993-03-26,24.825103759765625
spy,1993-03-29,24.928760528564453
spy,1993-03-30,24.99785041809082
spy,1993-03-31,24.980592727661133
spy,1993-04-01,24.894222259521484
spy,1993-04-02,24.375926971435547
spy,1993-04-05,24.496870040893555
spy,1993-04-06,24.42776107788086
spy,1993-04-07,24.51414680480957
spy,1993-04-08,24.479589462280273
spy,1993-04-12,24.825103759765625
spy,1993-04-13,24.876935958862305
spy,1993-04-14,24.84236717224121
spy,1993-04-15,24.84236717224121
spy,1993-04-16,24.84236717224121
spy,1993-04-19,24.738725662231445
spy,1993-04-20,24.617807388305664
spy,1993-04-21,24.600528717041016
spy,1993-04-22,24.289567947387695
spy,1993-04-23,24.1859073638916
spy,1993-04-26,23.995878219604492
spy,1993-04-27,24.255016326904297
spy,1993-04-28,24.20319366455078
spy,1993-04-29,24.30683708190918
spy,1993-04-30,24.34139060974121
spy,1993-05-03,24.496870040893555
spy,1993-05-04,24.583253860473633
spy,1993-05-05,24.65233612060547
spy,1993-05-06,24.565969467163086
spy,1993-05-07,24.51414680480957
spy,1993-05-10,24.565969467163086
spy,1993-05-11,24.66962242126465
spy,1993-05-12,24.635072708129883
spy,1993-05-13,24.34139060974121
spy,1993-05-14,24.324106216430664
spy,1993-05-17,24.410490036010742
spy,1993-05-18,24.393224716186523
spy,1993-05-19,24.894222259521484
spy,1993-05-20,24.96331787109375
spy,1993-05-21,24.738725662231445
spy,1993-05-24,24.84236717224121
spy,1993-05-25,24.894222259521484
spy,1993-05-26,25.205175399780273
spy,1993-05-27,25.118804931640625
spy,1993-05-28,24.99785041809082
spy,1993-06-01,25.239721298217773
spy,1993-06-02,25.205175399780273
spy,1993-06-03,25.118804931640625
spy,1993-06-04,25.032405853271484
spy,1993-06-07,24.946035385131836
spy,1993-06-08,24.72145652770996
spy,1993-06-09,24.80784034729004
spy,1993-06-10,24.825103759765625
spy,1993-06-11,24.928760528564453
spy,1993-06-14,24.894222259521484
spy,1993-06-15,24.84236717224121
spy,1993-06-16,24.894222259521484
spy,1993-06-17,24.980592727661133
spy,1993-06-18,24.77488136291504
spy,1993-06-21,24.827056884765625
spy,1993-06-22,24.844463348388672
spy,1993-06-23,24.6182918548584
spy,1993-06-24,24.9488468170166
spy,1993-06-25,24.93146324157715
spy,1993-06-28,25.209821701049805
spy,1993-06-29,25.088035583496094
spy,1993-06-30,25.088035583496094
spy,1993-07-01,25.0184383392334
spy,1993-07-02,24.879276275634766
spy,1993-07-06,24.6182918548584
spy,1993-07-07,24.687881469726562
spy,1993-07-08,24.96624755859375
spy,1993-07-09,25.035842895507812
spy,1993-07-12,25.0184383392334
spy,1993-07-13,25.00105094909668
spy,1993-07-14,25.088035583496094
spy,1993-07-15,24.983657836914062
spy,1993-07-16,24.9140625
spy,1993-07-19,24.896656036376953
spy,1993-07-20,24.96624755859375
spy,1993-07-21,24.9488468170166
spy,1993-07-22,24.77488136291504
spy,1993-07-23,24.896656036376953
spy,1993-07-26,25.035842895507812
spy,1993-07-27,25.0184383392334
spy,1993-07-28,24.96624755859375
spy,1993-07-29,25.10542869567871
spy,1993-07-30,24.96624755859375
spy,1993-08-02,25.035842895507812
spy,1993-08-03,25.053241729736328
spy,1993-08-04,25.053241729736328
spy,1993-08-05,25.00105094909668
spy,1993-08-06,25.035842895507812
spy,1993-08-09,25.17502784729004
spy,1993-08-10,25.157634735107422
spy,1993-08-11,25.157634735107422
spy,1993-08-12,25.088035583496094
spy,1993-08-13,25.12283706665039
spy,1993-08-16,25.26201629638672
spy,1993-08-17,25.348995208740234
spy,1993-08-18,25.488201141357422
spy,1993-08-19,25.488201141357422
spy,1993-08-20,25.50558090209961
spy,1993-08-23,25.45340919494629
spy,1993-08-24,25.73177146911621
spy,1993-08-25,25.749156951904297
spy,1993-08-26,25.76654624938965
spy,1993-08-27,25.749156951904297
spy,1993-08-30,25.85354995727539
spy,1993-08-31,25.923139572143555
spy,1993-09-01,25.888347625732422
spy,1993-09-02,25.801345825195312
spy,1993-09-03,25.818754196166992
spy,1993-09-07,25.644773483276367
spy,1993-09-08,25.557781219482422
spy,1993-09-09,25.609970092773438
spy,1993-09-10,25.836164474487305
spy,1993-09-13,25.85354995727539
spy,1993-09-14,25.749156951904297
spy,1993-09-15,25.818754196166992
spy,1993-09-16,25.714365005493164
spy,1993-09-17,25.66449546813965
spy,1993-09-20,25.454431533813477
spy,1993-09-21,25.366893768310547
spy,1993-09-22,25.576982498168945
spy,1993-09-23,25.71702766418457
spy,1993-09-24,25.64700698852539
spy,1993-09-27,25.927112579345703
spy,1993-09-28,25.874584197998047
spy,1993-09-29,25.787052154541016
spy,1993-09-30,25.734521865844727
spy,1993-10-01,25.857084274291992
spy,1993-10-04,25.892091751098633
spy,1993-10-05,25.857084274291992
spy,1993-10-06,25.83957862854004
spy,1993-10-07,25.76954460144043
spy,1993-10-08,25.804555892944336
spy,1993-10-11,25.857084274291992
spy,1993-10-12,25.892091751098633
spy,1993-10-13,25.892091751098633
spy,1993-10-14,26.224706649780273
spy,1993-10-15,26.36476707458496
spy,1993-10-18,26.29474639892578
spy,1993-10-19,26.102169036865234
spy,1993-10-20,26.13719367980957
spy,1993-10-21,26.102169036865234
spy,1993-10-22,25.97962760925293
spy,1993-10-25,26.049646377563477
spy,1993-10-26,26.03214454650879
spy,1993-10-27,26.049646377563477
spy,1993-10-28,26.242225646972656
spy,1993-10-29,26.242225646972656
spy,1993-11-01,26.312255859375
spy,1993-11-02,26.29474639892578
spy,1993-11-03,25.96211051940918
spy,1993-11-04,25.682010650634766
spy,1993-11-05,25.804555892944336
spy,1993-11-08,25.83957862854004
spy,1993-11-09,25.857084274291992
spy,1993-11-10,26.049646377563477
spy,1993-11-11,25.97962760925293
spy,1993-11-12,26.102169036865234
spy,1993-11-15,26.084665298461914
spy,1993-11-16,26.20721435546875
spy,1993-11-17,26.06717300415039
spy,1993-11-18,25.99713897705078
spy,1993-11-19,25.944616317749023
spy,1993-11-22,25.787052154541016
spy,1993-11-23,25.927112579345703
spy,1993-11-24,26.03214454650879
spy,1993-11-26,26.049646377563477
spy,1993-11-29,25.944616317749023
spy,1993-11-30,25.96211051940918
spy,1993-12-01,25.99713897705078
spy,1993-12-02,26.06717300415039
spy,1993-12-03,26.172203063964844
spy,1993-12-06,26.259729385375977
spy,1993-12-07,26.242225646972656
spy,1993-12-08,26.242225646972656
spy,1993-12-09,26.154695510864258
spy,1993-12-10,26.102169036865234
spy,1993-12-13,26.259729385375977
spy,1993-12-14,26.06717300415039
spy,1993-12-15,26.03214454650879
spy,1993-12-16,26.119686126708984
spy,1993-12-17,26.263229370117188
spy,1993-12-20,26.298479080200195
spy,1993-12-21,26.210351943969727
spy,1993-12-22,26.386608123779297
spy,1993-12-23,26.368980407714844
spy,1993-12-27,26.51000213623047
spy,1993-12-28,26.562864303588867
spy,1993-12-29,26.527629852294922
spy,1993-12-30,26.42186164855957
spy,1993-12-31,26.28084945678711
spy,1994-01-03,26.210351943969727
spy,1994-01-04,26.316091537475586
spy,1994-01-05,26.368980407714844
spy,1994-01-06,26.368980407714844
spy,1994-01-07,26.527629852294922
spy,1994-01-10,26.844898223876953
spy,1994-01-11,26.792036056518555
spy,1994-01-12,26.703886032104492
spy,1994-01-13,26.633377075195312
spy,1994-01-14,26.739137649536133
spy,1994-01-17,26.739137649536133
spy,1994-01-18,26.774404525756836
spy,1994-01-19,26.703886032104492
spy,1994-01-20,26.774404525756836
spy,1994-01-21,26.721508026123047
spy,1994-01-24,26.61574935913086
spy,1994-01-25,26.61574935913086
spy,1994-01-26,26.686256408691406
spy,1994-01-27,26.933019638061523
spy,1994-01-28,27.003522872924805
spy,1994-01-31,27.197420120239258
spy,1994-02-01,27.056406021118164
spy,1994-02-02,27.232662200927734
spy,1994-02-03,27.109283447265625
spy,1994-02-04,26.492372512817383
spy,1994-02-07,26.61574935913086
spy,1994-02-08,26.633377075195312
spy,1994-02-09,26.739137649536133
spy,1994-02-10,26.51000213623047
spy,1994-02-11,26.59813117980957
spy,1994-02-14,26.633377075195312
spy,1994-02-15,26.774404525756836
spy,1994-02-16,26.75676727294922
spy,1994-02-17,26.59813117980957
spy,1994-02-18,26.439491271972656
spy,1994-02-22,26.703886032104492
spy,1994-02-23,26.633377075195312
spy,1994-02-24,26.28084945678711
spy,1994-02-25,26.404245376586914
spy,1994-02-28,26.404245376586914
spy,1994-03-01,26.298479080200195
spy,1994-03-02,26.333738327026367
spy,1994-03-03,26.263229370117188
spy,1994-03-04,26.333738327026367
spy,1994-03-07,26.47473907470703
spy,1994-03-08,26.368980407714844
spy,1994-03-09,26.492372512817383
spy,1994-03-10,26.28084945678711
spy,1994-03-11,26.42186164855957
spy,1994-03-14,26.457117080688477
spy,1994-03-15,26.439491271972656
spy,1994-03-16,26.650997161865234
spy,1994-03-17,26.650997161865234
spy,1994-03-18,26.64519500732422
spy,1994-03-21,26.574283599853516
spy,1994-03-22,26.64519500732422
spy,1994-03-23,26.62746238708496
spy,1994-03-24,26.30835723876953
spy,1994-03-25,26.060157775878906
spy,1994-03-28,26.095617294311523
spy,1994-03-29,25.581499099731445
spy,1994-03-30,25.22695541381836
spy,1994-03-31,25.297855377197266
spy,1994-04-04,24.907840728759766
spy,1994-04-05,25.421960830688477
spy,1994-04-06,25.421960830688477
spy,1994-04-07,25.54606819152832
spy,1994-04-08,25.351055145263672
spy,1994-04-11,25.45741844177246
spy,1994-04-12,25.421960830688477
spy,1994-04-13,25.289003372192383
spy,1994-04-14,25.297855377197266
spy,1994-04-15,25.297855377197266
spy,1994-04-18,25.129459381103516
spy,1994-04-19,25.16490364074707
spy,1994-04-20,25.138303756713867
spy,1994-04-21,25.475149154663086
spy,1994-04-22,25.44856071472168
spy,1994-04-25,25.714473724365234
spy,1994-04-26,25.687870025634766
spy,1994-04-28,25.501731872558594
spy,1994-04-29,25.581499099731445
spy,1994-05-02,25.74104881286621
spy,1994-05-03,25.714473724365234
spy,1994-05-04,25.670143127441406
spy,1994-05-05,25.63469123840332
spy,1994-05-06,25.386497497558594
spy,1994-05-09,25.16490364074707
spy,1994-05-10,25.35991859436035
spy,1994-05-11,25.129459381103516
spy,1994-05-12,25.2535457611084
spy,1994-05-13,25.2535457611084
spy,1994-05-16,25.262420654296875
spy,1994-05-17,25.63469123840332
spy,1994-05-18,25.820833206176758
spy,1994-05-19,25.944934844970703
spy,1994-05-20,25.847431182861328
spy,1994-05-23,25.803115844726562
spy,1994-05-24,25.909481048583984
spy,1994-05-25,25.98038673400879
spy,1994-05-26,25.99811363220215
spy,1994-05-27,26.024723052978516
spy,1994-05-31,25.989253997802734
spy,1994-06-01,26.104501724243164
spy,1994-06-02,26.077884674072266
spy,1994-06-03,26.22857666015625
spy,1994-06-06,26.219715118408203
spy,1994-06-07,26.18426513671875
spy,1994-06-08,25.97153091430664
spy,1994-06-09,26.11334800720215
spy,1994-06-10,26.15767478942871
spy,1994-06-13,26.193124771118164
spy,1994-06-14,26.397008895874023
spy,1994-06-15,26.29062271118164
spy,1994-06-16,26.343807220458984
spy,1994-06-17,26.196779251098633
spy,1994-06-20,25.973712921142578
spy,1994-06-21,25.750627517700195
spy,1994-06-22,25.848783493041992
spy,1994-06-23,25.697097778320312
spy,1994-06-24,25.161745071411133
spy,1994-06-27,25.598957061767578
spy,1994-06-28,25.47404670715332
spy,1994-06-29,25.554344177246094
spy,1994-06-30,25.39373779296875
spy,1994-07-01,25.44727325439453
spy,1994-07-05,25.581117630004883
spy,1994-07-06,25.5454158782959
spy,1994-07-07,25.652481079101562
spy,1994-07-08,25.643573760986328
spy,1994-07-11,25.554344177246094
spy,1994-07-12,25.59002685546875
spy,1994-07-13,25.6346435546875
spy,1994-07-14,25.911245346069336
spy,1994-07-15,25.92017936706543
spy,1994-07-18,25.96477699279785
spy,1994-07-19,25.911245346069336
spy,1994-07-20,25.79526710510254
spy,1994-07-21,25.848783493041992
spy,1994-07-22,25.89339828491211
spy,1994-07-25,25.929088592529297
spy,1994-07-26,25.902326583862305
spy,1994-07-27,25.902326583862305
spy,1994-07-28,25.955867767333984
spy,1994-07-29,26.214618682861328
spy,1994-08-01,26.33954620361328
spy,1994-08-02,26.37522315979004
spy,1994-08-03,26.384132385253906
spy,1994-08-04,26.232458114624023
spy,1994-08-05,26.143239974975586
spy,1994-08-08,26.205707550048828
spy,1994-08-09,26.25031280517578
spy,1994-08-10,26.34844970703125
spy,1994-08-11,26.25031280517578
spy,1994-08-12,26.455520629882812
spy,1994-08-15,26.446603775024414
spy,1994-08-16,26.633962631225586
spy,1994-08-17,26.61612319946289
spy,1994-08-18,26.526899337768555
spy,1994-08-19,26.509061813354492
spy,1994-08-22,26.482288360595703
spy,1994-08-23,26.633962631225586
spy,1994-08-24,26.91948699951172
spy,1994-08-25,26.84812355041504
spy,1994-08-26,27.231801986694336
spy,1994-08-29,27.213956832885742
spy,1994-08-30,27.28533172607422
spy,1994-08-31,27.213956832885742
spy,1994-09-01,27.12472915649414
spy,1994-09-02,27.00871467590332
spy,1994-09-06,27.017650604248047
spy,1994-09-07,26.99087142944336
spy,1994-09-08,27.12472915649414
spy,1994-09-09,26.839197158813477
spy,1994-09-12,26.75889015197754
spy,1994-09-13,26.839197158813477
spy,1994-09-14,26.865951538085938
spy,1994-09-15,27.20502281188965
spy,1994-09-16,27.011417388916016
spy,1994-09-19,27.038354873657227
spy,1994-09-20,26.52666473388672
spy,1994-09-21,26.52666473388672
spy,1994-09-22,26.463823318481445
spy,1994-09-23,26.374052047729492
spy,1994-09-26,26.508710861206055
spy,1994-09-27,26.490747451782227
spy,1994-09-28,26.697227478027344
spy,1994-09-29,26.56256103515625
spy,1994-09-30,26.52666473388672
spy,1994-10-03,26.463823318481445
spy,1994-10-04,26.0688419342041
spy,1994-10-05,26.077823638916016
spy,1994-10-06,25.997011184692383
spy,1994-10-07,26.113733291625977
spy,1994-10-10,26.39200210571289
spy,1994-10-11,26.786996841430664
spy,1994-10-12,26.82290267944336
spy,1994-10-13,26.91265869140625
spy,1994-10-14,27.02935218811035
spy,1994-10-17,26.97551727294922
spy,1994-10-18,26.91265869140625
spy,1994-10-19,27.038354873657227
spy,1994-10-20,26.858793258666992
spy,1994-10-21,26.75108528137207
spy,1994-10-24,26.52666473388672
spy,1994-10-25,26.553586959838867
spy,1994-10-26,26.652341842651367
spy,1994-10-27,26.81393814086914
spy,1994-10-28,27.379472732543945
spy,1994-10-31,27.280723571777344
spy,1994-11-01,26.97551727294922
spy,1994-11-02,26.82290267944336
spy,1994-11-03,26.966529846191406
spy,1994-11-04,26.61641502380371
spy,1994-11-07,26.697227478027344
spy,1994-11-08,26.903690338134766
spy,1994-11-09,26.948570251464844
spy,1994-11-10,26.760059356689453
spy,1994-11-11,26.661312103271484
spy,1994-11-14,26.91265869140625
spy,1994-11-15,26.82290267944336
spy,1994-11-16,26.91265869140625
spy,1994-11-17,26.733129501342773
spy,1994-11-18,26.697227478027344
spy,1994-11-21,26.42791748046875
spy,1994-11-22,25.85338592529297
spy,1994-11-23,25.997011184692383
spy,1994-11-25,26.12270164489746
spy,1994-11-28,26.239404678344727
spy,1994-11-29,26.230426788330078
spy,1994-11-30,26.194507598876953
spy,1994-12-01,25.934186935424805
spy,1994-12-02,26.17656135559082
spy,1994-12-05,26.203500747680664
spy,1994-12-06,26.22144317626953
spy,1994-12-07,26.03292465209961
spy,1994-12-08,25.781583786010742
spy,1994-12-09,25.880332946777344
spy,1994-12-12,26.050878524780273
spy,1994-12-13,26.14963722229004
spy,1994-12-14,26.28428840637207
spy,1994-12-15,26.365083694458008
spy,1994-12-16,26.493850708007812
spy,1994-12-19,26.530044555664062
spy,1994-12-20,26.44861602783203
spy,1994-12-21,26.7291202545166
spy,1994-12-22,26.647689819335938
spy,1994-12-23,26.67482566833496
spy,1994-12-27,26.819604873657227
spy,1994-12-28,26.68387222290039
spy,1994-12-29,26.70195960998535
spy,1994-12-30,26.385269165039062
spy,1995-01-03,26.511966705322266
spy,1995-01-04,26.638633728027344
spy,1995-01-05,26.638633728027344
spy,1995-01-06,26.665781021118164
spy,1995-01-09,26.692922592163086
spy,1995-01-10,26.72006607055664
spy,1995-01-11,26.73816680908203
spy,1995-01-12,26.747211456298828
spy,1995-01-13,27.06390953063965
spy,1995-01-16,27.226778030395508
spy,1995-01-17,27.235830307006836
spy,1995-01-18,27.208677291870117
spy,1995-01-19,27.054855346679688
spy,1995-01-20,26.955318450927734
spy,1995-01-23,27.036760330200195
spy,1995-01-24,27.072940826416016
spy,1995-01-25,27.14535140991211
spy,1995-01-26,27.1724910736084
spy,1995-01-27,27.281064987182617
spy,1995-01-30,27.163450241088867
spy,1995-01-31,27.272018432617188
spy,1995-02-01,27.262968063354492
spy,1995-02-02,27.425846099853516
spy,1995-02-03,27.81492805480957
spy,1995-02-06,27.932544708251953
spy,1995-02-07,27.9687442779541
spy,1995-02-08,27.9687442779541
spy,1995-02-09,27.9687442779541
spy,1995-02-10,28.00494384765625
spy,1995-02-13,28.013978958129883
spy,1995-02-14,28.050172805786133
spy,1995-02-15,28.20401382446289
spy,1995-02-16,28.167810440063477
spy,1995-02-17,28.05925178527832
spy,1995-02-21,28.050172805786133
spy,1995-02-22,28.25830078125
spy,1995-02-23,28.30353355407715
spy,1995-02-24,28.375930786132812
spy,1995-02-27,28.14973258972168
spy,1995-02-28,28.384973526000977
spy,1995-03-01,28.20401382446289
spy,1995-03-02,28.24021339416504
spy,1995-03-03,28.24925422668457
spy,1995-03-06,28.267345428466797
spy,1995-03-07,28.050172805786133
spy,1995-03-08,28.122573852539062
spy,1995-03-09,28.11353302001953
spy,1995-03-10,28.529743194580078
spy,1995-03-13,28.502592086791992
spy,1995-03-14,28.710708618164062
spy,1995-03-15,28.65643310546875
spy,1995-03-16,28.828367233276367
spy,1995-03-17,28.85702896118164
spy,1995-03-20,28.85702896118164
spy,1995-03-21,28.784257888793945
spy,1995-03-22,28.811534881591797
spy,1995-03-23,28.82973861694336
spy,1995-03-24,29.239107131958008
spy,1995-03-27,29.35738182067871
spy,1995-03-28,29.35738182067871
spy,1995-03-29,29.34828758239746
spy,1995-03-30,29.29370880126953
spy,1995-03-31,29.17544174194336
spy,1995-04-03,29.248218536376953
spy,1995-04-04,29.43926239013672
spy,1995-04-05,29.43926239013672
spy,1995-04-06,29.548446655273438
spy,1995-04-07,29.521156311035156
spy,1995-04-10,29.57572364807129
spy,1995-04-11,29.47564697265625
spy,1995-04-12,29.57572364807129
spy,1995-04-13,29.739473342895508
spy,1995-04-17,29.566648483276367
spy,1995-04-18,29.466550827026367
spy,1995-04-19,29.43926239013672
spy,1995-04-20,29.484760284423828
spy,1995-04-21,29.630306243896484
spy,1995-04-24,29.976028442382812
spy,1995-04-25,29.894142150878906
spy,1995-04-26,29.92142677307129
spy,1995-04-27,29.994197845458984
spy,1995-04-28,30.039695739746094
spy,1995-05-01,29.957822799682617
spy,1995-05-02,30.02149200439453
spy,1995-05-03,30.43996810913086
spy,1995-05-04,30.42179298400879
spy,1995-05-05,30.385393142700195
spy,1995-05-08,30.603734970092773
spy,1995-05-09,30.576433181762695
spy,1995-05-10,30.612834930419922
spy,1995-05-11,30.694711685180664
spy,1995-05-12,30.712902069091797
spy,1995-05-15,30.858469009399414
spy,1995-05-16,30.87665557861328
spy,1995-05-17,30.75839614868164
spy,1995-05-18,30.312620162963867
spy,1995-05-19,30.330791473388672
spy,1995-05-22,30.66741180419922
spy,1995-05-23,30.949432373046875
spy,1995-05-24,30.931241989135742
spy,1995-05-25,30.95854377746582
spy,1995-05-26,30.603734970092773
spy,1995-05-30,30.594629287719727
spy,1995-05-31,31.231447219848633
spy,1995-06-01,31.14958381652832
spy,1995-06-02,31.176868438720703
spy,1995-06-05,31.36791229248047
spy,1995-06-06,31.31333351135254
spy,1995-06-07,31.14958381652832
spy,1995-06-08,31.076799392700195
spy,1995-06-09,30.894840240478516
spy,1995-06-12,31.067691802978516
spy,1995-06-13,31.404306411743164
spy,1995-06-14,31.377004623413086
spy,1995-06-15,31.513484954833984
spy,1995-06-16,31.607027053833008
spy,1995-06-19,31.96392059326172
spy,1995-06-20,31.88155746459961
spy,1995-06-21,31.863245010375977
spy,1995-06-22,32.2841911315918
spy,1995-06-23,32.220157623291016
spy,1995-06-26,31.835813522338867
spy,1995-06-27,31.771743774414062
spy,1995-06-28,31.936460494995117
spy,1995-06-29,31.88155746459961
spy,1995-06-30,31.863245010375977
spy,1995-07-03,31.98221778869629
spy,1995-07-05,32.10116195678711
spy,1995-07-06,32.512943267822266
spy,1995-07-07,32.65938949584961
spy,1995-07-10,32.67768096923828
spy,1995-07-11,32.52212142944336
spy,1995-07-12,32.92474365234375
spy,1995-07-13,32.85154724121094
spy,1995-07-14,32.824092864990234
spy,1995-07-17,33.00711441040039
spy,1995-07-18,32.72342300415039
spy,1995-07-19,32.366554260253906
spy,1995-07-20,32.48552322387695
spy,1995-07-21,32.44891357421875
spy,1995-07-24,32.68681335449219
spy,1995-07-25,32.93390655517578
spy,1995-07-26,32.90645217895508
spy,1995-07-27,33.180973052978516
spy,1995-07-28,32.97050857543945
spy,1995-07-31,32.888153076171875
spy,1995-08-01,32.833255767822266
spy,1995-08-02,32.76005554199219
spy,1995-08-03,32.75089645385742
spy,1995-08-04,32.78749084472656
spy,1995-08-07,32.86068344116211
spy,1995-08-08,32.86068344116211
spy,1995-08-09,32.85154724121094
spy,1995-08-10,32.7783203125
spy,1995-08-11,32.5953369140625
spy,1995-08-14,32.888153076171875
spy,1995-08-15,32.824092864990234
spy,1995-08-16,32.91559600830078
spy,1995-08-17,32.86068344116211
spy,1995-08-18,32.89729690551758
spy,1995-08-21,32.80581283569336
spy,1995-08-22,32.86984634399414
spy,1995-08-23,32.75089645385742
spy,1995-08-24,32.78749084472656
spy,1995-08-25,32.97050857543945
spy,1995-08-28,32.85154724121094
spy,1995-08-29,32.93390655517578
spy,1995-08-30,33.00711441040039
spy,1995-08-31,33.03456115722656
spy,1995-09-01,33.180973052978516
spy,1995-09-05,33.49211120605469
spy,1995-09-06,33.55617904663086
spy,1995-09-07,33.574462890625
spy,1995-09-08,33.70259475708008
spy,1995-09-11,33.79408264160156
spy,1995-09-12,33.94965744018555
spy,1995-09-13,34.105201721191406
spy,1995-09-14,34.41635513305664
spy,1995-09-15,34.40684127807617
spy,1995-09-18,34.27804946899414
spy,1995-09-19,34.44364929199219
spy,1995-09-20,34.6092414855957
spy,1995-09-21,34.324066162109375
spy,1995-09-22,34.333251953125
spy,1995-09-25,34.27804946899414
spy,1995-09-26,34.268863677978516
spy,1995-09-27,34.24125289916992
spy,1995-09-28,34.498844146728516
spy,1995-09-29,34.4344482421875
spy,1995-10-02,34.259639739990234
spy,1995-10-03,34.29644012451172
spy,1995-10-04,34.259639739990234
spy,1995-10-05,34.36085891723633
spy,1995-10-06,34.388450622558594
spy,1995-10-09,34.103271484375
spy,1995-10-10,34.0848503112793
spy,1995-10-11,34.195255279541016
spy,1995-10-12,34.40684127807617
spy,1995-10-13,34.517234802246094
spy,1995-10-16,34.351661682128906
spy,1995-10-17,34.58164596557617
spy,1995-10-18,34.682838439941406
spy,1995-10-19,34.84842300415039
spy,1995-10-20,34.63683319091797
spy,1995-10-23,34.56324005126953
spy,1995-10-24,34.60004806518555
spy,1995-10-25,34.31484603881836
spy,1995-10-26,34.002079010009766
spy,1995-10-27,34.259639739990234
spy,1995-10-30,34.4804573059082
spy,1995-10-31,34.333251953125
spy,1995-11-01,34.6092414855957
spy,1995-11-02,34.83003616333008
spy,1995-11-03,34.87604904174805
spy,1995-11-06,34.75645065307617
spy,1995-11-07,34.62765121459961
spy,1995-11-08,34.94043731689453
spy,1995-11-09,35.06922149658203
spy,1995-11-10,35.05084228515625
spy,1995-11-13,35.0140266418457
spy,1995-11-14,34.78401565551758
spy,1995-11-15,35.133628845214844
spy,1995-11-16,35.326812744140625
spy,1995-11-17,35.43721389770508
spy,1995-11-20,35.253211975097656
spy,1995-11-21,35.53841781616211
spy,1995-11-22,35.42800521850586
spy,1995-11-24,35.52001190185547
spy,1995-11-27,35.52919387817383
spy,1995-11-28,35.906402587890625
spy,1995-11-29,35.94320297241211
spy,1995-11-30,35.86040115356445
spy,1995-12-01,35.906402587890625
spy,1995-12-04,36.347991943359375
spy,1995-12-05,36.58718490600586
spy,1995-12-06,36.66996383666992
spy,1995-12-07,36.476783752441406
spy,1995-12-08,36.59638595581055
spy,1995-12-11,36.752769470214844
spy,1995-12-12,36.64236068725586
spy,1995-12-13,36.87237548828125
spy,1995-12-14,36.6055908203125
spy,1995-12-15,36.61897659301758
spy,1995-12-18,35.91548156738281
spy,1995-12-19,36.29500961303711
spy,1995-12-20,35.94325256347656
spy,1995-12-21,36.128379821777344
spy,1995-12-22,36.25796890258789
spy,1995-12-26,36.433841705322266
spy,1995-12-27,36.41533660888672
spy,1995-12-28,36.37831115722656
spy,1995-12-29,36.42458724975586
spy,1996-01-02,36.81336975097656
spy,1996-01-03,36.91519546508789
spy,1996-01-04,36.56344223022461
spy,1996-01-05,36.4893798828125
spy,1996-01-08,36.62822723388672
spy,1996-01-09,35.998783111572266
spy,1996-01-10,35.52669906616211
spy,1996-01-11,35.73960876464844
spy,1996-01-12,35.6840705871582
spy,1996-01-15,35.610015869140625
spy,1996-01-16,36.04508590698242
spy,1996-01-17,35.93400192260742
spy,1996-01-18,36.05431365966797
spy,1996-01-19,36.29500961303711
spy,1996-01-22,36.304256439208984
spy,1996-01-23,36.387569427490234
spy,1996-01-24,36.68375778198242
spy,1996-01-25,36.55418014526367
spy,1996-01-26,36.868896484375
spy,1996-01-29,37.01699447631836
spy,1996-01-30,37.331756591796875
spy,1996-01-31,37.720516204833984
spy,1996-02-01,37.859375
spy,1996-02-02,37.70200729370117
spy,1996-02-05,38.007476806640625
spy,1996-02-06,38.368473052978516
spy,1996-02-07,38.59062194824219
spy,1996-02-08,39.007171630859375
spy,1996-02-09,38.99794006347656
spy,1996-02-12,39.29412841796875
spy,1996-02-13,39.210819244384766
spy,1996-02-14,38.868316650390625
spy,1996-02-15,38.627655029296875
spy,1996-02-16,38.47029113769531
spy,1996-02-20,38.09078598022461
spy,1996-02-21,38.5628776550293
spy,1996-02-22,39.173797607421875
spy,1996-02-23,39.062705993652344
spy,1996-02-26,38.507320404052734
spy,1996-02-27,38.386993408203125
spy,1996-02-28,38.21113586425781
spy,1996-02-29,37.84084701538086
spy,1996-03-01,38.442535400390625
spy,1996-03-04,38.664669036865234
spy,1996-03-05,39.02568817138672
spy,1996-03-06,38.683197021484375
spy,1996-03-07,38.877593994140625
spy,1996-03-08,37.61867904663086
spy,1996-03-11,38.05375289916992
spy,1996-03-12,37.75753402709961
spy,1996-03-13,38.01673126220703
spy,1996-03-14,38.18334197998047
spy,1996-03-15,38.15768051147461
spy,1996-03-18,38.8922004699707
spy,1996-03-19,38.80851745605469
spy,1996-03-20,38.76202392578125
spy,1996-03-21,38.66905975341797
spy,1996-03-22,38.771331787109375
spy,1996-03-25,38.69695281982422
spy,1996-03-26,38.88289260864258
spy,1996-03-27,38.52958679199219
spy,1996-03-28,38.67835998535156
spy,1996-03-29,38.492401123046875
spy,1996-04-01,38.93868637084961
spy,1996-04-02,39.01306915283203
spy,1996-04-03,39.01306915283203
spy,1996-04-04,38.98518371582031
spy,1996-04-08,38.315738677978516
spy,1996-04-09,38.1669807434082
spy,1996-04-10,37.48824691772461
spy,1996-04-11,37.44175338745117
spy,1996-04-12,37.91595458984375
spy,1996-04-15,38.232059478759766
spy,1996-04-16,38.34362030029297
spy,1996-04-17,38.25065994262695
spy,1996-04-18,38.306427001953125
spy,1996-04-19,38.39943313598633
spy,1996-04-22,38.69695281982422
spy,1996-04-23,38.81782913208008
spy,1996-04-24,38.67835998535156
spy,1996-04-25,38.85500717163086
spy,1996-04-26,38.93868637084961
spy,1996-04-29,38.93868637084961
spy,1996-04-30,38.91079330444336
spy,1996-05-01,38.994468688964844
spy,1996-05-02,38.32504653930664
spy,1996-05-03,38.26925277709961
spy,1996-05-06,38.232059478759766
spy,1996-05-07,38.073997497558594
spy,1996-05-08,38.54818344116211
spy,1996-05-09,38.520301818847656
spy,1996-05-10,38.901512145996094
spy,1996-05-13,39.48723602294922
spy,1996-05-14,39.72898864746094
spy,1996-05-15,39.682518005371094
spy,1996-05-16,39.766170501708984
spy,1996-05-17,39.98001480102539
spy,1996-05-20,40.249656677246094
spy,1996-05-21,40.193885803222656
spy,1996-05-22,40.57509994506836
spy,1996-05-23,40.4077262878418
spy,1996-05-24,40.565792083740234
spy,1996-05-28,40.15668869018555
spy,1996-05-29,39.88704299926758
spy,1996-05-30,40.091583251953125
spy,1996-05-31,39.7940559387207
spy,1996-06-03,39.9056282043457
spy,1996-06-04,40.1845817565918
spy,1996-06-05,40.53785705566406
spy,1996-06-06,40.2403678894043
spy,1996-06-07,40.2403678894043
spy,1996-06-10,40.110206604003906
spy,1996-06-11,40.07304000854492
spy,1996-06-12,39.99860382080078
spy,1996-06-13,39.99860382080078
spy,1996-06-14,39.831268310546875
spy,1996-06-17,39.80337142944336
spy,1996-06-18,39.47795486450195
spy,1996-06-19,39.654605865478516
spy,1996-06-20,39.626708984375
spy,1996-06-21,39.9675407409668
spy,1996-06-24,40.042320251464844
spy,1996-06-25,39.995567321777344
spy,1996-06-26,39.72450637817383
spy,1996-06-27,40.00492858886719
spy,1996-06-28,40.14514923095703
spy,1996-07-01,40.490970611572266
spy,1996-07-02,40.3414192199707
spy,1996-07-03,40.25729751586914
spy,1996-07-05,39.22913360595703
spy,1996-07-08,39.07020568847656
spy,1996-07-09,39.22913360595703
spy,1996-07-10,39.388038635253906
spy,1996-07-11,38.593544006347656
spy,1996-07-12,38.62159729003906
spy,1996-07-15,37.481258392333984
spy,1996-07-16,37.57473373413086
spy,1996-07-17,38.02336883544922
spy,1996-07-18,38.546791076660156
spy,1996-07-19,38.266414642333984
spy,1996-07-22,37.985984802246094
spy,1996-07-23,37.49993133544922
spy,1996-07-24,37.57473373413086
spy,1996-07-25,37.91120910644531
spy,1996-07-26,38.11683654785156
spy,1996-07-29,37.69622802734375
spy,1996-07-30,38.060760498046875
spy,1996-07-31,38.34116744995117
spy,1996-08-01,38.97676467895508
spy,1996-08-02,39.81798553466797
spy,1996-08-05,39.58430099487305
spy,1996-08-06,39.70581817626953
spy,1996-08-07,39.80865478515625
spy,1996-08-08,39.74320602416992
spy,1996-08-09,39.61235809326172
spy,1996-08-12,39.90211868286133
spy,1996-08-13,39.58430099487305
spy,1996-08-14,39.72450637817383
spy,1996-08-15,39.64974594116211
spy,1996-08-16,39.98624038696289
spy,1996-08-19,40.00492858886719
spy,1996-08-20,39.97687911987305
spy,1996-08-21,39.8366813659668
spy,1996-08-22,40.21056365966797
spy,1996-08-23,39.995567321777344
spy,1996-08-26,39.7993049621582
spy,1996-08-27,39.9488410949707
spy,1996-08-28,39.883419036865234
spy,1996-08-29,39.49085235595703
spy,1996-08-30,39.07958221435547
spy,1996-09-03,39.33195877075195
spy,1996-09-04,39.369319915771484
spy,1996-09-05,38.89263153076172
spy,1996-09-06,39.444122314453125
spy,1996-09-09,39.911468505859375
spy,1996-09-10,39.89276123046875
spy,1996-09-11,40.11709976196289
spy,1996-09-12,40.39748001098633
spy,1996-09-13,41.01441192626953
spy,1996-09-16,41.16395950317383
spy,1996-09-17,41.07047653198242
spy,1996-09-18,40.96764373779297
spy,1996-09-19,41.126583099365234
spy,1996-09-20,41.272457122802734
spy,1996-09-23,41.263065338134766
spy,1996-09-24,41.2536506652832
spy,1996-09-25,41.28184127807617
spy,1996-09-26,41.263065338134766
spy,1996-09-27,41.30062484741211
spy,1996-09-30,41.263065338134766
spy,1996-10-01,41.4885368347168
spy,1996-10-02,41.7703742980957
spy,1996-10-03,41.732791900634766
spy,1996-10-04,42.2965202331543
spy,1996-10-07,42.34345626831055
spy,1996-10-08,42.17438507080078
spy,1996-10-09,41.84553527832031
spy,1996-10-10,41.76100540161133
spy,1996-10-11,42.27772903442383
spy,1996-10-14,42.33408737182617
spy,1996-10-15,42.27772903442383
spy,1996-10-16,42.484413146972656
spy,1996-10-17,42.59715270996094
spy,1996-10-18,42.822628021240234
spy,1996-10-21,42.76625061035156
spy,1996-10-22,42.46561813354492
spy,1996-10-23,42.60654067993164
spy,1996-10-24,42.240116119384766
spy,1996-10-25,42.27772903442383
spy,1996-10-28,41.99586486816406
spy,1996-10-29,42.33408737182617
spy,1996-10-30,42.19316101074219
spy,1996-10-31,42.59715270996094
spy,1996-11-01,42.44683837890625
spy,1996-11-04,42.72867965698242
spy,1996-11-05,42.97294616699219
spy,1996-11-06,43.799713134765625
spy,1996-11-07,43.903053283691406
spy,1996-11-08,44.147335052490234
spy,1996-11-11,44.100364685058594
spy,1996-11-12,43.968849182128906
spy,1996-11-13,44.16612243652344
spy,1996-11-14,44.4573860168457
spy,1996-11-15,44.513736724853516
spy,1996-11-18,44.52311706542969
spy,1996-11-19,44.84257125854492
spy,1996-11-20,44.91773223876953
spy,1996-11-21,44.85196304321289
spy,1996-11-22,45.1995849609375
spy,1996-11-25,45.772708892822266
spy,1996-11-26,45.622371673583984
spy,1996-11-27,45.53779983520508
spy,1996-11-29,45.706905364990234
spy,1996-12-02,45.72572708129883
spy,1996-12-03,44.9459228515625
spy,1996-12-04,45.06803894042969
spy,1996-12-05,44.9459228515625
spy,1996-12-06,44.6828727722168
spy,1996-12-09,45.34049606323242
spy,1996-12-10,45.124427795410156
spy,1996-12-11,44.711036682128906
spy,1996-12-12,43.968849182128906
spy,1996-12-13,44.081573486328125
spy,1996-12-16,43.51787185668945
spy,1996-12-17,43.8654899597168
spy,1996-12-18,44.21310043334961
spy,1996-12-19,45.124427795410156
spy,1996-12-20,45.22344207763672
spy,1996-12-23,45.11014175415039
spy,1996-12-24,45.44056701660156
spy,1996-12-26,45.78990936279297
spy,1996-12-27,45.84656524658203
spy,1996-12-30,45.45004653930664
spy,1996-12-31,44.61918258666992
spy,1997-01-02,44.73250198364258
spy,1997-01-03,45.37450408935547
spy,1997-01-06,44.97797393798828
spy,1997-01-07,45.52556228637695
spy,1997-01-08,45.129024505615234
spy,1997-01-09,45.50667953491211
spy,1997-01-10,45.99763488769531
spy,1997-01-13,45.93153381347656
spy,1997-01-14,46.5074348449707
spy,1997-01-15,46.39415740966797
spy,1997-01-16,46.58297348022461
spy,1997-01-17,46.86620330810547
spy,1997-01-20,46.92287063598633
spy,1997-01-21,47.30048370361328
spy,1997-01-22,47.6403923034668
spy,1997-01-23,46.9794921875
spy,1997-01-24,46.375267028808594
spy,1997-01-27,46.24308395385742
spy,1997-01-28,46.375267028808594
spy,1997-01-29,46.82843780517578
spy,1997-01-30,47.43269348144531
spy,1997-01-31,47.37603759765625
spy,1997-02-03,47.51762771606445
spy,1997-02-04,47.810333251953125
spy,1997-02-05,46.91342544555664
spy,1997-02-06,47.224979400634766
spy,1997-02-07,47.866981506347656
spy,1997-02-10,47.41378402709961
spy,1997-02-11,47.961387634277344
spy,1997-02-12,48.64116287231445
spy,1997-02-13,49.169857025146484
spy,1997-02-14,49.056575775146484
spy,1997-02-18,49.47197341918945
spy,1997-02-19,49.14154052734375
spy,1997-02-20,48.546749114990234
spy,1997-02-21,48.56562423706055
spy,1997-02-24,49.14154052734375
spy,1997-02-25,49.17931365966797
spy,1997-02-26,48.69781494140625
spy,1997-02-27,47.97084045410156
spy,1997-02-28,47.8292236328125
spy,1997-03-03,48.15023422241211
spy,1997-03-04,47.8858528137207
spy,1997-03-05,48.69781494140625
spy,1997-03-06,48.41455078125
spy,1997-03-07,48.8488655090332
spy,1997-03-10,49.35870361328125
spy,1997-03-11,49.0943603515625
spy,1997-03-12,48.660057067871094
spy,1997-03-13,47.904754638671875
spy,1997-03-14,48.15023422241211
spy,1997-03-17,48.28237533569336
spy,1997-03-18,47.76313400268555
spy,1997-03-19,47.60261535644531
spy,1997-03-20,47.3571662902832
spy,1997-03-21,47.576416015625
spy,1997-03-24,48.23982620239258
spy,1997-03-25,47.765960693359375
spy,1997-03-26,47.97450256347656
spy,1997-03-27,46.70449447631836
spy,1997-03-31,45.71883773803711
spy,1997-04-01,46.01264572143555
spy,1997-04-02,45.18812561035156
spy,1997-04-03,45.434539794921875
spy,1997-04-04,46.0031623840332
spy,1997-04-07,46.18323516845703
spy,1997-04-08,46.514957427978516
spy,1997-04-09,46.1358528137207
spy,1997-04-10,45.965267181396484
spy,1997-04-11,44.50576400756836
spy,1997-04-14,45.10281753540039
spy,1997-04-15,45.87049102783203
spy,1997-04-16,46.40121078491211
spy,1997-04-17,46.211669921875
spy,1997-04-18,46.43914031982422
spy,1997-04-21,46.1358528137207
spy,1997-04-22,47.14995193481445
spy,1997-04-23,47.197330474853516
spy,1997-04-24,46.96040725708008
spy,1997-04-25,46.420166015625
spy,1997-04-28,46.875091552734375
spy,1997-04-29,48.35356140136719
spy,1997-04-30,48.58101272583008
spy,1997-05-01,48.52416229248047
spy,1997-05-02,49.396080017089844
spy,1997-05-05,50.571292877197266
spy,1997-05-06,50.533363342285156
spy,1997-05-07,49.433982849121094
spy,1997-05-08,49.775177001953125
spy,1997-05-09,50.11637878417969
spy,1997-05-12,50.950355529785156
spy,1997-05-13,50.74186706542969
spy,1997-05-14,50.836631774902344
spy,1997-05-15,51.17781448364258
spy,1997-05-16,50.476497650146484
spy,1997-05-19,50.62813949584961
spy,1997-05-20,51.23469924926758
spy,1997-05-21,51.12097930908203
spy,1997-05-22,50.950355529785156
spy,1997-05-23,51.42423629760742
spy,1997-05-27,51.63275146484375
spy,1997-05-28,51.62326431274414
spy,1997-05-29,51.319976806640625
spy,1997-05-30,51.65170669555664
spy,1997-06-02,51.42423629760742
spy,1997-06-03,51.25363540649414
spy,1997-06-04,51.19678497314453
spy,1997-06-05,51.38631820678711
spy,1997-06-06,52.390926361083984
spy,1997-06-09,52.656288146972656
spy,1997-06-10,52.817405700683594
spy,1997-06-11,52.940608978271484
spy,1997-06-12,53.96417236328125
spy,1997-06-13,54.41908645629883
spy,1997-06-16,54.43803787231445
spy,1997-06-17,54.36223602294922
spy,1997-06-18,54.17267608642578
spy,1997-06-19,54.73183059692383
spy,1997-06-20,54.54539108276367
spy,1997-06-23,53.22285842895508
spy,1997-06-24,54.573917388916016
spy,1997-06-25,54.193355560302734
spy,1997-06-26,53.92694091796875
spy,1997-06-27,54.13624954223633
spy,1997-06-30,53.774688720703125
spy,1997-07-01,54.40264892578125
spy,1997-07-02,55.2969970703125
spy,1997-07-03,56.05813217163086
spy,1997-07-07,55.487266540527344
spy,1997-07-08,56.067649841308594
spy,1997-07-09,55.449180603027344
spy,1997-07-10,55.69659423828125
spy,1997-07-11,55.88686752319336
spy,1997-07-14,56.05813217163086
spy,1997-07-15,56.34357452392578
spy,1997-07-16,57.08567428588867
spy,1997-07-17,56.80025100708008
spy,1997-07-18,55.59196472167969
spy,1997-07-21,55.601444244384766
spy,1997-07-22,57.07614517211914
spy,1997-07-23,57.02859115600586
spy,1997-07-24,57.29497146606445
spy,1997-07-25,57.25691604614258
spy,1997-07-28,57.2188606262207
spy,1997-07-29,57.4091682434082
spy,1997-07-30,58.09415817260742
spy,1997-07-31,58.03710174560547
spy,1997-08-01,57.80878448486328
spy,1997-08-04,57.960975646972656
spy,1997-08-05,57.9990119934082
spy,1997-08-06,58.47475051879883
spy,1997-08-07,58.03710174560547
spy,1997-08-08,56.85737228393555
spy,1997-08-11,57.27593994140625
spy,1997-08-12,56.36262130737305
spy,1997-08-13,56.191314697265625
spy,1997-08-14,56.4006233215332
spy,1997-08-15,54.669036865234375
spy,1997-08-18,55.88686752319336
spy,1997-08-19,56.533851623535156
spy,1997-08-20,57.39010238647461
spy,1997-08-21,56.38164138793945
spy,1997-08-22,56.36262130737305
spy,1997-08-25,56.153289794921875
spy,1997-08-26,55.32551574707031
spy,1997-08-27,55.65851974487305
spy,1997-08-28,54.811771392822266
spy,1997-08-29,55.03059768676758
spy,1997-09-02,56.81928253173828
spy,1997-09-03,56.51481628417969
spy,1997-09-04,56.87632369995117
spy,1997-09-05,56.71458435058594
spy,1997-09-08,56.961971282958984
spy,1997-09-09,56.99052047729492
spy,1997-09-10,55.81075668334961
spy,1997-09-11,55.525306701660156
spy,1997-09-12,56.419681549072266
spy,1997-09-15,56.32453155517578
spy,1997-09-16,57.73262405395508
spy,1997-09-17,57.73262405395508
spy,1997-09-18,57.979984283447266
spy,1997-09-19,58.07809829711914
spy,1997-09-22,58.40279769897461
spy,1997-09-23,58.135414123535156
spy,1997-09-24,57.657958984375
spy,1997-09-25,57.25686264038086
spy,1997-09-26,57.73433303833008
spy,1997-09-29,58.288169860839844
spy,1997-09-30,57.67703628540039
spy,1997-10-01,58.44095993041992
spy,1997-10-02,58.76566696166992
spy,1997-10-03,59.06166458129883
spy,1997-10-06,59.453163146972656
spy,1997-10-07,60.00703430175781
spy,1997-10-08,59.58686447143555
spy,1997-10-09,59.37678527832031
spy,1997-10-10,59.20490264892578
spy,1997-10-13,59.262210845947266
spy,1997-10-14,59.28128433227539
spy,1997-10-15,59.147605895996094
spy,1997-10-16,58.21176528930664
spy,1997-10-17,57.619747161865234
spy,1997-10-20,58.44095993041992
spy,1997-10-21,59.57731246948242
spy,1997-10-22,59.185791015625
spy,1997-10-23,58.02083969116211
spy,1997-10-24,57.44786834716797
spy,1997-10-27,53.2844123840332
spy,1997-10-28,56.35926055908203
spy,1997-10-29,56.206459045410156
spy,1997-10-30,54.96506118774414
spy,1997-10-31,56.26375198364258
spy,1997-11-03,57.44786834716797
spy,1997-11-04,57.44786834716797
spy,1997-11-05,57.63886260986328
spy,1997-11-06,57.419227600097656
spy,1997-11-07,56.79851150512695
spy,1997-11-10,56.45476150512695
spy,1997-11-11,56.473819732666016
spy,1997-11-12,55.30883026123047
spy,1997-11-13,56.1109619140625
spy,1997-11-14,56.87491989135742
spy,1997-11-17,57.92528533935547
spy,1997-11-18,57.56245803833008
spy,1997-11-19,57.848907470703125
spy,1997-11-20,58.72744369506836
spy,1997-11-21,59.12852096557617
spy,1997-11-24,58.059024810791016
spy,1997-11-25,58.21176528930664
spy,1997-11-26,58.3836784362793
spy,1997-11-28,58.44095993041992
spy,1997-12-01,59.94973373413086
spy,1997-12-02,59.58686447143555
spy,1997-12-03,59.75876235961914
spy,1997-12-04,59.70146179199219
spy,1997-12-05,60.46535873413086
spy,1997-12-08,60.29354476928711
spy,1997-12-09,59.93068313598633
spy,1997-12-10,59.415000915527344
spy,1997-12-11,58.40279769897461
spy,1997-12-12,58.51736831665039
spy,1997-12-15,59.10943603515625
spy,1997-12-16,59.472286224365234
spy,1997-12-17,59.16672134399414
spy,1997-12-18,58.59375762939453
spy,1997-12-19,58.155792236328125
spy,1997-12-22,58.52971267700195
spy,1997-12-23,57.484718322753906
spy,1997-12-24,57.31212615966797
spy,1997-12-26,57.542236328125
spy,1997-12-29,58.673526763916016
spy,1997-12-30,59.593929290771484
spy,1997-12-31,59.555545806884766
spy,1998-01-02,59.862308502197266
spy,1998-01-05,59.99655532836914
spy,1998-01-06,59.0378532409668
spy,1998-01-07,59.19121170043945
spy,1998-01-08,58.673526763916016
spy,1998-01-09,56.64106750488281
spy,1998-01-12,57.67647933959961
spy,1998-01-13,58.48178482055664
spy,1998-01-14,58.75022506713867
spy,1998-01-15,58.261260986328125
spy,1998-01-16,59.09534454345703
spy,1998-01-20,60.0540885925293
spy,1998-01-21,59.478843688964844
spy,1998-01-22,58.9515495300293
spy,1998-01-23,58.86524963378906
spy,1998-01-26,58.82691192626953
spy,1998-01-27,59.421302795410156
spy,1998-01-28,59.95819854736328
spy,1998-01-29,60.2841911315918
spy,1998-01-30,60.322532653808594
spy,1998-02-02,61.31959915161133
spy,1998-02-03,61.77976608276367
spy,1998-02-04,61.703041076660156
spy,1998-02-05,61.66471481323242
spy,1998-02-06,62.35498046875
spy,1998-02-09,62.1440544128418
spy,1998-02-10,62.73847198486328
spy,1998-02-11,62.68097686767578
spy,1998-02-12,62.949398040771484
spy,1998-02-13,62.58509826660156
spy,1998-02-17,62.891883850097656
spy,1998-02-18,63.46711730957031
spy,1998-02-19,63.131553649902344
spy,1998-02-20,63.60131072998047
spy,1998-02-23,63.85060119628906
spy,1998-02-24,63.352046966552734
spy,1998-02-25,64.1382064819336
spy,1998-02-26,64.50251770019531
spy,1998-02-27,64.50251770019531
spy,1998-03-02,64.36827850341797
spy,1998-03-03,64.73260498046875
spy,1998-03-04,64.31078338623047
spy,1998-03-05,63.716365814208984
spy,1998-03-06,65.00101470947266
spy,1998-03-09,64.77096557617188
spy,1998-03-10,65.38457489013672
spy,1998-03-11,65.69131469726562
spy,1998-03-12,65.95978546142578
spy,1998-03-13,65.7104721069336
spy,1998-03-16,66.41997528076172
spy,1998-03-17,66.6116943359375
spy,1998-03-18,66.86094665527344
spy,1998-03-19,67.03355407714844
spy,1998-03-20,67.6107406616211
spy,1998-03-23,67.45685577392578
spy,1998-03-24,68.03375244140625
spy,1998-03-25,67.78378295898438
spy,1998-03-26,67.74535369873047
spy,1998-03-27,67.45685577392578
spy,1998-03-30,67.41840362548828
spy,1998-03-31,67.649169921875
spy,1998-04-01,68.19721984863281
spy,1998-04-02,68.93758392333984
spy,1998-04-03,69.28369140625
spy,1998-04-06,68.72603607177734
spy,1998-04-07,68.26451873779297
spy,1998-04-08,67.8799819946289
spy,1998-04-09,68.41839599609375
spy,1998-04-13,68.22608184814453
spy,1998-04-14,68.80296325683594
spy,1998-04-15,68.99528503417969
spy,1998-04-16,68.1875991821289
spy,1998-04-17,69.09144592285156
spy,1998-04-20,69.0721435546875
spy,1998-04-21,69.39907836914062
spy,1998-04-22,69.59134674072266
spy,1998-04-23,68.9183349609375
spy,1998-04-24,68.1875991821289
spy,1998-04-27,66.89920806884766
spy,1998-04-28,66.80307006835938
spy,1998-04-29,67.26461791992188
spy,1998-04-30,68.51454162597656
spy,1998-05-01,69.28369140625
spy,1998-05-04,69.11062622070312
spy,1998-05-05,68.62989044189453
spy,1998-05-06,67.82227325439453
spy,1998-05-07,67.28385925292969
spy,1998-05-08,68.3799057006836
spy,1998-05-11,68.14915466308594
spy,1998-05-12,68.87989807128906
spy,1998-05-13,69.05290985107422
spy,1998-05-14,68.706787109375
spy,1998-05-15,68.32220458984375
spy,1998-05-18,68.052978515625
spy,1998-05-19,68.51454162597656
spy,1998-05-20,69.16829681396484
spy,1998-05-21,68.72603607177734
spy,1998-05-22,68.45680236816406
spy,1998-05-26,67.36073303222656
spy,1998-05-27,67.45685577392578
spy,1998-05-28,67.76458740234375
spy,1998-05-29,67.091552734375
spy,1998-06-01,67.39921569824219
spy,1998-06-02,67.45685577392578
spy,1998-06-03,66.38005065917969
spy,1998-06-04,67.6107406616211
spy,1998-06-05,68.9183349609375
spy,1998-06-08,68.84141540527344
spy,1998-06-09,69.05290985107422
spy,1998-06-10,68.61063385009766
spy,1998-06-11,67.32228088378906
spy,1998-06-12,67.95683288574219
spy,1998-06-15,66.16851806640625
spy,1998-06-16,67.18769073486328
spy,1998-06-17,68.59142303466797
spy,1998-06-18,68.28377532958984
spy,1998-06-19,67.94161224365234
spy,1998-06-22,68.2695541381836
spy,1998-06-23,69.07978057861328
spy,1998-06-24,70.00572204589844
spy,1998-06-25,69.88996124267578
spy,1998-06-26,70.17932891845703
spy,1998-06-29,70.43010711669922
spy,1998-06-30,69.94784545898438
spy,1998-07-01,70.75804901123047
spy,1998-07-02,70.89306640625
spy,1998-07-06,71.60686492919922
spy,1998-07-07,71.47183227539062
spy,1998-07-08,71.99267578125
spy,1998-07-09,71.5103759765625
spy,1998-07-10,71.8962173461914
spy,1998-07-13,71.91548156738281
spy,1998-07-14,72.72571563720703
spy,1998-07-15,72.59065246582031
spy,1998-07-16,73.09220123291016
spy,1998-07-17,73.1886978149414
spy,1998-07-20,73.1886978149414
spy,1998-07-21,71.91548156738281
spy,1998-07-22,71.91548156738281
spy,1998-07-23,70.48796844482422
spy,1998-07-24,70.43010711669922
spy,1998-07-27,70.93170166015625
spy,1998-07-28,69.73560333251953
spy,1998-07-29,69.46554565429688
spy,1998-07-30,70.50729370117188
spy,1998-07-31,69.00260162353516
spy,1998-08-03,68.71322631835938
spy,1998-08-04,66.05113220214844
spy,1998-08-05,66.95779418945312
spy,1998-08-06,67.2471694946289
spy,1998-08-07,67.36289978027344
spy,1998-08-10,66.97709655761719
spy,1998-08-11,65.97393798828125
spy,1998-08-12,67.0928726196289
spy,1998-08-13,66.28264617919922
spy,1998-08-14,65.51102447509766
spy,1998-08-17,66.89996337890625
spy,1998-08-18,68.13453674316406
spy,1998-08-19,67.96092987060547
spy,1998-08-20,67.55581665039062
spy,1998-08-21,67.01569366455078
spy,1998-08-24,67.44007110595703
spy,1998-08-25,67.59441375732422
spy,1998-08-26,67.20858001708984
spy,1998-08-27,64.0448989868164
spy,1998-08-28,63.813419342041016
spy,1998-08-31,59.260833740234375
spy,1998-09-01,61.768619537353516
spy,1998-09-02,61.32490539550781
spy,1998-09-03,60.84267807006836
spy,1998-09-04,60.34109878540039
spy,1998-09-08,63.58194351196289
spy,1998-09-09,62.03864669799805
spy,1998-09-10,60.8040885925293
spy,1998-09-11,62.771728515625
spy,1998-09-14,63.85204315185547
spy,1998-09-15,64.2378158569336
spy,1998-09-16,64.8165054321289
spy,1998-09-17,62.964683532714844
spy,1998-09-18,63.24508285522461
spy,1998-09-21,63.20637893676758
spy,1998-09-22,63.72908020019531
spy,1998-09-23,66.28441619873047
spy,1998-09-24,64.6583023071289
spy,1998-09-25,64.58092498779297
spy,1998-09-28,65.16162872314453
spy,1998-09-29,65.00675964355469
spy,1998-09-30,63.03218078613281
spy,1998-10-01,61.21244430541992
spy,1998-10-02,62.39331817626953
spy,1998-10-05,61.135013580322266
spy,1998-10-06,61.0769157409668
spy,1998-10-07,60.167049407958984
spy,1998-10-08,59.83797836303711
spy,1998-10-09,61.038211822509766
spy,1998-10-12,61.9286994934082
spy,1998-10-13,61.71574020385742
spy,1998-10-14,62.29650115966797
spy,1998-10-15,65.64559936523438
spy,1998-10-16,65.66494750976562
spy,1998-10-19,65.89727020263672
spy,1998-10-20,66.28441619873047
spy,1998-10-21,66.05213165283203
spy,1998-10-22,67.03942108154297
spy,1998-10-23,66.18760681152344
spy,1998-10-26,66.67158508300781
spy,1998-10-27,66.28441619873047
spy,1998-10-28,66.16828155517578
spy,1998-10-29,67.7750473022461
spy,1998-10-30,68.14286041259766
spy,1998-11-02,69.3044204711914
spy,1998-11-03,68.80106353759766
spy,1998-11-04,69.53669738769531
spy,1998-11-05,70.48528289794922
spy,1998-11-06,70.6982192993164
spy,1998-11-09,70.19490051269531
spy,1998-11-10,70.00130462646484
spy,1998-11-11,69.53669738769531
spy,1998-11-12,69.4592514038086
spy,1998-11-13,70.13683319091797
spy,1998-11-16,70.65951538085938
spy,1998-11-17,70.65951538085938
spy,1998-11-18,71.08538818359375
spy,1998-11-19,71.70489501953125
spy,1998-11-20,72.24693298339844
spy,1998-11-23,73.95052337646484
spy,1998-11-24,73.48589324951172
spy,1998-11-25,73.48589324951172
spy,1998-11-27,74.02790069580078
spy,1998-11-30,71.93720245361328
spy,1998-12-01,72.86639404296875
spy,1998-12-02,72.65348815917969
spy,1998-12-03,71.45323181152344
spy,1998-12-04,73.33099365234375
spy,1998-12-07,73.67945861816406
spy,1998-12-08,73.35037231445312
spy,1998-12-09,73.48589324951172
spy,1998-12-10,72.41148376464844
spy,1998-12-11,72.55669403076172
spy,1998-12-14,70.4659423828125
spy,1998-12-15,72.28565216064453
spy,1998-12-16,72.1888656616211
spy,1998-12-17,73.34074401855469
spy,1998-12-18,73.6523208618164
spy,1998-12-21,74.68171691894531
spy,1998-12-22,75.01195526123047
spy,1998-12-23,76.5852279663086
spy,1998-12-24,76.25503540039062
spy,1998-12-28,76.06080627441406
spy,1998-12-29,77.2650375366211
spy,1998-12-30,76.64347839355469
spy,1998-12-31,76.64347839355469
spy,1999-01-04,76.46868896484375
spy,1999-01-05,77.34272766113281
spy,1999-01-06,79.20734405517578
spy,1999-01-07,78.81886291503906
spy,1999-01-08,79.40155029296875
spy,1999-01-11,78.64408111572266
spy,1999-01-12,77.22618103027344
spy,1999-01-13,76.68232727050781
spy,1999-01-14,75.34215545654297
spy,1999-01-15,77.30392456054688
spy,1999-01-19,77.8088607788086
spy,1999-01-20,78.43041229248047
spy,1999-01-21,76.3521499633789
spy,1999-01-22,76.17730712890625
spy,1999-01-25,76.9542465209961
spy,1999-01-26,78.35269165039062
spy,1999-01-27,77.43985748291016
spy,1999-01-28,78.74116516113281
spy,1999-01-29,79.34329223632812
spy,1999-02-01,78.87716674804688
spy,1999-02-02,78.3915786743164
spy,1999-02-03,79.18790435791016
spy,1999-02-04,78.00312805175781
spy,1999-02-05,77.109619140625
spy,1999-02-08,77.2650375366211
spy,1999-02-09,75.536376953125
spy,1999-02-10,76.02190399169922
spy,1999-02-11,77.77002716064453
spy,1999-02-12,76.8377456665039
spy,1999-02-16,76.37156677246094
spy,1999-02-17,76.29383850097656
spy,1999-02-18,76.89595031738281
spy,1999-02-19,77.22618103027344
spy,1999-02-22,79.2850341796875
spy,1999-02-23,79.24617767333984
spy,1999-02-24,77.84773254394531
spy,1999-02-25,77.109619140625
spy,1999-02-26,76.79888153076172
spy,1999-03-01,77.01248931884766
spy,1999-03-02,76.33269500732422
spy,1999-03-03,76.7406005859375
spy,1999-03-04,77.71176147460938
spy,1999-03-05,79.27534484863281
spy,1999-03-08,79.7900161743164
spy,1999-03-09,79.59579467773438
spy,1999-03-10,80.29505157470703
spy,1999-03-11,81.18846893310547
spy,1999-03-12,80.41156005859375
spy,1999-03-15,81.5575180053711
spy,1999-03-16,81.24676513671875
spy,1999-03-17,80.89715576171875
spy,1999-03-18,82.19850158691406
spy,1999-03-19,80.8012924194336
spy,1999-03-22,80.95708465576172
spy,1999-03-23,78.62064361572266
spy,1999-03-24,79.06844329833984
spy,1999-03-25,80.68447875976562
spy,1999-03-26,80.10037231445312
spy,1999-03-29,81.71640014648438
spy,1999-03-30,81.28803253173828
spy,1999-03-31,79.98355102539062
spy,1999-04-01,80.5871353149414
spy,1999-04-05,82.4952392578125
spy,1999-04-06,82.30052947998047
spy,1999-04-07,82.96246337890625
spy,1999-04-08,84.01386260986328
spy,1999-04-09,84.03337097167969
spy,1999-04-12,84.92899322509766
spy,1999-04-13,84.38383483886719
spy,1999-04-14,82.96246337890625
spy,1999-04-15,82.65098571777344
spy,1999-04-16,81.95006561279297
spy,1999-04-19,80.68447875976562
spy,1999-04-20,81.69693756103516
spy,1999-04-21,84.03337097167969
spy,1999-04-22,84.8316650390625
spy,1999-04-23,84.61746215820312
spy,1999-04-26,85.10420227050781
spy,1999-04-27,85.51309204101562
spy,1999-04-28,84.3448486328125
spy,1999-04-29,83.70234680175781
spy,1999-04-30,83.0208969116211
spy,1999-05-03,84.53956604003906
spy,1999-05-04,83.33238983154297
spy,1999-05-05,83.99443054199219
spy,1999-05-06,83.47846221923828
spy,1999-05-07,84.11123657226562
spy,1999-05-10,83.69263458251953
spy,1999-05-11,84.53956604003906
spy,1999-05-12,85.20157623291016
spy,1999-05-13,85.57151794433594
spy,1999-05-14,83.35189056396484
spy,1999-05-17,83.60501861572266
spy,1999-05-18,83.44925689697266
spy,1999-05-19,84.05281829833984
spy,1999-05-20,83.54661560058594
spy,1999-05-21,83.07931518554688
spy,1999-05-24,81.69693756103516
spy,1999-05-25,80.37298583984375
spy,1999-05-26,81.26860046386719
spy,1999-05-27,80.10037231445312
spy,1999-05-28,81.12258911132812
spy,1999-06-01,80.8402328491211
spy,1999-06-02,80.91813659667969
spy,1999-06-03,81.36590576171875
spy,1999-06-04,83.0014419555664
spy,1999-06-07,83.21561431884766
spy,1999-06-08,82.39787292480469
spy,1999-06-09,82.3199691772461
spy,1999-06-10,81.56066131591797
spy,1999-06-11,80.87919616699219
spy,1999-06-14,80.95708465576172
spy,1999-06-15,81.5022201538086
spy,1999-06-16,83.05985260009766
spy,1999-06-17,83.83863067626953
spy,1999-06-18,83.93553924560547
spy,1999-06-21,84.13079833984375
spy,1999-06-22,83.54496765136719
spy,1999-06-23,83.13481903076172
spy,1999-06-24,82.50989532470703
spy,1999-06-25,82.30482482910156
spy,1999-06-28,83.31060028076172
spy,1999-06-29,84.09173583984375
spy,1999-06-30,85.61502075195312
spy,1999-07-01,86.2594223022461
spy,1999-07-02,87.11878204345703
spy,1999-07-06,87.09918975830078
spy,1999-07-07,87.21636962890625
spy,1999-07-08,87.28471374511719
spy,1999-07-09,87.8022689819336
spy,1999-07-12,87.41171264648438
spy,1999-07-13,87.09918975830078
spy,1999-07-14,87.58744049072266
spy,1999-07-15,88.14401245117188
spy,1999-07-16,88.6224365234375
spy,1999-07-19,88.03659057617188
spy,1999-07-20,86.23015594482422
spy,1999-07-21,86.13250732421875
spy,1999-07-22,84.99980926513672
spy,1999-07-23,84.8338394165039
spy,1999-07-26,84.20890045166016
spy,1999-07-27,84.91197204589844
spy,1999-07-28,85.18537139892578
spy,1999-07-29,83.99413299560547
spy,1999-07-30,82.95907592773438
spy,1999-08-02,83.15438079833984
spy,1999-08-03,82.7637939453125
spy,1999-08-04,81.631103515625
spy,1999-08-05,82.37320709228516
spy,1999-08-06,81.474853515625
spy,1999-08-09,81.29915618896484
spy,1999-08-10,80.4007797241211
spy,1999-08-11,81.37722778320312
spy,1999-08-12,81.328369140625
spy,1999-08-13,83.21293640136719
spy,1999-08-16,83.5839614868164
spy,1999-08-17,84.13079833984375
spy,1999-08-18,83.52542114257812
spy,1999-08-19,82.84188079833984
spy,1999-08-20,83.68165588378906
spy,1999-08-23,85.28306579589844
spy,1999-08-24,85.59548950195312
spy,1999-08-25,86.47427368164062
spy,1999-08-26,85.43923950195312
spy,1999-08-27,84.40422821044922
spy,1999-08-30,82.84188079833984
spy,1999-08-31,82.52945709228516
spy,1999-09-01,83.54496765136719
spy,1999-09-02,82.5587387084961
spy,1999-09-03,84.9705581665039
spy,1999-09-07,84.65808868408203
spy,1999-09-08,84.24798583984375
spy,1999-09-09,84.20890045166016
spy,1999-09-10,84.91197204589844
spy,1999-09-13,84.33585357666016
spy,1999-09-14,83.77926635742188
spy,1999-09-15,82.45130920410156
spy,1999-09-16,82.77352905273438
spy,1999-09-17,83.81940460205078
spy,1999-09-20,83.7019271850586
spy,1999-09-21,81.93933868408203
spy,1999-09-22,81.8511734008789
spy,1999-09-23,80.13763427734375
spy,1999-09-24,80.05928039550781
spy,1999-09-27,80.58808135986328
spy,1999-09-28,80.43135070800781
spy,1999-09-29,79.47176361083984
spy,1999-09-30,80.68596649169922
spy,1999-10-01,80.50968170166016
spy,1999-10-04,81.93933868408203
spy,1999-10-05,81.86100006103516
spy,1999-10-06,83.11443328857422
spy,1999-10-07,82.64437866210938
spy,1999-10-08,83.89775085449219
spy,1999-10-11,83.76065063476562
spy,1999-10-12,82.4681167602539
spy,1999-10-13,80.33346557617188
spy,1999-10-14,80.31385040283203
spy,1999-10-15,78.25756072998047
spy,1999-10-18,78.82547760009766
spy,1999-10-19,79.58930206298828
spy,1999-10-20,80.37263488769531
spy,1999-10-21,80.84266662597656
spy,1999-10-22,81.52809143066406
spy,1999-10-25,81.11681365966797
spy,1999-10-26,80.09846496582031
spy,1999-10-27,81.54766845703125
spy,1999-10-28,84.32859802246094
spy,1999-10-29,85.85612487792969
spy,1999-11-01,84.95526885986328
spy,1999-11-02,84.34817504882812
spy,1999-11-03,84.91609954833984
spy,1999-11-04,85.5623779296875
spy,1999-11-05,86.4045181274414
spy,1999-11-08,86.48282623291016
spy,1999-11-09,85.67009735107422
spy,1999-11-10,86.30659484863281
spy,1999-11-11,86.79618835449219
spy,1999-11-12,87.57955932617188
spy,1999-11-15,87.78516387939453
spy,1999-11-16,88.51956176757812
spy,1999-11-17,88.75460052490234
spy,1999-11-18,89.38128662109375
spy,1999-11-19,89.30291748046875
spy,1999-11-22,89.28334045410156
spy,1999-11-23,88.5
spy,1999-11-24,88.96998596191406
spy,1999-11-26,88.63705444335938
spy,1999-11-29,88.32372283935547
spy,1999-11-30,87.2857437133789
spy,1999-12-01,87.99079895019531
spy,1999-12-02,88.51956176757812
spy,1999-12-03,90.14505004882812
spy,1999-12-06,89.47918701171875
spy,1999-12-07,88.75460052490234
spy,1999-12-08,88.1866226196289
spy,1999-12-09,88.61746215820312
spy,1999-12-10,88.91123962402344
spy,1999-12-13,89.06793975830078
spy,1999-12-14,88.2061996459961
spy,1999-12-15,88.6762466430664
spy,1999-12-16,89.06793975830078
spy,1999-12-17,89.63990020751953
spy,1999-12-20,88.99208068847656
spy,1999-12-21,90.3466796875
spy,1999-12-22,90.582275390625
spy,1999-12-23,92.02519989013672
spy,1999-12-27,91.8976058959961
spy,1999-12-28,91.83865356445312
spy,1999-12-29,92.2313232421875
spy,1999-12-30,92.12335205078125
spy,1999-12-31,92.27059173583984
spy,2000-01-03,91.36753845214844
spy,2000-01-04,87.7945327758789
spy,2000-01-05,87.95152282714844
spy,2000-01-06,86.53803253173828
spy,2000-01-07,91.56388092041016
spy,2000-01-10,91.87793731689453
spy,2000-01-11,90.77857971191406
spy,2000-01-12,89.87548065185547
spy,2000-01-13,91.09269714355469
spy,2000-01-14,92.32947540283203
spy,2000-01-18,91.60310363769531
spy,2000-01-19,92.3490982055664
spy,2000-01-20,90.93560028076172
spy,2000-01-21,90.73929595947266
spy,2000-01-24,88.1675033569336
spy,2000-01-25,89.16870880126953
spy,2000-01-26,88.46198272705078
spy,2000-01-27,88.10862731933594
spy,2000-01-28,85.36014556884766
spy,2000-01-31,87.67668914794922
spy,2000-02-01,88.54052734375
spy,2000-02-02,88.61906433105469
spy,2000-02-03,89.95404052734375
spy,2000-02-04,89.58100128173828
spy,2000-02-07,89.44358825683594
spy,2000-02-08,90.66079711914062
spy,2000-02-09,88.7564926147461
spy,2000-02-10,88.93314361572266
spy,2000-02-11,87.12700653076172
spy,2000-02-14,87.6374282836914
spy,2000-02-15,88.6288833618164
spy,2000-02-16,87.32331848144531
spy,2000-02-17,86.87183380126953
spy,2000-02-18,85.0067138671875
spy,2000-02-22,84.79082489013672
spy,2000-02-23,85.79202270507812
spy,2000-02-24,84.0644302368164
spy,2000-02-25,83.76008605957031
spy,2000-02-28,85.51717376708984
spy,2000-02-29,86.34173583984375
spy,2000-03-01,86.96994018554688
spy,2000-03-02,87.02887725830078
spy,2000-03-03,88.65827178955078
spy,2000-03-06,87.7945327758789
spy,2000-03-07,86.0963134765625
spy,2000-03-08,85.98834228515625
spy,2000-03-09,88.50126647949219
spy,2000-03-10,88.03006744384766
spy,2000-03-13,87.0680923461914
spy,2000-03-14,85.83129119873047
spy,2000-03-15,87.83378601074219
spy,2000-03-16,91.93684387207031
spy,2000-03-17,92.5444564819336
spy,2000-03-20,92.07207489013672
spy,2000-03-21,93.96160125732422
spy,2000-03-22,94.53235626220703
spy,2000-03-23,96.14627838134766
spy,2000-03-24,96.71707153320312
spy,2000-03-27,95.69354248046875
spy,2000-03-28,95.14249420166016
spy,2000-03-29,95.24089050292969
spy,2000-03-30,93.64665985107422
spy,2000-03-31,94.7094955444336
spy,2000-04-03,95.26056671142578
spy,2000-04-04,94.55206298828125
spy,2000-04-05,93.96160125732422
spy,2000-04-06,94.77839660644531
spy,2000-04-07,95.3786392211914
spy,2000-04-10,95.00476837158203
spy,2000-04-11,94.72919464111328
spy,2000-04-12,92.13117980957031
spy,2000-04-13,90.85186767578125
spy,2000-04-14,85.65579986572266
spy,2000-04-17,88.64747619628906
spy,2000-04-18,90.9896011352539
spy,2000-04-19,90.14329528808594
spy,2000-04-20,90.5762939453125
spy,2000-04-24,89.59219360351562
spy,2000-04-25,93.31205749511719
spy,2000-04-26,92.25908660888672
spy,2000-04-27,91.95405578613281
spy,2000-04-28,91.38323211669922
spy,2000-05-01,92.62322998046875
spy,2000-05-02,90.77312469482422
spy,2000-05-03,88.64747619628906
spy,2000-05-04,89.3166275024414
spy,2000-05-05,90.39911651611328
spy,2000-05-08,89.72012329101562
spy,2000-05-09,89.00172424316406
spy,2000-05-10,86.99413299560547
spy,2000-05-11,88.9820785522461
spy,2000-05-12,89.94648742675781
spy,2000-05-15,91.5013427734375
spy,2000-05-16,92.38705444335938
spy,2000-05-17,91.422607421875
spy,2000-05-18,90.30070495605469
spy,2000-05-19,88.88359832763672
spy,2000-05-22,88.21443939208984
spy,2000-05-23,86.9154052734375
spy,2000-05-24,88.33256530761719
spy,2000-05-25,86.81702423095703
spy,2000-05-26,86.9154052734375
spy,2000-05-30,89.7496109008789
spy,2000-05-31,89.94648742675781
spy,2000-06-01,91.52104187011719
spy,2000-06-02,93.11524200439453
spy,2000-06-05,92.66252899169922
spy,2000-06-06,92.24925994873047
spy,2000-06-07,92.88888549804688
spy,2000-06-08,92.5247802734375
spy,2000-06-09,92.32796478271484
spy,2000-06-12,91.2454833984375
spy,2000-06-13,92.95780181884766
spy,2000-06-14,93.11524200439453
spy,2000-06-15,93.31205749511719
spy,2000-06-16,92.54533386230469
spy,2000-06-19,93.72908782958984
spy,2000-06-20,93.39369201660156
spy,2000-06-21,93.35423278808594
spy,2000-06-22,91.93379974365234
spy,2000-06-23,91.1446762084961
spy,2000-06-26,92.31849670410156
spy,2000-06-27,91.63786315917969
spy,2000-06-28,91.89431762695312
spy,2000-06-29,91.02631378173828
spy,2000-06-30,91.71675872802734
spy,2000-07-03,92.9793472290039
spy,2000-07-05,91.30242919921875
spy,2000-07-06,92.01270294189453
spy,2000-07-07,93.49229431152344
spy,2000-07-10,93.3344497680664
spy,2000-07-11,93.53177642822266
spy,2000-07-12,94.14334869384766
spy,2000-07-13,94.5576400756836
spy,2000-07-14,95.48486328125
spy,2000-07-17,95.32703399658203
spy,2000-07-18,94.54778289794922
spy,2000-07-19,93.7882308959961
spy,2000-07-20,95.09028625488281
spy,2000-07-21,93.23583221435547
spy,2000-07-24,92.70320129394531
spy,2000-07-25,92.99909973144531
spy,2000-07-26,92.09162139892578
spy,2000-07-27,91.77593231201172
spy,2000-07-28,89.70448303222656
spy,2000-07-31,90.27660369873047
spy,2000-08-01,90.82899475097656
spy,2000-08-02,91.28276824951172
spy,2000-08-03,91.9140625
spy,2000-08-04,92.40725708007812
spy,2000-08-07,93.51203918457031
spy,2000-08-08,93.86714935302734
spy,2000-08-09,93.0780258178711
spy,2000-08-10,92.62423706054688
spy,2000-08-11,93.05829620361328
spy,2000-08-14,94.24200439453125
spy,2000-08-15,94.16302490234375
spy,2000-08-16,93.82768249511719
spy,2000-08-17,94.81410217285156
spy,2000-08-18,94.49842834472656
spy,2000-08-21,95.01139831542969
spy,2000-08-22,94.85356903076172
spy,2000-08-23,95.22843170166016
spy,2000-08-24,95.52433776855469
spy,2000-08-25,95.48486328125
spy,2000-08-28,95.8104019165039
spy,2000-08-29,95.83013153076172
spy,2000-08-30,94.91275024414062
spy,2000-08-31,96.17535400390625
spy,2000-09-01,96.27398681640625
spy,2000-09-05,95.50465393066406
spy,2000-09-06,94.4195327758789
spy,2000-09-07,95.22843170166016
spy,2000-09-08,94.57734680175781
spy,2000-09-11,94.43929290771484
spy,2000-09-12,93.74877166748047
spy,2000-09-13,93.99540710449219
spy,2000-09-14,94.46887969970703
spy,2000-09-15,92.40210723876953
spy,2000-09-18,91.55165100097656
spy,2000-09-19,92.38225555419922
spy,2000-09-20,91.69994354248047
spy,2000-09-21,90.30563354492188
spy,2000-09-22,91.94718170166016
spy,2000-09-25,91.2945327758789
spy,2000-09-26,90.12761688232422
spy,2000-09-27,90.60231018066406
spy,2000-09-28,91.7691879272461
spy,2000-09-29,90.89897155761719
spy,2000-10-02,91.03741455078125
spy,2000-10-03,90.18694305419922
spy,2000-10-04,90.93850708007812
spy,2000-10-05,91.25501251220703
spy,2000-10-06,89.27718353271484
spy,2000-10-09,88.60472106933594
spy,2000-10-10,87.1412124633789
spy,2000-10-11,86.40936279296875
spy,2000-10-12,84.25357055664062
spy,2000-10-13,87.06204223632812
spy,2000-10-16,87.45762634277344
spy,2000-10-17,85.28204345703125
spy,2000-10-18,84.96559143066406
spy,2000-10-19,88.16964721679688
spy,2000-10-20,88.54539489746094
spy,2000-10-23,88.94097137451172
spy,2000-10-24,88.34761810302734
spy,2000-10-25,86.27092742919922
spy,2000-10-26,86.50824737548828
spy,2000-10-27,88.14982604980469
spy,2000-10-30,88.94097137451172
spy,2000-10-31,90.47370910644531
spy,2000-11-01,90.16716766357422
spy,2000-11-02,90.31552124023438
spy,2000-11-03,90.36499786376953
spy,2000-11-06,90.9978256225586
spy,2000-11-07,90.97810363769531
spy,2000-11-08,88.96072387695312
spy,2000-11-09,88.62448120117188
spy,2000-11-10,86.46870422363281
spy,2000-11-13,85.79627227783203
spy,2000-11-14,88.05094146728516
spy,2000-11-15,88.32784271240234
spy,2000-11-16,86.94336700439453
spy,2000-11-17,86.47863006591797
spy,2000-11-20,85.24249267578125
spy,2000-11-21,85.6775894165039
spy,2000-11-22,83.6305923461914
spy,2000-11-24,85.34138488769531
spy,2000-11-27,86.09294128417969
spy,2000-11-28,84.60964965820312
spy,2000-11-29,84.45140838623047
spy,2000-11-30,83.71959686279297
spy,2000-12-01,83.68006896972656
spy,2000-12-04,84.39204406738281
spy,2000-12-05,87.16097259521484
spy,2000-12-06,85.7666244506836
spy,2000-12-07,84.58985900878906
spy,2000-12-08,84.78760528564453
spy,2000-12-11,87.73450469970703
spy,2000-12-12,87.35872650146484
spy,2000-12-13,86.16214752197266
spy,2000-12-14,85.06451416015625
spy,2000-12-15,83.1431884765625
spy,2000-12-18,84.2541275024414
spy,2000-12-19,82.53811645507812
spy,2000-12-20,80.14757537841797
spy,2000-12-21,80.70307922363281
spy,2000-12-22,83.1233139038086
spy,2000-12-26,84.01605224609375
spy,2000-12-27,84.63107299804688
spy,2000-12-28,84.88894653320312
spy,2000-12-29,83.28206634521484
spy,2001-01-02,81.77432250976562
spy,2001-01-03,85.70233917236328
spy,2001-01-04,84.77984619140625
spy,2001-01-05,82.01240539550781
spy,2001-01-08,82.6472396850586
spy,2001-01-09,82.42900085449219
spy,2001-01-10,83.87721252441406
spy,2001-01-11,83.95655059814453
spy,2001-01-12,83.7978744506836
spy,2001-01-16,84.3335189819336
spy,2001-01-17,84.72032928466797
spy,2001-01-18,85.5634536743164
spy,2001-01-19,85.07744598388672
spy,2001-01-22,85.64283752441406
spy,2001-01-23,86.31737518310547
spy,2001-01-24,86.57522583007812
spy,2001-01-25,86.35701751708984
spy,2001-01-26,86.25782775878906
spy,2001-01-29,86.71807098388672
spy,2001-01-30,87.47987365722656
spy,2001-01-31,86.98473358154297
spy,2001-02-01,87.5623779296875
spy,2001-02-02,85.5754165649414
spy,2001-02-05,86.20384979248047
spy,2001-02-06,85.94994354248047
spy,2001-02-07,85.50557708740234
spy,2001-02-08,84.50886535644531
spy,2001-02-09,83.69629669189453
spy,2001-02-12,84.65489959716797
spy,2001-02-13,83.96292114257812
spy,2001-02-14,83.83590698242188
spy,2001-02-15,84.64854431152344
spy,2001-02-16,82.78214263916016
spy,2001-02-20,81.506103515625
spy,2001-02-21,79.74761199951172
spy,2001-02-22,79.86822509765625
spy,2001-02-23,79.32866668701172
spy,2001-02-26,81.01729583740234
spy,2001-02-27,80.2681884765625
spy,2001-02-28,78.68746185302734
spy,2001-03-01,79.1000747680664
spy,2001-03-02,78.47160339355469
spy,2001-03-05,79.1889877319336
spy,2001-03-06,80.03966522216797
spy,2001-03-07,80.61097717285156
spy,2001-03-08,80.69985961914062
spy,2001-03-09,78.31289672851562
spy,2001-03-12,74.96095275878906
spy,2001-03-13,76.19254302978516
spy,2001-03-14,74.68797302246094
spy,2001-03-15,74.70706176757812
spy,2001-03-16,73.2086410522461
spy,2001-03-19,74.69815063476562
spy,2001-03-20,72.69306945800781
spy,2001-03-21,71.45816040039062
spy,2001-03-22,70.73249053955078
spy,2001-03-23,72.87124633789062
spy,2001-03-26,73.80062866210938
spy,2001-03-27,75.3092269897461
spy,2001-03-28,73.22776794433594
spy,2001-03-29,73.50786590576172
spy,2001-03-30,74.2780532836914
spy,2001-04-02,72.69306945800781
spy,2001-04-03,70.267822265625
spy,2001-04-04,70.56065368652344
spy,2001-04-05,73.23410034179688
spy,2001-04-06,72.12015533447266
spy,2001-04-09,72.9222183227539
spy,2001-04-10,74.2525405883789
spy,2001-04-11,74.303466796875
spy,2001-04-12,75.6529541015625
spy,2001-04-16,74.85728454589844
spy,2001-04-17,75.91390991210938
spy,2001-04-18,78.9311294555664
spy,2001-04-19,79.98143005371094
spy,2001-04-20,79.24942016601562
spy,2001-04-23,77.81085205078125
spy,2001-04-24,77.39070129394531
spy,2001-04-25,78.40283203125
spy,2001-04-26,78.7529296875
spy,2001-04-27,80.06417846679688
spy,2001-04-30,80.62435150146484
spy,2001-05-01,80.87261962890625
spy,2001-05-02,80.72618865966797
spy,2001-05-03,79.70135498046875
spy,2001-05-04,81.05722045898438
spy,2001-05-07,80.35700988769531
spy,2001-05-08,80.31884002685547
spy,2001-05-09,79.98143005371094
spy,2001-05-10,80.2169418334961
spy,2001-05-11,79.66317749023438
spy,2001-05-14,79.82231903076172
spy,2001-05-15,80.19149780273438
spy,2001-05-16,82.08202362060547
spy,2001-05-17,82.2093505859375
spy,2001-05-18,82.58487701416016
spy,2001-05-21,83.8006820678711
spy,2001-05-22,83.69247436523438
spy,2001-05-23,82.27300262451172
spy,2001-05-24,82.5148696899414
spy,2001-05-25,81.54098510742188
spy,2001-05-29,80.8917007446289
spy,2001-05-30,79.75859832763672
spy,2001-05-31,80.17237854003906
spy,2001-06-01,80.66890716552734
spy,2001-06-04,81.05722045898438
spy,2001-06-05,81.98653411865234
spy,2001-06-06,81.30546569824219
spy,2001-06-07,81.59825897216797
spy,2001-06-08,80.84074401855469
spy,2001-06-11,80.26790618896484
spy,2001-06-12,80.12785339355469
spy,2001-06-13,79.44036865234375
spy,2001-06-14,77.65807342529297
spy,2001-06-15,77.78319549560547
spy,2001-06-18,77.40653991699219
spy,2001-06-19,77.74488067626953
spy,2001-06-20,78.15342712402344
spy,2001-06-21,79.0407485961914
spy,2001-06-22,78.4215316772461
spy,2001-06-25,77.70018005371094
spy,2001-06-26,77.5916748046875
spy,2001-06-27,77.54701232910156
spy,2001-06-28,77.97468566894531
spy,2001-06-29,78.26194763183594
spy,2001-07-02,79.23861694335938
spy,2001-07-03,79.21946716308594
spy,2001-07-05,77.6746597290039
spy,2001-07-06,75.99580383300781
spy,2001-07-09,76.41068267822266
spy,2001-07-10,75.49149322509766
spy,2001-07-11,75.56806182861328
spy,2001-07-12,77.36184692382812
spy,2001-07-13,78.03211975097656
spy,2001-07-16,77.05548095703125
spy,2001-07-17,77.77677917480469
spy,2001-07-18,77.24696350097656
spy,2001-07-19,77.92361450195312
spy,2001-07-20,77.45760345458984
spy,2001-07-23,75.9319839477539
spy,2001-07-24,75.19786071777344
spy,2001-07-25,76.02770233154297
spy,2001-07-26,76.82563018798828
spy,2001-07-27,77.11930847167969
spy,2001-07-30,77.14482116699219
spy,2001-07-31,77.46399688720703
spy,2001-08-01,77.94915008544922
spy,2001-08-02,78.26832580566406
spy,2001-08-03,77.84064483642578
spy,2001-08-06,76.79373168945312
spy,2001-08-07,77.09376525878906
spy,2001-08-08,75.6638412475586
spy,2001-08-09,75.88725280761719
spy,2001-08-10,76.14898681640625
spy,2001-08-13,76.16818237304688
spy,2001-08-14,76.13623046875
spy,2001-08-15,75.47871398925781
spy,2001-08-16,75.74041748046875
spy,2001-08-17,74.52760314941406
spy,2001-08-20,75.21698760986328
spy,2001-08-21,73.93390655517578
spy,2001-08-22,74.69994354248047
spy,2001-08-23,74.43183898925781
spy,2001-08-24,75.97664642333984
spy,2001-08-27,75.5234146118164
spy,2001-08-28,74.41908264160156
spy,2001-08-29,73.75520324707031
spy,2001-08-30,72.33802795410156
spy,2001-08-31,72.86786651611328
spy,2001-09-04,72.40188598632812
spy,2001-09-05,72.5805892944336
spy,2001-09-06,70.710205078125
spy,2001-09-07,69.401611328125
spy,2001-09-10,70.25064849853516
spy,2001-09-17,66.58011627197266
spy,2001-09-18,66.42051696777344
spy,2001-09-19,65.07996368408203
spy,2001-09-20,63.01173400878906
spy,2001-09-21,62.33187484741211
spy,2001-09-24,64.52325439453125
spy,2001-09-25,65.19602966308594
spy,2001-09-26,64.9653549194336
spy,2001-09-27,65.52921295166016
spy,2001-09-28,66.91962432861328
spy,2001-10-01,66.81071472167969
spy,2001-10-02,67.65009307861328
spy,2001-10-03,68.78421020507812
spy,2001-10-04,68.84186553955078
spy,2001-10-05,68.70732879638672
spy,2001-10-08,68.25877380371094
spy,2001-10-09,67.89359283447266
spy,2001-10-10,69.40574645996094
spy,2001-10-11,70.48219299316406
spy,2001-10-12,70.16181182861328
spy,2001-10-15,70.03363800048828
spy,2001-10-16,70.47578430175781
spy,2001-10-17,68.97644805908203
spy,2001-10-18,68.82905578613281
spy,2001-10-19,68.78421020507812
spy,2001-10-22,70.14259338378906
spy,2001-10-23,69.78375244140625
spy,2001-10-24,69.59795379638672
spy,2001-10-25,70.84741973876953
spy,2001-10-26,70.68726348876953
spy,2001-10-29,68.84825897216797
spy,2001-10-30,68.021728515625
spy,2001-10-31,67.79106140136719
spy,2001-11-01,69.52745056152344
spy,2001-11-02,70.00163269042969
spy,2001-11-05,70.91790771484375
spy,2001-11-06,72.01998138427734
spy,2001-11-07,71.92388916015625
spy,2001-11-08,72.14813995361328
spy,2001-11-09,72.22501373291016
spy,2001-11-12,71.78289031982422
spy,2001-11-13,73.39759826660156
spy,2001-11-14,73.46804809570312
spy,2001-11-15,73.6026382446289
spy,2001-11-16,73.27583312988281
spy,2001-11-19,74.17930603027344
spy,2001-11-20,73.55774688720703
spy,2001-11-21,73.07081604003906
spy,2001-11-23,74.12162780761719
spy,2001-11-26,74.28181457519531
spy,2001-11-27,73.96145629882812
spy,2001-11-28,72.6222915649414
spy,2001-11-29,73.6026382446289
spy,2001-11-30,73.0772476196289
spy,2001-12-03,72.64149475097656
spy,2001-12-04,73.87173461914062
spy,2001-12-05,75.22369384765625
spy,2001-12-06,75.18526458740234
spy,2001-12-07,74.68549346923828
spy,2001-12-10,73.28866577148438
spy,2001-12-11,73.14128112792969
spy,2001-12-12,73.22457122802734
spy,2001-12-13,71.80209350585938
spy,2001-12-14,72.48772430419922
spy,2001-12-17,73.2374267578125
spy,2001-12-18,73.67311096191406
spy,2001-12-19,74.19213104248047
spy,2001-12-20,73.461669921875
spy,2001-12-21,73.90721130371094
spy,2001-12-24,73.76576232910156
spy,2001-12-26,74.17080688476562
spy,2001-12-27,74.62091827392578
spy,2001-12-28,74.58232116699219
spy,2001-12-31,73.48933410644531
spy,2002-01-02,74.2801513671875
spy,2002-01-03,75.12238311767578
spy,2002-01-04,75.6239242553711
spy,2002-01-07,75.09027099609375
spy,2002-01-08,74.91664123535156
spy,2002-01-09,74.30587005615234
spy,2002-01-10,74.63374328613281
spy,2002-01-11,73.90083312988281
spy,2002-01-14,73.43787384033203
spy,2002-01-15,74.03579711914062
spy,2002-01-16,72.53773498535156
spy,2002-01-17,73.08424377441406
spy,2002-01-18,72.74990844726562
spy,2002-01-22,72.2484130859375
spy,2002-01-23,72.80133819580078
spy,2002-01-24,73.02641296386719
spy,2002-01-25,73.0071029663086
spy,2002-01-28,73.20640563964844
spy,2002-01-29,70.90465545654297
spy,2002-01-30,71.92691802978516
spy,2002-01-31,72.76920318603516
spy,2002-02-01,72.42840576171875
spy,2002-02-04,70.62815856933594
spy,2002-02-05,70.19097137451172
spy,2002-02-06,69.88880157470703
spy,2002-02-07,69.45158386230469
spy,2002-02-08,70.7824935913086
spy,2002-02-11,71.65043640136719
spy,2002-02-12,71.42543029785156
spy,2002-02-13,72.18412017822266
spy,2002-02-14,72.049072265625
spy,2002-02-15,71.29683685302734
spy,2002-02-19,69.92736053466797
spy,2002-02-20,71.1039810180664
spy,2002-02-21,69.63160705566406
spy,2002-02-22,70.49315643310547
spy,2002-02-25,71.65689849853516
spy,2002-02-26,71.5090103149414
spy,2002-02-27,71.78546142578125
spy,2002-02-28,71.4640121459961
spy,2002-03-01,73.1292724609375
spy,2002-03-04,74.42158508300781
spy,2002-03-05,74.18370056152344
spy,2002-03-06,75.0645751953125
spy,2002-03-07,74.90381622314453
spy,2002-03-08,75.21884155273438
spy,2002-03-11,75.37957763671875
spy,2002-03-12,75.3345947265625
spy,2002-03-13,74.60802459716797
spy,2002-03-14,74.50514221191406
spy,2002-03-15,75.21503448486328
spy,2002-03-18,75.22798156738281
spy,2002-03-19,75.73092651367188
spy,2002-03-20,74.305908203125
spy,2002-03-21,74.33815002441406
spy,2002-03-22,74.17698669433594
spy,2002-03-25,73.25489807128906
spy,2002-03-26,73.68047332763672
spy,2002-03-27,73.8738784790039
spy,2002-03-28,73.84166717529297
spy,2002-04-01,73.8738784790039
spy,2002-04-02,73.4676742553711
spy,2002-04-03,72.95185852050781
spy,2002-04-04,72.6488037109375
spy,2002-04-05,72.66168975830078
spy,2002-04-08,72.81645965576172
spy,2002-04-09,72.30706787109375
spy,2002-04-10,73.12593078613281
spy,2002-04-11,71.30764770507812
spy,2002-04-12,71.84278106689453
spy,2002-04-15,71.29473876953125
spy,2002-04-16,72.99053955078125
spy,2002-04-17,72.8357925415039
spy,2002-04-18,72.51984405517578
spy,2002-04-19,72.78421020507812
spy,2002-04-22,71.57200622558594
spy,2002-04-23,71.26250457763672
spy,2002-04-24,70.54681396484375
spy,2002-04-25,70.58547973632812
spy,2002-04-26,69.24430084228516
spy,2002-04-29,68.90252685546875
spy,2002-04-30,69.54735565185547
spy,2002-05-01,70.39848327636719
spy,2002-05-02,70.12769317626953
spy,2002-05-03,69.36680603027344
spy,2002-05-06,68.00630187988281
spy,2002-05-07,67.76773071289062
spy,2002-05-08,70.28889465332031
spy,2002-05-09,69.4764175415039
spy,2002-05-10,68.16748809814453
spy,2002-05-13,69.55379486083984
spy,2002-05-14,71.06908416748047
spy,2002-05-15,70.79176330566406
spy,2002-05-16,71.15934753417969
spy,2002-05-17,71.50749969482422
spy,2002-05-20,70.73377990722656
spy,2002-05-21,70.0890121459961
spy,2002-05-22,70.24373626708984
spy,2002-05-23,70.99169921875
spy,2002-05-24,70.0825424194336
spy,2002-05-28,69.70214080810547
spy,2002-05-29,69.1862564086914
spy,2002-05-30,68.99283599853516
spy,2002-05-31,69.13468170166016
spy,2002-06-03,67.29702758789062
spy,2002-06-04,67.46466827392578
spy,2002-06-05,68.0965576171875
spy,2002-06-06,66.71024322509766
spy,2002-06-07,66.63287353515625
spy,2002-06-10,66.89081573486328
spy,2002-06-11,65.74307250976562
spy,2002-06-12,66.1428451538086
spy,2002-06-13,65.47872924804688
spy,2002-06-14,65.38201141357422
spy,2002-06-17,67.13587188720703
spy,2002-06-18,67.68389129638672
spy,2002-06-19,66.10418701171875
spy,2002-06-20,65.2594985961914
spy,2002-06-21,64.23908233642578
spy,2002-06-24,64.57556915283203
spy,2002-06-25,63.12614822387695
spy,2002-06-26,63.229705810546875
spy,2002-06-27,64.33612823486328
spy,2002-06-28,64.03204345703125
spy,2002-07-01,62.783226013183594
spy,2002-07-02,61.45030212402344
spy,2002-07-03,61.79970169067383
spy,2002-07-05,64.25849914550781
spy,2002-07-08,63.456138610839844
spy,2002-07-09,61.85794448852539
spy,2002-07-10,59.606197357177734
spy,2002-07-11,60.09149169921875
spy,2002-07-12,59.43153381347656
spy,2002-07-15,59.748558044433594
spy,2002-07-16,58.59684753417969
spy,2002-07-17,58.7132568359375
spy,2002-07-18,56.81096649169922
spy,2002-07-19,54.81157302856445
spy,2002-07-22,53.187469482421875
spy,2002-07-23,51.731605529785156
spy,2002-07-24,54.81802749633789
spy,2002-07-25,54.35215759277344
spy,2002-07-26,55.38746643066406
spy,2002-07-29,58.08563232421875
spy,2002-07-30,58.84267807006836
spy,2002-07-31,58.98506164550781
spy,2002-08-01,57.445072174072266
spy,2002-08-02,56.157413482666016
spy,2002-08-05,54.203338623046875
spy,2002-08-06,56.02802276611328
spy,2002-08-07,57.00507354736328
spy,2002-08-08,58.84916305541992
spy,2002-08-09,59.069149017333984
spy,2002-08-12,58.6356315612793
spy,2002-08-13,57.5680046081543
spy,2002-08-14,59.670902252197266
spy,2002-08-15,60.499107360839844
spy,2002-08-16,60.31795883178711
spy,2002-08-19,61.728515625
spy,2002-08-20,61.07500457763672
spy,2002-08-21,61.954994201660156
spy,2002-08-22,62.55677795410156
spy,2002-08-23,61.21088790893555
spy,2002-08-26,61.63799285888672
spy,2002-08-27,60.926170349121094
spy,2002-08-28,59.593257904052734
spy,2002-08-29,59.61915969848633
spy,2002-08-30,59.38623046875
spy,2002-09-03,57.12154006958008
spy,2002-09-04,57.936832427978516
spy,2002-09-05,57.445072174072266
spy,2002-09-06,58.234493255615234
spy,2002-09-09,58.66152572631836
spy,2002-09-10,59.33443832397461
spy,2002-09-11,58.965641021728516
spy,2002-09-12,57.87859344482422
spy,2002-09-13,58.02095031738281
spy,2002-09-16,58.16330337524414
spy,2002-09-17,56.83039093017578
spy,2002-09-18,56.2609748840332
spy,2002-09-19,54.80510330200195
spy,2002-09-20,54.82332229614258
spy,2002-09-23,54.37485885620117
spy,2002-09-24,53.49737548828125
spy,2002-09-25,54.82332229614258
spy,2002-09-26,55.72024917602539
spy,2002-09-27,53.78339767456055
spy,2002-09-30,53.159423828125
spy,2002-10-01,55.71376037597656
spy,2002-10-02,54.04336166381836
spy,2002-10-03,53.49737548828125
spy,2002-10-04,52.5159797668457
spy,2002-10-07,51.43055725097656
spy,2002-10-08,52.236507415771484
spy,2002-10-09,50.7610969543457
spy,2002-10-10,52.40546798706055
spy,2002-10-11,54.6998176574707
spy,2002-10-14,55.00528335571289
spy,2002-10-15,57.65057373046875
spy,2002-10-16,56.253196716308594
spy,2002-10-17,57.37113952636719
spy,2002-10-18,57.61158752441406
spy,2002-10-21,58.606021881103516
spy,2002-10-22,58.183536529541016
spy,2002-10-23,58.625526428222656
spy,2002-10-24,57.42961883544922
spy,2002-10-25,58.625526428222656
spy,2002-10-28,58.24203109741211
spy,2002-10-29,57.56608200073242
spy,2002-10-30,58.12506103515625
spy,2002-10-31,57.533592224121094
spy,2002-11-01,58.67098617553711
spy,2002-11-04,59.229976654052734
spy,2002-11-05,59.697940826416016
spy,2002-11-06,60.47136688232422
spy,2002-11-07,58.989479064941406
spy,2002-11-08,58.268043518066406
spy,2002-11-11,57.36461639404297
spy,2002-11-12,57.81958770751953
spy,2002-11-13,57.878089904785156
spy,2002-11-14,58.970001220703125
spy,2002-11-15,59.405452728271484
spy,2002-11-18,58.80747604370117
spy,2002-11-19,58.72949981689453
spy,2002-11-20,60.03590774536133
spy,2002-11-21,61.153785705566406
spy,2002-11-22,60.71833038330078
spy,2002-11-25,60.75730895996094
spy,2002-11-26,59.60041809082031
spy,2002-11-27,61.277313232421875
spy,2002-11-29,61.08232116699219
spy,2002-12-02,61.1797981262207
spy,2002-12-03,60.360862731933594
spy,2002-12-04,60.087921142578125
spy,2002-12-05,59.42493438720703
spy,2002-12-06,59.81492233276367
spy,2002-12-09,58.170562744140625
spy,2002-12-10,58.95048904418945
spy,2002-12-11,59.00249481201172
spy,2002-12-12,58.9959831237793
spy,2002-12-13,58.066551208496094
spy,2002-12-16,59.56795120239258
spy,2002-12-17,59.04801559448242
spy,2002-12-18,58.36552429199219
spy,2002-12-19,57.949562072753906
spy,2002-12-20,58.77645492553711
spy,2002-12-23,58.79603576660156
spy,2002-12-24,58.35843276977539
spy,2002-12-26,58.38454055786133
spy,2002-12-27,57.071746826171875
spy,2002-12-30,57.54854965209961
spy,2002-12-31,57.626930236816406
spy,2003-01-02,59.481834411621094
spy,2003-01-03,59.664710998535156
spy,2003-01-06,60.71630096435547
spy,2003-01-07,60.56606674194336
spy,2003-01-08,59.69084167480469
spy,2003-01-09,60.61831283569336
spy,2003-01-10,60.781585693359375
spy,2003-01-13,60.762020111083984
spy,2003-01-14,60.957923889160156
spy,2003-01-15,60.35051345825195
spy,2003-01-16,60.102333068847656
spy,2003-01-17,59.21403884887695
spy,2003-01-21,58.29312515258789
spy,2003-01-22,57.58771896362305
spy,2003-01-23,57.9404182434082
spy,2003-01-24,56.4185905456543
spy,2003-01-27,55.647865295410156
spy,2003-01-28,56.059356689453125
spy,2003-01-29,56.4838981628418
spy,2003-01-30,55.144981384277344
spy,2003-01-31,56.2096061706543
spy,2003-02-03,56.320648193359375
spy,2003-02-04,55.76546096801758
spy,2003-02-05,55.41927719116211
spy,2003-02-06,55.158016204833984
spy,2003-02-07,54.485267639160156
spy,2003-02-10,54.87063980102539
spy,2003-02-11,54.49181365966797
spy,2003-02-12,53.623146057128906
spy,2003-02-13,53.786399841308594
spy,2003-02-14,54.96210861206055
spy,2003-02-18,55.92873001098633
spy,2003-02-19,55.634822845458984
spy,2003-02-20,55.07963180541992
spy,2003-02-21,55.634822845458984
spy,2003-02-24,54.733482360839844
spy,2003-02-25,55.171077728271484
spy,2003-02-26,54.36767578125
spy,2003-02-27,55.08616256713867
spy,2003-02-28,55.451927185058594
spy,2003-03-03,54.9228630065918
spy,2003-03-04,54.047691345214844
spy,2003-03-05,54.50489044189453
spy,2003-03-06,54.047691345214844
spy,2003-03-07,54.41996765136719
spy,2003-03-10,53.113712310791016
spy,2003-03-11,52.59115982055664
spy,2003-03-12,52.94384002685547
spy,2003-03-13,54.77266311645508
spy,2003-03-14,54.94902801513672
spy,2003-03-17,56.67985916137695
spy,2003-03-18,57.012969970703125
spy,2003-03-19,57.45058059692383
spy,2003-03-20,57.574668884277344
spy,2003-03-21,58.803585052490234
spy,2003-03-24,56.84934997558594
spy,2003-03-25,57.39366912841797
spy,2003-03-26,57.105106353759766
spy,2003-03-27,57.151039123535156
spy,2003-03-28,56.86247253417969
spy,2003-03-31,55.57059860229492
spy,2003-04-01,56.42311477661133
spy,2003-04-02,57.787139892578125
spy,2003-04-03,57.5117073059082
spy,2003-04-04,57.85271072387695
spy,2003-04-07,57.7412223815918
spy,2003-04-08,57.833030700683594
spy,2003-04-09,57.072322845458984
spy,2003-04-10,57.387088775634766
spy,2003-04-11,57.151039123535156
spy,2003-04-14,58.3314208984375
spy,2003-04-15,58.87570571899414
spy,2003-04-16,57.87239456176758
spy,2003-04-17,58.731441497802734
spy,2003-04-21,58.79047775268555
spy,2003-04-22,59.89872741699219
spy,2003-04-23,60.4495735168457
spy,2003-04-24,59.91184616088867
spy,2003-04-25,59.17082214355469
spy,2003-04-28,60.19386291503906
spy,2003-04-29,60.40366744995117
spy,2003-04-30,60.27252960205078
spy,2003-05-01,60.265968322753906
spy,2003-05-02,61.12504959106445
spy,2003-05-05,61.00701141357422
spy,2003-05-06,61.58408737182617
spy,2003-05-07,61.24309158325195
spy,2003-05-08,60.626651763916016
spy,2003-05-09,61.466033935546875
spy,2003-05-12,62.22016906738281
spy,2003-05-13,62.10869216918945
spy,2003-05-14,61.97755813598633
spy,2003-05-15,62.371028900146484
spy,2003-05-16,62.21366882324219
spy,2003-05-19,60.75778579711914
spy,2003-05-20,60.63323211669922
spy,2003-05-21,60.75778579711914
spy,2003-05-22,61.36115264892578
spy,2003-05-23,61.48574447631836
spy,2003-05-27,62.561195373535156
spy,2003-05-28,62.73822784423828
spy,2003-05-29,62.57430648803711
spy,2003-05-30,63.5776481628418
spy,2003-06-02,63.839942932128906
spy,2003-06-03,64.1022720336914
spy,2003-06-04,65.02689361572266
spy,2003-06-05,65.34822845458984
spy,2003-06-06,65.09249877929688
spy,2003-06-09,64.43018341064453
spy,2003-06-10,65.08590698242188
spy,2003-06-11,65.77448272705078
spy,2003-06-12,65.97775268554688
spy,2003-06-13,65.28919219970703
spy,2003-06-16,66.66634368896484
spy,2003-06-17,66.66634368896484
spy,2003-06-18,66.6073226928711
spy,2003-06-19,65.59087371826172
spy,2003-06-20,65.44609069824219
spy,2003-06-23,64.77474975585938
spy,2003-06-24,64.840576171875
spy,2003-06-25,64.18905639648438
spy,2003-06-26,65.02489471435547
spy,2003-06-27,64.27456665039062
spy,2003-06-30,64.25482940673828
spy,2003-07-01,64.84717559814453
spy,2003-07-02,65.66328430175781
spy,2003-07-03,64.98538970947266
spy,2003-07-07,66.27536010742188
spy,2003-07-08,66.57154083251953
spy,2003-07-09,66.19638061523438
spy,2003-07-10,65.35395050048828
spy,2003-07-11,65.97257995605469
spy,2003-07-14,66.29511260986328
spy,2003-07-15,66.15033721923828
spy,2003-07-16,65.76200866699219
spy,2003-07-17,64.8274154663086
spy,2003-07-18,65.49215698242188
spy,2003-07-21,64.68263244628906
spy,2003-07-22,65.26837921142578
spy,2003-07-23,65.31446075439453
spy,2003-07-24,64.82088470458984
spy,2003-07-25,65.96601867675781
spy,2003-07-28,65.7225112915039
spy,2003-07-29,65.41979217529297
spy,2003-07-30,65.26180267333984
spy,2003-07-31,65.41316986083984
spy,2003-08-01,64.83399200439453
spy,2003-08-04,64.83399200439453
spy,2003-08-05,63.45848846435547
spy,2003-08-06,63.82707214355469
spy,2003-08-07,64.49836730957031
spy,2003-08-08,64.68263244628906
spy,2003-08-11,64.92613983154297
spy,2003-08-12,65.51850128173828
spy,2003-08-13,65.18284606933594
spy,2003-08-14,65.36054229736328
spy,2003-08-15,65.56452941894531
spy,2003-08-18,66.13056945800781
spy,2003-08-19,66.38068389892578
spy,2003-08-20,66.11080169677734
spy,2003-08-21,66.32139587402344
spy,2003-08-22,65.66328430175781
spy,2003-08-25,65.76856994628906
spy,2003-08-26,65.88706970214844
spy,2003-08-27,65.90682220458984
spy,2003-08-28,66.31484985351562
spy,2003-08-29,66.76236724853516
spy,2003-09-02,67.65746307373047
spy,2003-09-03,68.02604675292969
spy,2003-09-04,68.0589370727539
spy,2003-09-05,67.67720031738281
spy,2003-09-08,68.23666381835938
spy,2003-09-09,67.78911590576172
spy,2003-09-10,67.1046371459961
spy,2003-09-11,67.30207061767578
spy,2003-09-12,67.42710876464844
spy,2003-09-15,67.19013214111328
spy,2003-09-16,68.1707992553711
spy,2003-09-17,68.03916931152344
spy,2003-09-18,68.84211730957031
spy,2003-09-19,68.49195861816406
spy,2003-09-22,67.75202941894531
spy,2003-09-23,68.00965118408203
spy,2003-09-24,66.8006362915039
spy,2003-09-25,66.25227355957031
spy,2003-09-26,66.03426361083984
spy,2003-09-29,66.68174743652344
spy,2003-09-30,66.03426361083984
spy,2003-10-01,67.4415054321289
spy,2003-10-02,67.6859359741211
spy,2003-10-03,68.30701446533203
spy,2003-10-06,68.61748504638672
spy,2003-10-07,68.88176727294922
spy,2003-10-08,68.70999145507812
spy,2003-10-09,68.89501953125
spy,2003-10-10,69.0865707397461
spy,2003-10-13,69.30461883544922
spy,2003-10-14,69.5490493774414
spy,2003-10-15,69.3640365600586
spy,2003-10-16,69.64155578613281
spy,2003-10-17,68.88176727294922
spy,2003-10-20,69.39708709716797
spy,2003-10-21,69.27821350097656
spy,2003-10-22,68.4061050415039
spy,2003-10-23,68.28054809570312
spy,2003-10-24,68.43248748779297
spy,2003-10-27,68.46553802490234
spy,2003-10-28,69.39708709716797
spy,2003-10-29,69.48961639404297
spy,2003-10-30,69.63494873046875
spy,2003-10-31,69.5688705444336
spy,2003-11-03,70.02471923828125
spy,2003-11-04,69.87276458740234
spy,2003-11-05,69.92562866210938
spy,2003-11-06,70.29560852050781
spy,2003-11-07,69.7736587524414
spy,2003-11-10,69.48961639404297
spy,2003-11-11,69.46977233886719
spy,2003-11-12,70.2493667602539
spy,2003-11-13,70.26921081542969
spy,2003-11-14,69.67459106445312
spy,2003-11-17,69.32441711425781
spy,2003-11-18,68.60429382324219
spy,2003-11-19,69.18566131591797
spy,2003-11-20,68.56465148925781
spy,2003-11-21,68.84874725341797
spy,2003-11-24,69.76044464111328
spy,2003-11-25,70.02471923828125
spy,2003-11-26,70.27581024169922
spy,2003-11-28,70.32864379882812
spy,2003-12-01,71.0884017944336
spy,2003-12-02,70.9100341796875
spy,2003-12-03,70.79774475097656
spy,2003-12-04,71.0884017944336
spy,2003-12-05,70.59290313720703
spy,2003-12-08,71.068603515625
spy,2003-12-09,70.52025604248047
spy,2003-12-10,70.51362609863281
spy,2003-12-11,71.30644989013672
spy,2003-12-12,71.44518280029297
spy,2003-12-15,71.0884017944336
spy,2003-12-16,71.45842742919922
spy,2003-12-17,71.68302917480469
spy,2003-12-18,72.48906707763672
spy,2003-12-19,72.28727722167969
spy,2003-12-22,72.7917709350586
spy,2003-12-23,72.83819580078125
spy,2003-12-24,72.76518249511719
spy,2003-12-26,72.81826782226562
spy,2003-12-29,73.78742218017578
spy,2003-12-30,73.80067443847656
spy,2003-12-31,73.86708068847656
spy,2004-01-02,73.83387756347656
spy,2004-01-05,74.6370620727539
spy,2004-01-06,74.7101058959961
spy,2004-01-07,74.96235656738281
spy,2004-01-08,75.26105499267578
spy,2004-01-09,74.6038818359375
spy,2004-01-12,75.15484619140625
spy,2004-01-13,74.71673583984375
spy,2004-01-14,75.34069061279297
spy,2004-01-15,75.52655792236328
spy,2004-01-16,75.82527160644531
spy,2004-01-20,75.80535888671875
spy,2004-01-21,76.40276336669922
spy,2004-01-22,76.20362091064453
spy,2004-01-23,75.95804595947266
spy,2004-01-26,76.91390991210938
spy,2004-01-27,76.12399291992188
spy,2004-01-28,75.2544174194336
spy,2004-01-29,75.32742309570312
spy,2004-01-30,75.32742309570312
spy,2004-02-02,75.6527328491211
spy,2004-02-03,75.52655792236328
spy,2004-02-04,74.90921783447266
spy,2004-02-05,75.12828063964844
spy,2004-02-06,75.97132873535156
spy,2004-02-09,75.99120330810547
spy,2004-02-10,76.2367935180664
spy,2004-02-11,77.04664611816406
spy,2004-02-12,76.76787567138672
spy,2004-02-13,76.42265319824219
spy,2004-02-17,77.11302947998047
spy,2004-02-18,76.77450561523438
spy,2004-02-19,76.48906707763672
spy,2004-02-20,76.25674438476562
spy,2004-02-23,76.0642318725586
spy,2004-02-24,75.93148040771484
spy,2004-02-25,76.2501449584961
spy,2004-02-26,76.29656982421875
spy,2004-02-27,76.34965515136719
spy,2004-03-01,77.1064224243164
spy,2004-03-02,76.65502166748047
spy,2004-03-03,76.79442596435547
spy,2004-03-04,76.99356079101562
spy,2004-03-05,77.25244140625
spy,2004-03-08,76.3098373413086
spy,2004-03-09,76.0045166015625
spy,2004-03-10,74.73001098632812
spy,2004-03-11,73.76089477539062
spy,2004-03-12,74.73001098632812
spy,2004-03-15,73.8139877319336
spy,2004-03-16,74.20563507080078
spy,2004-03-17,75.03534698486328
spy,2004-03-18,75.05523681640625
spy,2004-03-19,73.97950744628906
spy,2004-03-22,73.04029083251953
spy,2004-03-23,72.91370391845703
spy,2004-03-24,72.97366333007812
spy,2004-03-25,73.93954467773438
spy,2004-03-26,73.95950317382812
spy,2004-03-29,74.99862670898438
spy,2004-03-30,75.25179290771484
spy,2004-03-31,75.3383560180664
spy,2004-04-01,75.79133605957031
spy,2004-04-02,76.36417388916016
spy,2004-04-05,76.78386688232422
spy,2004-04-06,76.53739929199219
spy,2004-04-07,76.35755157470703
spy,2004-04-08,76.1843490600586
spy,2004-04-12,76.48412322998047
spy,2004-04-13,75.41165924072266
spy,2004-04-14,75.53154754638672
spy,2004-04-15,75.2451400756836
spy,2004-04-16,75.82461547851562
spy,2004-04-19,75.82461547851562
spy,2004-04-20,74.55236053466797
spy,2004-04-21,75.05192565917969
spy,2004-04-22,76.10445404052734
spy,2004-04-23,76.17770385742188
spy,2004-04-26,76.07111358642578
spy,2004-04-27,76.13775634765625
spy,2004-04-28,75.1518783569336
spy,2004-04-29,74.49238586425781
spy,2004-04-30,73.91288757324219
spy,2004-05-03,74.70556640625
spy,2004-05-04,74.64559936523438
spy,2004-05-05,75.1252212524414
spy,2004-05-06,74.47908782958984
spy,2004-05-07,73.24674224853516
spy,2004-05-10,72.49402618408203
spy,2004-05-11,73.10685729980469
spy,2004-05-12,73.57315063476562
spy,2004-05-13,73.26673889160156
spy,2004-05-14,73.30001831054688
spy,2004-05-17,72.67391204833984
spy,2004-05-18,73.04029083251953
spy,2004-05-19,72.78712463378906
spy,2004-05-20,73.0202865600586
spy,2004-05-21,73.14683532714844
spy,2004-05-24,73.45325469970703
spy,2004-05-25,74.50572967529297
spy,2004-05-26,74.76551818847656
spy,2004-05-27,75.1851806640625
spy,2004-05-28,75.17853546142578
spy,2004-06-01,75.07857513427734
spy,2004-06-02,75.35836029052734
spy,2004-06-03,74.66558837890625
spy,2004-06-04,75.2584457397461
spy,2004-06-07,76.4041748046875
spy,2004-06-08,76.5107421875
spy,2004-06-09,75.79798889160156
spy,2004-06-10,76.17105102539062
spy,2004-06-14,75.4183120727539
spy,2004-06-15,75.95121002197266
spy,2004-06-16,75.9378890991211
spy,2004-06-17,75.82461547851562
spy,2004-06-18,75.96771240234375
spy,2004-06-21,75.68022918701172
spy,2004-06-22,76.06133270263672
spy,2004-06-23,76.71651458740234
spy,2004-06-24,76.4758529663086
spy,2004-06-25,76.10809326171875
spy,2004-06-28,75.84740447998047
spy,2004-06-29,76.16159057617188
spy,2004-06-30,76.56938171386719
spy,2004-07-01,75.50641632080078
spy,2004-07-02,75.46629333496094
spy,2004-07-06,74.80440521240234
spy,2004-07-07,75.02507019042969
spy,2004-07-08,74.50357055664062
spy,2004-07-09,74.69747161865234
spy,2004-07-12,74.73087310791016
spy,2004-07-13,74.78439331054688
spy,2004-07-14,74.55705261230469
spy,2004-07-15,74.07572174072266
spy,2004-07-16,74.01551818847656
spy,2004-07-19,73.70130920410156
spy,2004-07-20,74.63729095458984
spy,2004-07-21,73.26007080078125
spy,2004-07-22,73.46064758300781
spy,2004-07-23,72.8455810546875
spy,2004-07-26,72.70516204833984
spy,2004-07-27,73.38714599609375
spy,2004-07-28,73.60772705078125
spy,2004-07-29,73.92191314697266
spy,2004-07-30,74.10244750976562
spy,2004-08-02,74.25623321533203
spy,2004-08-03,73.68123626708984
spy,2004-08-04,73.67459869384766
spy,2004-08-05,72.47118377685547
spy,2004-08-06,71.43489074707031
spy,2004-08-09,71.53523254394531
spy,2004-08-10,72.45783996582031
spy,2004-08-11,72.31075286865234
spy,2004-08-12,71.52184295654297
spy,2004-08-13,71.66221618652344
spy,2004-08-16,72.40431213378906
spy,2004-08-17,72.81214141845703
spy,2004-08-18,73.56089782714844
spy,2004-08-19,73.34697723388672
spy,2004-08-20,73.8617935180664
spy,2004-08-23,73.67459869384766
spy,2004-08-24,73.77483367919922
spy,2004-08-25,74.27629852294922
spy,2004-08-26,74.27629852294922
spy,2004-08-27,74.51026916503906
spy,2004-08-30,73.89521789550781
spy,2004-08-31,74.28295135498047
spy,2004-09-01,74.42334747314453
spy,2004-09-02,75.2657470703125
spy,2004-09-03,74.95820617675781
spy,2004-09-07,75.45295715332031
spy,2004-09-08,75.2657470703125
spy,2004-09-09,75.19883728027344
spy,2004-09-10,75.5866470336914
spy,2004-09-13,75.83396911621094
spy,2004-09-14,75.98779296875
spy,2004-09-15,75.4128189086914
spy,2004-09-16,75.6401138305664
spy,2004-09-17,75.9616928100586
spy,2004-09-20,75.50518035888672
spy,2004-09-21,75.83412170410156
spy,2004-09-22,74.88760375976562
spy,2004-09-23,74.48473358154297
spy,2004-09-24,74.8271484375
spy,2004-09-27,74.35050201416016
spy,2004-09-28,74.706298828125
spy,2004-09-29,75.08221435546875
spy,2004-09-30,75.02853393554688
spy,2004-10-01,76.29736328125
spy,2004-10-04,76.4249267578125
spy,2004-10-05,76.46521759033203
spy,2004-10-06,76.98883819580078
spy,2004-10-07,76.1631088256836
spy,2004-10-08,75.53205108642578
spy,2004-10-11,75.84085083007812
spy,2004-10-12,75.54549407958984
spy,2004-10-13,74.88085174560547
spy,2004-10-14,74.27662658691406
spy,2004-10-15,74.6928939819336
spy,2004-10-18,74.974853515625
spy,2004-10-19,74.34378814697266
spy,2004-10-20,74.19609069824219
spy,2004-10-21,74.679443359375
spy,2004-10-22,73.84027862548828
spy,2004-10-25,73.75299835205078
spy,2004-10-26,74.88085174560547
spy,2004-10-27,75.78044128417969
spy,2004-10-28,76.00868225097656
spy,2004-10-29,75.99525451660156
spy,2004-11-01,76.203369140625
spy,2004-11-02,76.23023223876953
spy,2004-11-03,77.19026947021484
spy,2004-11-04,78.24422454833984
spy,2004-11-05,78.73429870605469
spy,2004-11-08,78.62017822265625
spy,2004-11-09,78.46577453613281
spy,2004-11-10,78.52619934082031
spy,2004-11-11,79.12369537353516
spy,2004-11-12,79.7480239868164
spy,2004-11-15,79.9439926147461
spy,2004-11-16,79.37165832519531
spy,2004-11-17,79.84294891357422
spy,2004-11-18,79.95071411132812
spy,2004-11-19,79.06189727783203
spy,2004-11-22,79.43899536132812
spy,2004-11-23,79.5602035522461
spy,2004-11-24,79.74870300292969
spy,2004-11-26,79.68811798095703
spy,2004-11-29,79.32450103759766
spy,2004-11-30,79.37835693359375
spy,2004-12-01,80.28064727783203
spy,2004-12-02,80.34795379638672
spy,2004-12-03,80.29413604736328
spy,2004-12-06,80.26713562011719
spy,2004-12-07,79.51976013183594
spy,2004-12-08,79.9843521118164
spy,2004-12-09,80.26713562011719
spy,2004-12-10,80.34795379638672
spy,2004-12-13,81.04823303222656
spy,2004-12-14,81.33103942871094
spy,2004-12-15,81.39163970947266
spy,2004-12-16,81.34449768066406
spy,2004-12-17,80.80194091796875
spy,2004-12-20,80.82220458984375
spy,2004-12-21,81.44461059570312
spy,2004-12-22,81.64082336425781
spy,2004-12-23,81.70165252685547
spy,2004-12-27,81.53253936767578
spy,2004-12-28,81.97904968261719
spy,2004-12-29,82.10079956054688
spy,2004-12-30,81.94522857666016
spy,2004-12-31,81.76935577392578
spy,2005-01-03,81.38375091552734
spy,2005-01-04,80.3892822265625
spy,2005-01-05,79.83454132080078
spy,2005-01-06,80.24044799804688
spy,2005-01-07,80.12543487548828
spy,2005-01-10,80.5042495727539
spy,2005-01-11,79.9495620727539
spy,2005-01-12,80.21337890625
spy,2005-01-13,79.5707015991211
spy,2005-01-14,79.99015045166016
spy,2005-01-18,80.82220458984375
spy,2005-01-19,79.97659301757812
spy,2005-01-20,79.48948669433594
spy,2005-01-21,79.00244140625
spy,2005-01-24,78.84681701660156
spy,2005-01-25,79.07008361816406
spy,2005-01-26,79.3068618774414
spy,2005-01-27,79.44216918945312
spy,2005-01-28,79.44216918945312
spy,2005-01-31,79.93599700927734
spy,2005-02-01,80.44334411621094
spy,2005-02-02,80.68692016601562
spy,2005-02-03,80.47722625732422
spy,2005-02-04,81.33639526367188
spy,2005-02-07,81.22815704345703
spy,2005-02-08,81.32284545898438
spy,2005-02-09,80.71397399902344
spy,2005-02-10,81.00489807128906
spy,2005-02-11,81.70165252685547
spy,2005-02-14,81.64082336425781
spy,2005-02-15,81.94522857666016
spy,2005-02-16,81.99935150146484
spy,2005-02-17,81.33639526367188
spy,2005-02-18,81.44461059570312
spy,2005-02-22,80.23363494873047
spy,2005-02-23,80.8086929321289
spy,2005-02-24,81.34313201904297
spy,2005-02-25,82.148193359375
spy,2005-02-28,81.60697174072266
spy,2005-03-01,82.01287078857422
spy,2005-03-02,81.97228240966797
spy,2005-03-03,82.0061264038086
spy,2005-03-04,83.027587890625
spy,2005-03-07,83.0682373046875
spy,2005-03-08,82.75703430175781
spy,2005-03-09,81.83699035644531
spy,2005-03-10,82.01966857910156
spy,2005-03-11,81.44461059570312
spy,2005-03-14,81.95197296142578
spy,2005-03-15,81.27546691894531
spy,2005-03-16,80.5854721069336
spy,2005-03-17,80.74779510498047
spy,2005-03-18,80.50807189941406
spy,2005-03-21,80.20921325683594
spy,2005-03-22,79.39427185058594
spy,2005-03-23,79.46214294433594
spy,2005-03-24,79.55722045898438
spy,2005-03-28,79.67266845703125
spy,2005-03-29,79.1429443359375
spy,2005-03-30,80.26358795166016
spy,2005-03-31,80.11412048339844
spy,2005-04-01,79.75421142578125
spy,2005-04-04,79.89005279541016
spy,2005-04-05,80.27033996582031
spy,2005-04-06,80.54879760742188
spy,2005-04-07,80.98347473144531
spy,2005-04-08,80.14132690429688
spy,2005-04-11,80.2024154663086
spy,2005-04-12,80.61672973632812
spy,2005-04-13,79.6658935546875
spy,2005-04-14,78.62680053710938
spy,2005-04-15,77.52655029296875
spy,2005-04-18,77.76427459716797
spy,2005-04-19,78.38227081298828
spy,2005-04-20,77.288818359375
spy,2005-04-21,78.78976440429688
spy,2005-04-22,78.49095916748047
spy,2005-04-25,79.00713348388672
spy,2005-04-26,78.23965454101562
spy,2005-04-27,78.54528045654297
spy,2005-04-28,77.56050872802734
spy,2005-04-29,78.61320495605469
spy,2005-05-02,79.05467224121094
spy,2005-05-03,79.19048309326172
spy,2005-05-04,79.80172729492188
spy,2005-05-05,79.7745590209961
spy,2005-05-06,79.52330017089844
spy,2005-05-09,80.01907348632812
spy,2005-05-10,79.19048309326172
spy,2005-05-11,79.6251449584961
spy,2005-05-12,78.74903869628906
spy,2005-05-13,78.59284210205078
spy,2005-05-16,79.32630157470703
spy,2005-05-17,79.8561019897461
spy,2005-05-18,80.67787170410156
spy,2005-05-19,81.01744842529297
spy,2005-05-20,80.9020004272461
spy,2005-05-23,81.3501968383789
spy,2005-05-24,81.16004943847656
spy,2005-05-25,81.09898376464844
spy,2005-05-26,81.53358459472656
spy,2005-05-27,81.6694107055664
spy,2005-05-31,81.14649963378906
spy,2005-06-01,81.83924102783203
spy,2005-06-02,82.01581573486328
spy,2005-06-03,81.60151672363281
spy,2005-06-06,81.52681732177734
spy,2005-06-07,81.58795166015625
spy,2005-06-08,81.43852996826172
spy,2005-06-09,81.82566833496094
spy,2005-06-10,81.63548278808594
spy,2005-06-13,81.89356231689453
spy,2005-06-14,82.08373260498047
spy,2005-06-15,82.23991394042969
spy,2005-06-16,82.45045471191406
spy,2005-06-17,82.75595092773438
spy,2005-06-20,82.78323364257812
spy,2005-06-21,82.83097839355469
spy,2005-06-22,82.89916229248047
spy,2005-06-23,81.73311614990234
spy,2005-06-24,81.13304138183594
spy,2005-06-27,81.24897766113281
spy,2005-06-28,81.93086242675781
spy,2005-06-29,81.71267700195312
spy,2005-06-30,81.26940155029297
spy,2005-07-01,81.50806427001953
spy,2005-07-05,82.16275024414062
spy,2005-07-06,81.4739761352539
spy,2005-07-07,81.79444885253906
spy,2005-07-08,82.72866821289062
spy,2005-07-11,83.1514892578125
spy,2005-07-12,83.36968231201172
spy,2005-07-13,83.4856185913086
spy,2005-07-14,83.81294250488281
spy,2005-07-15,83.76516723632812
spy,2005-07-18,83.43103790283203
spy,2005-07-19,83.887939453125
spy,2005-07-20,84.17430877685547
spy,2005-07-21,83.6833724975586
spy,2005-07-22,84.2425308227539
spy,2005-07-25,84.00389862060547
spy,2005-07-26,84.10614013671875
spy,2005-07-27,84.4129867553711
spy,2005-07-28,84.94488525390625
spy,2005-07-29,84.37890625
spy,2005-08-01,84.31753540039062
spy,2005-08-02,84.82212829589844
spy,2005-08-03,85.04719543457031
spy,2005-08-04,84.3652572631836
spy,2005-08-05,83.79247283935547
spy,2005-08-08,83.6356201171875
spy,2005-08-09,84.14026641845703
spy,2005-08-10,84.09932708740234
spy,2005-08-11,84.43345642089844
spy,2005-08-12,83.91519165039062
spy,2005-08-15,84.43345642089844
spy,2005-08-16,83.33556365966797
spy,2005-08-17,83.3287582397461
spy,2005-08-18,83.32193756103516
spy,2005-08-19,83.51289367675781
spy,2005-08-22,83.51289367675781
spy,2005-08-23,83.35606384277344
spy,2005-08-24,82.61277770996094
spy,2005-08-25,82.91279602050781
spy,2005-08-26,82.34683227539062
spy,2005-08-29,82.98098754882812
spy,2005-08-30,82.54457092285156
spy,2005-08-31,83.587890625
spy,2005-09-01,83.5265121459961
spy,2005-09-02,83.37650299072266
spy,2005-09-06,84.35163116455078
spy,2005-09-07,84.4948501586914
spy,2005-09-08,84.21524810791016
spy,2005-09-09,84.96531677246094
spy,2005-09-12,84.79484558105469
spy,2005-09-13,84.3243637084961
spy,2005-09-14,84.01750183105469
spy,2005-09-15,83.97657775878906
spy,2005-09-16,84.57373046875
spy,2005-09-19,84.29293060302734
spy,2005-09-20,83.58074951171875
spy,2005-09-21,82.80008697509766
spy,2005-09-22,83.09454345703125
spy,2005-09-23,83.1630630493164
spy,2005-09-26,83.25890350341797
spy,2005-09-27,83.23833465576172
spy,2005-09-28,83.32052612304688
spy,2005-09-29,83.99849700927734
spy,2005-09-30,84.25872802734375
spy,2005-10-03,83.95738983154297
spy,2005-10-04,83.01239013671875
spy,2005-10-05,81.92350769042969
spy,2005-10-06,81.62903594970703
spy,2005-10-07,81.90984344482422
spy,2005-10-10,81.21818542480469
spy,2005-10-11,81.10173797607422
spy,2005-10-12,80.46488189697266
spy,2005-10-13,80.4169692993164
spy,2005-10-14,81.2661361694336
spy,2005-10-17,81.56742095947266
spy,2005-10-18,80.68402862548828
spy,2005-10-19,82.02623748779297
spy,2005-10-20,80.58130645751953
spy,2005-10-21,80.89630126953125
spy,2005-10-24,82.14947509765625
spy,2005-10-25,81.98516082763672
spy,2005-10-26,81.74549102783203
spy,2005-10-27,80.87574005126953
spy,2005-10-28,82.03996276855469
spy,2005-10-31,82.26593780517578
spy,2005-11-01,82.51249694824219
spy,2005-11-02,83.37532043457031
spy,2005-11-03,83.73141479492188
spy,2005-11-04,83.6218490600586
spy,2005-11-07,83.70405578613281
spy,2005-11-08,83.70405578613281
spy,2005-11-09,83.81360626220703
spy,2005-11-10,84.46415710449219
spy,2005-11-11,84.75181579589844
spy,2005-11-14,84.70384216308594
spy,2005-11-15,84.39566040039062
spy,2005-11-16,84.56685638427734
spy,2005-11-17,85.35437774658203
spy,2005-11-18,85.68997955322266
spy,2005-11-21,86.12141418457031
spy,2005-11-22,86.49120330810547
spy,2005-11-23,86.9910888671875
spy,2005-11-25,87.0595703125
spy,2005-11-28,86.44325256347656
spy,2005-11-29,86.34738159179688
spy,2005-11-30,85.8817138671875
spy,2005-12-01,86.7582778930664
spy,2005-12-02,86.86782836914062
spy,2005-12-05,86.68292999267578
spy,2005-12-06,86.8473129272461
spy,2005-12-07,86.34053039550781
spy,2005-12-08,86.28575134277344
spy,2005-12-09,86.51171875
spy,2005-12-12,86.59391021728516
spy,2005-12-13,87.18285369873047
spy,2005-12-14,87.5252685546875
spy,2005-12-15,87.2718505859375
spy,2005-12-16,86.99100494384766
spy,2005-12-19,86.54346466064453
spy,2005-12-20,86.62612915039062
spy,2005-12-21,86.76380920410156
spy,2005-12-22,87.2181625366211
spy,2005-12-23,87.26636505126953
spy,2005-12-27,86.37828063964844
spy,2005-12-28,86.57101440429688
spy,2005-12-29,86.18550109863281
spy,2005-12-30,85.71734619140625
spy,2006-01-03,87.22502899169922
spy,2006-01-04,87.63812255859375
spy,2006-01-05,87.69317626953125
spy,2006-01-06,88.42292785644531
spy,2006-01-09,88.65011596679688
spy,2006-01-10,88.7396011352539
spy,2006-01-11,89.0218734741211
spy,2006-01-12,88.6707763671875
spy,2006-01-13,88.5881576538086
spy,2006-01-17,88.34721374511719
spy,2006-01-18,87.99609375
spy,2006-01-19,88.33342742919922
spy,2006-01-20,86.72248840332031
spy,2006-01-23,87.03227233886719
spy,2006-01-24,87.12179565429688
spy,2006-01-25,87.19751739501953
spy,2006-01-26,87.67943572998047
spy,2006-01-27,88.49176788330078
spy,2006-01-30,88.42292785644531
spy,2006-01-31,87.77581024169922
spy,2006-02-01,88.3885269165039
spy,2006-02-02,87.3627700805664
spy,2006-02-03,86.92900085449219
spy,2006-02-06,87.15618896484375
spy,2006-02-07,86.38514709472656
spy,2006-02-08,87.16999816894531
spy,2006-02-09,87.02539825439453
spy,2006-02-10,87.1837387084961
spy,2006-02-13,87.02539825439453
spy,2006-02-14,87.94789123535156
spy,2006-02-15,88.2577133178711
spy,2006-02-16,88.91862487792969
spy,2006-02-17,88.67764282226562
spy,2006-02-21,88.45735168457031
spy,2006-02-22,88.99434661865234
spy,2006-02-23,88.86354064941406
spy,2006-02-24,89.09068298339844
spy,2006-02-27,89.12512969970703
spy,2006-02-28,88.27835845947266
spy,2006-03-01,89.06320190429688
spy,2006-03-02,89.05632781982422
spy,2006-03-03,88.64323425292969
spy,2006-03-06,88.23709869384766
spy,2006-03-07,88.0993881225586
spy,2006-03-08,88.28528594970703
spy,2006-03-09,87.69317626953125
spy,2006-03-10,88.52616882324219
spy,2006-03-13,88.69140625
spy,2006-03-14,89.6208267211914
spy,2006-03-15,90.02012634277344
spy,2006-03-16,90.20598602294922
spy,2006-03-17,90.28132629394531
spy,2006-03-20,90.13616943359375
spy,2006-03-21,89.56944274902344
spy,2006-03-22,90.11544799804688
spy,2006-03-23,89.9288330078125
spy,2006-03-24,89.99797821044922
spy,2006-03-27,89.86659240722656
spy,2006-03-28,89.31370544433594
spy,2006-03-29,89.8735122680664
spy,2006-03-30,89.71454620361328
spy,2006-03-31,89.73528289794922
spy,2006-04-03,89.6661605834961
spy,2006-04-04,90.23988342285156
spy,2006-04-05,90.55089569091797
spy,2006-04-06,90.45410919189453
spy,2006-04-07,89.53485107421875
spy,2006-04-10,89.67311096191406
spy,2006-04-11,88.91281127929688
spy,2006-04-12,89.07868957519531
spy,2006-04-13,88.96121215820312
spy,2006-04-17,88.92664337158203
spy,2006-04-18,90.33660888671875
spy,2006-04-19,90.5093994140625
spy,2006-04-20,90.63383483886719
spy,2006-04-21,90.64765167236328
spy,2006-04-24,90.48175811767578
spy,2006-04-25,90.1085433959961
spy,2006-04-26,90.1292495727539
spy,2006-04-27,90.5647201538086
spy,2006-04-28,90.86884307861328
spy,2006-05-01,90.1292495727539
spy,2006-05-02,90.80662536621094
spy,2006-05-03,90.46795654296875
spy,2006-05-04,90.79283142089844
spy,2006-05-05,91.59455108642578
spy,2006-05-08,91.48394012451172
spy,2006-05-09,91.66366577148438
spy,2006-05-10,91.61532592773438
spy,2006-05-11,90.5093994140625
spy,2006-05-12,89.32752227783203
spy,2006-05-15,89.50719451904297
spy,2006-05-16,89.37590026855469
spy,2006-05-17,87.67560577392578
spy,2006-05-18,87.23324584960938
spy,2006-05-19,87.84838104248047
spy,2006-05-22,87.17794036865234
spy,2006-05-23,86.514404296875
spy,2006-05-24,87.20559692382812
spy,2006-05-25,88.2838363647461
spy,2006-05-26,88.73310852050781
spy,2006-05-30,87.1572036743164
spy,2006-05-31,88.13177490234375
spy,2006-06-01,88.9749984741211
spy,2006-06-02,89.16158294677734
spy,2006-06-05,87.86222839355469
spy,2006-06-06,87.64791107177734
spy,2006-06-07,86.99134063720703
spy,2006-06-08,86.91532135009766
spy,2006-06-09,86.6387939453125
spy,2006-06-12,85.69889068603516
spy,2006-06-13,84.70354461669922
spy,2006-06-14,85.36019134521484
spy,2006-06-15,87.17105102539062
spy,2006-06-16,86.53580474853516
spy,2006-06-19,85.85546875
spy,2006-06-20,86.14703369140625
spy,2006-06-21,86.7857666015625
spy,2006-06-22,86.40393829345703
spy,2006-06-23,86.3900375366211
spy,2006-06-26,86.7718276977539
spy,2006-06-27,86.0220947265625
spy,2006-06-28,86.60523986816406
spy,2006-06-29,88.35472106933594
spy,2006-06-30,88.36164093017578
spy,2006-07-03,88.72262573242188
spy,2006-07-05,88.21582794189453
spy,2006-07-06,88.47274780273438
spy,2006-07-07,87.8965072631836
spy,2006-07-10,88.06311798095703
spy,2006-07-11,88.451904296875
spy,2006-07-12,87.50770568847656
spy,2006-07-13,86.08452606201172
spy,2006-07-14,85.75132751464844
spy,2006-07-17,85.62638092041016
spy,2006-07-18,86.06375885009766
spy,2006-07-19,87.25780487060547
spy,2006-07-20,86.66077423095703
spy,2006-07-21,86.04984283447266
spy,2006-07-24,87.61878967285156
spy,2006-07-25,87.93122100830078
spy,2006-07-26,88.04925537109375
spy,2006-07-27,87.9659194946289
spy,2006-07-28,88.84759521484375
spy,2006-07-31,88.75733947753906
spy,2006-08-01,88.32000732421875
spy,2006-08-02,88.91703033447266
spy,2006-08-03,89.15308380126953
spy,2006-08-04,89.00031280517578
spy,2006-08-07,88.79206085205078
spy,2006-08-08,88.451904296875
spy,2006-08-09,88.15335083007812
spy,2006-08-10,88.42412567138672
spy,2006-08-11,88.17418670654297
spy,2006-08-14,88.24364471435547
spy,2006-08-15,89.29884338378906
spy,2006-08-16,90.04169464111328
spy,2006-08-17,90.27078247070312
spy,2006-08-18,90.72895050048828
spy,2006-08-21,90.34014892578125
spy,2006-08-22,90.333251953125
spy,2006-08-23,90.08334350585938
spy,2006-08-24,90.00695037841797
spy,2006-08-25,90.11804962158203
spy,2006-08-28,90.54845428466797
spy,2006-08-29,90.65259552001953
spy,2006-08-30,90.70813751220703
spy,2006-08-31,90.69425201416016
spy,2006-09-01,91.23575592041016
spy,2006-09-05,91.40933227539062
spy,2006-09-06,90.60401916503906
spy,2006-09-07,90.18746185302734
spy,2006-09-08,90.44430541992188
spy,2006-09-11,90.53457641601562
spy,2006-09-12,91.42321014404297
spy,2006-09-13,91.79110717773438
spy,2006-09-14,91.79804992675781
spy,2006-09-15,92.01355743408203
spy,2006-09-18,92.13906860351562
spy,2006-09-19,91.9089584350586
spy,2006-09-20,92.39701843261719
spy,2006-09-21,91.95073699951172
spy,2006-09-22,91.671875
spy,2006-09-25,92.3760986328125
spy,2006-09-26,93.14310455322266
spy,2006-09-27,93.25469970703125
spy,2006-09-28,93.2198257446289
spy,2006-09-29,93.14310455322266
spy,2006-10-02,92.79447174072266
spy,2006-10-03,92.98973846435547
spy,2006-10-04,94.07746887207031
spy,2006-10-05,94.2587890625
spy,2006-10-06,94.14025115966797
spy,2006-10-09,94.19603729248047
spy,2006-10-10,94.3215560913086
spy,2006-10-11,94.20999908447266
spy,2006-10-12,95.02580261230469
spy,2006-10-13,95.2698974609375
spy,2006-10-16,95.41629028320312
spy,2006-10-17,95.11648559570312
spy,2006-10-18,95.24197387695312
spy,2006-10-19,95.39540100097656
spy,2006-10-20,95.41629028320312
spy,2006-10-23,95.85554504394531
spy,2006-10-24,96.1414566040039
spy,2006-10-25,96.46916961669922
spy,2006-10-26,96.76899719238281
spy,2006-10-27,96.16239929199219
spy,2006-10-30,96.0926513671875
spy,2006-10-31,96.07869720458984
spy,2006-11-01,95.43020629882812
spy,2006-11-02,95.3744125366211
spy,2006-11-03,95.20709991455078
spy,2006-11-06,96.28095245361328
spy,2006-11-07,96.65049743652344
spy,2006-11-08,96.85969543457031
spy,2006-11-09,96.35066223144531
spy,2006-11-10,96.39250183105469
spy,2006-11-13,96.62958526611328
spy,2006-11-14,97.35474395751953
spy,2006-11-15,97.6336669921875
spy,2006-11-16,97.88468933105469
spy,2006-11-17,97.91258239746094
spy,2006-11-20,97.96833801269531
spy,2006-11-21,98.06592559814453
spy,2006-11-22,98.26122283935547
spy,2006-11-24,97.86378479003906
spy,2006-11-27,96.51799011230469
spy,2006-11-28,96.93636322021484
spy,2006-11-29,97.94743347167969
spy,2006-11-30,97.98925018310547
spy,2006-12-01,97.7730941772461
spy,2006-12-04,98.5191879272461
spy,2006-12-05,98.94449615478516
spy,2006-12-06,98.86084747314453
spy,2006-12-07,98.42854309082031
spy,2006-12-08,98.60984802246094
spy,2006-12-11,98.89575958251953
spy,2006-12-12,98.81900024414062
spy,2006-12-13,98.92363739013672
spy,2006-12-14,99.79517364501953
spy,2006-12-15,99.80433654785156
spy,2006-12-18,99.53086853027344
spy,2006-12-19,99.72022247314453
spy,2006-12-20,99.66412353515625
spy,2006-12-21,99.29953002929688
spy,2006-12-22,98.6894760131836
spy,2006-12-26,99.27143096923828
spy,2006-12-27,99.92355346679688
spy,2006-12-28,99.71316528320312
spy,2006-12-29,99.29953002929688
spy,2007-01-03,99.1242446899414
spy,2007-01-04,99.33455657958984
spy,2007-01-05,98.54222106933594
spy,2007-01-08,98.998046875
spy,2007-01-09,98.91387939453125
spy,2007-01-10,99.243408203125
spy,2007-01-11,99.67811584472656
spy,2007-01-12,100.4354019165039
spy,2007-01-16,100.23904418945312
spy,2007-01-17,100.28113555908203
spy,2007-01-18,99.94456481933594
spy,2007-01-19,100.14087677001953
spy,2007-01-22,99.83238983154297
spy,2007-01-23,100.12691497802734
spy,2007-01-24,100.9332046508789
spy,2007-01-25,99.74823760986328
spy,2007-01-26,99.6571044921875
spy,2007-01-29,99.60095977783203
spy,2007-01-30,100.11988067626953
spy,2007-01-31,100.79299926757812
spy,2007-02-01,101.39599609375
spy,2007-02-02,101.53620910644531
spy,2007-02-05,101.56425476074219
spy,2007-02-06,101.59231567382812
spy,2007-02-07,101.8166732788086
spy,2007-02-08,101.68347930908203
spy,2007-02-09,100.92620086669922
spy,2007-02-12,100.5826416015625
spy,2007-02-13,101.4310531616211
spy,2007-02-14,102.09716796875
spy,2007-02-15,102.23038482666016
spy,2007-02-16,102.18128204345703
spy,2007-02-20,102.39862060546875
spy,2007-02-21,102.35655975341797
spy,2007-02-22,102.27947235107422
spy,2007-02-23,101.87982177734375
spy,2007-02-26,101.78868103027344
spy,2007-02-27,97.81300354003906
spy,2007-02-28,98.81570434570312
spy,2007-03-01,98.52117156982422
spy,2007-03-02,97.23104858398438
spy,2007-03-05,96.30550384521484
spy,2007-03-06,97.95323181152344
spy,2007-03-07,97.85509490966797
spy,2007-03-08,98.6824951171875
spy,2007-03-09,98.71053314208984
spy,2007-03-12,98.85777282714844
spy,2007-03-13,96.93657684326172
spy,2007-03-14,97.65878295898438
spy,2007-03-15,97.79193878173828
spy,2007-03-16,97.51814270019531
spy,2007-03-19,98.69375610351562
spy,2007-03-20,99.23577117919922
spy,2007-03-21,100.86894989013672
spy,2007-03-22,100.79151153564453
spy,2007-03-23,100.93936157226562
spy,2007-03-26,100.80554962158203
spy,2007-03-27,100.56626892089844
spy,2007-03-28,99.83415985107422
spy,2007-03-29,99.93973541259766
spy,2007-03-30,99.96080780029297
spy,2007-04-02,100.07347869873047
spy,2007-04-03,101.15049743652344
spy,2007-04-04,101.26314544677734
spy,2007-04-05,101.53770446777344
spy,2007-04-09,101.67857360839844
spy,2007-04-10,101.79816436767578
spy,2007-04-11,101.38285064697266
spy,2007-04-12,101.83336639404297
spy,2007-04-13,102.29795837402344
spy,2007-04-16,103.26941680908203
spy,2007-04-17,103.54398345947266
spy,2007-04-18,103.6706771850586
spy,2007-04-19,103.64249420166016
spy,2007-04-20,104.62100219726562
spy,2007-04-23,104.22681427001953
spy,2007-04-24,104.26897430419922
spy,2007-04-25,105.22640991210938
spy,2007-04-26,105.3460693359375
spy,2007-04-27,105.26161193847656
spy,2007-04-30,104.388671875
spy,2007-05-01,104.65620422363281
spy,2007-05-02,105.26863861083984
spy,2007-05-03,105.8388442993164
spy,2007-05-04,106.24012756347656
spy,2007-05-07,106.26121520996094
spy,2007-05-08,106.12039947509766
spy,2007-05-09,106.40908813476562
spy,2007-05-10,105.29682159423828
spy,2007-05-11,106.19784545898438
spy,2007-05-14,105.9655532836914
spy,2007-05-15,105.99369812011719
spy,2007-05-16,106.7187728881836
spy,2007-05-17,106.5075912475586
spy,2007-05-18,107.436767578125
spy,2007-05-21,107.38046264648438
spy,2007-05-22,107.29598999023438
spy,2007-05-23,107.31005859375
spy,2007-05-24,106.33861541748047
spy,2007-05-25,106.78209686279297
spy,2007-05-29,107.16931915283203
spy,2007-05-30,108.04219818115234
spy,2007-05-31,107.92958068847656
spy,2007-06-01,108.46456909179688
spy,2007-06-04,108.47863006591797
spy,2007-06-05,108.04920196533203
spy,2007-06-06,106.88773345947266
spy,2007-06-07,104.95887756347656
spy,2007-06-08,106.32454681396484
spy,2007-06-11,106.5075912475586
spy,2007-06-12,105.3460693359375
spy,2007-06-13,106.92289733886719
spy,2007-06-14,107.60576629638672
spy,2007-06-15,108.21798706054688
spy,2007-06-18,108.0907211303711
spy,2007-06-19,108.35943603515625
spy,2007-06-20,106.85353088378906
spy,2007-06-21,107.4474105834961
spy,2007-06-22,106.43639373779297
spy,2007-06-25,105.92739868164062
spy,2007-06-26,104.83856201171875
spy,2007-06-27,106.33036041259766
spy,2007-06-28,106.31620788574219
spy,2007-06-29,106.35155487060547
spy,2007-07-02,107.31304931640625
spy,2007-07-03,107.70193481445312
spy,2007-07-05,107.58881378173828
spy,2007-07-06,108.1543197631836
spy,2007-07-09,108.23918151855469
spy,2007-07-10,106.69793701171875
spy,2007-07-11,107.4544448852539
spy,2007-07-12,109.15123748779297
spy,2007-07-13,109.4764404296875
spy,2007-07-16,109.46231842041016
spy,2007-07-17,109.40576171875
spy,2007-07-18,109.20782470703125
spy,2007-07-19,109.6319808959961
spy,2007-07-20,108.52198028564453
spy,2007-07-23,108.85425567626953
spy,2007-07-24,106.96660614013672
spy,2007-07-25,107.18580627441406
spy,2007-07-26,104.64775085449219
spy,2007-07-27,102.59039306640625
spy,2007-07-30,104.19527435302734
spy,2007-07-31,103.02169036865234
spy,2007-08-01,103.52362823486328
spy,2007-08-02,104.35079956054688
spy,2007-08-03,101.6642837524414
spy,2007-08-06,103.36808013916016
spy,2007-08-07,104.47098541259766
spy,2007-08-08,105.92739868164062
spy,2007-08-09,102.788330078125
spy,2007-08-10,102.3076171875
spy,2007-08-13,102.67523956298828
spy,2007-08-14,101.10576629638672
spy,2007-08-15,99.71300506591797
spy,2007-08-16,100.46240234375
spy,2007-08-17,102.3076171875
spy,2007-08-20,102.25812530517578
spy,2007-08-21,102.46310424804688
spy,2007-08-22,103.67913818359375
spy,2007-08-23,103.58724975585938
spy,2007-08-24,104.86692810058594
spy,2007-08-27,103.89124298095703
spy,2007-08-28,101.607666015625
spy,2007-08-29,103.60138702392578
spy,2007-08-30,103.32567596435547
spy,2007-08-31,104.34366607666016
spy,2007-09-04,105.39715576171875
spy,2007-09-05,104.4851303100586
spy,2007-09-06,104.7254867553711
spy,2007-09-07,103.26913452148438
spy,2007-09-10,103.07117462158203
spy,2007-09-11,104.27302551269531
spy,2007-09-12,104.54169464111328
spy,2007-09-13,105.27692413330078
spy,2007-09-14,105.2698974609375
spy,2007-09-17,104.70428466796875
spy,2007-09-18,107.78675079345703
spy,2007-09-19,108.42298126220703
spy,2007-09-20,107.65948486328125
spy,2007-09-21,107.94998931884766
spy,2007-09-24,107.7510986328125
spy,2007-09-25,107.53801727294922
spy,2007-09-26,108.1063003540039
spy,2007-09-27,108.74560546875
spy,2007-09-28,108.38330078125
spy,2007-10-01,109.60511016845703
spy,2007-10-02,109.45592498779297
spy,2007-10-03,109.23574829101562
spy,2007-10-04,109.40618133544922
spy,2007-10-05,110.70613861083984
spy,2007-10-08,110.11656188964844
spy,2007-10-09,111.1536636352539
spy,2007-10-10,110.96893310546875
spy,2007-10-11,110.4361801147461
spy,2007-10-12,111.04707336425781
spy,2007-10-15,110.10942077636719
spy,2007-10-16,109.23574829101562
spy,2007-10-17,109.56954956054688
spy,2007-10-18,109.17179870605469
spy,2007-10-19,106.31624603271484
spy,2007-10-22,106.93421936035156
spy,2007-10-23,107.80085754394531
spy,2007-10-24,107.60189819335938
spy,2007-10-25,107.857666015625
spy,2007-10-26,109.12210845947266
spy,2007-10-29,109.48432159423828
spy,2007-10-30,108.72425842285156
spy,2007-10-31,109.85367584228516
spy,2007-11-01,107.28226470947266
spy,2007-11-02,107.40304565429688
spy,2007-11-05,106.58618927001953
spy,2007-11-06,108.0210189819336
spy,2007-11-07,105.06607055664062
spy,2007-11-08,104.53326416015625
spy,2007-11-09,103.09838104248047
spy,2007-11-12,102.07552337646484
spy,2007-11-13,105.18681335449219
spy,2007-11-14,104.8955307006836
spy,2007-11-15,103.3825454711914
spy,2007-11-16,103.56013488769531
spy,2007-11-19,102.1181411743164
spy,2007-11-20,102.74324798583984
spy,2007-11-21,100.64067840576172
spy,2007-11-23,102.38101959228516
spy,2007-11-26,100.12210845947266
spy,2007-11-27,101.27288818359375
spy,2007-11-28,104.511962890625
spy,2007-11-29,104.54753112792969
spy,2007-11-30,105.59879302978516
spy,2007-12-03,104.9026870727539
spy,2007-12-04,103.96500396728516
spy,2007-12-05,105.70529174804688
spy,2007-12-06,107.21834564208984
spy,2007-12-07,107.19709777832031
spy,2007-12-10,108.02814483642578
spy,2007-12-11,105.06607055664062
spy,2007-12-12,106.10310363769531
spy,2007-12-13,105.88292694091797
spy,2007-12-14,104.54039001464844
spy,2007-12-17,103.04869842529297
spy,2007-12-18,103.62409210205078
spy,2007-12-19,103.62409210205078
spy,2007-12-20,104.27752685546875
spy,2007-12-21,105.78074645996094
spy,2007-12-24,106.56627655029297
spy,2007-12-26,106.79479217529297
spy,2007-12-27,105.4522705078125
spy,2007-12-28,105.18804931640625
spy,2007-12-31,104.40967559814453
spy,2008-01-02,103.49559020996094
spy,2008-01-03,103.44558715820312
spy,2008-01-04,100.91056823730469
spy,2008-01-07,100.8248519897461
spy,2008-01-08,99.19671630859375
spy,2008-01-09,100.2392807006836
spy,2008-01-10,100.89627838134766
spy,2008-01-11,100.08216094970703
spy,2008-01-14,100.88912200927734
spy,2008-01-15,98.66822052001953
spy,2008-01-16,97.81847381591797
spy,2008-01-17,95.28334045410156
spy,2008-01-18,94.30506896972656
spy,2008-01-22,93.34814453125
spy,2008-01-23,95.5904312133789
spy,2008-01-24,96.39739227294922
spy,2008-01-25,95.00487518310547
spy,2008-01-28,96.5759048461914
spy,2008-01-29,97.05438995361328
spy,2008-01-30,96.34027862548828
spy,2008-01-31,98.09696197509766
spy,2008-02-01,99.67508697509766
spy,2008-02-04,98.4183349609375
spy,2008-02-05,95.7832260131836
spy,2008-02-06,95.01203155517578
spy,2008-02-07,95.64042663574219
spy,2008-02-08,95.02629852294922
spy,2008-02-11,95.51190185546875
spy,2008-02-12,96.39739227294922
spy,2008-02-13,97.38285827636719
spy,2008-02-14,96.52593994140625
spy,2008-02-15,96.50450897216797
spy,2008-02-19,96.77588653564453
spy,2008-02-20,97.06153106689453
spy,2008-02-21,96.25457000732422
spy,2008-02-22,96.8472671508789
spy,2008-02-25,98.06838989257812
spy,2008-02-26,98.80391693115234
spy,2008-02-27,98.70394134521484
spy,2008-02-28,97.73992919921875
spy,2008-02-29,95.56189727783203
spy,2008-03-03,95.3333511352539
spy,2008-03-04,94.96917724609375
spy,2008-03-05,95.56903839111328
spy,2008-03-06,93.5909194946289
spy,2008-03-07,92.62691497802734
spy,2008-03-10,91.40576934814453
spy,2008-03-11,94.6906967163086
spy,2008-03-12,93.8051986694336
spy,2008-03-13,94.0122299194336
spy,2008-03-14,92.55550384521484
spy,2008-03-17,91.6199722290039
spy,2008-03-18,95.42620086669922
spy,2008-03-19,93.06250762939453
spy,2008-03-20,94.78630828857422
spy,2008-03-24,96.68083190917969
spy,2008-03-25,96.774169921875
spy,2008-03-26,95.59004974365234
spy,2008-03-27,95.28862762451172
spy,2008-03-28,94.3772201538086
spy,2008-03-31,94.70733642578125
spy,2008-04-01,98.03721618652344
spy,2008-04-02,98.1018295288086
spy,2008-04-03,98.34577941894531
spy,2008-04-04,98.23812103271484
spy,2008-04-07,98.28837585449219
spy,2008-04-08,98.18792724609375
spy,2008-04-09,97.47743225097656
spy,2008-04-10,97.6137924194336
spy,2008-04-11,95.71924591064453
spy,2008-04-14,95.39625549316406
spy,2008-04-15,95.61875915527344
spy,2008-04-16,98.2094497680664
spy,2008-04-17,98.3530044555664
spy,2008-04-18,99.37919616699219
spy,2008-04-21,99.42945098876953
spy,2008-04-22,98.9916763305664
spy,2008-04-23,98.83378601074219
spy,2008-04-24,99.26436614990234
spy,2008-04-25,100.18296813964844
spy,2008-04-28,100.2044906616211
spy,2008-04-29,99.80976867675781
spy,2008-04-30,99.2213134765625
spy,2008-05-01,101.27375030517578
spy,2008-05-02,101.55366516113281
spy,2008-05-05,101.0656967163086
spy,2008-05-06,101.941162109375
spy,2008-05-07,100.12553405761719
spy,2008-05-08,99.86717224121094
spy,2008-05-09,99.68062591552734
spy,2008-05-12,100.80010223388672
spy,2008-05-13,100.81446838378906
spy,2008-05-14,101.02262115478516
spy,2008-05-15,102.28565216064453
spy,2008-05-16,102.37893676757812
spy,2008-05-19,102.6588363647461
spy,2008-05-20,101.82635498046875
spy,2008-05-21,100.10407257080078
spy,2008-05-22,100.11835479736328
spy,2008-05-23,98.77638244628906
spy,2008-05-27,99.50837707519531
spy,2008-05-28,99.9676742553711
spy,2008-05-29,100.47002410888672
spy,2008-05-30,100.72117614746094
spy,2008-06-02,99.68062591552734
spy,2008-06-03,99.09930419921875
spy,2008-06-04,99.04908752441406
spy,2008-06-05,101.0298080444336
spy,2008-06-06,97.80754852294922
spy,2008-06-09,98.04438018798828
spy,2008-06-10,97.55635070800781
spy,2008-06-11,96.12109375
spy,2008-06-12,96.48712158203125
spy,2008-06-13,97.70707702636719
spy,2008-06-16,97.7645034790039
spy,2008-06-17,97.29085540771484
spy,2008-06-18,96.34355163574219
spy,2008-06-19,96.46553802490234
spy,2008-06-20,94.89974212646484
spy,2008-06-23,94.80602264404297
spy,2008-06-24,94.61851501464844
spy,2008-06-25,95.06565856933594
spy,2008-06-26,92.483642578125
spy,2008-06-27,91.97874450683594
spy,2008-06-30,92.30337524414062
spy,2008-07-01,92.59184265136719
spy,2008-07-02,91.005126953125
spy,2008-07-03,91.0988998413086
spy,2008-07-07,90.16848754882812
spy,2008-07-08,91.76963806152344
spy,2008-07-09,90.0025863647461
spy,2008-07-10,90.37040710449219
spy,2008-07-11,89.31742858886719
spy,2008-07-14,88.50967407226562
spy,2008-07-15,87.26191711425781
spy,2008-07-16,89.40399169921875
spy,2008-07-17,90.29828643798828
spy,2008-07-18,90.86085510253906
spy,2008-07-21,90.911376953125
spy,2008-07-22,91.94271087646484
spy,2008-07-23,92.44037628173828
spy,2008-07-24,90.52190399169922
spy,2008-07-25,90.5002670288086
spy,2008-07-28,89.17318725585938
spy,2008-07-29,91.0772476196289
spy,2008-07-30,92.70001220703125
spy,2008-07-31,91.47392272949219
spy,2008-08-01,90.99069213867188
spy,2008-08-04,90.14682006835938
spy,2008-08-05,92.57742309570312
spy,2008-08-06,92.98847961425781
spy,2008-08-07,91.60372161865234
spy,2008-08-08,93.30586242675781
spy,2008-08-11,94.27230072021484
spy,2008-08-12,93.29144287109375
spy,2008-08-13,92.7288589477539
spy,2008-08-14,93.4284439086914
spy,2008-08-15,93.88285064697266
spy,2008-08-18,92.59903717041016
spy,2008-08-19,91.58931732177734
spy,2008-08-20,92.01484680175781
spy,2008-08-21,92.17352294921875
spy,2008-08-22,93.50780487060547
spy,2008-08-25,91.61095428466797
spy,2008-08-26,91.87781524658203
spy,2008-08-27,92.77213287353516
spy,2008-08-28,93.89727020263672
spy,2008-08-29,92.88753509521484
spy,2008-09-02,92.310546875
spy,2008-09-03,92.2312240600586
spy,2008-09-04,89.45445251464844
spy,2008-09-05,89.73571014404297
spy,2008-09-08,91.58931732177734
spy,2008-09-09,88.87027740478516
spy,2008-09-10,89.23087310791016
spy,2008-09-11,90.52190399169922
spy,2008-09-12,90.94021606445312
spy,2008-09-15,86.61282348632812
spy,2008-09-16,88.06253051757812
spy,2008-09-17,84.10295867919922
spy,2008-09-18,86.59837341308594
spy,2008-09-19,90.03755187988281
spy,2008-09-22,87.9991455078125
spy,2008-09-23,85.99702453613281
spy,2008-09-24,86.2726821899414
spy,2008-09-25,87.62194061279297
spy,2008-09-26,87.66545104980469
spy,2008-09-29,80.79586791992188
spy,2008-09-30,84.13995361328125
spy,2008-10-01,84.19075012207031
spy,2008-10-02,81.13681030273438
spy,2008-10-03,80.04145050048828
spy,2008-10-06,75.96463775634766
spy,2008-10-07,72.56246948242188
spy,2008-10-08,70.73443603515625
spy,2008-10-09,65.7944107055664
spy,2008-10-10,64.1985092163086
spy,2008-10-13,73.52001190185547
spy,2008-10-14,72.43190002441406
spy,2008-10-15,65.30113983154297
spy,2008-10-16,68.02143859863281
spy,2008-10-17,67.61519622802734
spy,2008-10-20,71.6774673461914
spy,2008-10-21,69.53755950927734
spy,2008-10-22,65.75091552734375
spy,2008-10-23,66.51258850097656
spy,2008-10-24,63.13941192626953
spy,2008-10-27,60.897918701171875
spy,2008-10-28,68.01417541503906
spy,2008-10-29,67.5208740234375
spy,2008-10-30,69.85672760009766
spy,2008-10-31,70.2411880493164
spy,2008-11-03,70.44427490234375
spy,2008-11-04,72.838134765625
spy,2008-11-05,69.77693176269531
spy,2008-11-06,65.91047668457031
spy,2008-11-07,68.08672332763672
spy,2008-11-10,67.19446563720703
spy,2008-11-11,65.11979675292969
spy,2008-11-12,62.254417419433594
spy,2008-11-13,66.13536834716797
spy,2008-11-14,62.8347282409668
spy,2008-11-17,62.00055694580078
spy,2008-11-18,63.1684684753418
spy,2008-11-19,59.120670318603516
spy,2008-11-20,54.73196792602539
spy,2008-11-21,57.684349060058594
spy,2008-11-24,61.681396484375
spy,2008-11-25,62.138389587402344
spy,2008-11-26,64.53950500488281
spy,2008-11-28,65.35189819335938
spy,2008-12-01,59.563194274902344
spy,2008-12-02,61.855472564697266
spy,2008-12-03,63.342552185058594
spy,2008-12-04,61.877220153808594
spy,2008-12-05,63.785072326660156
spy,2008-12-08,66.01206970214844
spy,2008-12-09,64.92393493652344
spy,2008-12-10,65.36644744873047
spy,2008-12-11,63.792335510253906
spy,2008-12-12,64.55396270751953
spy,2008-12-15,63.654483795166016
spy,2008-12-16,66.65042114257812
spy,2008-12-17,66.00482177734375
spy,2008-12-18,64.77159881591797
spy,2008-12-19,64.49298095703125
spy,2008-12-22,63.66661071777344
spy,2008-12-23,63.00846481323242
spy,2008-12-24,63.374088287353516
spy,2008-12-26,63.73976516723633
spy,2008-12-29,63.556949615478516
spy,2008-12-30,65.06340026855469
spy,2008-12-31,65.99213409423828
spy,2009-01-02,67.98123931884766
spy,2009-01-05,67.90079498291016
spy,2009-01-06,68.35423278808594
spy,2009-01-07,66.30656433105469
spy,2009-01-08,66.57721710205078
spy,2009-01-09,65.15113067626953
spy,2009-01-12,63.586158752441406
spy,2009-01-13,63.703189849853516
spy,2009-01-14,61.69943618774414
spy,2009-01-15,61.721378326416016
spy,2009-01-16,62.204044342041016
spy,2009-01-20,58.920509338378906
spy,2009-01-21,61.46543502807617
spy,2009-01-22,60.514739990234375
spy,2009-01-23,60.77799606323242
spy,2009-01-26,61.19482421875
spy,2009-01-27,61.816429138183594
spy,2009-01-28,63.9079704284668
spy,2009-01-29,61.8310661315918
spy,2009-01-30,60.573211669921875
spy,2009-02-02,60.39040756225586
spy,2009-02-03,61.23870849609375
spy,2009-02-04,60.938865661621094
spy,2009-02-05,61.84569549560547
spy,2009-02-06,63.60811996459961
spy,2009-02-09,63.695899963378906
spy,2009-02-10,60.77799606323242
spy,2009-02-11,61.13633728027344
spy,2009-02-12,61.18022155761719
spy,2009-02-13,60.522064208984375
spy,2009-02-17,57.93325424194336
spy,2009-02-18,57.7943000793457
spy,2009-02-19,57.17271423339844
spy,2009-02-20,56.6169319152832
spy,2009-02-23,54.591224670410156
spy,2009-02-24,56.66079330444336
spy,2009-02-25,56.214717864990234
spy,2009-02-26,55.30061721801758
spy,2009-02-27,54.064697265625
spy,2009-03-02,51.62948226928711
spy,2009-03-03,51.24191665649414
spy,2009-03-04,52.455841064453125
spy,2009-03-05,50.31315231323242
spy,2009-03-06,50.40092086791992
spy,2009-03-09,49.80857467651367
spy,2009-03-10,52.77763366699219
spy,2009-03-11,53.12132263183594
spy,2009-03-12,55.212825775146484
spy,2009-03-13,55.64430618286133
spy,2009-03-16,55.47609329223633
spy,2009-03-17,57.17271423339844
spy,2009-03-18,58.45248031616211
spy,2009-03-19,57.728519439697266
spy,2009-03-20,56.49922180175781
spy,2009-03-23,60.557491302490234
spy,2009-03-24,59.364315032958984
spy,2009-03-25,59.99037170410156
spy,2009-03-26,61.21302795410156
spy,2009-03-27,60.10824203491211
spy,2009-03-30,58.031219482421875
spy,2009-03-31,58.56886291503906
spy,2009-04-01,59.703128814697266
spy,2009-04-02,61.448726654052734
spy,2009-04-03,62.0600471496582
spy,2009-04-06,61.57392501831055
spy,2009-04-07,60.13770294189453
spy,2009-04-08,60.785823822021484
spy,2009-04-09,63.20164489746094
spy,2009-04-13,63.21638870239258
spy,2009-04-14,62.126319885253906
spy,2009-04-15,62.78919219970703
spy,2009-04-16,63.7098503112793
spy,2009-04-17,64.13703918457031
spy,2009-04-20,61.448726654052734
spy,2009-04-21,62.64927673339844
spy,2009-04-22,62.26626968383789
spy,2009-04-23,62.8775520324707
spy,2009-04-24,63.82767868041992
spy,2009-04-27,63.2237663269043
spy,2009-04-28,63.024879455566406
spy,2009-04-29,64.36538696289062
spy,2009-04-30,64.38745880126953
spy,2009-05-01,64.733642578125
spy,2009-05-04,66.93585968017578
spy,2009-05-05,66.70755004882812
spy,2009-05-06,67.86390686035156
spy,2009-05-07,66.92111206054688
spy,2009-05-08,68.48258972167969
spy,2009-05-11,67.20098114013672
spy,2009-05-12,67.0021743774414
spy,2009-05-13,65.31548309326172
spy,2009-05-14,65.87525177001953
spy,2009-05-15,65.33760070800781
spy,2009-05-18,67.19364929199219
spy,2009-05-19,67.11263275146484
spy,2009-05-20,66.66332244873047
spy,2009-05-21,65.70587158203125
spy,2009-05-22,65.56590270996094
spy,2009-05-26,67.24517059326172
spy,2009-05-27,66.044677734375
spy,2009-05-28,66.96533203125
spy,2009-05-29,68.1511459350586
spy,2009-06-01,69.80096435546875
spy,2009-06-02,69.85987854003906
spy,2009-06-03,68.97607421875
spy,2009-06-04,69.62417602539062
spy,2009-06-05,69.6389389038086
spy,2009-06-08,69.35169219970703
spy,2009-06-09,69.7052001953125
spy,2009-06-10,69.5284423828125
spy,2009-06-11,69.83776092529297
spy,2009-06-12,70.0292739868164
spy,2009-06-15,68.42362213134766
spy,2009-06-16,67.49565124511719
spy,2009-06-17,67.42933654785156
spy,2009-06-18,67.9228286743164
spy,2009-06-19,68.17314147949219
spy,2009-06-22,66.12885284423828
spy,2009-06-23,66.18071746826172
spy,2009-06-24,66.75101470947266
spy,2009-06-25,68.20276641845703
spy,2009-06-26,68.02503967285156
spy,2009-06-29,68.66199493408203
spy,2009-06-30,68.10649108886719
spy,2009-07-01,68.3879623413086
spy,2009-07-02,66.52140045166016
spy,2009-07-06,66.51400756835938
spy,2009-07-07,65.22521209716797
spy,2009-07-08,65.1807632446289
spy,2009-07-09,65.3066635131836
spy,2009-07-10,65.15113067626953
spy,2009-07-13,66.7362060546875
spy,2009-07-14,67.11398315429688
spy,2009-07-15,69.07681274414062
spy,2009-07-16,68.96571350097656
spy,2009-07-17,69.72122955322266
spy,2009-07-20,70.46187591552734
spy,2009-07-21,70.78782653808594
spy,2009-07-22,70.77301025390625
spy,2009-07-23,72.33587646484375
spy,2009-07-24,72.6321029663086
spy,2009-07-27,72.84689331054688
spy,2009-07-28,72.50619506835938
spy,2009-07-29,72.32843017578125
spy,2009-07-30,73.08396911621094
spy,2009-07-31,73.1876449584961
spy,2009-08-03,74.39495086669922
spy,2009-08-04,74.58753967285156
spy,2009-08-05,74.37273406982422
spy,2009-08-06,73.98758697509766
spy,2009-08-07,74.9578628540039
spy,2009-08-10,74.80233764648438
spy,2009-08-11,73.86907196044922
spy,2009-08-12,74.66162872314453
spy,2009-08-13,75.23194885253906
spy,2009-08-14,74.65420532226562
spy,2009-08-17,72.81727600097656
spy,2009-08-18,73.39501953125
spy,2009-08-19,74.0394515991211
spy,2009-08-20,74.80233764648438
spy,2009-08-21,76.2688980102539
spy,2009-08-24,76.2614974975586
spy,2009-08-25,76.40960693359375
spy,2009-08-26,76.41705322265625
spy,2009-08-27,76.58740997314453
spy,2009-08-28,76.5726089477539
spy,2009-08-31,75.89115142822266
spy,2009-09-01,74.21719360351562
spy,2009-09-02,73.93576049804688
spy,2009-09-03,74.55052947998047
spy,2009-09-04,75.59487915039062
spy,2009-09-08,76.24667358398438
spy,2009-09-09,76.83184051513672
spy,2009-09-10,77.61697387695312
spy,2009-09-11,77.60215759277344
spy,2009-09-14,77.97992706298828
spy,2009-09-15,78.3057861328125
spy,2009-09-16,79.49089050292969
spy,2009-09-17,79.3724136352539
spy,2009-09-18,79.42303466796875
spy,2009-09-21,79.22208404541016
spy,2009-09-22,79.68347930908203
spy,2009-09-23,79.02112579345703
spy,2009-09-24,78.1504135131836
spy,2009-09-25,77.7336196899414
spy,2009-09-28,79.12533569335938
spy,2009-09-29,78.88719177246094
spy,2009-09-30,78.5820541381836
spy,2009-10-01,76.63216400146484
spy,2009-10-02,76.27495574951172
spy,2009-10-05,77.41361999511719
spy,2009-10-06,78.52249908447266
spy,2009-10-07,78.73832702636719
spy,2009-10-08,79.34115600585938
spy,2009-10-09,79.82488250732422
spy,2009-10-12,80.13745880126953
spy,2009-10-13,79.97371673583984
spy,2009-10-14,81.35053253173828
spy,2009-10-15,81.64823913574219
spy,2009-10-16,81.0379867553711
spy,2009-10-19,81.7077865600586
spy,2009-10-20,81.27613830566406
spy,2009-10-21,80.5467758178711
spy,2009-10-22,81.36542510986328
spy,2009-10-23,80.43514251708984
spy,2009-10-26,79.56443786621094
spy,2009-10-27,79.19977569580078
spy,2009-10-28,77.70388793945312
spy,2009-10-29,79.37090301513672
spy,2009-10-30,77.07127380371094
spy,2009-11-02,77.63687133789062
spy,2009-11-03,77.8824462890625
spy,2009-11-04,78.08341979980469
spy,2009-11-05,79.51976776123047
spy,2009-11-06,79.72813415527344
spy,2009-11-09,81.54402923583984
spy,2009-11-10,81.55890655517578
spy,2009-11-11,81.97566223144531
spy,2009-11-12,81.14215087890625
spy,2009-11-13,81.58125305175781
spy,2009-11-16,82.7645492553711
spy,2009-11-17,82.86129760742188
spy,2009-11-18,82.8092041015625
spy,2009-11-19,81.73008728027344
spy,2009-11-20,81.43986511230469
spy,2009-11-23,82.47431182861328
spy,2009-11-24,82.60083770751953
spy,2009-11-25,82.89107513427734
spy,2009-11-27,81.54402923583984
spy,2009-11-30,81.81939697265625
spy,2009-12-01,82.83152770996094
spy,2009-12-02,82.79431915283203
spy,2009-12-03,82.14685821533203
spy,2009-12-04,82.6156997680664
spy,2009-12-07,82.48918151855469
spy,2009-12-08,81.5738296508789
spy,2009-12-09,81.87890625
spy,2009-12-10,82.34034729003906
spy,2009-12-11,82.69012451171875
spy,2009-12-14,83.2557601928711
spy,2009-12-15,82.8687515258789
spy,2009-12-16,82.99525451660156
spy,2009-12-17,81.9980239868164
spy,2009-12-18,82.46192932128906
spy,2009-12-21,83.29991912841797
spy,2009-12-22,83.59921264648438
spy,2009-12-23,83.76383972167969
spy,2009-12-24,84.16036224365234
spy,2009-12-28,84.33995056152344
spy,2009-12-29,84.22022247314453
spy,2009-12-30,84.1903305053711
spy,2009-12-31,83.38224792480469
spy,2010-01-04,84.7963638305664
spy,2010-01-05,85.0208511352539
spy,2010-01-06,85.0807113647461
spy,2010-01-07,85.4398422241211
spy,2010-01-08,85.72418212890625
spy,2010-01-11,85.84385681152344
spy,2010-01-12,85.04327392578125
spy,2010-01-13,85.76158905029297
spy,2010-01-14,85.99351501464844
spy,2010-01-15,85.02830505371094
spy,2010-01-19,86.09080505371094
spy,2010-01-20,85.2153549194336
spy,2010-01-21,83.5767822265625
spy,2010-01-22,81.71370697021484
spy,2010-01-25,82.13270568847656
spy,2010-01-26,81.78852844238281
spy,2010-01-27,82.17757415771484
spy,2010-01-28,81.2348403930664
spy,2010-01-29,80.35192108154297
spy,2010-02-01,81.6014633178711
spy,2010-02-02,82.58909606933594
spy,2010-02-03,82.17757415771484
spy,2010-02-04,79.64111328125
spy,2010-02-05,79.80572509765625
spy,2010-02-08,79.22959899902344
spy,2010-02-09,80.2247085571289
spy,2010-02-10,80.06761169433594
spy,2010-02-11,80.90560150146484
spy,2010-02-12,80.83824920654297
spy,2010-02-16,82.1102294921875
spy,2010-02-17,82.49933624267578
spy,2010-02-18,82.98566436767578
spy,2010-02-19,83.15773010253906
spy,2010-02-22,83.1727294921875
spy,2010-02-23,82.16260528564453
spy,2010-02-24,82.91830444335938
spy,2010-02-25,82.80608367919922
spy,2010-02-26,82.85848236083984
spy,2010-03-01,83.71894836425781
spy,2010-03-02,83.95086669921875
spy,2010-03-03,84.02570343017578
spy,2010-03-04,84.28008270263672
spy,2010-03-05,85.4847183227539
spy,2010-03-08,85.49971008300781
spy,2010-03-09,85.64189910888672
spy,2010-03-10,86.02345275878906
spy,2010-03-11,86.38259887695312
spy,2010-03-12,86.39009857177734
spy,2010-03-15,86.41255187988281
spy,2010-03-16,87.1009292602539
spy,2010-03-17,87.61719512939453
spy,2010-03-18,87.57230377197266
spy,2010-03-19,87.12904357910156
spy,2010-03-22,87.59481811523438
spy,2010-03-23,88.21092224121094
spy,2010-03-24,87.78267669677734
spy,2010-03-25,87.6399154663086
spy,2010-03-26,87.58731079101562
spy,2010-03-29,88.14328002929688
spy,2010-03-30,88.20337677001953
spy,2010-03-31,87.9028549194336
spy,2010-04-01,88.50389862060547
spy,2010-04-05,89.22515869140625
spy,2010-04-06,89.435546875
spy,2010-04-07,88.92463684082031
spy,2010-04-08,89.23267364501953
spy,2010-04-09,89.8187026977539
spy,2010-04-12,89.96142578125
spy,2010-04-13,90.02906799316406
spy,2010-04-14,91.05087280273438
spy,2010-04-15,91.1259765625
spy,2010-04-16,89.67594146728516
spy,2010-04-19,90.01403045654297
spy,2010-04-20,90.8179702758789
spy,2010-04-21,90.65265655517578
spy,2010-04-22,90.923095703125
spy,2010-04-23,91.51666259765625
spy,2010-04-26,91.1710433959961
spy,2010-04-27,89.01480102539062
spy,2010-04-28,89.69095611572266
spy,2010-04-29,90.80291748046875
spy,2010-04-30,89.26273345947266
spy,2010-05-03,90.41973114013672
spy,2010-05-04,88.29354858398438
spy,2010-05-05,87.76765441894531
spy,2010-05-06,84.85255432128906
spy,2010-05-07,83.59037017822266
spy,2010-05-10,87.27176666259766
spy,2010-05-11,87.02384185791016
spy,2010-05-12,88.24095916748047
spy,2010-05-13,87.14405822753906
spy,2010-05-14,85.56626892089844
spy,2010-05-17,85.61137390136719
spy,2010-05-18,84.44685363769531
spy,2010-05-19,83.96602630615234
spy,2010-05-20,80.79548645019531
spy,2010-05-21,81.97506713867188
spy,2010-05-24,80.9232177734375
spy,2010-05-25,81.0058822631836
spy,2010-05-26,80.51753997802734
spy,2010-05-27,83.21471405029297
spy,2010-05-28,82.17041015625
spy,2010-06-01,80.78797912597656
spy,2010-06-02,82.89163970947266
spy,2010-06-03,83.17713165283203
spy,2010-06-04,80.25453186035156
spy,2010-06-07,79.25530242919922
spy,2010-06-08,80.10429382324219
spy,2010-06-09,79.67605590820312
spy,2010-06-10,82.00514221191406
spy,2010-06-11,82.40328979492188
spy,2010-06-14,82.27558135986328
spy,2010-06-15,84.14632415771484
spy,2010-06-16,84.11626434326172
spy,2010-06-17,84.25152587890625
spy,2010-06-18,84.34285736083984
spy,2010-06-21,84.1013412475586
spy,2010-06-22,82.71232604980469
spy,2010-06-23,82.45565795898438
spy,2010-06-24,81.08930969238281
spy,2010-06-25,81.42903900146484
spy,2010-06-28,81.17233276367188
spy,2010-06-29,78.66614532470703
spy,2010-06-30,77.91883850097656
spy,2010-07-01,77.57159423828125
spy,2010-07-02,77.14885711669922
spy,2010-07-06,77.65460968017578
spy,2010-07-07,80.10045623779297
spy,2010-07-08,80.89305877685547
spy,2010-07-09,81.49695587158203
spy,2010-07-12,81.5498046875
spy,2010-07-13,82.78026580810547
spy,2010-07-14,82.77271270751953
spy,2010-07-15,82.79534912109375
spy,2010-07-16,80.51560974121094
spy,2010-07-19,80.9911880493164
spy,2010-07-20,81.88948059082031
spy,2010-07-21,80.82510375976562
spy,2010-07-22,82.62925720214844
spy,2010-07-23,83.34640502929688
spy,2010-07-26,84.21454620361328
spy,2010-07-27,84.20698547363281
spy,2010-07-28,83.66346740722656
spy,2010-07-29,83.25582122802734
spy,2010-07-30,83.24073028564453
spy,2010-08-02,85.1203842163086
spy,2010-08-03,84.7127456665039
spy,2010-08-04,85.2789077758789
spy,2010-08-05,85.18834686279297
spy,2010-08-06,84.841064453125
spy,2010-08-09,85.29401397705078
spy,2010-08-10,84.8335189819336
spy,2010-08-11,82.50851440429688
spy,2010-08-12,82.00271606445312
spy,2010-08-13,81.76116943359375
spy,2010-08-16,81.72340393066406
spy,2010-08-17,82.72742462158203
spy,2010-08-18,82.8783950805664
spy,2010-08-19,81.43656921386719
spy,2010-08-20,81.17233276367188
spy,2010-08-23,80.86284637451172
spy,2010-08-24,79.66258239746094
spy,2010-08-25,79.97212982177734
spy,2010-08-26,79.43614196777344
spy,2010-08-27,80.66654968261719
spy,2010-08-30,79.49650573730469
spy,2010-08-31,79.49650573730469
spy,2010-09-01,81.87438201904297
spy,2010-09-02,82.6368179321289
spy,2010-09-03,83.70875549316406
spy,2010-09-07,82.7651596069336
spy,2010-09-08,83.34640502929688
spy,2010-09-09,83.7314224243164
spy,2010-09-10,84.15414428710938
spy,2010-09-13,85.09017181396484
spy,2010-09-14,85.0373306274414
spy,2010-09-15,85.36197662353516
spy,2010-09-16,85.33928680419922
spy,2010-09-17,85.37117767333984
spy,2010-09-20,86.67652893066406
spy,2010-09-21,86.5019760131836
spy,2010-09-22,86.07696533203125
spy,2010-09-23,85.3787612915039
spy,2010-09-24,87.13947296142578
spy,2010-09-27,86.72203826904297
spy,2010-09-28,87.025634765625
spy,2010-09-29,86.87385559082031
spy,2010-09-30,86.61576080322266
spy,2010-10-01,86.98008728027344
spy,2010-10-04,86.32743835449219
spy,2010-10-05,88.06535339355469
spy,2010-10-06,88.05778503417969
spy,2010-10-07,87.95149993896484
spy,2010-10-08,88.44482421875
spy,2010-10-11,88.52828979492188
spy,2010-10-12,88.80152893066406
spy,2010-10-13,89.49211883544922
spy,2010-10-14,89.14302062988281
spy,2010-10-15,89.32514190673828
spy,2010-10-18,89.76532745361328
spy,2010-10-19,88.5890121459961
spy,2010-10-20,89.45417022705078
spy,2010-10-21,89.65149688720703
spy,2010-10-22,89.81845092773438
spy,2010-10-25,90.08406829833984
spy,2010-10-26,90.09927368164062
spy,2010-10-27,89.84123229980469
spy,2010-10-28,89.85639953613281
spy,2010-10-29,89.92469787597656
spy,2010-11-01,89.95503997802734
spy,2010-11-02,90.66846466064453
spy,2010-11-03,91.03272247314453
spy,2010-11-04,92.78583526611328
spy,2010-11-05,93.13495635986328
spy,2010-11-08,92.96040344238281
spy,2010-11-09,92.29254913330078
spy,2010-11-10,92.6644287109375
spy,2010-11-11,92.3153305053711
spy,2010-11-12,91.22248077392578
spy,2010-11-15,91.09344482421875
spy,2010-11-16,89.67426300048828
spy,2010-11-17,89.71981811523438
spy,2010-11-18,91.04033660888672
spy,2010-11-19,91.29077911376953
spy,2010-11-22,91.21491241455078
spy,2010-11-23,89.89432525634766
spy,2010-11-24,91.22248077392578
spy,2010-11-26,90.15997314453125
spy,2010-11-29,90.43318939208984
spy,2010-11-30,89.92469787597656
spy,2010-12-01,91.83718872070312
spy,2010-12-02,93.01351928710938
spy,2010-12-03,93.26399230957031
spy,2010-12-06,93.16532135009766
spy,2010-12-07,93.21842956542969
spy,2010-12-08,93.55994415283203
spy,2010-12-09,93.92424774169922
spy,2010-12-10,94.47066497802734
spy,2010-12-13,94.53138732910156
spy,2010-12-14,94.61483764648438
spy,2010-12-15,94.18226623535156
spy,2010-12-16,94.72868347167969
spy,2010-12-17,94.8301773071289
spy,2010-12-20,95.05903625488281
spy,2010-12-21,95.66175842285156
spy,2010-12-22,95.95930480957031
spy,2010-12-23,95.82194519042969
spy,2010-12-27,95.8600845336914
spy,2010-12-28,95.99739074707031
spy,2010-12-29,96.06607055664062
spy,2010-12-30,95.91352081298828
spy,2010-12-31,95.93639373779297
spy,2011-01-03,96.92817687988281
spy,2011-01-04,96.87474822998047
spy,2011-01-05,97.37828063964844
spy,2011-01-06,97.18755340576172
spy,2011-01-07,96.99681091308594
spy,2011-01-10,96.87474822998047
spy,2011-01-11,97.21809387207031
spy,2011-01-12,98.09541320800781
spy,2011-01-13,97.93521118164062
spy,2011-01-14,98.64472198486328
spy,2011-01-18,98.81258392333984
spy,2011-01-19,97.84366607666016
spy,2011-01-20,97.7139663696289
spy,2011-01-21,97.93521118164062
spy,2011-01-24,98.49214935302734
spy,2011-01-25,98.54558563232422
spy,2011-01-26,98.927001953125
spy,2011-01-27,99.17112731933594
spy,2011-01-28,97.43933868408203
spy,2011-01-31,98.17173767089844
spy,2011-02-01,99.74331665039062
spy,2011-02-02,99.55258178710938
spy,2011-02-03,99.77383422851562
spy,2011-02-04,100.05609893798828
spy,2011-02-07,100.68170928955078
spy,2011-02-08,101.13947296142578
spy,2011-02-09,100.91059112548828
spy,2011-02-10,100.94876098632812
spy,2011-02-11,101.55147552490234
spy,2011-02-14,101.7955551147461
spy,2011-02-15,101.47514343261719
spy,2011-02-16,102.115966796875
spy,2011-02-17,102.42113494873047
spy,2011-02-18,102.63478088378906
spy,2011-02-22,100.57490539550781
spy,2011-02-23,99.95694732666016
spy,2011-02-24,99.88825225830078
spy,2011-02-25,100.95637512207031
spy,2011-02-28,101.58194732666016
spy,2011-03-01,99.88825225830078
spy,2011-03-02,100.10189819335938
spy,2011-03-03,101.82605743408203
spy,2011-03-04,101.0631332397461
spy,2011-03-07,100.26971435546875
spy,2011-03-08,101.1470947265625
spy,2011-03-09,101.00214385986328
spy,2011-03-10,99.13298797607422
spy,2011-03-11,99.81961059570312
spy,2011-03-14,99.21691131591797
spy,2011-03-15,98.08016204833984
spy,2011-03-16,96.2644271850586
spy,2011-03-17,97.53852081298828
spy,2011-03-18,97.89329528808594
spy,2011-03-21,99.41039276123047
spy,2011-03-22,99.06560516357422
spy,2011-03-23,99.3490982055664
spy,2011-03-24,100.29924011230469
spy,2011-03-25,100.60572814941406
spy,2011-03-28,100.3604965209961
spy,2011-03-29,101.0348129272461
spy,2011-03-30,101.7320556640625
spy,2011-03-31,101.5941390991211
spy,2011-04-01,102.02324676513672
spy,2011-04-04,102.10750579833984
spy,2011-04-05,102.0921859741211
spy,2011-04-06,102.41404724121094
spy,2011-04-07,102.15351104736328
spy,2011-04-08,101.80101013183594
spy,2011-04-11,101.49454498291016
spy,2011-04-12,100.73594665527344
spy,2011-04-13,100.72831726074219
spy,2011-04-14,100.80492401123047
spy,2011-04-15,101.1727066040039
spy,2011-04-18,100.0386962890625
spy,2011-04-19,100.61337280273438
spy,2011-04-20,101.98493957519531
spy,2011-04-21,102.50595092773438
spy,2011-04-25,102.39866638183594
spy,2011-04-26,103.27985382080078
spy,2011-04-27,103.9541015625
spy,2011-04-28,104.29126739501953
spy,2011-04-29,104.53646087646484
spy,2011-05-02,104.37553405761719
spy,2011-05-03,104.00008392333984
spy,2011-05-04,103.31049346923828
spy,2011-05-05,102.37568664550781
spy,2011-05-06,102.82781982421875
spy,2011-05-09,103.22618865966797
spy,2011-05-10,104.1073989868164
spy,2011-05-11,103.01166534423828
spy,2011-05-12,103.50204467773438
spy,2011-05-13,102.7051773071289
spy,2011-05-16,102.05387878417969
spy,2011-05-17,102.03853607177734
spy,2011-05-18,102.95035552978516
spy,2011-05-19,103.19556427001953
spy,2011-05-20,102.37568664550781
spy,2011-05-23,101.18802642822266
spy,2011-05-24,101.10377502441406
spy,2011-05-25,101.44091033935547
spy,2011-05-26,101.90828704833984
spy,2011-05-27,102.299072265625
spy,2011-05-31,103.36412048339844
spy,2011-06-01,101.04242706298828
spy,2011-06-02,100.93517303466797
spy,2011-06-03,99.93142700195312
spy,2011-06-06,98.87405395507812
spy,2011-06-07,98.81275177001953
spy,2011-06-08,98.39896392822266
spy,2011-06-09,99.14988708496094
spy,2011-06-10,97.77068328857422
spy,2011-06-13,97.8472671508789
spy,2011-06-14,99.08859252929688
spy,2011-06-15,97.32624053955078
spy,2011-06-16,97.54080963134766
spy,2011-06-17,97.83186340332031
spy,2011-06-20,98.3323745727539
spy,2011-06-21,99.67990112304688
spy,2011-06-22,99.07933044433594
spy,2011-06-23,98.79442596435547
spy,2011-06-24,97.64705657958984
spy,2011-06-27,98.51719665527344
spy,2011-06-28,99.80314636230469
spy,2011-06-29,100.65788269042969
spy,2011-06-30,101.62039184570312
spy,2011-07-01,103.1219253540039
spy,2011-07-05,103.0372543334961
spy,2011-07-06,103.16048431396484
spy,2011-07-07,104.23080444335938
spy,2011-07-08,103.49153900146484
spy,2011-07-11,101.62039184570312
spy,2011-07-12,101.1814956665039
spy,2011-07-13,101.5202865600586
spy,2011-07-14,100.8195571899414
spy,2011-07-15,101.40480041503906
spy,2011-07-18,100.57317352294922
spy,2011-07-19,102.20561981201172
spy,2011-07-20,102.14401245117188
spy,2011-07-21,103.56085205078125
spy,2011-07-22,103.63015747070312
spy,2011-07-25,103.05265045166016
spy,2011-07-26,102.66765594482422
spy,2011-07-27,100.56547546386719
spy,2011-07-28,100.27284240722656
spy,2011-07-29,99.58751678466797
spy,2011-08-01,99.16402435302734
spy,2011-08-02,96.630615234375
spy,2011-08-03,97.15425109863281
spy,2011-08-04,92.6034164428711
spy,2011-08-05,92.46480560302734
spy,2011-08-08,86.44317626953125
spy,2011-08-09,90.46272277832031
spy,2011-08-10,86.46627807617188
spy,2011-08-11,90.34722900390625
spy,2011-08-12,90.95555114746094
spy,2011-08-15,92.880615234375
spy,2011-08-16,92.0875015258789
spy,2011-08-17,92.1490707397461
spy,2011-08-18,88.17574310302734
spy,2011-08-19,86.73575592041016
spy,2011-08-22,86.8050765991211
spy,2011-08-23,89.66189575195312
spy,2011-08-24,90.92473602294922
spy,2011-08-25,89.53868865966797
spy,2011-08-26,90.84001159667969
spy,2011-08-29,93.45042419433594
spy,2011-08-30,93.69684600830078
spy,2011-08-31,94.11265563964844
spy,2011-09-01,93.12699890136719
spy,2011-09-02,90.74761962890625
spy,2011-09-06,90.08538818359375
spy,2011-09-07,92.62649536132812
spy,2011-09-08,91.66397094726562
spy,2011-09-09,89.26145935058594
spy,2011-09-12,89.83900451660156
spy,2011-09-13,90.66291809082031
spy,2011-09-14,91.9180679321289
spy,2011-09-15,93.50430297851562
spy,2011-09-16,94.05774688720703
spy,2011-09-19,93.1211929321289
spy,2011-09-20,93.01280212402344
spy,2011-09-21,90.27283477783203
spy,2011-09-22,87.35480499267578
spy,2011-09-23,87.88111877441406
spy,2011-09-26,89.97093963623047
spy,2011-09-27,90.9771728515625
spy,2011-09-28,89.11954498291016
spy,2011-09-29,89.82390594482422
spy,2011-09-30,87.57926940917969
spy,2011-10-03,85.08695220947266
spy,2011-10-04,86.95232391357422
spy,2011-10-05,88.56226348876953
spy,2011-10-06,90.16447448730469
spy,2011-10-07,89.56073760986328
spy,2011-10-10,92.55616760253906
spy,2011-10-11,92.64904022216797
spy,2011-10-12,93.46176147460938
spy,2011-10-13,93.27603149414062
spy,2011-10-14,94.87045288085938
spy,2011-10-17,93.05928039550781
spy,2011-10-18,94.87818145751953
spy,2011-10-19,93.75587463378906
spy,2011-10-20,94.16610717773438
spy,2011-10-21,95.95405578613281
spy,2011-10-24,97.13053894042969
spy,2011-10-25,95.24198913574219
spy,2011-10-26,96.20950317382812
spy,2011-10-27,99.56094360351562
spy,2011-10-28,99.5377426147461
spy,2011-10-31,97.1383056640625
spy,2011-11-01,94.42926025390625
spy,2011-11-02,95.96952819824219
spy,2011-11-03,97.71881103515625
spy,2011-11-04,97.122802734375
spy,2011-11-07,97.7265625
spy,2011-11-08,98.98043823242188
spy,2011-11-09,95.32711029052734
spy,2011-11-10,96.22496795654297
spy,2011-11-11,98.03614807128906
spy,2011-11-14,97.1073226928711
spy,2011-11-15,97.58724212646484
spy,2011-11-16,96.03919219970703
spy,2011-11-17,94.51441192626953
spy,2011-11-18,94.41376495361328
spy,2011-11-21,92.61808776855469
spy,2011-11-22,92.25431823730469
spy,2011-11-23,90.21863555908203
spy,2011-11-25,90.04833984375
spy,2011-11-28,92.65680694580078
spy,2011-11-29,92.91993713378906
spy,2011-11-30,96.7435302734375
spy,2011-12-01,96.72807312011719
spy,2011-12-02,96.64292907714844
spy,2011-12-05,97.6955795288086
spy,2011-12-06,97.7265625
spy,2011-12-07,98.09033966064453
spy,2011-12-08,95.9385757446289
spy,2011-12-09,97.56400299072266
spy,2011-12-12,96.13982391357422
spy,2011-12-13,95.24198913574219
spy,2011-12-14,94.22801971435547
spy,2011-12-15,94.5685806274414
spy,2011-12-16,94.70879364013672
spy,2011-12-19,93.69619750976562
spy,2011-12-20,96.5314712524414
spy,2011-12-21,96.7184066772461
spy,2011-12-22,97.57520294189453
spy,2011-12-23,98.4476089477539
spy,2011-12-27,98.52547454833984
spy,2011-12-28,97.23248291015625
spy,2011-12-29,98.2372817993164
spy,2011-12-30,97.75438690185547
spy,2012-01-03,99.31219482421875
spy,2012-01-04,99.46797180175781
spy,2012-01-05,99.7327880859375
spy,2012-01-06,99.47577667236328
spy,2012-01-09,99.71725463867188
spy,2012-01-10,100.5818099975586
spy,2012-01-11,100.6363754272461
spy,2012-01-12,100.87781524658203
spy,2012-01-13,100.35594940185547
spy,2012-01-17,100.74539947509766
spy,2012-01-18,101.85928344726562
spy,2012-01-19,102.39673614501953
spy,2012-01-20,102.77838134765625
spy,2012-01-23,102.5135726928711
spy,2012-01-24,102.39673614501953
spy,2012-01-25,103.25353240966797
spy,2012-01-26,102.72384643554688
spy,2012-01-27,102.67715454101562
spy,2012-01-30,102.32661437988281
spy,2012-01-31,102.2876968383789
spy,2012-02-01,103.18345642089844
spy,2012-02-02,103.34698486328125
spy,2012-02-03,104.79579162597656
spy,2012-02-06,104.72567749023438
spy,2012-02-07,104.99047088623047
spy,2012-02-08,105.30204772949219
spy,2012-02-09,105.43450164794922
spy,2012-02-10,104.65557098388672
spy,2012-02-13,105.43450164794922
spy,2012-02-14,105.30204772949219
spy,2012-02-15,104.8113784790039
spy,2012-02-16,105.97195434570312
spy,2012-02-17,106.25241088867188
spy,2012-02-21,106.29911804199219
spy,2012-02-22,105.95635986328125
spy,2012-02-23,106.42376708984375
spy,2012-02-24,106.65738677978516
spy,2012-02-27,106.8365707397461
spy,2012-02-28,107.14810180664062
spy,2012-02-29,106.72752380371094
spy,2012-03-01,107.28053283691406
spy,2012-03-02,106.95340728759766
spy,2012-03-05,106.51722717285156
spy,2012-03-06,104.9593734741211
spy,2012-03-07,105.69154357910156
spy,2012-03-08,106.74311828613281
spy,2012-03-09,107.15594482421875
spy,2012-03-12,107.16368865966797
spy,2012-03-13,109.09544372558594
spy,2012-03-14,108.9785385131836
spy,2012-03-15,109.60952758789062
spy,2012-03-16,109.76129150390625
spy,2012-03-19,110.19161224365234
spy,2012-03-20,109.87081909179688
spy,2012-03-21,109.69085693359375
spy,2012-03-22,108.90070343017578
spy,2012-03-23,109.25276947021484
spy,2012-03-26,110.78614807128906
spy,2012-03-27,110.44188690185547
spy,2012-03-28,109.89427185058594
spy,2012-03-29,109.70654296875
spy,2012-03-30,110.16026306152344
spy,2012-04-02,110.96607208251953
spy,2012-04-03,110.5123291015625
spy,2012-04-04,109.4170913696289
spy,2012-04-05,109.36228942871094
spy,2012-04-09,108.1340103149414
spy,2012-04-10,106.31902313232422
spy,2012-04-11,107.1795883178711
spy,2012-04-12,108.57999420166016
spy,2012-04-13,107.28910827636719
spy,2012-04-16,107.21869659423828
spy,2012-04-17,108.80682373046875
spy,2012-04-18,108.43914031982422
spy,2012-04-19,107.74287414550781
spy,2012-04-20,107.92280578613281
spy,2012-04-23,107.01527404785156
spy,2012-04-24,107.42212677001953
spy,2012-04-25,108.89291381835938
spy,2012-04-26,109.6517562866211
spy,2012-04-27,109.83169555664062
spy,2012-04-30,109.42485809326172
spy,2012-05-01,110.10554504394531
spy,2012-05-02,109.77690887451172
spy,2012-05-03,108.93982696533203
spy,2012-05-04,107.1795883178711
spy,2012-05-07,107.25784301757812
spy,2012-05-08,106.82752227783203
spy,2012-05-09,106.19383239746094
spy,2012-05-10,106.41288757324219
spy,2012-05-11,106.09217834472656
spy,2012-05-14,104.91869354248047
spy,2012-05-15,104.31624603271484
spy,2012-05-16,103.9172592163086
spy,2012-05-17,102.37605285644531
spy,2012-05-18,101.49988555908203
spy,2012-05-21,103.24446105957031
spy,2012-05-22,103.4244155883789
spy,2012-05-23,103.47916412353516
spy,2012-05-24,103.68257141113281
spy,2012-05-25,103.3461685180664
spy,2012-05-29,104.59786987304688
spy,2012-05-30,103.08016967773438
spy,2012-05-31,102.85328674316406
spy,2012-06-01,100.2637710571289
spy,2012-06-04,100.21685028076172
spy,2012-06-05,100.97569274902344
spy,2012-06-06,103.24446105957031
spy,2012-06-07,103.30709075927734
spy,2012-06-08,104.12850189208984
spy,2012-06-11,102.80634307861328
spy,2012-06-12,103.9876708984375
spy,2012-06-13,103.32268524169922
spy,2012-06-14,104.41795349121094
spy,2012-06-15,105.48587036132812
spy,2012-06-18,105.6903076171875
spy,2012-06-19,106.71266174316406
spy,2012-06-20,106.53964233398438
spy,2012-06-21,104.14903259277344
spy,2012-06-22,104.95114135742188
spy,2012-06-25,103.26827239990234
spy,2012-06-26,103.7872543334961
spy,2012-06-27,104.72306060791016
spy,2012-06-28,104.42426300048828
spy,2012-06-29,107.0271987915039
spy,2012-07-02,107.349609375
spy,2012-07-03,108.05733489990234
spy,2012-07-05,107.56977081298828
spy,2012-07-06,106.54747772216797
spy,2012-07-09,106.41382598876953
spy,2012-07-10,105.48587036132812
spy,2012-07-11,105.50160217285156
spy,2012-07-12,104.99039459228516
spy,2012-07-13,106.75196075439453
spy,2012-07-16,106.50028991699219
spy,2012-07-17,107.23165130615234
spy,2012-07-18,108.02587890625
spy,2012-07-19,108.30899047851562
spy,2012-07-20,107.31814575195312
spy,2012-07-23,106.23294067382812
spy,2012-07-24,105.32073974609375
spy,2012-07-25,105.34432220458984
spy,2012-07-26,107.08224487304688
spy,2012-07-27,109.05603790283203
spy,2012-07-30,109.05603790283203
spy,2012-07-31,108.29327392578125
spy,2012-08-01,108.19889068603516
spy,2012-08-02,107.45185852050781
spy,2012-08-03,109.5829849243164
spy,2012-08-06,109.7952651977539
spy,2012-08-07,110.3456802368164
spy,2012-08-08,110.47943878173828
spy,2012-08-09,110.57380676269531
spy,2012-08-10,110.7546615600586
spy,2012-08-13,110.69960021972656
spy,2012-08-14,110.71533203125
spy,2012-08-15,110.84117126464844
spy,2012-08-16,111.65901947021484
spy,2012-08-17,111.80844116210938
spy,2012-08-20,111.8162841796875
spy,2012-08-21,111.4781265258789
spy,2012-08-22,111.52529907226562
spy,2012-08-23,110.61310577392578
spy,2012-08-24,111.28152465820312
spy,2012-08-27,111.30516815185547
spy,2012-08-28,111.19500732421875
spy,2012-08-29,111.28152465820312
spy,2012-08-30,110.47943878173828
spy,2012-08-31,111.00634765625
spy,2012-09-04,110.904052734375
spy,2012-09-05,110.80972290039062
spy,2012-09-06,113.05875396728516
spy,2012-09-07,113.49917602539062
spy,2012-09-10,112.85427856445312
spy,2012-09-11,113.16885375976562
spy,2012-09-12,113.54634857177734
spy,2012-09-13,115.2763442993164
spy,2012-09-14,115.78755187988281
spy,2012-09-17,115.39434814453125
spy,2012-09-18,115.29994201660156
spy,2012-09-19,115.36286163330078
spy,2012-09-20,115.37071990966797
spy,2012-09-21,115.32250213623047
spy,2012-09-24,115.14862060546875
spy,2012-09-25,113.92316436767578
spy,2012-09-26,113.28279113769531
spy,2012-09-27,114.35012817382812
spy,2012-09-28,113.82038879394531
spy,2012-10-01,114.12083435058594
spy,2012-10-02,114.2394027709961
spy,2012-10-03,114.70589447021484
spy,2012-10-04,115.52811431884766
spy,2012-10-05,115.53600311279297
spy,2012-10-08,115.14070129394531
spy,2012-10-09,114.00223541259766
spy,2012-10-10,113.27491760253906
spy,2012-10-11,113.33821105957031
spy,2012-10-12,112.96656799316406
spy,2012-10-15,113.90742492675781
spy,2012-10-16,115.0616455078125
spy,2012-10-17,115.58340454101562
spy,2012-10-18,115.2829818725586
spy,2012-10-19,113.36189270019531
spy,2012-10-22,113.37771606445312
spy,2012-10-23,111.80442810058594
spy,2012-10-24,111.48817443847656
spy,2012-10-25,111.81234741210938
spy,2012-10-26,111.7491226196289
spy,2012-10-31,111.7491226196289
spy,2012-11-01,112.91915893554688
spy,2012-11-02,111.91509246826172
spy,2012-11-05,112.14439392089844
spy,2012-11-06,113.02194213867188
spy,2012-11-07,110.46041870117188
spy,2012-11-08,109.13223266601562
spy,2012-11-09,109.22713470458984
spy,2012-11-12,109.3140869140625
spy,2012-11-13,108.93458557128906
spy,2012-11-14,107.464111328125
spy,2012-11-15,107.28228759765625
spy,2012-11-16,107.81197357177734
spy,2012-11-19,109.99402618408203
spy,2012-11-20,110.04142761230469
spy,2012-11-21,110.24700927734375
spy,2012-11-23,111.7491226196289
spy,2012-11-26,111.5119400024414
spy,2012-11-27,110.94270324707031
spy,2012-11-28,111.8360595703125
spy,2012-11-29,112.35784912109375
spy,2012-11-30,112.3815689086914
spy,2012-12-03,111.828125
spy,2012-12-04,111.67003631591797
spy,2012-12-05,111.8676528930664
spy,2012-12-06,112.24718475341797
spy,2012-12-07,112.58709716796875
spy,2012-12-10,112.63451385498047
spy,2012-12-11,113.40140533447266
spy,2012-12-12,113.45671844482422
spy,2012-12-13,112.76102447509766
spy,2012-12-14,112.3420181274414
spy,2012-12-17,113.66227722167969
spy,2012-12-18,114.92720031738281
spy,2012-12-19,114.07337188720703
spy,2012-12-20,114.72958374023438
spy,2012-12-21,113.68818664550781
spy,2012-12-24,113.33783721923828
spy,2012-12-26,112.8601303100586
spy,2012-12-27,112.70885467529297
spy,2012-12-28,111.49070739746094
spy,2012-12-31,113.3856201171875
spy,2013-01-02,116.29170227050781
spy,2013-01-03,116.02897644042969
spy,2013-01-04,116.5385513305664
spy,2013-01-07,116.22010803222656
spy,2013-01-08,115.88565826416016
spy,2013-01-09,116.18022918701172
spy,2013-01-10,117.1038589477539
spy,2013-01-11,117.09590148925781
spy,2013-01-14,117.01624298095703
spy,2013-01-15,117.09590148925781
spy,2013-01-16,117.07996368408203
spy,2013-01-17,117.8363265991211
spy,2013-01-18,118.09904479980469
spy,2013-01-22,118.73600769042969
spy,2013-01-23,118.92711639404297
spy,2013-01-24,118.9588851928711
spy,2013-01-25,119.62776947021484
spy,2013-01-28,119.48443603515625
spy,2013-01-29,119.9542236328125
spy,2013-01-30,119.48443603515625
spy,2013-01-31,119.1898422241211
spy,2013-02-01,120.4160385131836
spy,2013-02-04,119.0624771118164
spy,2013-02-05,120.26472473144531
spy,2013-02-06,120.35224151611328
spy,2013-02-07,120.193115234375
spy,2013-02-08,120.86186981201172
spy,2013-02-11,120.8380126953125
spy,2013-02-12,121.03702545166016
spy,2013-02-13,121.1405258178711
spy,2013-02-14,121.2519760131836
spy,2013-02-15,121.10865020751953
spy,2013-02-19,122.01630401611328
spy,2013-02-20,120.49562072753906
spy,2013-02-21,119.76309967041016
spy,2013-02-22,120.9334945678711
spy,2013-02-25,118.63249969482422
spy,2013-02-26,119.44461822509766
spy,2013-02-27,120.94944763183594
spy,2013-02-28,120.71056365966797
spy,2013-03-01,121.10865020751953
spy,2013-03-04,121.75357818603516
spy,2013-03-05,122.8443374633789
spy,2013-03-06,123.01160430908203
spy,2013-03-07,123.23453521728516
spy,2013-03-08,123.76002502441406
spy,2013-03-11,124.22975158691406
spy,2013-03-12,123.95101928710938
spy,2013-03-13,124.12625122070312
spy,2013-03-14,124.78707885742188
spy,2013-03-15,124.62235260009766
spy,2013-03-18,123.9345703125
spy,2013-03-19,123.6467056274414
spy,2013-03-20,124.5103988647461
spy,2013-03-21,123.44674682617188
spy,2013-03-22,124.43838500976562
spy,2013-03-25,123.91857147216797
spy,2013-03-26,124.91028594970703
spy,2013-03-27,124.91028594970703
spy,2013-03-28,125.29405212402344
spy,2013-04-01,124.79830932617188
spy,2013-04-02,125.4140853881836
spy,2013-04-03,124.14253234863281
spy,2013-04-04,124.64630126953125
spy,2013-04-05,124.08653259277344
spy,2013-04-08,124.92625427246094
spy,2013-04-09,125.35809326171875
spy,2013-04-10,126.8935775756836
spy,2013-04-11,127.3094253540039
spy,2013-04-12,126.99752044677734
spy,2013-04-15,124.05447387695312
spy,2013-04-16,125.88593292236328
spy,2013-04-17,124.04654693603516
spy,2013-04-18,123.27073669433594
spy,2013-04-19,124.34241485595703
spy,2013-04-22,124.89421081542969
spy,2013-04-23,126.1817855834961
spy,2013-04-24,126.26177978515625
spy,2013-04-25,126.7735824584961
spy,2013-04-26,126.5496826171875
spy,2013-04-29,127.39739990234375
spy,2013-04-30,127.70128631591797
spy,2013-05-01,126.58169555664062
spy,2013-05-02,127.75733184814453
spy,2013-05-03,129.05284118652344
spy,2013-05-06,129.38072204589844
spy,2013-05-07,130.0364990234375
spy,2013-05-08,130.6283416748047
spy,2013-05-09,130.26043701171875
spy,2013-05-10,130.6842803955078
spy,2013-05-13,130.78829956054688
spy,2013-05-14,132.13975524902344
spy,2013-05-15,132.85153198242188
spy,2013-05-16,132.22781372070312
spy,2013-05-17,133.5073699951172
spy,2013-05-20,133.4993438720703
spy,2013-05-21,133.69139099121094
spy,2013-05-22,132.6996612548828
spy,2013-05-23,132.31578063964844
spy,2013-05-24,132.20382690429688
spy,2013-05-28,132.9955596923828
spy,2013-05-29,132.13182067871094
spy,2013-05-30,132.6196746826172
spy,2013-05-31,130.71632385253906
spy,2013-06-03,131.43603515625
spy,2013-06-04,130.8042755126953
spy,2013-06-05,128.972900390625
spy,2013-06-06,130.14047241210938
spy,2013-06-07,131.7960205078125
spy,2013-06-10,131.7960205078125
spy,2013-06-11,130.4364471435547
spy,2013-06-12,129.3567657470703
spy,2013-06-13,131.32406616210938
spy,2013-06-14,130.50039672851562
spy,2013-06-17,131.508056640625
spy,2013-06-18,132.54769897460938
spy,2013-06-19,130.71632385253906
spy,2013-06-20,127.47735595703125
spy,2013-06-21,127.88662719726562
spy,2013-06-24,126.27058410644531
spy,2013-06-25,127.48464965820312
spy,2013-06-26,128.74681091308594
spy,2013-06-27,129.50257873535156
spy,2013-06-28,128.9720001220703
spy,2013-07-01,129.72764587402344
spy,2013-07-02,129.60704040527344
spy,2013-07-03,129.6633758544922
spy,2013-07-05,131.06228637695312
spy,2013-07-08,131.80999755859375
spy,2013-07-09,132.7585906982422
spy,2013-07-10,132.8068084716797
spy,2013-07-11,134.61575317382812
spy,2013-07-12,134.6720428466797
spy,2013-07-15,135.18663024902344
spy,2013-07-16,134.6801300048828
spy,2013-07-17,135.02586364746094
spy,2013-07-18,135.76544189453125
spy,2013-07-19,136.0066375732422
spy,2013-07-22,136.27195739746094
spy,2013-07-23,135.98255920410156
spy,2013-07-24,135.48410034179688
spy,2013-07-25,135.81369018554688
spy,2013-07-26,135.95838928222656
spy,2013-07-29,135.54034423828125
spy,2013-07-30,135.54034423828125
spy,2013-07-31,135.63677978515625
spy,2013-08-01,137.20455932617188
spy,2013-08-02,137.4376678466797
spy,2013-08-05,137.23663330078125
spy,2013-08-06,136.4568328857422
spy,2013-08-07,136.0146484375
spy,2013-08-08,136.51312255859375
spy,2013-08-09,136.11917114257812
spy,2013-08-12,135.95838928222656
spy,2013-08-13,136.3603973388672
spy,2013-08-14,135.66090393066406
spy,2013-08-15,133.76358032226562
spy,2013-08-16,133.32138061523438
spy,2013-08-19,132.46914672851562
spy,2013-08-20,133.12042236328125
spy,2013-08-21,132.30029296875
spy,2013-08-22,133.50625610351562
spy,2013-08-23,133.95652770996094
spy,2013-08-26,133.45806884765625
spy,2013-08-27,131.31153869628906
spy,2013-08-28,131.77781677246094
spy,2013-08-29,131.98681640625
spy,2013-08-30,131.56875610351562
spy,2013-09-03,132.16368103027344
spy,2013-09-04,133.25714111328125
spy,2013-09-05,133.42587280273438
spy,2013-09-06,133.490234375
spy,2013-09-09,134.76853942871094
spy,2013-09-10,135.76544189453125
spy,2013-09-11,136.19154357910156
spy,2013-09-12,135.8297882080078
spy,2013-09-13,136.1353302001953
spy,2013-09-16,136.9231414794922
spy,2013-09-17,137.5342254638672
spy,2013-09-18,139.1260528564453
spy,2013-09-19,138.89288330078125
spy,2013-09-20,137.9217987060547
spy,2013-09-23,137.2836151123047
spy,2013-09-24,136.96038818359375
spy,2013-09-25,136.5645294189453
spy,2013-09-26,137.08969116210938
spy,2013-09-27,136.45948791503906
spy,2013-09-30,135.73245239257812
spy,2013-10-01,136.8069305419922
spy,2013-10-02,136.6776123046875
spy,2013-10-03,135.41734313964844
spy,2013-10-04,136.44337463378906
spy,2013-10-07,135.2638397216797
spy,2013-10-08,133.68849182128906
spy,2013-10-09,133.785400390625
spy,2013-10-10,136.66957092285156
spy,2013-10-11,137.5501708984375
spy,2013-10-14,138.09954833984375
spy,2013-10-15,137.0977325439453
spy,2013-10-16,139.012451171875
spy,2013-10-17,139.94151306152344
spy,2013-10-18,140.8867645263672
spy,2013-10-21,140.894775390625
spy,2013-10-22,141.7107696533203
spy,2013-10-23,141.03211975097656
spy,2013-10-24,141.5006866455078
spy,2013-10-25,142.1470184326172
spy,2013-10-28,142.3732452392578
spy,2013-10-29,143.13259887695312
spy,2013-10-30,142.42172241210938
spy,2013-10-31,142.0177459716797
spy,2013-11-01,142.35707092285156
spy,2013-11-04,142.85800170898438
spy,2013-11-05,142.40553283691406
spy,2013-11-06,143.13259887695312
spy,2013-11-07,141.322998046875
spy,2013-11-08,143.2295684814453
spy,2013-11-11,143.25381469726562
spy,2013-11-12,142.96298217773438
spy,2013-11-13,144.1101837158203
spy,2013-11-14,144.82919311523438
spy,2013-11-15,145.4593048095703
spy,2013-11-18,144.95040893554688
spy,2013-11-19,144.63528442382812
spy,2013-11-20,144.1829071044922
spy,2013-11-21,145.34629821777344
spy,2013-11-22,146.07339477539062
spy,2013-11-25,145.9279327392578
spy,2013-11-26,145.96832275390625
spy,2013-11-27,146.32373046875
spy,2013-11-29,146.2268524169922
spy,2013-12-02,145.84713745117188
spy,2013-12-03,145.21701049804688
spy,2013-12-04,145.20077514648438
spy,2013-12-05,144.5625762939453
spy,2013-12-06,146.17837524414062
spy,2013-12-09,146.54995727539062
spy,2013-12-10,146.0248565673828
spy,2013-12-11,144.38485717773438
spy,2013-12-12,143.908203125
spy,2013-12-13,143.89208984375
spy,2013-12-16,144.78880310058594
spy,2013-12-17,144.3282928466797
spy,2013-12-18,146.79238891601562
spy,2013-12-19,146.6227264404297
spy,2013-12-20,147.47561645507812
spy,2013-12-23,148.2634735107422
spy,2013-12-24,148.58839416503906
spy,2013-12-26,149.34381103515625
spy,2013-12-27,149.33567810058594
spy,2013-12-30,149.3113555908203
spy,2013-12-31,150.0179443359375
spy,2014-01-02,148.5802459716797
spy,2014-01-03,148.55592346191406
spy,2014-01-06,148.1254119873047
spy,2014-01-07,149.03509521484375
spy,2014-01-08,149.06759643554688
spy,2014-01-09,149.1651153564453
spy,2014-01-10,149.5712432861328
spy,2014-01-13,147.58119201660156
spy,2014-01-14,149.189453125
spy,2014-01-15,149.9936065673828
spy,2014-01-16,149.79867553710938
spy,2014-01-17,149.1651153564453
spy,2014-01-21,149.60374450683594
spy,2014-01-22,149.701171875
spy,2014-01-23,148.47462463378906
spy,2014-01-24,145.30679321289062
spy,2014-01-27,144.59201049804688
spy,2014-01-28,145.4530792236328
spy,2014-01-29,144.05592346191406
spy,2014-01-30,145.58299255371094
spy,2014-01-31,144.73008728027344
spy,2014-02-03,141.47291564941406
spy,2014-02-04,142.46383666992188
spy,2014-02-05,142.28512573242188
spy,2014-02-06,144.16152954101562
spy,2014-02-07,145.94851684570312
spy,2014-02-10,146.21658325195312
spy,2014-02-11,147.81675720214844
spy,2014-02-12,147.88986206054688
spy,2014-02-13,148.65338134765625
spy,2014-02-14,149.47373962402344
spy,2014-02-18,149.65245056152344
spy,2014-02-19,148.66151428222656
spy,2014-02-20,149.53880310058594
spy,2014-02-21,149.3681640625
spy,2014-02-24,150.19664001464844
spy,2014-02-25,150.13980102539062
spy,2014-02-26,150.14794921875
spy,2014-02-27,150.93585205078125
spy,2014-02-28,151.31761169433594
spy,2014-03-03,150.25357055664062
spy,2014-03-04,152.3654022216797
spy,2014-03-05,152.50357055664062
spy,2014-03-06,152.8527374267578
spy,2014-03-07,152.91783142089844
spy,2014-03-10,152.83656311035156
spy,2014-03-11,152.08111572265625
spy,2014-03-12,152.12179565429688
spy,2014-03-13,150.416015625
spy,2014-03-14,149.9936065673828
spy,2014-03-17,151.35011291503906
spy,2014-03-18,152.430419921875
spy,2014-03-19,151.61817932128906
spy,2014-03-20,152.50357055664062
spy,2014-03-21,151.9119873046875
spy,2014-03-24,151.2838134765625
spy,2014-03-25,152.00180053710938
spy,2014-03-26,150.90855407714844
spy,2014-03-27,150.59033203125
spy,2014-03-28,151.33277893066406
spy,2014-03-31,152.5728759765625
spy,2014-04-01,153.58457946777344
spy,2014-04-02,154.09854125976562
spy,2014-04-03,153.89451599121094
spy,2014-04-04,152.0751953125
spy,2014-04-07,150.39454650878906
spy,2014-04-08,151.01463317871094
spy,2014-04-09,152.63815307617188
spy,2014-04-10,149.431884765625
spy,2014-04-11,148.0856170654297
spy,2014-04-14,149.2523193359375
spy,2014-04-15,150.2803497314453
spy,2014-04-16,151.85498046875
spy,2014-04-17,152.06703186035156
spy,2014-04-21,152.5973358154297
spy,2014-04-22,153.29080200195312
spy,2014-04-23,152.9318084716797
spy,2014-04-24,153.2418975830078
spy,2014-04-25,151.9854278564453
spy,2014-04-28,152.46682739257812
spy,2014-04-29,153.1765594482422
spy,2014-04-30,153.63343811035156
spy,2014-05-01,153.64979553222656
spy,2014-05-02,153.4295654296875
spy,2014-05-05,153.72323608398438
spy,2014-05-06,152.38523864746094
spy,2014-05-07,153.28268432617188
spy,2014-05-08,153.11949157714844
spy,2014-05-09,153.34791564941406
spy,2014-05-12,154.8409423828125
spy,2014-05-13,154.9796142578125
spy,2014-05-14,154.24534606933594
spy,2014-05-15,152.89109802246094
spy,2014-05-16,153.42141723632812
spy,2014-05-19,153.9842529296875
spy,2014-05-20,153.01345825195312
spy,2014-05-21,154.30252075195312
spy,2014-05-22,154.67774963378906
spy,2014-05-23,155.29782104492188
spy,2014-05-27,156.25234985351562
spy,2014-05-28,156.13815307617188
spy,2014-05-29,156.9458465576172
spy,2014-05-30,157.19876098632812
spy,2014-06-02,157.37828063964844
spy,2014-06-03,157.29664611816406
spy,2014-06-04,157.6148223876953
spy,2014-06-05,158.64283752441406
spy,2014-06-06,159.4015655517578
spy,2014-06-09,159.5647735595703
spy,2014-06-10,159.58102416992188
spy,2014-06-11,159.0261993408203
spy,2014-06-12,157.90037536621094
spy,2014-06-13,158.38172912597656
spy,2014-06-16,158.5122833251953
spy,2014-06-17,158.95291137695312
spy,2014-06-18,160.1194610595703
spy,2014-06-19,160.29901123046875
spy,2014-06-20,160.62442016601562
spy,2014-06-23,160.57525634765625
spy,2014-06-24,159.6079559326172
spy,2014-06-25,160.32936096191406
spy,2014-06-26,160.214599609375
spy,2014-06-27,160.52610778808594
spy,2014-06-30,160.44412231445312
spy,2014-07-01,161.5180206298828
spy,2014-07-02,161.68191528320312
spy,2014-07-03,162.47711181640625
spy,2014-07-07,161.91152954101562
spy,2014-07-08,160.8704376220703
spy,2014-07-09,161.59181213378906
spy,2014-07-10,160.952392578125
spy,2014-07-11,161.17373657226562
spy,2014-07-14,161.9852752685547
spy,2014-07-15,161.68191528320312
spy,2014-07-16,162.28041076660156
spy,2014-07-17,160.43594360351562
spy,2014-07-18,162.07537841796875
spy,2014-07-21,161.77212524414062
spy,2014-07-22,162.47711181640625
spy,2014-07-23,162.8378143310547
spy,2014-07-24,162.84600830078125
spy,2014-07-25,162.08358764648438
spy,2014-07-28,162.14923095703125
spy,2014-07-29,161.452392578125
spy,2014-07-30,161.4770050048828
spy,2014-07-31,158.2881317138672
spy,2014-08-01,157.80450439453125
spy,2014-08-04,158.94395446777344
spy,2014-08-05,157.4027862548828
spy,2014-08-06,157.45196533203125
spy,2014-08-07,156.59942626953125
spy,2014-08-08,158.41110229492188
spy,2014-08-11,158.87013244628906
spy,2014-08-12,158.6488037109375
spy,2014-08-13,159.72276306152344
spy,2014-08-14,160.47689819335938
spy,2014-08-15,160.44412231445312
spy,2014-08-18,161.78858947753906
spy,2014-08-19,162.63291931152344
spy,2014-08-20,163.06735229492188
spy,2014-08-21,163.54281616210938
spy,2014-08-22,163.28868103027344
spy,2014-08-25,164.11663818359375
spy,2014-08-26,164.2232208251953
spy,2014-08-27,164.15757751464844
spy,2014-08-28,164.06744384765625
spy,2014-08-29,164.53469848632812
spy,2014-09-02,164.4527130126953
spy,2014-09-03,164.362548828125
spy,2014-09-04,164.12489318847656
spy,2014-09-05,164.86264038085938
spy,2014-09-08,164.4363555908203
spy,2014-09-09,163.39527893066406
spy,2014-09-10,164.0100860595703
spy,2014-09-11,164.1986083984375
spy,2014-09-12,163.23948669433594
spy,2014-09-15,163.1165313720703
spy,2014-09-16,164.3461456298828
spy,2014-09-17,164.56753540039062
spy,2014-09-18,165.44467163085938
spy,2014-09-19,165.2956085205078
spy,2014-09-22,164.01905822753906
spy,2014-09-23,163.08010864257812
spy,2014-09-24,164.35667419433594
spy,2014-09-25,161.70469665527344
spy,2014-09-26,162.98948669433594
spy,2014-09-29,162.69302368164062
spy,2014-09-30,162.26478576660156
spy,2014-10-01,160.06581115722656
spy,2014-10-02,160.0904998779297
spy,2014-10-03,161.85299682617188
spy,2014-10-06,161.66355895996094
spy,2014-10-07,159.16806030273438
spy,2014-10-08,161.95181274414062
spy,2014-10-09,158.73980712890625
spy,2014-10-10,156.9278564453125
spy,2014-10-13,154.35003662109375
spy,2014-10-14,154.58888244628906
spy,2014-10-15,153.5428924560547
spy,2014-10-16,153.41114807128906
spy,2014-10-17,155.22303771972656
spy,2014-10-20,156.73020935058594
spy,2014-10-21,159.83517456054688
spy,2014-10-22,158.69862365722656
spy,2014-10-23,160.54342651367188
spy,2014-10-24,161.77883911132812
spy,2014-10-27,161.55645751953125
spy,2014-10-28,163.4096221923828
spy,2014-10-29,163.16249084472656
spy,2014-10-30,164.20849609375
spy,2014-10-31,166.08624267578125
spy,2014-11-03,166.1768341064453
spy,2014-11-04,165.60031127929688
spy,2014-11-05,166.6462860107422
spy,2014-11-06,167.3133544921875
spy,2014-11-07,167.46990966796875
spy,2014-11-10,167.99700927734375
spy,2014-11-11,168.16172790527344
spy,2014-11-12,167.98056030273438
spy,2014-11-13,168.16998291015625
spy,2014-11-14,168.21115112304688
spy,2014-11-17,168.3181610107422
spy,2014-11-18,169.29000854492188
spy,2014-11-19,169.0182342529297
spy,2014-11-20,169.3147430419922
spy,2014-11-21,170.22068786621094
spy,2014-11-24,170.69833374023438
spy,2014-11-25,170.57484436035156
spy,2014-11-26,171.01132202148438
spy,2014-11-28,170.64895629882812
spy,2014-12-01,169.46299743652344
spy,2014-12-02,170.55833435058594
spy,2014-12-03,171.2172393798828
spy,2014-12-04,171.02780151367188
spy,2014-12-05,171.30783081054688
spy,2014-12-08,170.16307067871094
spy,2014-12-09,170.04776000976562
spy,2014-12-10,167.32162475585938
spy,2014-12-11,168.16998291015625
spy,2014-12-12,165.45211791992188
spy,2014-12-15,164.3155517578125
spy,2014-12-16,162.99777221679688
spy,2014-12-17,166.19326782226562
spy,2014-12-18,170.30307006835938
spy,2014-12-19,171.0276336669922
spy,2014-12-22,171.81439208984375
spy,2014-12-23,172.04627990722656
spy,2014-12-24,172.0627899169922
spy,2014-12-26,172.61769104003906
spy,2014-12-29,172.849609375
spy,2014-12-30,171.9220428466797
spy,2014-12-31,170.21603393554688
spy,2015-01-02,170.125
spy,2015-01-05,167.05262756347656
spy,2015-01-06,165.47911071777344
spy,2015-01-07,167.54119873046875
spy,2015-01-08,170.51419067382812
spy,2015-01-09,169.1477813720703
spy,2015-01-12,167.8227996826172
spy,2015-01-13,167.35073852539062
spy,2015-01-14,166.3404083251953
spy,2015-01-15,164.8166046142578
spy,2015-01-16,166.97808837890625
spy,2015-01-20,167.33416748046875
spy,2015-01-21,168.1788787841797
spy,2015-01-22,170.67982482910156
spy,2015-01-23,169.7440643310547
spy,2015-01-26,170.1415557861328
spy,2015-01-27,167.8972930908203
spy,2015-01-28,165.74411010742188
spy,2015-01-29,167.27621459960938
spy,2015-01-30,165.17271423339844
spy,2015-02-02,167.21823120117188
spy,2015-02-03,169.63636779785156
spy,2015-02-04,168.990478515625
spy,2015-02-05,170.69642639160156
spy,2015-02-06,170.224365234375
spy,2015-02-09,169.46255493164062
spy,2015-02-10,171.26783752441406
spy,2015-02-11,171.36720275878906
spy,2015-02-12,173.0152130126953
spy,2015-02-13,173.72744750976562
spy,2015-02-17,174.00071716308594
spy,2015-02-18,174.0172882080078
spy,2015-02-19,173.89305114746094
spy,2015-02-20,174.93649291992188
spy,2015-02-23,174.91163635253906
spy,2015-02-24,175.40855407714844
spy,2015-02-25,175.25949096679688
spy,2015-02-26,175.05239868164062
spy,2015-02-27,174.45619201660156
spy,2015-03-02,175.55760192871094
spy,2015-03-03,174.8371124267578
spy,2015-03-04,174.1000518798828
spy,2015-03-05,174.29055786132812
spy,2015-03-06,171.83926391601562
spy,2015-03-09,172.5514373779297
spy,2015-03-10,169.75230407714844
spy,2015-03-11,169.35482788085938
spy,2015-03-12,171.5080108642578
spy,2015-03-13,170.45623779296875
spy,2015-03-16,172.7335968017578
spy,2015-03-17,172.22021484375
spy,2015-03-18,174.29055786132812
spy,2015-03-19,173.49551391601562
spy,2015-03-20,175.0269317626953
spy,2015-03-23,174.6858367919922
spy,2015-03-24,173.70431518554688
spy,2015-03-25,171.1588897705078
spy,2015-03-26,170.75125122070312
spy,2015-03-27,171.14227294921875
spy,2015-03-30,173.23016357421875
spy,2015-03-31,171.71617126464844
spy,2015-04-01,171.10902404785156
spy,2015-04-02,171.72457885742188
spy,2015-04-06,172.8807830810547
spy,2015-04-07,172.42327880859375
spy,2015-04-08,173.005615234375
spy,2015-04-09,173.77088928222656
spy,2015-04-10,174.7191925048828
spy,2015-04-13,173.92893981933594
spy,2015-04-14,174.26168823242188
spy,2015-04-15,175.04356384277344
spy,2015-04-16,174.99365234375
spy,2015-04-17,172.9806365966797
spy,2015-04-20,174.56109619140625
spy,2015-04-21,174.3531951904297
spy,2015-04-22,175.2099609375
spy,2015-04-23,175.6508026123047
spy,2015-04-24,176.05841064453125
spy,2015-04-27,175.32643127441406
spy,2015-04-28,175.88372802734375
spy,2015-04-29,175.16004943847656
spy,2015-04-30,173.4049072265625
spy,2015-05-01,175.2847900390625
spy,2015-05-04,175.78396606445312
spy,2015-05-05,173.77088928222656
spy,2015-05-06,173.05548095703125
spy,2015-05-07,173.74591064453125
spy,2015-05-08,176.03347778320312
spy,2015-05-11,175.193359375
spy,2015-05-12,174.66928100585938
spy,2015-05-13,174.70257568359375
spy,2015-05-14,176.52426147460938
spy,2015-05-15,176.71556091308594
spy,2015-05-18,177.2646026611328
spy,2015-05-19,177.20640563964844
spy,2015-05-20,177.0815887451172
spy,2015-05-21,177.59732055664062
spy,2015-05-22,177.17312622070312
spy,2015-05-26,175.26821899414062
spy,2015-05-27,176.931884765625
spy,2015-05-28,176.7322235107422
spy,2015-05-29,175.63417053222656
spy,2015-06-01,175.9918670654297
spy,2015-06-02,175.81723022460938
spy,2015-06-03,176.28298950195312
spy,2015-06-04,174.79405212402344
spy,2015-06-05,174.49456787109375
spy,2015-06-08,173.4214630126953
spy,2015-06-09,173.39654541015625
spy,2015-06-10,175.47613525390625
spy,2015-06-11,176.0417938232422
spy,2015-06-12,174.6942138671875
spy,2015-06-15,173.945556640625
spy,2015-06-16,174.8938446044922
spy,2015-06-17,175.17665100097656
spy,2015-06-18,176.99838256835938
spy,2015-06-19,176.21266174316406
spy,2015-06-22,177.1154327392578
spy,2015-06-23,177.24081420898438
spy,2015-06-24,175.9535675048828
spy,2015-06-25,175.4186248779297
spy,2015-06-26,175.38516235351562
spy,2015-06-29,171.70724487304688
spy,2015-06-30,172.0667266845703
spy,2015-07-01,173.4459228515625
spy,2015-07-02,173.2870635986328
spy,2015-07-06,172.79391479492188
spy,2015-07-07,173.8805389404297
spy,2015-07-08,170.9633331298828
spy,2015-07-09,171.27259826660156
spy,2015-07-10,173.42918395996094
spy,2015-07-13,175.34335327148438
spy,2015-07-14,176.10398864746094
spy,2015-07-15,176.04550170898438
spy,2015-07-16,177.45811462402344
spy,2015-07-17,177.60861206054688
spy,2015-07-20,177.70054626464844
spy,2015-07-21,176.99842834472656
spy,2015-07-22,176.68077087402344
spy,2015-07-23,175.68605041503906
spy,2015-07-24,173.8638153076172
spy,2015-07-27,172.85240173339844
spy,2015-07-28,174.97560119628906
spy,2015-07-29,176.17926025390625
spy,2015-07-30,176.22100830078125
spy,2015-07-31,175.9535675048828
spy,2015-08-03,175.360107421875
spy,2015-08-04,175.017333984375
spy,2015-08-05,175.59414672851562
spy,2015-08-06,174.1563720703125
spy,2015-08-07,173.82208251953125
spy,2015-08-10,176.01210021972656
spy,2015-08-11,174.42385864257812
spy,2015-08-12,174.6328887939453
spy,2015-08-13,174.4155731201172
spy,2015-08-14,175.05081176757812
spy,2015-08-17,176.0287322998047
spy,2015-08-18,175.5188751220703
spy,2015-08-19,174.13131713867188
spy,2015-08-20,170.4952392578125
spy,2015-08-21,165.36288452148438
spy,2015-08-24,158.3999481201172
spy,2015-08-25,156.5359649658203
spy,2015-08-26,162.54598999023438
spy,2015-08-27,166.5665740966797
spy,2015-08-28,166.57492065429688
spy,2015-08-31,165.22914123535156
spy,2015-09-01,160.29747009277344
spy,2015-09-02,163.3400115966797
spy,2015-09-03,163.45709228515625
spy,2015-09-04,160.9828643798828
spy,2015-09-08,165.028564453125
spy,2015-09-09,162.8218231201172
spy,2015-09-10,163.7078857421875
spy,2015-09-11,164.4517822265625
spy,2015-09-14,163.84161376953125
spy,2015-09-15,165.8895721435547
spy,2015-09-16,167.32720947265625
spy,2015-09-17,166.9510955810547
spy,2015-09-18,164.22283935546875
spy,2015-09-21,165.0714874267578
spy,2015-09-22,162.9289093017578
spy,2015-09-23,162.6684112548828
spy,2015-09-24,162.08023071289062
spy,2015-09-25,162.03826904296875
spy,2015-09-28,157.97152709960938
spy,2015-09-29,158.06398010253906
spy,2015-09-30,161.01315307617188
spy,2015-10-01,161.4332733154297
spy,2015-10-02,163.8447723388672
spy,2015-10-05,166.76036071777344
spy,2015-10-06,166.18898010253906
spy,2015-10-07,167.5501708984375
spy,2015-10-08,169.0626220703125
spy,2015-10-09,169.16342163085938
spy,2015-10-12,169.32308959960938
spy,2015-10-13,168.25596618652344
spy,2015-10-14,167.44935607910156
spy,2015-10-15,170.02044677734375
spy,2015-10-16,170.79347229003906
spy,2015-10-19,170.87747192382812
spy,2015-10-20,170.65904235839844
spy,2015-10-21,169.60032653808594
spy,2015-10-22,172.46554565429688
spy,2015-10-23,174.3560333251953
spy,2015-10-26,173.92755126953125
spy,2015-10-27,173.59144592285156
spy,2015-10-28,175.56594848632812
spy,2015-10-29,175.46511840820312
spy,2015-10-30,174.70892333984375
spy,2015-11-02,176.77586364746094
spy,2015-11-03,177.28842163085938
spy,2015-11-04,176.7506866455078
spy,2015-11-05,176.57420349121094
spy,2015-11-06,176.4818115234375
spy,2015-11-09,174.8349609375
spy,2015-11-10,175.23829650878906
spy,2015-11-11,174.54922485351562
spy,2015-11-12,172.112548828125
spy,2015-11-13,170.18011474609375
spy,2015-11-16,172.7679901123047
spy,2015-11-17,172.64195251464844
spy,2015-11-18,175.38113403320312
spy,2015-11-19,175.22987365722656
spy,2015-11-20,175.8684539794922
spy,2015-11-23,175.6667938232422
spy,2015-11-24,175.9020538330078
spy,2015-11-25,175.87684631347656
spy,2015-11-27,176.07850646972656
spy,2015-11-30,175.3474578857422
spy,2015-12-01,177.01954650878906
spy,2015-12-02,175.21299743652344
spy,2015-12-03,172.7595977783203
spy,2015-12-04,176.12893676757812
spy,2015-12-07,175.06182861328125
spy,2015-12-08,173.88548278808594
spy,2015-12-09,172.53269958496094
spy,2015-12-10,172.97802734375
spy,2015-12-11,169.6255340576172
spy,2015-12-14,170.48252868652344
spy,2015-12-15,172.2722930908203
spy,2015-12-16,174.79290771484375
spy,2015-12-17,172.12940979003906
spy,2015-12-18,169.06292724609375
spy,2015-12-21,170.45755004882812
spy,2015-12-22,172.0043487548828
spy,2015-12-23,174.13429260253906
spy,2015-12-24,173.84693908691406
spy,2015-12-28,173.4496612548828
spy,2015-12-29,175.3007354736328
spy,2015-12-30,174.05821228027344
spy,2015-12-31,172.3170166015625
spy,2016-01-04,169.9081573486328
spy,2016-01-05,170.19546508789062
spy,2016-01-06,168.04859924316406
spy,2016-01-07,164.01690673828125
spy,2016-01-08,162.21658325195312
spy,2016-01-11,162.3771514892578
spy,2016-01-12,163.687255859375
spy,2016-01-13,159.60482788085938
spy,2016-01-14,162.22500610351562
spy,2016-01-15,158.74270629882812
spy,2016-01-19,158.9539794921875
spy,2016-01-20,156.91693115234375
spy,2016-01-21,157.79600524902344
spy,2016-01-22,161.03321838378906
spy,2016-01-25,158.5989990234375
spy,2016-01-26,160.76275634765625
spy,2016-01-27,159.01315307617188
spy,2016-01-28,159.84149169921875
spy,2016-01-29,163.73797607421875
spy,2016-02-01,163.6787872314453
spy,2016-02-02,160.72900390625
spy,2016-02-03,161.6925506591797
spy,2016-02-04,161.9460906982422
spy,2016-02-05,158.8609619140625
spy,2016-02-08,156.72256469726562
spy,2016-02-09,156.73101806640625
spy,2016-02-10,156.59580993652344
spy,2016-02-11,154.55874633789062
spy,2016-02-12,157.7452850341797
spy,2016-02-16,160.40777587890625
spy,2016-02-17,163.02798461914062
spy,2016-02-18,162.36021423339844
spy,2016-02-19,162.28421020507812
spy,2016-02-22,164.63394165039062
spy,2016-02-23,162.5546417236328
spy,2016-02-24,163.2984619140625
spy,2016-02-25,165.27630615234375
spy,2016-02-26,164.8959503173828
spy,2016-02-29,163.60276794433594
spy,2016-03-01,167.4485626220703
spy,2016-03-02,168.2008056640625
spy,2016-03-03,168.8600311279297
spy,2016-03-04,169.40948486328125
spy,2016-03-07,169.54469299316406
spy,2016-03-08,167.69363403320312
spy,2016-03-09,168.5220184326172
spy,2016-03-10,168.65724182128906
spy,2016-03-11,171.37884521484375
spy,2016-03-14,171.15904235839844
spy,2016-03-15,170.88015747070312
spy,2016-03-16,171.86907958984375
spy,2016-03-17,172.95941162109375
spy,2016-03-18,173.6391143798828
spy,2016-03-21,173.88543701171875
spy,2016-03-22,173.7920379638672
spy,2016-03-23,172.64508056640625
spy,2016-03-24,172.56861877441406
spy,2016-03-28,172.67056274414062
spy,2016-03-29,174.26780700683594
spy,2016-03-30,175.03244018554688
spy,2016-03-31,174.6076202392578
spy,2016-04-01,175.79702758789062
spy,2016-04-04,175.22779846191406
spy,2016-04-05,173.4777069091797
spy,2016-04-06,175.3722381591797
spy,2016-04-07,173.27378845214844
spy,2016-04-08,173.7410430908203
spy,2016-04-11,173.33323669433594
spy,2016-04-12,174.94749450683594
spy,2016-04-13,176.71461486816406
spy,2016-04-14,176.72311401367188
spy,2016-04-15,176.52767944335938
spy,2016-04-18,177.76806640625
spy,2016-04-19,178.32884216308594
spy,2016-04-20,178.49874877929688
spy,2016-04-21,177.53866577148438
spy,2016-04-22,177.53866577148438
spy,2016-04-25,177.23287963867188
spy,2016-04-26,177.4962615966797
spy,2016-04-27,177.86158752441406
spy,2016-04-28,176.24734497070312
spy,2016-04-29,175.29576110839844
spy,2016-05-02,176.68911743164062
spy,2016-05-03,175.15138244628906
spy,2016-05-04,174.17430114746094
spy,2016-05-05,174.1403350830078
spy,2016-05-06,174.77757263183594
spy,2016-05-09,174.9219970703125
spy,2016-05-10,177.09693908691406
spy,2016-05-11,175.44024658203125
spy,2016-05-12,175.49118041992188
spy,2016-05-13,173.9619140625
spy,2016-05-16,175.67811584472656
spy,2016-05-17,174.03834533691406
spy,2016-05-18,174.08937072753906
spy,2016-05-19,173.48617553710938
spy,2016-05-20,174.5821075439453
spy,2016-05-23,174.34423828125
spy,2016-05-24,176.6041259765625
spy,2016-05-25,177.8020782470703
spy,2016-05-26,177.8530731201172
spy,2016-05-27,178.61767578125
spy,2016-05-31,178.27784729003906
spy,2016-06-01,178.64320373535156
spy,2016-06-02,179.1868896484375
spy,2016-06-03,178.65167236328125
spy,2016-06-06,179.56072998046875
spy,2016-06-07,179.8411102294922
spy,2016-06-08,180.42730712890625
spy,2016-06-09,180.180908203125
spy,2016-06-10,178.47328186035156
spy,2016-06-13,177.09693908691406
spy,2016-06-14,176.74855041503906
spy,2016-06-15,176.50218200683594
spy,2016-06-16,177.0289306640625
spy,2016-06-17,176.3696746826172
spy,2016-06-20,177.50552368164062
spy,2016-06-21,178.0093536376953
spy,2016-06-22,177.718994140625
spy,2016-06-23,180.0333709716797
spy,2016-06-24,173.56849670410156
spy,2016-06-27,170.45993041992188
spy,2016-06-28,173.53436279296875
spy,2016-06-29,176.48922729492188
spy,2016-06-30,178.89756774902344
spy,2016-07-01,179.27330017089844
spy,2016-07-05,177.98373413085938
spy,2016-07-06,179.05125427246094
spy,2016-07-07,178.94021606445312
spy,2016-07-08,181.60475158691406
spy,2016-07-11,182.24522399902344
spy,2016-07-12,183.56895446777344
spy,2016-07-13,183.54336547851562
spy,2016-07-14,184.56809997558594
spy,2016-07-15,184.3204803466797
spy,2016-07-18,184.81582641601562
spy,2016-07-19,184.62796020507812
spy,2016-07-20,185.3965606689453
spy,2016-07-21,184.69625854492188
spy,2016-07-22,185.52464294433594
spy,2016-07-25,185.02072143554688
spy,2016-07-26,185.1061553955078
spy,2016-07-27,184.90972900390625
spy,2016-07-28,185.12326049804688
spy,2016-07-29,185.42210388183594
spy,2016-08-01,185.2684783935547
spy,2016-08-02,184.08140563964844
spy,2016-08-03,184.61936950683594
spy,2016-08-04,184.81582641601562
spy,2016-08-05,186.32745361328125
spy,2016-08-08,186.21636962890625
spy,2016-08-09,186.32745361328125
spy,2016-08-10,185.8662567138672
spy,2016-08-11,186.72879028320312
spy,2016-08-12,186.5665283203125
spy,2016-08-15,187.1045379638672
spy,2016-08-16,186.13951110839844
spy,2016-08-17,186.48968505859375
spy,2016-08-18,186.9081268310547
spy,2016-08-19,186.63479614257812
spy,2016-08-22,186.6263427734375
spy,2016-08-23,187.00204467773438
spy,2016-08-24,186.0455780029297
spy,2016-08-25,185.91748046875
spy,2016-08-26,185.5673065185547
spy,2016-08-29,186.4811248779297
spy,2016-08-30,186.17364501953125
spy,2016-08-31,185.64425659179688
spy,2016-09-01,185.65269470214844
spy,2016-09-02,186.48968505859375
spy,2016-09-06,187.05332946777344
spy,2016-09-07,187.03623962402344
spy,2016-09-08,186.60923767089844
spy,2016-09-09,182.14276123046875
spy,2016-09-12,184.75604248046875
spy,2016-09-13,182.1000518798828
spy,2016-09-14,182.0316925048828
spy,2016-09-15,183.85076904296875
spy,2016-09-16,183.14010620117188
spy,2016-09-19,183.17437744140625
spy,2016-09-20,183.18299865722656
spy,2016-09-21,185.24298095703125
spy,2016-09-22,186.41029357910156
spy,2016-09-23,185.38888549804688
spy,2016-09-26,183.88681030273438
spy,2016-09-27,185.0283966064453
spy,2016-09-28,185.94679260253906
spy,2016-09-29,184.26446533203125
spy,2016-09-30,185.65496826171875
spy,2016-10-03,185.20864868164062
spy,2016-10-04,184.26446533203125
spy,2016-10-05,185.0799102783203
spy,2016-10-06,185.20864868164062
spy,2016-10-07,184.57345581054688
spy,2016-10-10,185.53480529785156
spy,2016-10-11,183.19155883789062
spy,2016-10-12,183.43194580078125
spy,2016-10-13,182.8311004638672
spy,2016-10-14,182.92550659179688
spy,2016-10-17,182.2903594970703
spy,2016-10-18,183.43194580078125
spy,2016-10-19,183.92112731933594
spy,2016-10-20,183.57785034179688
spy,2016-10-21,183.66366577148438
spy,2016-10-24,184.4447784423828
spy,2016-10-25,183.82675170898438
spy,2016-10-26,183.4575958251953
spy,2016-10-27,182.9683837890625
spy,2016-10-28,182.4276885986328
spy,2016-10-31,182.43626403808594
spy,2016-11-01,181.11444091796875
spy,2016-11-02,180.0243377685547
spy,2016-11-03,179.2003631591797
spy,2016-11-04,179.00294494628906
spy,2016-11-07,182.95120239257812
spy,2016-11-08,183.7752227783203
spy,2016-11-09,185.7237091064453
spy,2016-11-10,186.18714904785156
spy,2016-11-11,185.7580108642578
spy,2016-11-14,185.90391540527344
spy,2016-11-15,187.35443115234375
spy,2016-11-16,187.00253295898438
spy,2016-11-17,187.96383666992188
spy,2016-11-18,187.54327392578125
spy,2016-11-21,188.95948791503906
spy,2016-11-22,189.32855224609375
spy,2016-11-23,189.4315948486328
spy,2016-11-25,190.1354217529297
spy,2016-11-28,189.24273681640625
spy,2016-11-29,189.61183166503906
spy,2016-11-30,189.15689086914062
spy,2016-12-01,188.46170043945312
spy,2016-12-02,188.55606079101562
spy,2016-12-05,189.68902587890625
spy,2016-12-06,190.28988647460938
spy,2016-12-07,192.77903747558594
spy,2016-12-08,193.2511749267578
spy,2016-12-09,194.41839599609375
spy,2016-12-12,194.19528198242188
spy,2016-12-13,195.49134826660156
spy,2016-12-14,193.877685546875
spy,2016-12-15,194.67591857910156
spy,2016-12-16,194.29519653320312
spy,2016-12-19,194.71826171875
spy,2016-12-20,195.46937561035156
spy,2016-12-21,194.92543029785156
spy,2016-12-22,194.58872985839844
spy,2016-12-23,194.87368774414062
spy,2016-12-27,195.35711669921875
spy,2016-12-28,193.74261474609375
spy,2016-12-29,193.69943237304688
spy,2016-12-30,192.99148559570312
spy,2017-01-03,194.46780395507812
spy,2017-01-04,195.62474060058594
spy,2017-01-05,195.46937561035156
spy,2017-01-06,196.16873168945312
spy,2017-01-09,195.52114868164062
spy,2017-01-10,195.52114868164062
spy,2017-01-11,196.07371520996094
spy,2017-01-12,195.58163452148438
spy,2017-01-13,196.0305633544922
spy,2017-01-17,195.3398895263672
spy,2017-01-18,195.7715301513672
spy,2017-01-19,195.0463409423828
spy,2017-01-20,195.76292419433594
spy,2017-01-23,195.25347900390625
spy,2017-01-24,196.5054473876953
spy,2017-01-25,198.20631408691406
spy,2017-01-26,197.9991455078125
spy,2017-01-27,197.68820190429688
spy,2017-01-30,196.4622802734375
spy,2017-01-31,196.44503784179688
spy,2017-02-01,196.52272033691406
spy,2017-02-02,196.6522216796875
spy,2017-02-03,198.00775146484375
spy,2017-02-06,197.6536865234375
spy,2017-02-07,197.66232299804688
spy,2017-02-08,197.92138671875
spy,2017-02-09,199.09561157226562
spy,2017-02-10,199.88125610351562
spy,2017-02-13,200.9691162109375
spy,2017-02-14,201.7720947265625
spy,2017-02-15,202.8253936767578
spy,2017-02-16,202.65267944335938
spy,2017-02-17,202.97218322753906
spy,2017-02-21,204.18087768554688
spy,2017-02-22,203.99954223632812
spy,2017-02-23,204.13772583007812
spy,2017-02-24,204.3966827392578
spy,2017-02-27,204.7161865234375
spy,2017-02-28,204.16363525390625
spy,2017-03-01,207.02137756347656
spy,2017-03-02,205.7176971435547
spy,2017-03-03,205.84719848632812
spy,2017-03-06,205.23414611816406
spy,2017-03-07,204.62120056152344
spy,2017-03-08,204.2413330078125
spy,2017-03-09,204.50033569335938
spy,2017-03-10,205.21690368652344
spy,2017-03-13,205.320556640625
spy,2017-03-14,204.5348663330078
spy,2017-03-15,206.30482482910156
spy,2017-03-16,205.89901733398438
spy,2017-03-17,205.5373992919922
spy,2017-03-20,205.31198120117188
spy,2017-03-21,202.67587280273438
spy,2017-03-22,203.15277099609375
spy,2017-03-23,202.93603515625
spy,2017-03-24,202.78860473632812
spy,2017-03-27,202.58045959472656
spy,2017-03-28,204.0546112060547
spy,2017-03-29,204.245361328125
spy,2017-03-30,204.89576721191406
spy,2017-03-31,204.41883850097656
spy,2017-04-03,204.06321716308594
spy,2017-04-04,204.19337463378906
spy,2017-04-05,203.58628845214844
spy,2017-04-06,204.1586456298828
spy,2017-04-07,203.95053100585938
spy,2017-04-10,204.0719757080078
spy,2017-04-11,203.8291015625
spy,2017-04-12,202.93603515625
spy,2017-04-13,201.61798095703125
spy,2017-04-17,203.40423583984375
spy,2017-04-18,202.79725646972656
spy,2017-04-19,202.4244384765625
spy,2017-04-20,204.0719757080078
spy,2017-04-21,203.42160034179688
spy,2017-04-24,205.6588134765625
spy,2017-04-25,206.85549926757812
spy,2017-04-26,206.72537231445312
spy,2017-04-27,206.8988494873047
spy,2017-04-28,206.4479217529297
spy,2017-05-01,206.96810913085938
spy,2017-05-02,207.04624938964844
spy,2017-05-03,206.79476928710938
spy,2017-05-04,207.0375213623047
spy,2017-05-05,207.8526611328125
spy,2017-05-08,207.81800842285156
spy,2017-05-09,207.627197265625
spy,2017-05-10,208.0001220703125
spy,2017-05-11,207.57518005371094
spy,2017-05-12,207.2283172607422
spy,2017-05-15,208.37289428710938
spy,2017-05-16,208.18215942382812
spy,2017-05-17,204.48812866210938
spy,2017-05-18,205.31198120117188
spy,2017-05-19,206.64735412597656
spy,2017-05-22,207.6965789794922
spy,2017-05-23,208.1561279296875
spy,2017-05-24,208.64175415039062
spy,2017-05-25,209.6389923095703
spy,2017-05-26,209.59559631347656
spy,2017-05-30,209.4135284423828
spy,2017-05-31,209.36146545410156
spy,2017-06-01,211.0263671875
spy,2017-06-02,211.72874450683594
spy,2017-06-05,211.57269287109375
spy,2017-06-06,210.89633178710938
spy,2017-06-07,211.2865447998047
spy,2017-06-08,211.39060974121094
spy,2017-06-09,211.0697784423828
spy,2017-06-12,211.0263671875
spy,2017-06-13,212.0583038330078
spy,2017-06-14,211.7895050048828
spy,2017-06-15,211.38189697265625
spy,2017-06-16,211.42811584472656
spy,2017-06-19,213.1882781982422
spy,2017-06-20,211.75050354003906
spy,2017-06-21,211.69825744628906
spy,2017-06-22,211.6023406982422
spy,2017-06-23,211.85507202148438
spy,2017-06-26,211.99449157714844
spy,2017-06-27,210.28665161132812
spy,2017-06-28,212.16876220703125
spy,2017-06-29,210.30401611328125
spy,2017-06-30,210.69613647460938
spy,2017-07-03,211.05343627929688
spy,2017-07-05,211.54139709472656
spy,2017-07-06,209.6069793701172
spy,2017-07-07,210.96629333496094
spy,2017-07-10,211.19285583496094
spy,2017-07-11,211.03598022460938
spy,2017-07-12,212.62185668945312
spy,2017-07-13,212.9791717529297
spy,2017-07-14,213.9724884033203
spy,2017-07-17,213.94631958007812
spy,2017-07-18,214.0596466064453
spy,2017-07-19,215.21856689453125
spy,2017-07-20,215.31442260742188
spy,2017-07-21,215.1227264404297
spy,2017-07-24,215.0704345703125
spy,2017-07-25,215.59320068359375
spy,2017-07-26,215.60198974609375
spy,2017-07-27,215.4015350341797
spy,2017-07-28,215.14881896972656
spy,2017-07-31,215.0268096923828
spy,2017-08-01,215.50608825683594
spy,2017-08-02,215.61070251464844
spy,2017-08-03,215.19239807128906
spy,2017-08-04,215.5845184326172
spy,2017-08-07,215.9853515625
spy,2017-08-08,215.4538116455078
spy,2017-08-09,215.44512939453125
spy,2017-08-10,212.40399169921875
spy,2017-08-11,212.7177276611328
spy,2017-08-14,214.82643127441406
spy,2017-08-15,214.80030822753906
spy,2017-08-16,215.17495727539062
spy,2017-08-17,211.8201904296875
spy,2017-08-18,211.48907470703125
spy,2017-08-21,211.6546630859375
spy,2017-08-22,213.86793518066406
spy,2017-08-23,213.1011199951172
spy,2017-08-24,212.60447692871094
spy,2017-08-25,213.1011199951172
spy,2017-08-28,213.1098175048828
spy,2017-08-29,213.35382080078125
spy,2017-08-30,214.36456298828125
spy,2017-08-31,215.65426635742188
spy,2017-09-01,215.959228515625
spy,2017-09-05,214.40821838378906
spy,2017-09-06,215.14015197753906
spy,2017-09-07,215.114013671875
spy,2017-09-08,214.8612518310547
spy,2017-09-11,217.15298461914062
spy,2017-09-12,217.8848876953125
spy,2017-09-13,217.9894256591797
spy,2017-09-14,217.91983032226562
spy,2017-09-15,218.21315002441406
spy,2017-09-18,218.67727661132812
spy,2017-09-19,218.8961639404297
spy,2017-09-20,218.97494506835938
spy,2017-09-21,218.3882598876953
spy,2017-09-22,218.43206787109375
spy,2017-09-25,217.98548889160156
spy,2017-09-26,218.11683654785156
spy,2017-09-27,218.96617126464844
spy,2017-09-28,219.2289276123047
spy,2017-09-29,219.99951171875
spy,2017-10-02,220.95404052734375
spy,2017-10-03,221.42691040039062
spy,2017-10-04,221.6896514892578
spy,2017-10-05,223.003173828125
spy,2017-10-06,222.749267578125
spy,2017-10-09,222.38145446777344
spy,2017-10-10,222.96810913085938
spy,2017-10-11,223.31838989257812
spy,2017-10-12,222.9856719970703
spy,2017-10-13,223.2571258544922
spy,2017-10-16,223.5548095703125
spy,2017-10-17,223.71249389648438
spy,2017-10-18,223.931396484375
spy,2017-10-19,223.99264526367188
spy,2017-10-20,225.14854431152344
spy,2017-10-23,224.27288818359375
spy,2017-10-24,224.6669464111328
spy,2017-10-25,223.5548095703125
spy,2017-10-26,223.84381103515625
spy,2017-10-27,225.67401123046875
spy,2017-10-30,224.8333740234375
spy,2017-10-31,225.18362426757812
spy,2017-11-01,225.4813690185547
spy,2017-11-02,225.56887817382812
spy,2017-11-03,226.32205200195312
spy,2017-11-06,226.67234802246094
spy,2017-11-07,226.5146942138672
spy,2017-11-08,226.89993286132812
spy,2017-11-09,226.07684326171875
spy,2017-11-10,226.0067138671875
spy,2017-11-13,226.21693420410156
spy,2017-11-14,225.69154357910156
spy,2017-11-15,224.5619354248047
spy,2017-11-16,226.47088623046875
spy,2017-11-17,225.80540466308594
spy,2017-11-20,226.19061279296875
spy,2017-11-21,227.67056274414062
spy,2017-11-22,227.46922302246094
spy,2017-11-24,227.9945831298828
spy,2017-11-27,227.8807830810547
spy,2017-11-28,230.1925506591797
spy,2017-11-29,230.05247497558594
spy,2017-11-30,232.06654357910156
spy,2017-12-01,231.58493041992188
spy,2017-12-04,231.3047637939453
spy,2017-12-05,230.47280883789062
spy,2017-12-06,230.51658630371094
spy,2017-12-07,231.24339294433594
spy,2017-12-08,232.50442504882812
spy,2017-12-11,233.2049102783203
spy,2017-12-12,233.6165008544922
spy,2017-12-13,233.59022521972656
spy,2017-12-14,232.63580322265625
spy,2017-12-15,234.57308959960938
spy,2017-12-18,236.06048583984375
spy,2017-12-19,235.15391540527344
spy,2017-12-20,235.03065490722656
spy,2017-12-21,235.5147247314453
spy,2017-12-22,235.4531707763672
spy,2017-12-26,235.17152404785156
spy,2017-12-27,235.2859649658203
spy,2017-12-28,235.77003479003906
spy,2017-12-29,234.88099670410156
spy,2018-01-02,236.56219482421875
spy,2018-01-03,238.05848693847656
spy,2018-01-04,239.061767578125
spy,2018-01-05,240.65492248535156
spy,2018-01-08,241.09500122070312
spy,2018-01-09,241.64077758789062
spy,2018-01-10,241.2710418701172
spy,2018-01-11,243.03143310546875
spy,2018-01-12,244.61575317382812
spy,2018-01-16,243.77947998046875
spy,2018-01-17,246.10316467285156
spy,2018-01-18,245.6895294189453
spy,2018-01-19,246.80734252929688
spy,2018-01-22,248.81405639648438
spy,2018-01-23,249.34219360351562
spy,2018-01-24,249.245361328125
spy,2018-01-25,249.3509521484375
spy,2018-01-26,252.2378692626953
spy,2018-01-29,250.5655975341797
spy,2018-01-30,247.99557495117188
spy,2018-01-31,248.11868286132812
spy,2018-02-01,247.83714294433594
spy,2018-02-02,242.44168090820312
spy,2018-02-05,232.3021697998047
spy,2018-02-06,236.87905883789062
spy,2018-02-07,235.59400939941406
spy,2018-02-08,226.75711059570312
spy,2018-02-09,230.16339111328125
spy,2018-02-12,233.54318237304688
spy,2018-02-13,234.1240997314453
spy,2018-02-14,237.2838897705078
spy,2018-02-15,240.31170654296875
spy,2018-02-16,240.38209533691406
spy,2018-02-20,238.87704467773438
spy,2018-02-21,237.6887664794922
spy,2018-02-22,237.996826171875
spy,2018-02-23,241.79034423828125
spy,2018-02-26,244.59811401367188
spy,2018-02-27,241.54393005371094
spy,2018-02-28,239.09703063964844
spy,2018-03-01,235.62039184570312
spy,2018-03-02,236.83502197265625
spy,2018-03-05,239.5723114013672
spy,2018-03-06,240.17967224121094
spy,2018-03-07,240.09158325195312
spy,2018-03-08,241.2534637451172
spy,2018-03-09,245.45184326171875
spy,2018-03-12,245.1437225341797
spy,2018-03-13,243.55950927734375
spy,2018-03-14,242.30960083007812
spy,2018-03-15,242.045654296875
spy,2018-03-16,242.30804443359375
spy,2018-03-19,239.02957153320312
spy,2018-03-20,239.4361114501953
spy,2018-03-21,238.97653198242188
spy,2018-03-22,233.0028076171875
spy,2018-03-23,228.03640747070312
spy,2018-03-26,234.27528381347656
spy,2018-03-27,230.2899169921875
spy,2018-03-28,229.609375
spy,2018-03-29,232.5432891845703
spy,2018-04-02,227.52392578125
spy,2018-04-03,230.4401092529297
spy,2018-04-04,232.90562438964844
spy,2018-04-05,234.74362182617188
spy,2018-04-06,229.5122528076172
spy,2018-04-09,230.64337158203125
spy,2018-04-10,234.31065368652344
spy,2018-04-11,233.0823211669922
spy,2018-04-12,234.99990844726562
spy,2018-04-13,234.31065368652344
spy,2018-04-16,236.23707580566406
spy,2018-04-17,238.7644805908203
spy,2018-04-18,238.94122314453125
spy,2018-04-19,237.61569213867188
spy,2018-04-20,235.600830078125
spy,2018-04-23,235.5655059814453
spy,2018-04-24,232.39308166503906
spy,2018-04-25,232.96746826171875
spy,2018-04-26,235.33572387695312
spy,2018-04-27,235.5566864013672
spy,2018-04-30,233.74508666992188
spy,2018-05-01,234.1604461669922
spy,2018-05-02,232.58750915527344
spy,2018-05-03,232.07493591308594
spy,2018-05-04,235.0794677734375
spy,2018-05-07,235.87477111816406
spy,2018-05-08,235.87477111816406
spy,2018-05-09,238.15463256835938
spy,2018-05-10,240.38153076171875
spy,2018-05-11,241.11505126953125
spy,2018-05-14,241.2300262451172
spy,2018-05-15,239.56858825683594
spy,2018-05-16,240.57608032226562
spy,2018-05-17,240.37277221679688
spy,2018-05-18,239.7718963623047
spy,2018-05-21,241.57461547851562
spy,2018-05-22,240.90304565429688
spy,2018-05-23,241.5657196044922
spy,2018-05-24,241.07090759277344
spy,2018-05-25,240.4965362548828
spy,2018-05-29,237.73048400878906
spy,2018-05-30,240.90304565429688
spy,2018-05-31,239.42730712890625
spy,2018-06-01,241.7778778076172
spy,2018-06-04,242.9265594482422
spy,2018-06-05,243.10340881347656
spy,2018-06-06,245.1358184814453
spy,2018-06-07,245.109375
spy,2018-06-08,245.833984375
spy,2018-06-11,246.16099548339844
spy,2018-06-12,246.47906494140625
spy,2018-06-13,245.6925811767578
spy,2018-06-14,246.31117248535156
spy,2018-06-15,245.99691772460938
spy,2018-06-18,245.49095153808594
spy,2018-06-19,244.55006408691406
spy,2018-06-20,244.96728515625
spy,2018-06-21,243.43165588378906
spy,2018-06-22,243.8754119873047
spy,2018-06-25,240.55557250976562
spy,2018-06-26,241.08819580078125
spy,2018-06-27,239.0909423828125
spy,2018-06-28,240.45802307128906
spy,2018-06-29,240.80413818359375
spy,2018-07-02,241.31893920898438
spy,2018-07-03,240.46688842773438
spy,2018-07-05,242.42852783203125
spy,2018-07-06,244.4790496826172
spy,2018-07-09,246.68048095703125
spy,2018-07-10,247.56808471679688
spy,2018-07-11,245.7572479248047
spy,2018-07-12,247.98532104492188
spy,2018-07-13,248.1806182861328
spy,2018-07-16,247.95863342285156
spy,2018-07-17,248.96163940429688
spy,2018-07-18,249.4854736328125
spy,2018-07-19,248.5446014404297
spy,2018-07-20,248.2605438232422
spy,2018-07-23,248.7220458984375
spy,2018-07-24,249.97361755371094
spy,2018-07-25,252.10400390625
spy,2018-07-26,251.50930786132812
spy,2018-07-27,249.80502319335938
spy,2018-07-30,248.50018310546875
spy,2018-07-31,249.72509765625
spy,2018-08-01,249.30783081054688
spy,2018-08-02,250.66607666015625
spy,2018-08-03,251.74017333984375
spy,2018-08-06,252.66323852539062
spy,2018-08-07,253.49765014648438
spy,2018-08-08,253.39122009277344
spy,2018-08-09,253.0449676513672
spy,2018-08-10,251.3494873046875
spy,2018-08-13,250.40870666503906
spy,2018-08-14,252.00634765625
spy,2018-08-15,250.12454223632812
spy,2018-08-16,252.1484375
spy,2018-08-17,253.03602600097656
spy,2018-08-20,253.5775909423828
spy,2018-08-21,254.17222595214844
spy,2018-08-22,254.02142333984375
spy,2018-08-23,253.68409729003906
spy,2018-08-24,255.21084594726562
spy,2018-08-27,257.2258605957031
spy,2018-08-28,257.35015869140625
spy,2018-08-29,258.73486328125
spy,2018-08-30,257.6873779296875
spy,2018-08-31,257.6963195800781
spy,2018-09-04,257.2524719238281
spy,2018-09-05,256.5600891113281
spy,2018-09-06,255.78781127929688
spy,2018-09-07,255.29075622558594
spy,2018-09-10,255.7345733642578
spy,2018-09-11,256.57781982421875
spy,2018-09-12,256.6400451660156
spy,2018-09-13,258.157958984375
spy,2018-09-14,258.2022399902344
spy,2018-09-17,256.83526611328125
spy,2018-09-18,258.2288513183594
spy,2018-09-19,258.5039978027344
spy,2018-09-20,260.5989990234375
spy,2018-09-21,260.3607482910156
spy,2018-09-24,259.49591064453125
spy,2018-09-25,259.2552490234375
spy,2018-09-26,258.4794006347656
spy,2018-09-27,259.20172119140625
spy,2018-09-28,259.2284851074219
spy,2018-10-01,260.1290283203125
spy,2018-10-02,259.9774475097656
spy,2018-10-03,260.12005615234375
spy,2018-10-04,258.0870666503906
spy,2018-10-05,256.64263916015625
spy,2018-10-08,256.64263916015625
spy,2018-10-09,256.2680969238281
spy,2018-10-10,248.1538543701172
spy,2018-10-11,242.68780517578125
spy,2018-10-12,246.05841064453125
spy,2018-10-15,244.67625427246094
spy,2018-10-16,250.0263214111328
spy,2018-10-17,250.07093811035156
spy,2018-10-18,246.45956420898438
spy,2018-10-19,246.32583618164062
spy,2018-10-22,245.2201690673828
spy,2018-10-23,243.9718017578125
spy,2018-10-24,236.57980346679688
spy,2018-10-25,240.82420349121094
spy,2018-10-26,236.5886993408203
spy,2018-10-29,235.27798461914062
spy,2018-10-30,238.76441955566406
spy,2018-10-31,241.31459045410156
spy,2018-11-01,243.88265991210938
spy,2018-11-02,242.43817138671875
spy,2018-11-05,243.7757110595703
spy,2018-11-06,245.3181915283203
spy,2018-11-07,250.57015991210938
spy,2018-11-08,250.1154022216797
spy,2018-11-09,247.67222595214844
spy,2018-11-12,243.04440307617188
spy,2018-11-13,242.5897216796875
spy,2018-11-14,240.93128967285156
spy,2018-11-15,243.44564819335938
spy,2018-11-16,244.078857421875
spy,2018-11-19,239.95034790039062
spy,2018-11-20,235.50982666015625
spy,2018-11-21,236.31234741210938
spy,2018-11-23,234.7340087890625
spy,2018-11-26,238.52369689941406
spy,2018-11-27,239.32618713378906
spy,2018-11-28,244.83677673339844
spy,2018-11-29,244.3017578125
spy,2018-11-30,245.79080200195312
spy,2018-12-03,249.0454559326172
spy,2018-12-04,240.97579956054688
spy,2018-12-06,240.61021423339844
spy,2018-12-07,235.0194549560547
spy,2018-12-10,235.4652557373047
spy,2018-12-11,235.5187225341797
spy,2018-12-12,236.70468139648438
spy,2018-12-13,236.62437438964844
spy,2018-12-14,232.25518798828125
spy,2018-12-17,227.69873046875
spy,2018-12-18,227.4490509033203
spy,2018-12-19,224.04281616210938
spy,2018-12-20,220.39585876464844
spy,2018-12-21,215.8800811767578
spy,2018-12-24,210.1758575439453
spy,2018-12-26,220.79502868652344
spy,2018-12-27,222.4901123046875
spy,2018-12-28,222.203125
spy,2018-12-31,224.1493377685547
spy,2019-01-02,224.38253784179688
spy,2019-01-03,219.02809143066406
spy,2019-01-04,226.36463928222656
spy,2019-01-07,228.1494903564453
spy,2019-01-08,230.29298400878906
spy,2019-01-09,231.3692169189453
spy,2019-01-10,232.18548583984375
spy,2019-01-11,232.27511596679688
spy,2019-01-14,230.8579864501953
spy,2019-01-15,233.50389099121094
spy,2019-01-16,234.06887817382812
spy,2019-01-17,235.8446807861328
spy,2019-01-18,238.98379516601562
spy,2019-01-22,235.75503540039062
spy,2019-01-23,236.248291015625
spy,2019-01-24,236.37391662597656
spy,2019-01-25,238.37391662597656
spy,2019-01-28,236.5622100830078
spy,2019-01-29,236.248291015625
spy,2019-01-30,239.98828125
spy,2019-01-31,242.09600830078125
spy,2019-02-01,242.21263122558594
spy,2019-02-04,243.91661071777344
spy,2019-02-05,244.93911743164062
spy,2019-02-06,244.61624145507812
spy,2019-02-07,242.28436279296875
spy,2019-02-08,242.58030700683594
spy,2019-02-11,242.71485900878906
spy,2019-02-12,245.83602905273438
spy,2019-02-13,246.6342315673828
spy,2019-02-14,246.08709716796875
spy,2019-02-15,248.76885986328125
spy,2019-02-19,249.1993865966797
spy,2019-02-20,249.70156860351562
spy,2019-02-21,248.81369018554688
spy,2019-02-22,250.35630798339844
spy,2019-02-25,250.69705200195312
spy,2019-02-26,250.51780700683594
spy,2019-02-27,250.41017150878906
spy,2019-02-28,249.94374084472656
spy,2019-03-01,251.5043182373047
spy,2019-03-04,250.58953857421875
spy,2019-03-05,250.24868774414062
spy,2019-03-06,248.7328338623047
spy,2019-03-07,246.6521759033203
spy,2019-03-08,246.15887451171875
spy,2019-03-11,249.7284698486328
spy,2019-03-12,250.6702117919922
spy,2019-03-13,252.32948303222656
spy,2019-03-14,252.1680908203125
spy,2019-03-15,253.4138641357422
spy,2019-03-18,254.3326873779297
spy,2019-03-19,254.3957977294922
spy,2019-03-20,253.63009643554688
spy,2019-03-21,256.4948425292969
spy,2019-03-22,251.5581512451172
spy,2019-03-25,251.36898803710938
spy,2019-03-26,253.24267578125
spy,2019-03-27,251.9185028076172
spy,2019-03-28,252.873291015625
spy,2019-03-29,254.46775817871094
spy,2019-04-01,257.4856262207031
spy,2019-04-02,257.6117248535156
spy,2019-04-03,258.0171203613281
spy,2019-04-04,258.7017822265625
spy,2019-04-05,259.953857421875
spy,2019-04-08,260.152099609375
spy,2019-04-09,258.8188781738281
spy,2019-04-10,259.7016906738281
spy,2019-04-11,259.62969970703125
spy,2019-04-12,261.38629150390625
spy,2019-04-15,261.2149963378906
spy,2019-04-16,261.38629150390625
spy,2019-04-17,260.74658203125
spy,2019-04-18,261.26019287109375
spy,2019-04-22,261.48529052734375
spy,2019-04-23,263.83648681640625
spy,2019-04-24,263.25103759765625
spy,2019-04-25,263.0888366699219
spy,2019-04-26,264.31396484375
spy,2019-04-29,264.7283630371094
spy,2019-04-30,264.86346435546875
spy,2019-05-01,262.8726501464844
spy,2019-05-02,262.3051452636719
spy,2019-05-03,264.8725280761719
spy,2019-05-06,263.78240966796875
spy,2019-05-07,259.3773498535156
spy,2019-05-08,259.0170593261719
spy,2019-05-09,258.23333740234375
spy,2019-05-10,259.5305480957031
spy,2019-05-13,253.00836181640625
spy,2019-05-14,255.29664611816406
spy,2019-05-15,256.79193115234375
spy,2019-05-16,259.1702880859375
spy,2019-05-17,257.4946594238281
spy,2019-05-20,255.7921142578125
spy,2019-05-21,258.09820556640625
spy,2019-05-22,257.30548095703125
spy,2019-05-23,254.16152954101562
spy,2019-05-24,254.73809814453125
spy,2019-05-28,252.3689422607422
spy,2019-05-29,250.6753387451172
spy,2019-05-30,251.36001586914062
spy,2019-05-31,247.9728546142578
spy,2019-06-03,247.34226989746094
spy,2019-06-04,252.711181640625
spy,2019-06-05,254.9002685546875
spy,2019-06-06,256.5578308105469
spy,2019-06-07,259.1251525878906
spy,2019-06-10,260.314208984375
spy,2019-06-11,260.2511291503906
spy,2019-06-12,259.7917785644531
spy,2019-06-13,260.8636474609375
spy,2019-06-14,260.57550048828125
spy,2019-06-17,260.674560546875
spy,2019-06-18,263.4040222167969
spy,2019-06-19,263.9986572265625
spy,2019-06-20,266.52099609375
spy,2019-06-21,266.1336669921875
spy,2019-06-24,265.8077392578125
spy,2019-06-25,263.2006530761719
spy,2019-06-26,262.938232421875
spy,2019-06-27,263.8705139160156
spy,2019-06-28,265.2283630371094
spy,2019-07-01,267.63629150390625
spy,2019-07-02,268.3332824707031
spy,2019-07-03,270.4786682128906
spy,2019-07-05,270.1709289550781
spy,2019-07-08,268.686279296875
spy,2019-07-09,269.0212707519531
spy,2019-07-10,270.3066101074219
spy,2019-07-11,270.9403381347656
spy,2019-07-12,272.1533508300781
spy,2019-07-15,272.24371337890625
spy,2019-07-16,271.36572265625
spy,2019-07-17,269.5191650390625
spy,2019-07-18,270.505615234375
spy,2019-07-19,269.00311279296875
spy,2019-07-22,269.6639099121094
spy,2019-07-23,271.592041015625
spy,2019-07-24,272.86834716796875
spy,2019-07-25,271.56488037109375
spy,2019-07-26,273.3843078613281
spy,2019-07-29,272.886474609375
spy,2019-07-30,272.21661376953125
spy,2019-07-31,269.23846435546875
spy,2019-08-01,266.8939514160156
spy,2019-08-02,264.88446044921875
spy,2019-08-05,256.9184875488281
spy,2019-08-06,260.5212097167969
spy,2019-08-07,260.67510986328125
spy,2019-08-08,265.78961181640625
spy,2019-08-09,263.9791259765625
spy,2019-08-12,260.7655944824219
spy,2019-08-13,264.82098388671875
spy,2019-08-14,256.9908447265625
spy,2019-08-15,257.6698303222656
spy,2019-08-16,261.4717712402344
spy,2019-08-19,264.6217956542969
spy,2019-08-20,262.5941467285156
spy,2019-08-21,264.73046875
spy,2019-08-22,264.6490173339844
spy,2019-08-23,257.85089111328125
spy,2019-08-26,260.7023010253906
spy,2019-08-27,259.6794128417969
spy,2019-08-28,261.5079040527344
spy,2019-08-29,264.8482666015625
spy,2019-08-30,264.73046875
spy,2019-09-03,263.18255615234375
spy,2019-09-04,266.16986083984375
spy,2019-09-05,269.59149169921875
spy,2019-09-06,269.7996826171875
spy,2019-09-09,269.9355773925781
spy,2019-09-10,269.8720703125
spy,2019-09-11,271.79119873046875
spy,2019-09-12,272.7326965332031
spy,2019-09-13,272.55157470703125
spy,2019-09-16,271.7097473144531
spy,2019-09-17,272.3977355957031
spy,2019-09-18,272.5605773925781
spy,2019-09-19,272.54254150390625
spy,2019-09-20,271.25482177734375
spy,2019-09-23,271.19122314453125
spy,2019-09-24,269.0631408691406
spy,2019-09-25,270.65460205078125
spy,2019-09-26,270.0908508300781
spy,2019-09-27,268.63568115234375
spy,2019-09-30,269.8816223144531
spy,2019-10-01,266.67144775390625
spy,2019-10-02,261.9607849121094
spy,2019-10-03,264.1069641113281
spy,2019-10-04,267.6809387207031
spy,2019-10-07,266.5259094238281
spy,2019-10-08,262.3881530761719
spy,2019-10-09,264.87994384765625
spy,2019-10-10,266.67144775390625
spy,2019-10-11,269.4360046386719
spy,2019-10-14,269.1358642578125
spy,2019-10-15,271.8004455566406
spy,2019-10-16,271.3639221191406
spy,2019-10-17,272.1641845703125
spy,2019-10-18,270.9729919433594
spy,2019-10-21,272.8099060058594
spy,2019-10-22,271.91864013671875
spy,2019-10-23,272.7099304199219
spy,2019-10-24,273.1554260253906
spy,2019-10-25,274.27398681640625
spy,2019-10-28,275.8199768066406
spy,2019-10-29,275.7381286621094
spy,2019-10-30,276.5838317871094
spy,2019-10-31,275.8472595214844
spy,2019-11-01,278.4027099609375
spy,2019-11-04,279.521240234375
spy,2019-11-05,279.2120361328125
spy,2019-11-06,279.2756652832031
spy,2019-11-07,280.2578430175781
spy,2019-11-08,280.94903564453125
spy,2019-11-11,280.4124450683594
spy,2019-11-12,281.00360107421875
spy,2019-11-13,281.0945739746094
spy,2019-11-14,281.5036926269531
spy,2019-11-15,283.540771484375
spy,2019-11-18,283.7499694824219
spy,2019-11-19,283.6680603027344
spy,2019-11-20,282.6131286621094
spy,2019-11-21,282.158447265625
spy,2019-11-22,282.78594970703125
spy,2019-11-25,284.97760009765625
spy,2019-11-26,285.6232604980469
spy,2019-11-27,286.8963928222656
spy,2019-11-29,285.83233642578125
spy,2019-12-02,283.4044189453125
spy,2019-12-03,281.5036926269531
spy,2019-12-04,283.2406921386719
spy,2019-12-05,283.7499694824219
spy,2019-12-06,286.3417663574219
spy,2019-12-09,285.4414367675781
spy,2019-12-10,285.1231384277344
spy,2019-12-11,285.9324951171875
spy,2019-12-12,288.39697265625
spy,2019-12-13,288.5697326660156
spy,2019-12-16,290.5521545410156
spy,2019-12-17,290.61590576171875
spy,2019-12-18,290.634033203125
spy,2019-12-19,291.82537841796875
spy,2019-12-20,293.10479736328125
spy,2019-12-23,293.5525817871094
spy,2019-12-24,293.561767578125
spy,2019-12-26,295.12445068359375
spy,2019-12-27,295.05133056640625
spy,2019-12-30,293.4246826171875
spy,2019-12-31,294.137451171875
spy,2020-01-02,296.8881530761719
spy,2020-01-03,294.6400146484375
spy,2020-01-06,295.76409912109375
spy,2020-01-07,294.9324645996094
spy,2020-01-08,296.50439453125
spy,2020-01-09,298.5147705078125
spy,2020-01-10,297.65582275390625
spy,2020-01-13,299.70281982421875
spy,2020-01-14,299.2459716796875
spy,2020-01-15,299.9222412109375
spy,2020-01-16,302.4170837402344
spy,2020-01-17,303.3583984375
spy,2020-01-21,302.76434326171875
spy,2020-01-22,302.8009338378906
spy,2020-01-23,303.148193359375
spy,2020-01-24,300.4522399902344
spy,2020-01-27,295.63623046875
spy,2020-01-28,298.7342834472656
spy,2020-01-29,298.48748779296875
spy,2020-01-30,299.4561462402344
spy,2020-01-31,294.01861572265625
spy,2020-02-03,296.2027587890625
spy,2020-02-04,300.71722412109375
spy,2020-02-05,304.18994140625
spy,2020-02-06,305.2135009765625
spy,2020-02-07,303.5869140625
spy,2020-02-10,305.8532409667969
spy,2020-02-11,306.3832702636719
spy,2020-02-12,308.357177734375
spy,2020-02-13,308.0281982421875
spy,2020-02-14,308.5216979980469
spy,2020-02-18,307.7266845703125
spy,2020-02-19,309.19805908203125
spy,2020-02-20,307.927734375
spy,2020-02-21,304.7566833496094
spy,2020-02-24,294.649169921875
spy,2020-02-25,285.7207336425781
spy,2020-02-26,284.66973876953125
spy,2020-02-27,271.88482666015625
spy,2020-02-28,270.7424011230469
spy,2020-03-02,282.4673767089844
spy,2020-03-03,274.379638671875
spy,2020-03-04,285.9126281738281
spy,2020-03-05,276.4083557128906
spy,2020-03-06,271.8390808105469
spy,2020-03-09,250.6099090576172
spy,2020-03-10,263.5777282714844
spy,2020-03-11,250.728759765625
spy,2020-03-12,226.73971557617188
spy,2020-03-13,246.12283325195312
spy,2020-03-16,219.191162109375
spy,2020-03-17,231.02574157714844
spy,2020-03-18,219.32826232910156
spy,2020-03-19,219.7943115234375
spy,2020-03-20,210.32244873046875
spy,2020-03-23,204.9449005126953
spy,2020-03-24,223.5135498046875
spy,2020-03-25,226.85958862304688
spy,2020-03-26,240.10585021972656
spy,2020-03-27,232.9541473388672
spy,2020-03-30,240.51953125
spy,2020-03-31,236.93446350097656
spy,2020-04-01,226.27122497558594
spy,2020-04-02,231.4926300048828
spy,2020-04-03,228.1465301513672
spy,2020-04-06,243.47023010253906
spy,2020-04-07,243.7184295654297
spy,2020-04-08,251.8997039794922
spy,2020-04-09,255.73294067382812
spy,2020-04-13,253.3981170654297
spy,2020-04-14,260.8715515136719
spy,2020-04-15,255.32852172851562
spy,2020-04-16,256.560302734375
spy,2020-04-17,263.4914245605469
spy,2020-04-20,258.84918212890625
spy,2020-04-21,250.9896697998047
spy,2020-04-22,256.560302734375
spy,2020-04-23,256.54193115234375
spy,2020-04-24,260.1177062988281
spy,2020-04-27,263.8681945800781
spy,2020-04-28,262.6549072265625
spy,2020-04-29,269.53082275390625
spy,2020-04-30,267.021240234375
spy,2020-05-01,259.9522399902344
spy,2020-05-04,260.6692810058594
spy,2020-05-05,263.0777282714844
spy,2020-05-06,261.29437255859375
spy,2020-05-07,264.4474182128906
spy,2020-05-08,268.8230285644531
spy,2020-05-11,268.8780822753906
spy,2020-05-12,263.5188903808594
spy,2020-05-13,258.8583679199219
spy,2020-05-14,261.95623779296875
spy,2020-05-15,263.16046142578125
spy,2020-05-18,271.1762390136719
spy,2020-05-19,268.39093017578125
spy,2020-05-20,272.9503173828125
spy,2020-05-21,271.0658874511719
spy,2020-05-22,271.5806884765625
spy,2020-05-26,274.9266357421875
spy,2020-05-27,279.017333984375
spy,2020-05-28,278.5025939941406
spy,2020-05-29,279.7435607910156
spy,2020-06-01,280.8741760253906
spy,2020-06-02,283.1999206542969
spy,2020-06-03,286.96868896484375
spy,2020-06-04,286.2149963378906
spy,2020-06-05,293.5505065917969
spy,2020-06-08,297.0988464355469
spy,2020-06-09,294.88348388671875
spy,2020-06-10,293.238037109375
spy,2020-06-11,276.3331604003906
spy,2020-06-12,279.6424255371094
spy,2020-06-15,282.253173828125
spy,2020-06-16,287.6858825683594
spy,2020-06-17,286.49078369140625
spy,2020-06-18,286.6011962890625
spy,2020-06-19,284.96319580078125
spy,2020-06-22,286.7912292480469
spy,2020-06-23,288.111572265625
spy,2020-06-24,280.7622375488281
spy,2020-06-25,283.7721252441406
spy,2020-06-26,277.0321044921875
spy,2020-06-29,281.1038513183594
spy,2020-06-30,284.7046813964844
spy,2020-07-01,286.6990051269531
spy,2020-07-02,288.2777404785156
spy,2020-07-06,292.72802734375
spy,2020-07-07,289.7088623046875
spy,2020-07-08,291.92474365234375
spy,2020-07-09,290.2628173828125
spy,2020-07-10,293.2265930175781
spy,2020-07-13,290.68756103515625
spy,2020-07-14,294.45458984375
spy,2020-07-15,297.1598205566406
spy,2020-07-16,296.18115234375
spy,2020-07-17,297.0397644042969
spy,2020-07-20,299.4403076171875
spy,2020-07-21,300.07745361328125
spy,2020-07-22,301.7854309082031
spy,2020-07-23,298.1846008300781
spy,2020-07-24,296.26416015625
spy,2020-07-27,298.4246826171875
spy,2020-07-28,296.53204345703125
spy,2020-07-29,300.1789855957031
spy,2020-07-30,299.1079406738281
spy,2020-07-31,301.4715270996094
spy,2020-08-03,303.5674133300781
spy,2020-08-04,304.7400207519531
spy,2020-08-05,306.63275146484375
spy,2020-08-06,308.6824035644531
spy,2020-08-07,308.90399169921875
spy,2020-08-10,309.8272705078125
spy,2020-08-11,307.2697448730469
spy,2020-08-12,311.5538330078125
spy,2020-08-13,310.9906311035156
spy,2020-08-14,310.9998779296875
spy,2020-08-17,311.98779296875
spy,2020-08-18,312.661865234375
spy,2020-08-19,311.3599548339844
spy,2020-08-20,312.3294372558594
spy,2020-08-21,313.4373474121094
spy,2020-08-24,316.6134338378906
spy,2020-08-25,317.7213439941406
spy,2020-08-26,320.9067077636719
spy,2020-08-27,321.6083679199219
spy,2020-08-28,323.6858215332031
spy,2020-08-31,322.51324462890625
spy,2020-09-01,325.55084228515625
spy,2020-09-02,330.2596740722656
spy,2020-09-03,318.8940124511719
spy,2020-09-04,316.29034423828125
spy,2020-09-08,307.64837646484375
spy,2020-09-09,313.7236022949219
spy,2020-09-10,308.27618408203125
spy,2020-09-11,308.4331359863281
spy,2020-09-14,312.4955749511719
spy,2020-09-15,314.0744323730469
spy,2020-09-16,312.8279724121094
spy,2020-09-17,310.07659912109375
spy,2020-09-18,306.5067443847656
spy,2020-09-21,303.095458984375
spy,2020-09-22,306.1823425292969
spy,2020-09-23,299.0816650390625
spy,2020-09-24,299.87884521484375
spy,2020-09-25,304.7269592285156
spy,2020-09-28,309.78826904296875
spy,2020-09-29,308.1011657714844
spy,2020-09-30,310.4372253417969
spy,2020-10-01,312.4302062988281
spy,2020-10-02,309.4638671875
spy,2020-10-05,314.95166015625
spy,2020-10-06,310.4742431640625
spy,2020-10-07,315.8785400390625
spy,2020-10-08,318.67803955078125
spy,2020-10-09,321.52386474609375
spy,2020-10-12,326.69647216796875
spy,2020-10-13,324.56439208984375
spy,2020-10-14,322.5250549316406
spy,2020-10-15,322.12640380859375
spy,2020-10-16,321.9317321777344
spy,2020-10-19,317.0372314453125
spy,2020-10-20,318.3072509765625
spy,2020-10-21,317.7047424316406
spy,2020-10-22,319.4473876953125
spy,2020-10-23,320.5318908691406
spy,2020-10-26,314.608642578125
spy,2020-10-27,313.5240783691406
spy,2020-10-28,302.80816650390625
spy,2020-10-29,305.8856506347656
spy,2020-10-30,302.69683837890625
spy,2020-11-02,306.0895690917969
spy,2020-11-03,311.49395751953125
spy,2020-11-04,318.45556640625
spy,2020-11-05,324.6663513183594
spy,2020-11-06,324.5921630859375
spy,2020-11-09,328.6708984375
spy,2020-11-10,328.1889953613281
spy,2020-11-11,330.6268615722656
spy,2020-11-12,327.41943359375
spy,2020-11-13,331.9524230957031
spy,2020-11-16,336.0959777832031
spy,2020-11-17,334.2884826660156
spy,2020-11-18,330.2652893066406
spy,2020-11-19,331.6558532714844
spy,2020-11-20,329.3846740722656
spy,2020-11-23,331.359130859375
spy,2020-11-24,336.6986083984375
spy,2020-11-25,336.1794738769531
spy,2020-11-27,337.1157531738281
spy,2020-11-30,335.6232604980469
spy,2020-12-01,339.29412841796875
spy,2020-12-02,340.0079345703125
spy,2020-12-03,339.9151916503906
spy,2020-12-04,342.844482421875
spy,2020-12-07,342.1400146484375
spy,2020-12-08,343.1410827636719
spy,2020-12-09,340.0635681152344
spy,2020-12-10,339.9523010253906
spy,2020-12-11,339.5537414550781
spy,2020-12-14,338.0334167480469
spy,2020-12-15,342.6034240722656
spy,2020-12-16,343.1410827636719
spy,2020-12-17,345.05999755859375
spy,2020-12-18,343.6821594238281
spy,2020-12-21,342.4533386230469
spy,2020-12-22,341.87615966796875
spy,2020-12-23,342.183349609375
spy,2020-12-24,343.5146179199219
spy,2020-12-28,346.4656982421875
spy,2020-12-29,345.80474853515625
spy,2020-12-30,346.298095703125
spy,2020-12-31,348.05755615234375
spy,2021-01-04,343.3191833496094
spy,2021-01-05,345.6837158203125
spy,2021-01-06,347.7503356933594
spy,2021-01-07,352.9170227050781
spy,2021-01-08,354.9278564453125
spy,2021-01-11,352.5353088378906
spy,2021-01-12,352.6098327636719
spy,2021-01-13,353.55938720703125
spy,2021-01-14,352.32122802734375
spy,2021-01-15,349.75189208984375
spy,2021-01-19,352.4980773925781
spy,2021-01-20,357.3762512207031
spy,2021-01-21,357.7020568847656
spy,2021-01-22,356.43597412109375
spy,2021-01-25,357.8417663574219
spy,2021-01-26,357.2831726074219
spy,2021-01-27,348.5509338378906
spy,2021-01-28,351.548583984375
spy,2021-01-29,344.5107116699219
spy,2021-02-01,350.2453308105469
spy,2021-02-02,355.1978454589844
spy,2021-02-03,355.47711181640625
spy,2021-02-04,359.5174255371094
spy,2021-02-05,360.932373046875
spy,2021-02-08,363.53900146484375
spy,2021-02-09,363.2969970703125
spy,2021-02-10,363.138671875
spy,2021-02-11,363.7251892089844
spy,2021-02-12,365.52197265625
spy,2021-02-16,365.205322265625
spy,2021-02-17,365.2891540527344
spy,2021-02-18,363.73443603515625
spy,2021-02-19,363.09210205078125
spy,2021-02-22,360.2993469238281
spy,2021-02-23,360.7369079589844
spy,2021-02-24,364.7119140625
spy,2021-02-25,355.9239807128906
spy,2021-02-26,354.0900573730469
spy,2021-03-01,362.6732177734375
spy,2021-03-02,359.84326171875
spy,2021-03-03,355.07684326171875
spy,2021-03-04,350.6827392578125
spy,2021-03-05,357.1341857910156
spy,2021-03-08,355.3560791015625
spy,2021-03-09,360.4297180175781
spy,2021-03-10,362.6732177734375
spy,2021-03-11,366.35040283203125
spy,2021-03-12,366.8438415527344
spy,2021-03-15,369.0314636230469
spy,2021-03-16,368.5660400390625
spy,2021-03-17,369.8228759765625
spy,2021-03-18,364.44195556640625
spy,2021-03-19,363.7677307128906
spy,2021-03-22,366.6723937988281
spy,2021-03-23,363.7863464355469
spy,2021-03-24,361.9370422363281
spy,2021-03-25,363.97314453125
spy,2021-03-26,369.8385925292969
spy,2021-03-29,369.65185546875
spy,2021-03-30,368.671142578125
spy,2021-03-31,370.1654357910156
spy,2021-04-01,374.16290283203125
spy,2021-04-05,379.5333251953125
spy,2021-04-06,379.3091735839844
spy,2021-04-07,379.74810791015625
spy,2021-04-08,381.5506591796875
spy,2021-04-09,384.3246154785156
spy,2021-04-12,384.4647216796875
spy,2021-04-13,385.6042175292969
spy,2021-04-14,384.287353515625
spy,2021-04-15,388.41546630859375
spy,2021-04-16,389.7137145996094
spy,2021-04-19,387.799072265625
spy,2021-04-20,384.9598388671875
spy,2021-04-21,388.60235595703125
spy,2021-04-22,385.0531311035156
spy,2021-04-23,389.2280578613281
spy,2021-04-26,390.0406188964844
spy,2021-04-27,389.9565124511719
spy,2021-04-28,389.84454345703125
spy,2021-04-29,392.3288879394531
spy,2021-04-30,389.7509460449219
spy,2021-05-03,390.5916748046875
spy,2021-05-04,388.1820373535156
spy,2021-05-05,388.3033752441406
spy,2021-05-06,391.404296875
spy,2021-05-07,394.2528991699219
spy,2021-05-10,390.348876953125
spy,2021-05-11,386.86505126953125
spy,2021-05-12,378.64599609375
spy,2021-05-13,383.1945495605469
spy,2021-05-14,389.07861328125
spy,2021-05-17,388.0885925292969
spy,2021-05-18,384.74493408203125
spy,2021-05-19,383.73626708984375
spy,2021-05-20,387.8644104003906
spy,2021-05-21,387.5469665527344
spy,2021-05-24,391.4976501464844
spy,2021-05-25,390.6290588378906
spy,2021-05-26,391.404296875
spy,2021-05-27,391.6097106933594
spy,2021-05-28,392.3102722167969
spy,2021-06-01,391.964599609375
spy,2021-06-02,392.5810241699219
spy,2021-06-03,391.1240234375
spy,2021-06-04,394.7012634277344
spy,2021-06-07,394.3182373046875
spy,2021-06-08,394.40234375
spy,2021-06-09,393.8139343261719
spy,2021-06-10,395.64459228515625
spy,2021-06-11,396.2983093261719
spy,2021-06-14,397.18560791015625
spy,2021-06-15,396.4570617675781
spy,2021-06-16,394.2435302734375
spy,2021-06-17,394.1127624511719
spy,2021-06-18,388.7960510253906
spy,2021-06-21,394.3620300292969
spy,2021-06-22,396.47039794921875
spy,2021-06-23,395.99249267578125
spy,2021-06-24,398.3351135253906
spy,2021-06-25,399.7500305175781
spy,2021-06-28,400.5559387207031
spy,2021-06-29,400.7713623046875
spy,2021-06-30,401.1086730957031
spy,2021-07-01,403.3294677734375
spy,2021-07-02,406.4123229980469
spy,2021-07-06,405.67205810546875
spy,2021-07-07,407.1056823730469
spy,2021-07-08,403.78863525390625
spy,2021-07-09,408.0990295410156
spy,2021-07-12,409.560791015625
spy,2021-07-13,408.1646423339844
spy,2021-07-14,408.773681640625
spy,2021-07-15,407.3775329589844
spy,2021-07-16,404.1822509765625
spy,2021-07-19,398.2132263183594
spy,2021-07-20,403.9198303222656
spy,2021-07-21,407.19012451171875
spy,2021-07-22,408.0428466796875
spy,2021-07-23,412.24072265625
spy,2021-07-26,413.2528076171875
spy,2021-07-27,411.36932373046875
spy,2021-07-28,411.2005310058594
spy,2021-07-29,412.9060363769531
spy,2021-07-30,410.9008483886719
spy,2021-08-02,410.0386962890625
spy,2021-08-03,413.3746032714844
spy,2021-08-04,411.3411865234375
spy,2021-08-05,413.9461975097656
spy,2021-08-06,414.63018798828125
spy,2021-08-09,414.2928161621094
spy,2021-08-10,414.8082275390625
spy,2021-08-11,415.8389892578125
spy,2021-08-12,417.085205078125
spy,2021-08-13,417.84429931640625
spy,2021-08-16,418.8280944824219
spy,2021-08-17,416.0826110839844
spy,2021-08-18,411.5285949707031
spy,2021-08-19,412.1657409667969
spy,2021-08-20,415.44537353515625
spy,2021-08-23,419.09991455078125
spy,2021-08-24,419.7651672363281
spy,2021-08-25,420.64599609375
spy,2021-08-26,418.162841796875
spy,2021-08-27,421.9015808105469
spy,2021-08-30,423.7569885253906
spy,2021-08-31,423.129150390625
spy,2021-09-01,423.3539733886719
spy,2021-09-02,424.6564636230469
spy,2021-09-03,424.553466796875
spy,2021-09-07,423.03546142578125
spy,2021-09-08,422.52001953125
spy,2021-09-09,420.7115478515625
spy,2021-09-10,417.39447021484375
spy,2021-09-13,418.462646484375
spy,2021-09-14,416.20440673828125
spy,2021-09-15,419.68084716796875
spy,2021-09-16,419.01556396484375
spy,2021-09-17,414.93389892578125
spy,2021-09-20,408.0152282714844
spy,2021-09-21,407.62969970703125
spy,2021-09-22,411.6061096191406
spy,2021-09-23,416.6071472167969
spy,2021-09-24,417.2933349609375
spy,2021-09-27,416.0995788574219
spy,2021-09-28,407.71435546875
spy,2021-09-29,408.4006042480469
spy,2021-09-30,403.4090270996094
spy,2021-10-01,408.2032165527344
spy,2021-10-04,402.9389953613281
spy,2021-10-05,407.13153076171875
spy,2021-10-06,408.8236389160156
spy,2021-10-07,412.3581848144531
spy,2021-10-08,411.6061096191406
spy,2021-10-11,408.62615966796875
spy,2021-10-12,407.6203308105469
spy,2021-10-13,409.0867919921875
spy,2021-10-14,415.9679870605469
spy,2021-10-15,419.13592529296875
spy,2021-10-18,420.376708984375
spy,2021-10-19,423.61993408203125
spy,2021-10-20,425.28375244140625
spy,2021-10-21,426.39300537109375
spy,2021-10-22,425.9511413574219
spy,2021-10-25,428.2354736328125
spy,2021-10-26,428.620849609375
spy,2021-10-27,426.7220153808594
spy,2021-10-28,430.8394470214844
spy,2021-10-29,431.713623046875
spy,2021-11-01,432.45623779296875
spy,2021-11-02,434.2047424316406
spy,2021-11-03,436.8556213378906
spy,2021-11-04,438.9143371582031
spy,2021-11-05,440.437255859375
spy,2021-11-08,440.8132019042969
spy,2021-11-09,439.3561096191406
spy,2021-11-10,435.8215637207031
spy,2021-11-11,435.96258544921875
spy,2021-11-12,439.2528381347656
spy,2021-11-15,439.40313720703125
spy,2021-11-16,441.1421813964844
spy,2021-11-17,440.070556640625
spy,2021-11-18,441.5653076171875
spy,2021-11-19,440.7756042480469
spy,2021-11-22,439.53472900390625
spy,2021-11-23,440.1175231933594
spy,2021-11-24,441.2926330566406
spy,2021-11-26,431.450439453125
spy,2021-11-29,436.74273681640625
spy,2021-11-30,428.24493408203125
spy,2021-12-01,423.48822021484375
spy,2021-12-02,429.9745178222656
spy,2021-12-03,426.2331237792969
spy,2021-12-06,431.28118896484375
spy,2021-12-07,440.2022399902344
spy,2021-12-08,441.36785888671875
spy,2021-12-09,438.387939453125
spy,2021-12-10,442.5146484375
spy,2021-12-13,438.5947570800781
spy,2021-12-14,435.57720947265625
spy,2021-12-15,442.3830871582031
spy,2021-12-16,438.48193359375
spy,2021-12-17,433.81512451171875
spy,2021-12-20,429.2021789550781
spy,2021-12-21,436.8244323730469
spy,2021-12-22,441.1921081542969
spy,2021-12-23,443.937255859375
spy,2021-12-27,450.2200012207031
spy,2021-12-28,449.8520812988281
spy,2021-12-29,450.4275207519531
spy,2021-12-30,449.18231201171875
spy,2021-12-31,448.05023193359375
spy,2022-01-03,450.6444091796875
spy,2022-01-04,450.49346923828125
spy,2022-01-05,441.843017578125
spy,2022-01-06,441.427978515625
spy,2022-01-07,439.6827697753906
spy,2022-01-10,439.13568115234375
spy,2022-01-11,443.13543701171875
spy,2022-01-12,444.3334655761719
spy,2022-01-13,438.211181640625
spy,2022-01-14,438.39044189453125
spy,2022-01-18,430.626708984375
spy,2022-01-19,426.1552429199219
spy,2022-01-20,421.4385070800781
spy,2022-01-21,413.1653747558594
spy,2022-01-24,414.9200744628906
spy,2022-01-25,409.8542785644531
spy,2022-01-26,408.8260192871094
spy,2022-01-27,406.80731201171875
spy,2022-01-28,416.91046142578125
spy,2022-01-31,424.4194641113281
spy,2022-02-01,427.2872619628906
spy,2022-02-02,431.43792724609375
spy,2022-02-03,421.29705810546875
spy,2022-02-04,423.27801513671875
spy,2022-02-07,421.91961669921875
spy,2022-02-08,425.3912048339844
spy,2022-02-09,431.6172790527344
spy,2022-02-10,423.86297607421875
spy,2022-02-11,415.5048828125
spy,2022-02-14,414.1465148925781
spy,2022-02-15,420.8253479003906
spy,2022-02-16,421.29705810546875
spy,2022-02-17,412.29754638671875
spy,2022-02-18,409.6278381347656
spy,2022-02-22,405.23193359375
spy,2022-02-23,398.04364013671875
spy,2022-02-24,404.0337829589844
spy,2022-02-25,412.9484558105469
spy,2022-02-28,411.8918762207031
spy,2022-03-01,405.61865234375
spy,2022-03-02,413.08056640625
spy,2022-03-03,411.0240783691406
spy,2022-03-04,407.68463134765625
spy,2022-03-07,395.6664123535156
spy,2022-03-08,392.66656494140625
spy,2022-03-09,403.1943054199219
spy,2022-03-10,401.3735656738281
spy,2022-03-11,396.2701416015625
spy,2022-03-14,393.37408447265625
spy,2022-03-15,402.0245361328125
spy,2022-03-16,410.93914794921875
spy,2022-03-17,416.0803527832031
spy,2022-03-18,420.6375732421875
spy,2022-03-21,420.51458740234375
spy,2022-03-22,425.43524169921875
spy,2022-03-23,419.9562683105469
spy,2022-03-24,426.2868347167969
spy,2022-03-25,428.36865234375
spy,2022-03-28,431.4156799316406
spy,2022-03-29,436.7525939941406
spy,2022-03-30,434.0557861328125
spy,2022-03-31,427.3751220703125
spy,2022-04-01,428.5863342285156
spy,2022-04-04,432.25787353515625
spy,2022-04-05,426.7978515625
spy,2022-04-06,422.5301818847656
spy,2022-04-07,424.65924072265625
spy,2022-04-08,423.5237121582031
spy,2022-04-11,416.28472900390625
spy,2022-04-12,414.7423095703125
spy,2022-04-13,419.4926452636719
spy,2022-04-14,414.26922607421875
spy,2022-04-18,414.43951416015625
spy,2022-04-19,421.12969970703125
spy,2022-04-20,420.8173522949219
spy,2022-04-21,414.5246887207031
spy,2022-04-22,403.1505126953125
spy,2022-04-25,405.4877624511719
spy,2022-04-26,393.7445373535156
spy,2022-04-27,394.8515930175781
spy,2022-04-28,404.82537841796875
spy,2022-04-29,389.8647766113281
spy,2022-05-02,392.2115173339844
spy,2022-05-03,394.00946044921875
spy,2022-05-04,406.0081481933594
spy,2022-05-05,391.5775451660156
spy,2022-05-06,389.240234375
spy,2022-05-09,376.77789306640625
spy,2022-05-10,377.64837646484375
spy,2022-05-11,371.6490478515625
spy,2022-05-12,371.260986328125
spy,2022-05-13,380.1370849609375
spy,2022-05-16,378.5947265625
spy,2022-05-17,386.38250732421875
spy,2022-05-18,370.8067932128906
spy,2022-05-19,368.5357971191406
spy,2022-05-20,368.69659423828125
spy,2022-05-23,375.5949401855469
spy,2022-05-24,372.727783203125
spy,2022-05-25,376.0208740234375
spy,2022-05-26,383.5342102050781
spy,2022-05-27,392.94964599609375
spy,2022-05-31,390.7447509765625
spy,2022-06-01,387.5842590332031
spy,2022-06-02,394.9652099609375
spy,2022-06-03,388.48321533203125
spy,2022-06-06,389.6661376953125
spy,2022-06-07,393.4038391113281
spy,2022-06-08,389.1266784667969
spy,2022-06-09,379.87213134765625
spy,2022-06-10,368.8575134277344
spy,2022-06-13,354.8525695800781
spy,2022-06-14,353.7834167480469
spy,2022-06-15,358.8269958496094
spy,2022-06-16,346.95123291015625
spy,2022-06-17,347.69915771484375
spy,2022-06-21,356.4519958496094
spy,2022-06-22,355.8057556152344
spy,2022-06-23,359.2935485839844
spy,2022-06-24,370.71697998046875
spy,2022-06-27,369.30096435546875
spy,2022-06-28,361.7550354003906
spy,2022-06-29,361.46044921875
spy,2022-06-30,358.5238037109375
spy,2022-07-01,362.31573486328125
spy,2022-07-05,363.00006103515625
spy,2022-07-06,364.2259826660156
spy,2022-07-07,369.6810302734375
spy,2022-07-08,369.3769836425781
spy,2022-07-11,365.1573181152344
spy,2022-07-12,361.9261474609375
spy,2022-07-13,360.0253601074219
spy,2022-07-14,359.15106201171875
spy,2022-07-15,366.01275634765625
spy,2022-07-18,362.9905700683594
spy,2022-07-19,372.7982177734375
spy,2022-07-20,375.1741638183594
spy,2022-07-21,378.99462890625
spy,2022-07-22,375.4782409667969
spy,2022-07-25,375.9344787597656
spy,2022-07-26,371.4867248535156
spy,2022-07-27,381.1329650878906
spy,2022-07-28,385.9132385253906
spy,2022-07-29,391.53936767578125
spy,2022-08-01,390.37994384765625
spy,2022-08-02,387.80450439453125
spy,2022-08-03,393.8773193359375
spy,2022-08-04,393.6111755371094
spy,2022-08-05,392.9459228515625
spy,2022-08-08,392.48968505859375
spy,2022-08-09,390.93115234375
spy,2022-08-10,399.1423034667969
spy,2022-08-11,399.1423034667969
spy,2022-08-12,405.8993835449219
spy,2022-08-15,407.5719909667969
spy,2022-08-16,408.3702087402344
spy,2022-08-17,405.47161865234375
spy,2022-08-18,406.650146484375
spy,2022-08-19,401.1855773925781
spy,2022-08-22,392.83184814453125
spy,2022-08-23,391.8815002441406
spy,2022-08-24,393.1360168457031
spy,2022-08-25,398.68609619140625
spy,2022-08-26,385.19091796875
spy,2022-08-29,382.64404296875
spy,2022-08-30,378.4433898925781
spy,2022-08-31,375.5638427734375
spy,2022-09-01,376.7423095703125
spy,2022-09-02,372.769775390625
spy,2022-09-06,371.36322021484375
spy,2022-09-07,378.0347595214844
spy,2022-09-08,380.5057067871094
spy,2022-09-09,386.4169616699219
spy,2022-09-12,390.5700378417969
spy,2022-09-13,373.5870666503906
spy,2022-09-14,375.01263427734375
spy,2022-09-15,370.7550354003906
spy,2022-09-16,367.92657470703125
spy,2022-09-19,370.7797546386719
spy,2022-09-20,366.5237731933594
spy,2022-09-21,360.130126953125
spy,2022-09-22,357.1051330566406
spy,2022-09-23,351.1219177246094
spy,2022-09-26,347.64837646484375
spy,2022-09-27,346.7608947753906
spy,2022-09-28,353.5838623046875
spy,2022-09-29,346.1979064941406
spy,2022-09-30,340.8444519042969
spy,2022-10-03,349.8431396484375
spy,2022-10-04,360.6836242675781
spy,2022-10-05,359.8438720703125
spy,2022-10-06,356.1318054199219
spy,2022-10-07,346.1979064941406
spy,2022-10-10,343.5545959472656
spy,2022-10-11,341.37884521484375
spy,2022-10-12,340.2528381347656
spy,2022-10-13,349.23248291015625
spy,2022-10-14,341.2738952636719
spy,2022-10-17,350.0436096191406
spy,2022-10-18,354.15643310546875
spy,2022-10-19,351.6467590332031
spy,2022-10-20,348.69805908203125
spy,2022-10-21,357.1719055175781
spy,2022-10-24,361.54254150390625
spy,2022-10-25,367.3157958984375
spy,2022-10-26,364.54840087890625
spy,2022-10-27,362.6017150878906
spy,2022-10-28,371.2283020019531
spy,2022-10-31,368.5468444824219
spy,2022-11-01,366.9341125488281
spy,2022-11-02,357.7253723144531
spy,2022-11-03,354.04193115234375
spy,2022-11-04,359.1377258300781
spy,2022-11-07,362.5730285644531
spy,2022-11-08,364.5293884277344
spy,2022-11-09,357.0193176269531
spy,2022-11-10,376.6389465332031
spy,2022-11-11,380.2842712402344
spy,2022-11-14,377.0493469238281
spy,2022-11-15,380.2651672363281
spy,2022-11-16,377.3642272949219
spy,2022-11-17,376.2095031738281
spy,2022-11-18,377.9176940917969
spy,2022-11-21,376.5435485839844
spy,2022-11-22,381.6107177734375
spy,2022-11-23,384.0154724121094
spy,2022-11-25,383.9295654296875
spy,2022-11-28,377.8031921386719
spy,2022-11-29,377.154296875
spy,2022-11-30,389.0348815917969
spy,2022-12-01,388.74859619140625
spy,2022-12-02,388.3001403808594
spy,2022-12-05,381.3149108886719
spy,2022-12-06,375.81829833984375
spy,2022-12-07,375.1789855957031
spy,2022-12-08,378.11810302734375
spy,2022-12-09,375.2934265136719
spy,2022-12-12,380.7042236328125
spy,2022-12-13,383.58599853515625
spy,2022-12-14,381.133544921875
spy,2022-12-15,371.81036376953125
spy,2022-12-16,367.4207763671875
spy,2022-12-19,364.3050537109375
spy,2022-12-20,364.8036193847656
spy,2022-12-21,370.2583923339844
spy,2022-12-22,364.9761962890625
spy,2022-12-23,367.0755920410156
spy,2022-12-27,365.6280517578125
spy,2022-12-28,361.08404541015625
spy,2022-12-29,367.5836181640625
spy,2022-12-30,366.6154479980469
spy,2023-01-03,365.07208251953125
spy,2023-01-04,367.8904724121094
spy,2023-01-05,363.69158935546875
spy,2023-01-06,372.0317077636719
spy,2023-01-09,371.8208923339844
spy,2023-01-10,374.4283752441406
spy,2023-01-11,379.1641540527344
spy,2023-01-12,380.5445861816406
spy,2023-01-13,382.0209655761719
spy,2023-01-17,381.32110595703125
spy,2023-01-18,375.3008117675781
spy,2023-01-19,372.5686950683594
spy,2023-01-20,379.5092468261719
spy,2023-01-23,384.0628967285156
spy,2023-01-24,383.65069580078125
spy,2023-01-25,383.7944641113281
spy,2023-01-26,388.01251220703125
spy,2023-01-27,388.9039611816406
spy,2023-01-30,384.0245056152344
spy,2023-01-31,389.67095947265625
spy,2023-02-01,393.8122863769531
spy,2023-02-02,399.54498291015625
spy,2023-02-03,395.29815673828125
spy,2023-02-06,392.8824157714844
spy,2023-02-07,398.0207214355469
spy,2023-02-08,393.6684875488281
spy,2023-02-09,390.2556457519531
spy,2023-02-10,391.1664123535156
spy,2023-02-13,395.7583312988281
spy,2023-02-14,395.5762023925781
spy,2023-02-15,396.86083984375
spy,2023-02-16,391.396484375
spy,2023-02-17,390.41864013671875
spy,2023-02-21,382.5865478515625
spy,2023-02-22,382.0592956542969
spy,2023-02-23,384.0916442871094
spy,2023-02-24,379.9886474609375
spy,2023-02-27,381.28277587890625
spy,2023-02-28,379.87359619140625
spy,2023-03-01,378.4164123535156
spy,2023-03-02,381.3594665527344
spy,2023-03-03,387.47564697265625
spy,2023-03-06,387.7440185546875
spy,2023-03-07,381.8004455566406
spy,2023-03-08,382.423583984375
spy,2023-03-09,375.3679504394531
spy,2023-03-10,369.95159912109375
spy,2023-03-13,369.42431640625
spy,2023-03-14,375.5309143066406
spy,2023-03-15,373.1822204589844
spy,2023-03-16,379.7297668457031
spy,2023-03-17,375.2896728515625
spy,2023-03-20,378.8983459472656
spy,2023-03-21,383.87347412109375
spy,2023-03-22,377.3298034667969
spy,2023-03-23,378.349853515625
spy,2023-03-24,380.83258056640625
spy,2023-03-27,381.544677734375
spy,2023-03-28,380.688232421875
spy,2023-03-29,386.221435546875
spy,2023-03-30,388.48297119140625
spy,2023-03-31,393.95849609375
spy,2023-04-03,395.4595947265625
spy,2023-04-04,393.26556396484375
spy,2023-04-05,392.2359313964844
spy,2023-04-06,393.7659606933594
spy,2023-04-10,394.1701965332031
spy,2023-04-11,394.2759704589844
spy,2023-04-12,392.6689453125
spy,2023-04-13,397.8846435546875
spy,2023-04-14,396.9127197265625
spy,2023-04-17,398.33697509765625
spy,2023-04-18,398.59674072265625
spy,2023-04-19,398.5294189453125
spy,2023-04-20,396.3545837402344
spy,2023-04-21,396.6625061035156
spy,2023-04-24,397.0763244628906
spy,2023-04-25,390.77325439453125
spy,2023-04-26,389.1180419921875
spy,2023-04-27,396.8645935058594
spy,2023-04-28,400.25189208984375
spy,2023-05-01,399.8477783203125
spy,2023-05-02,395.35382080078125
spy,2023-05-03,392.64007568359375
spy,2023-05-04,389.8589782714844
spy,2023-05-05,397.0763244628906
spy,2023-05-08,397.18218994140625
spy,2023-05-09,395.4403381347656
spy,2023-05-10,397.2880554199219
spy,2023-05-11,396.59515380859375
spy,2023-05-12,396.07550048828125
spy,2023-05-15,397.4420471191406
spy,2023-05-16,394.7860107421875
spy,2023-05-17,399.5783386230469
spy,2023-05-18,403.4275817871094
spy,2023-05-19,402.8404846191406
spy,2023-05-22,403.0041198730469
spy,2023-05-23,398.48126220703125
spy,2023-05-24,395.5943298339844
spy,2023-05-25,399.02020263671875
spy,2023-05-26,404.1877136230469
spy,2023-05-30,404.34173583984375
spy,2023-05-31,402.09954833984375
spy,2023-06-01,405.9198913574219
spy,2023-06-02,411.7899475097656
spy,2023-06-05,411.0008544921875
spy,2023-06-06,411.8957824707031
spy,2023-06-07,410.4715881347656
spy,2023-06-08,412.9543151855469
spy,2023-06-09,413.6953125
spy,2023-06-12,417.4483337402344
spy,2023-06-13,420.20050048828125
spy,2023-06-14,420.70098876953125
spy,2023-06-15,425.91656494140625
spy,2023-06-16,424.4659118652344
spy,2023-06-20,422.263671875
spy,2023-06-21,420.10009765625
spy,2023-06-22,421.6165771484375
spy,2023-06-23,418.4290771484375
spy,2023-06-26,416.719482421875
spy,2023-06-27,421.2881164550781
spy,2023-06-28,421.5006408691406
spy,2023-06-29,423.1618957519531
spy,2023-06-30,428.155517578125
spy,2023-07-03,428.64813232421875
spy,2023-07-05,428.01068115234375
spy,2023-07-06,424.6590270996094
spy,2023-07-07,423.5868835449219
spy,2023-07-10,424.6590270996094
spy,2023-07-11,427.3634948730469
spy,2023-07-12,430.802001953125
spy,2023-07-13,434.22125244140625
spy,2023-07-14,433.9508056640625
spy,2023-07-17,435.45751953125
spy,2023-07-18,438.6932373046875
spy,2023-07-19,439.6688232421875
spy,2023-07-20,436.7518615722656
spy,2023-07-21,436.7518615722656
spy,2023-07-24,438.7029113769531
spy,2023-07-25,439.900634765625
spy,2023-07-26,439.96826171875
spy,2023-07-27,437.0513000488281
spy,2023-07-28,441.33013916015625
spy,2023-07-31,442.17047119140625
spy,2023-08-01,440.9051513671875
spy,2023-08-02,434.77178955078125
spy,2023-08-03,433.52581787109375
spy,2023-08-04,431.5650634765625
spy,2023-08-07,435.3320007324219
spy,2023-08-08,433.4388732910156
spy,2023-08-09,430.541259765625
spy,2023-08-10,430.6957702636719
spy,2023-08-11,430.44464111328125
spy,2023-08-14,432.8206787109375
spy,2023-08-15,427.77886962890625
spy,2023-08-16,424.6397399902344
spy,2023-08-17,421.40399169921875
spy,2023-08-18,421.6069030761719
spy,2023-08-21,424.3499755859375
spy,2023-08-22,423.2005615234375
spy,2023-08-23,427.9140625
spy,2023-08-24,421.9835510253906
spy,2023-08-25,424.9584045410156
spy,2023-08-28,427.6533203125
spy,2023-08-29,433.8349304199219
spy,2023-08-30,435.621826171875
spy,2023-08-31,434.98431396484375
spy,2023-09-01,435.7956848144531
spy,2023-09-05,433.9122009277344
spy,2023-09-06,430.9952087402344
spy,2023-09-07,429.67193603515625
spy,2023-09-08,430.3191223144531
spy,2023-09-11,433.14910888671875
spy,2023-09-12,430.7730407714844
spy,2023-09-13,431.2752685546875
spy,2023-09-14,434.993896484375
spy,2023-09-15,429.7530212402344
spy,2023-09-18,430.0050048828125
spy,2023-09-19,429.1132507324219
spy,2023-09-20,425.1683044433594
spy,2023-09-21,418.1409912109375
spy,2023-09-22,417.20074462890625
spy,2023-09-25,418.9551696777344
spy,2023-09-26,412.8001708984375
spy,2023-09-27,412.9649658203125
spy,2023-09-28,415.3591003417969
spy,2023-09-29,414.3510437011719
spy,2023-10-02,414.1862487792969
spy,2023-10-03,408.6419372558594
spy,2023-10-04,411.61767578125
spy,2023-10-05,411.4625244140625
spy,2023-10-06,416.3477478027344
spy,2023-10-09,419.0133361816406
spy,2023-10-10,421.1942138671875
spy,2023-10-11,422.9195861816406
spy,2023-10-12,420.34124755859375
spy,2023-10-13,418.24755859375
spy,2023-10-16,422.64813232421875
spy,2023-10-17,422.6286926269531
spy,2023-10-18,416.99713134765625
spy,2023-10-19,413.33331298828125
spy,2023-10-20,408.2542419433594
spy,2023-10-23,407.5466003417969
spy,2023-10-24,410.6192932128906
spy,2023-10-25,404.7259521484375
spy,2023-10-26,399.8795471191406
spy,2023-10-27,398.0670166015625
spy,2023-10-30,402.8262023925781
spy,2023-10-31,405.3560485839844
spy,2023-11-01,409.6790466308594
spy,2023-11-02,417.5303039550781
spy,2023-11-03,421.339599609375
spy,2023-11-06,422.30889892578125
spy,2023-11-07,423.5107727050781
spy,2023-11-08,423.8209533691406
spy,2023-11-09,420.51568603515625
spy,2023-11-10,427.0777893066406
spy,2023-11-13,426.6706237792969
spy,2023-11-14,434.9483947753906
spy,2023-11-15,435.8692321777344
spy,2023-11-16,436.40234375
spy,2023-11-17,436.94512939453125
spy,2023-11-20,440.3085632324219
spy,2023-11-21,439.34893798828125
spy,2023-11-22,441.0451965332031
spy,2023-11-24,441.31658935546875
spy,2023-11-27,440.5218200683594
spy,2023-11-28,440.9579772949219
spy,2023-11-29,440.6477966308594
spy,2023-11-30,442.3827819824219
spy,2023-12-01,444.99993896484375
spy,2023-12-04,442.6639404296875
spy,2023-12-05,442.5766906738281
spy,2023-12-06,440.7931823730469
spy,2023-12-07,444.1566162109375
spy,2023-12-08,446.066162109375
spy,2023-12-11,447.8011169433594
spy,2023-12-12,449.8463439941406
spy,2023-12-13,456.0498046875
spy,2023-12-14,457.5134582519531
spy,2023-12-15,456.7601318359375
spy,2023-12-18,459.3293762207031
spy,2023-12-19,462.12255859375
spy,2023-12-20,455.71881103515625
spy,2023-12-21,460.0398864746094
spy,2023-12-22,460.9644470214844
spy,2023-12-26,462.91082763671875
spy,2023-12-27,463.7478332519531
spy,2023-12-28,463.92303466796875
spy,2023-12-29,462.5799865722656
spy,2024-01-02,459.9911804199219
spy,2024-01-03,456.234619140625
spy,2024-01-04,454.7650146484375
spy,2024-01-05,455.3879089355469
spy,2024-01-08,461.8890380859375
spy,2024-01-09,461.188232421875
spy,2024-01-10,463.7964782714844
spy,2024-01-11,463.5921325683594
spy,2024-01-12,463.9132995605469
spy,2024-01-16,462.21014404296875
spy,2024-01-17,459.640869140625
spy,2024-01-18,463.72833251953125
spy,2024-01-19,469.5092468261719
spy,2024-01-22,470.501953125
spy,2024-01-23,471.8741760253906
spy,2024-01-24,472.3900146484375
spy,2024-01-25,474.95928955078125
spy,2024-01-26,474.35589599609375
spy,2024-01-29,478.1125183105469
spy,2024-01-30,477.74273681640625
spy,2024-01-31,469.9472351074219
spy,2024-02-01,476.0979919433594
spy,2024-02-02,481.11004638671875
spy,2024-02-05,479.35821533203125
spy,2024-02-06,480.7499694824219
spy,2024-02-07,484.7596130371094
spy,2024-02-08,484.97369384765625
spy,2024-02-09,487.77655029296875
spy,2024-02-12,487.5624694824219
spy,2024-02-13,480.84722900390625
spy,2024-02-14,485.217041015625
spy,2024-02-15,488.56488037109375
spy,2024-02-16,486.1318359375
spy,2024-02-20,483.45550537109375
spy,2024-02-21,483.8934326171875
spy,2024-02-22,493.9078369140625
spy,2024-02-23,494.24847412109375
spy,2024-02-26,492.43829345703125
spy,2024-02-27,493.35308837890625
spy,2024-02-28,492.70111083984375
spy,2024-02-29,494.4723205566406
spy,2024-03-01,499.1145324707031
spy,2024-03-04,498.57928466796875
spy,2024-03-05,493.5964050292969
spy,2024-03-06,496.0975646972656
spy,2024-03-07,501.0220947265625
spy,2024-03-08,498.0148620605469
spy,2024-03-11,497.58660888671875
spy,2024-03-12,502.9393310546875
spy,2024-03-13,502.1509704589844
spy,2024-03-14,501.1582946777344
spy,2024-03-15,497.717041015625
spy,2024-03-18,500.675048828125
spy,2024-03-19,503.45745849609375
spy,2024-03-20,508.11407470703125
spy,2024-03-21,509.793212890625
spy,2024-03-22,508.82666015625
spy,2024-03-25,507.42095947265625
spy,2024-03-26,506.4837341308594
spy,2024-03-27,510.7401428222656
spy,2024-03-28,510.6424865722656
spy,2024-04-01,509.754150390625
spy,2024-04-02,506.51300048828125
spy,2024-04-03,507.0694885253906
spy,2024-04-04,500.8800964355469
spy,2024-04-05,506.1127624511719
spy,2024-04-08,506.3958740234375
spy,2024-04-09,506.9815673828125
spy,2024-04-10,501.9051208496094
spy,2024-04-11,505.69293212890625
spy,2024-04-12,498.7128601074219
spy,2024-04-15,492.46490478515625
spy,2024-04-16,491.56671142578125
spy,2024-04-17,488.65753173828125
spy,2024-04-18,487.65203857421875
spy,2024-04-19,483.39556884765625
spy,2024-04-22,487.8472900390625
spy,2024-04-23,493.6363830566406
spy,2024-04-24,493.40216064453125
spy,2024-04-25,491.5276794433594
spy,2024-04-26,496.1843566894531
spy,2024-04-29,497.94158935546875
spy,2024-04-30,490.0536193847656
spy,2024-05-01,488.4623107910156
spy,2024-05-02,493.0310974121094
spy,2024-05-03,499.14239501953125
spy,2024-05-06,504.2969665527344
spy,2024-05-07,504.8533630371094
spy,2024-05-08,504.9022216796875
spy,2024-05-09,507.81146240234375
spy,2024-05-10,508.46551513671875
spy,2024-05-13,508.5337829589844
spy,2024-05-14,510.8670959472656
spy,2024-05-15,517.1929931640625
spy,2024-05-16,516.1289672851562
spy,2024-05-17,516.8709716796875
spy,2024-05-20,517.4664306640625
spy,2024-05-21,518.7355346679688
spy,2024-05-22,517.241943359375
spy,2024-05-23,513.4639282226562
spy,2024-05-24,516.8612060546875
spy,2024-05-28,517.222412109375
spy,2024-05-29,513.6004638671875
spy,2024-05-30,510.1934814453125
spy,2024-05-31,514.84033203125
spy,2024-06-03,515.2601318359375
spy,2024-06-04,515.836181640625
spy,2024-06-05,521.9669189453125
spy,2024-06-06,521.9570922851562
spy,2024-06-07,521.322509765625
spy,2024-06-10,522.933349609375
spy,2024-06-11,524.1926879882812
spy,2024-06-12,528.498046875
spy,2024-06-13,529.5621337890625
spy,2024-06-14,529.8843383789062
spy,2024-06-17,534.1014404296875
spy,2024-06-18,535.4585571289062
spy,2024-06-20,534.00390625
spy,2024-06-21,533.2880859375
spy,2024-06-24,531.5545654296875
spy,2024-06-25,533.6015625
spy,2024-06-26,534.2673950195312
spy,2024-06-27,535.1096801757812
spy,2024-06-28,533.0040283203125
spy,2024-07-01,534.1008911132812
spy,2024-07-02,537.6952514648438
spy,2024-07-03,540.0947875976562
spy,2024-07-05,543.2093505859375
spy,2024-07-08,543.8360595703125
spy,2024-07-09,544.3649291992188
spy,2024-07-10,549.7515869140625
spy,2024-07-11,545.01123046875
spy,2024-07-12,548.448974609375
spy,2024-07-15,549.957275390625
spy,2024-07-16,553.2186889648438
spy,2024-07-17,545.4619140625
spy,2024-07-18,541.27001953125
spy,2024-07-19,537.6756591796875
spy,2024-07-22,543.2190551757812
spy,2024-07-23,542.3670043945312
spy,2024-07-24,530.07568359375
spy,2024-07-25,527.313720703125
spy,2024-07-26,533.2194213867188
spy,2024-07-29,533.5328369140625
spy,2024-07-30,530.8297119140625
spy,2024-07-31,539.458251953125
spy,2024-08-01,531.8189697265625
spy,2024-08-02,521.9172973632812
spy,2024-08-05,506.7171936035156
spy,2024-08-06,511.3888244628906
spy,2024-08-07,507.9707946777344
spy,2024-08-08,519.7136840820312
spy,2024-08-09,522.0054321289062
spy,2024-08-12,522.2797241210938
spy,2024-08-13,530.868896484375
spy,2024-08-14,532.543701171875
spy,2024-08-15,541.6716918945312
spy,2024-08-16,542.8860473632812
spy,2024-08-19,548.0767822265625
spy,2024-08-20,547.1856079101562
spy,2024-08-21,549.0660400390625
spy,2024-08-22,544.7566528320312
spy,2024-08-23,550.544921875
spy,2024-08-26,549.2325439453125
spy,2024-08-27,549.9866943359375
spy,2024-08-28,546.7937622070312
spy,2024-08-29,546.8427124023438
spy,2024-08-30,552.06298828125
spy,2024-09-03,540.7020874023438
spy,2024-09-04,539.5953369140625
spy,2024-09-05,538.282958984375
spy,2024-09-06,529.2235107421875
spy,2024-09-09,535.1488037109375
spy,2024-09-10,537.4798583984375
spy,2024-09-11,542.9937744140625
spy,2024-09-12,547.5675659179688
spy,2024-09-13,550.4274291992188
spy,2024-09-16,551.2402954101562
spy,2024-09-17,551.465576171875
spy,2024-09-18,549.8300170898438
spy,2024-09-19,559.2124633789062
spy,2024-09-20,558.245849609375
spy,2024-09-23,559.6408081054688
spy,2024-09-24,561.2421264648438
spy,2024-09-25,560.0042724609375
spy,2024-09-26,562.2245483398438
spy,2024-09-27,561.4091186523438
spy,2024-09-30,563.6587524414062
spy,2024-10-01,558.609375
spy,2024-10-02,558.8450927734375
spy,2024-10-03,557.8233642578125
spy,2024-10-04,562.8925170898438
spy,2024-10-07,557.8037109375
spy,2024-10-08,563.0791625976562
spy,2024-10-09,566.9793090820312
spy,2024-10-10,565.9871215820312
spy,2024-10-11,569.3763427734375
spy,2024-10-14,574.0328979492188
spy,2024-10-15,569.5728759765625
spy,2024-10-16,572.0485229492188
spy,2024-10-17,572.0975341796875
spy,2024-10-18,574.2982177734375
spy,2024-10-21,573.3550415039062
spy,2024-10-22,573.0504760742188
spy,2024-10-23,567.8143920898438
spy,2024-10-24,569.0423583984375
spy,2024-10-25,568.8457641601562
spy,2024-10-28,570.6043701171875
spy,2024-10-29,571.5278930664062
spy,2024-10-30,569.7988891601562
spy,2024-10-31,558.6290283203125
spy,2024-11-01,560.9866943359375
spy,2024-11-04,559.7782592773438
spy,2024-11-05,566.547119140625
spy,2024-11-06,580.6345825195312
spy,2024-11-07,585.1242065429688
spy,2024-11-08,587.6588134765625
spy,2024-11-11,588.2186889648438
spy,2024-11-12,586.3914794921875
spy,2024-11-13,586.6763305664062
spy,2024-11-14,582.9039306640625
spy,2024-11-15,575.4376831054688
spy,2024-11-18,577.7955322265625
spy,2024-11-19,579.9075317382812
spy,2024-11-20,580.1041259765625
spy,2024-11-21,583.2183227539062
spy,2024-11-22,585.0259399414062
spy,2024-11-25,587.0103759765625
spy,2024-11-26,590.0753784179688
spy,2024-11-27,588.2874755859375
spy,2024-11-29,591.9419555664062
spy,2024-12-02,593.0029296875
spy,2024-12-03,593.2780151367188
spy,2024-12-04,596.9619750976562
spy,2024-12-05,595.9796142578125
spy,2024-12-06,597.109375
spy,2024-12-09,594.0344848632812
spy,2024-12-10,592.1875610351562
spy,2024-12-11,596.765625
spy,2024-12-12,593.690673828125
spy,2024-12-13,593.57275390625
spy,2024-12-16,596.1072998046875
spy,2024-12-17,593.6512451171875
spy,2024-12-18,575.9584350585938
spy,2024-12-19,575.7816162109375
spy,2024-12-20,582.697265625
spy,2024-12-23,586.1866455078125
spy,2024-12-24,592.7021484375
spy,2024-12-26,592.7415771484375
spy,2024-12-27,586.5020751953125
spy,2024-12-30,579.80908203125
spy,2024-12-31,577.69970703125
spy,2025-01-02,576.2803344726562
spy,2025-01-03,583.4857788085938
spy,2025-01-06,586.8471069335938
spy,2025-01-07,580.2133178710938
spy,2025-01-08,581.0609130859375
spy,2025-01-10,572.1895751953125
spy,2025-01-13,573.0768432617188
spy,2025-01-14,573.8653564453125
spy,2025-01-15,584.3040161132812
spy,2025-01-16,583.1802978515625
spy,2025-01-17,589.035400390625
spy,2025-01-21,594.4270629882812
spy,2025-01-22,597.7686767578125
spy,2025-01-23,601.0313110351562
spy,2025-01-24,599.2766723632812
spy,2025-01-27,590.7997436523438
spy,2025-01-28,595.8760986328125
spy,2025-01-29,593.2047729492188
spy,2025-01-30,596.388671875
spy,2025-01-31,593.2147216796875
spy,2025-02-03,589.2225952148438
spy,2025-02-04,593.1752319335938
spy,2025-02-05,595.580322265625
spy,2025-02-06,597.6502685546875
spy,2025-02-07,592.1797485351562
spy,2025-02-10,596.2012939453125
spy,2025-02-11,596.6548461914062
spy,2025-02-12,594.732666015625
spy,2025-02-13,601.0115966796875
spy,2025-02-14,600.9819946289062
spy,2025-02-18,602.7463989257812
spy,2025-02-19,604.165771484375
spy,2025-02-20,601.6522827148438
spy,2025-02-21,591.361572265625
spy,2025-02-24,588.6705932617188
spy,2025-02-25,585.7431030273438
spy,2025-02-26,586.0386962890625
spy,2025-02-27,576.6844482421875
spy,2025-02-28,585.6839599609375
spy,2025-03-03,575.4227905273438
spy,2025-03-04,568.6116333007812
spy,2025-03-05,574.722900390625
spy,2025-03-06,564.5209350585938
spy,2025-03-07,567.6849975585938
spy,2025-03-10,552.564453125
spy,2025-03-11,547.9710083007812
spy,2025-03-12,550.8788452148438
spy,2025-03-13,543.535400390625
spy,2025-03-14,554.7623901367188
spy,2025-03-17,559.0404663085938
spy,2025-03-18,552.998046875
spy,2025-03-19,559.0206909179688
spy,2025-03-20,557.4041748046875
spy,2025-03-21,557.5880126953125
spy,2025-03-24,567.5736083984375
spy,2025-03-25,568.93798828125
spy,2025-03-26,562.1458740234375
spy,2025-03-27,560.6529541015625
spy,2025-03-28,549.3623657226562
spy,2025-03-31,553.050048828125
spy,2025-04-01,554.6121826171875
spy,2025-04-02,558.1219482421875
spy,2025-04-03,530.6172485351562
spy,2025-04-04,499.5533447265625
spy,2025-04-07,498.66357421875
spy,2025-04-08,490.85308837890625
spy,2025-04-09,542.4021606445312
spy,2025-04-10,518.6346435546875
spy,2025-04-11,527.8885498046875
spy,2025-04-14,533.0098266601562
spy,2025-04-15,531.516845703125
spy,2025-04-16,519.7023315429688
spy,2025-04-17,520.44384765625
spy,2025-04-21,508.0558776855469
spy,2025-04-22,521.2743530273438
spy,2025-04-23,529.3516845703125
spy,2025-04-24,540.4940185546875
spy,2025-04-25,544.3992919921875
spy,2025-04-28,544.6068725585938
spy,2025-04-29,548.0375366210938
spy,2025-04-30,548.2550048828125
spy,2025-05-01,552.1405029296875
spy,2025-05-02,560.3366088867188
spy,2025-05-05,557.1234130859375
spy,2025-05-06,552.4667358398438
spy,2025-05-07,554.7901611328125
spy,2025-05-08,558.65576171875
spy,2025-05-09,557.9440307617188
spy,2025-05-12,576.3826293945312
spy,2025-05-13,580.18896484375
spy,2025-05-14,580.9304809570312
spy,2025-05-15,583.7679443359375
spy,2025-05-16,587.465576171875
spy,2025-05-19,588.108154296875
spy,2025-05-20,586.130859375
spy,2025-05-21,576.2540283203125
spy,2025-05-22,576.4814453125
spy,2025-05-23,572.5465698242188
spy,2025-05-27,584.4501342773438
spy,2025-05-28,581.0689086914062
spy,2025-05-29,583.362548828125
spy,2025-05-30,582.7101440429688
spy,2025-06-02,585.9925537109375
spy,2025-06-03,589.3341064453125
spy,2025-06-04,589.1759033203125
spy,2025-06-05,586.3285522460938
spy,2025-06-06,592.3495483398438
spy,2025-06-09,592.8834228515625
spy,2025-06-10,596.2449340820312
spy,2025-06-11,594.5443725585938
spy,2025-06-12,596.9072875976562
spy,2025-06-13,590.23388671875
spy,2025-06-16,595.8494262695312
spy,2025-06-17,590.7578735351562
spy,2025-06-18,590.6688232421875
spy,2025-06-20,589.2816772460938
spy,2025-06-23,595.1022338867188
spy,2025-06-24,601.6764526367188
spy,2025-06-25,602.0136108398438
spy,2025-06-26,606.7236328125
spy,2025-06-27,609.738037109375
spy,2025-06-30,612.6533203125
spy,2025-07-01,612.455078125
spy,2025-07-02,615.2315673828125
spy,2025-07-03,620.0804443359375
spy,2025-07-07,615.45947265625
spy,2025-07-08,615.1224365234375
spy,2025-07-09,618.8110961914062
spy,2025-07-10,620.5562744140625
spy,2025-07-11,618.3748779296875
spy,2025-07-14,619.5548095703125
spy,2025-07-15,616.9072875976562
spy,2025-07-16,618.9697265625
spy,2025-07-17,622.7576293945312
spy,2025-07-18,622.301513671875
spy,2025-07-21,623.4815063476562
spy,2025-07-22,623.5707397460938
spy,2025-07-23,628.875732421875
spy,2025-07-24,629.083984375
spy,2025-07-25,631.741455078125
spy,2025-07-28,631.5828247070312
spy,2025-07-29,629.9169311523438
spy,2025-07-30,629.1236572265625
spy,2025-07-31,626.763671875
spy,2025-08-01,616.49072265625
spy,2025-08-04,625.861328125
spy,2025-08-05,622.688232421875
spy,2025-08-06,627.457763671875
spy,2025-08-07,626.9322509765625
spy,2025-08-08,631.8207397460938
spy,2025-08-11,630.5713500976562
spy,2025-08-12,637.284423828125
spy,2025-08-13,639.4659423828125
spy,2025-08-14,639.525390625
spy,2025-08-15,638.028076171875
spy,2025-08-18,637.8893432617188
spy,2025-08-19,634.4286499023438
spy,2025-08-20,632.742919921875
spy,2025-08-21,630.2045288085938
spy,2025-08-22,639.8824462890625
spy,2025-08-25,637.0662841796875
spy,2025-08-26,639.733642578125
spy,2025-08-27,641.1912841796875
spy,2025-08-28,643.4619750976562
spy,2025-08-29,639.6245727539062
spy,2025-09-02,634.8848266601562
spy,2025-09-03,638.3255615234375
spy,2025-09-04,643.6603393554688
spy,2025-09-05,641.796142578125
spy,2025-09-08,643.372802734375
spy,2025-09-09,644.8601684570312
spy,2025-09-10,646.7243041992188
spy,2025-09-11,652.0988159179688
spy,2025-09-12,651.8805541992188
spy,2025-09-15,655.3511352539062
spy,2025-09-16,654.4488525390625
spy,2025-09-17,653.6357421875
spy,2025-09-18,656.6897583007812
spy,2025-09-19,659.9423217773438
spy,2025-09-22,663.0645141601562
spy,2025-09-23,659.4551391601562
spy,2025-09-24,657.3569946289062
spy,2025-09-25,654.3242797851562
spy,2025-09-26,658.072998046875
spy,2025-09-29,659.9224243164062
spy,2025-09-30,662.4082641601562
spy,2025-10-01,664.6654663085938
spy,2025-10-02,665.4309692382812
spy,2025-10-03,665.421142578125
spy,2025-10-06,667.8074951171875
spy,2025-10-07,665.3316040039062
spy,2025-10-08,669.2990112304688
spy,2025-10-09,667.3600463867188
spy,2025-10-10,649.32275390625
spy,2025-10-13,659.2860107421875
spy,2025-10-14,658.4805908203125
spy,2025-10-15,661.4039916992188
spy,2025-10-16,656.899658203125
spy,2025-10-17,660.62841796875
spy,2025-10-20,667.499267578125
spy,2025-10-21,667.4892578125
spy,2025-10-22,664.0191040039062
spy,2025-10-23,667.9566650390625
spy,2025-10-24,673.4155883789062
spy,2025-10-27,681.3603515625
spy,2025-10-28,683.1700439453125
spy,2025-10-29,683.4981689453125
spy,2025-10-30,675.98095703125
spy,2025-10-31,678.1983642578125
spy,2025-11-03,679.4711303710938
spy,2025-11-04,671.4169921875
spy,2025-11-05,673.7437133789062
spy,2025-11-06,666.514892578125
spy,2025-11-07,667.1710815429688
spy,2025-11-10,677.5819091796875
spy,2025-11-11,679.1329956054688
spy,2025-11-12,679.5108642578125
spy,2025-11-13,668.2350463867188
spy,2025-11-14,668.125732421875
spy,2025-11-17,661.901123046875
spy,2025-11-18,656.3428344726562
spy,2025-11-19,658.87841796875
spy,2025-11-20,648.8355712890625
spy,2025-11-21,655.2987670898438
spy,2025-11-24,664.9437866210938
spy,2025-11-25,671.1981811523438
spy,2025-11-26,675.8318481445312
spy,2025-11-28,679.5208129882812
spy,2025-12-01,676.4185180664062
spy,2025-12-02,677.67138671875
spy,2025-12-03,680.0180053710938
spy,2025-12-04,680.51513671875
spy,2025-12-05,681.8078002929688
spy,2025-12-08,679.7594604492188
spy,2025-12-09,679.1727294921875
spy,2025-12-10,683.6771850585938
spy,2025-12-11,685.26806640625
spy,2025-12-12,677.9000244140625
spy,2025-12-15,676.8758544921875
spy,2025-12-16,675.0264282226562
spy,2025-12-17,667.5986938476562
spy,2025-12-18,672.6399536132812
spy,2025-12-19,678.7363891601562
spy,2025-12-22,682.96484375
spy,2025-12-23,686.0863037109375
spy,2025-12-24,688.4996948242188
spy,2025-12-26,688.4298706054688
spy,2025-12-29,685.9765625
spy,2025-12-30,685.138916015625
spy,2025-12-31,680.062744140625
spy,2026-01-02,681.309326171875
spy,2026-01-05,685.846923828125
spy,2026-01-06,689.92578125
spy,2026-01-07,687.701904296875
spy,2026-01-08,687.632080078125
spy,2026-01-09,692.1796264648438
spy,2026-01-12,693.2666625976562
spy,2026-01-13,691.8804931640625
spy,2026-01-14,688.479736328125
spy,2026-01-15,690.3546142578125
spy,2026-01-16,689.7761840820312
spy,2026-01-20,675.7345581054688
spy,2026-01-21,683.5332641601562
spy,2026-01-22,687.103515625
spy,2026-01-23,687.352783203125
spy,2026-01-26,690.84326171875
spy,2026-01-27,693.5957641601562
spy,2026-01-28,693.5259399414062
spy,2026-01-29,692.1497192382812
spy,2026-01-30,690.0853271484375
spy,2026-02-02,693.5159912109375
spy,2026-02-03,687.6520385742188
spy,2026-02-04,684.3211059570312
spy,2026-02-05,675.7744750976562
spy,2026-02-06,688.739013671875
spy,2026-02-09,692.0599975585938
spy,2026-02-10,690.2349243164062
spy,2026-02-11,690.075439453125
spy,2026-02-12,679.41455078125
spy,2026-02-13,679.8931884765625
spy,2026-02-17,680.9901733398438
spy,2026-02-18,684.4208374023438
spy,2026-02-19,682.61572265625
spy,2026-02-20,687.5523071289062
spy,2026-02-23,680.531494140625
spy,2026-02-24,685.4779052734375
spy,2026-02-25,691.26220703125
spy,2026-02-26,687.422607421875
spy,2026-02-27,684.1216430664062
spy,2026-03-02,684.5106201171875
spy,2026-03-03,678.4771118164062
spy,2026-03-04,683.2639770507812
spy,2026-03-05,679.4544067382812
spy,2026-03-06,670.5487060546875
spy,2026-03-09,676.4227294921875
spy,2026-03-10,675.3356323242188
spy,2026-03-11,674.4879760742188
spy,2026-03-12,664.2459106445312
spy,2026-03-13,660.4862060546875
spy,2026-03-16,667.2078857421875
spy,2026-03-17,668.9630126953125
spy,2026-03-18,659.6285400390625
spy,2026-03-19,658.0029907226562
spy,2026-03-20,648.5700073242188
spy,2026-03-23,655.3800048828125
spy,2026-03-24,653.1799926757812
spy,2026-03-25,656.8200073242188
spy,2026-03-26,645.0900268554688
spy,2026-03-27,634.0900268554688
spy,2026-03-30,631.969970703125
spy,2026-03-31,650.3400268554688
spy,2026-04-01,655.239990234375
spy,2026-04-02,655.8300170898438
spy,2026-04-06,658.9299926757812
spy,2026-04-07,659.219970703125
spy,2026-04-08,676.010009765625
spy,2026-04-09,679.9099731445312
spy,2026-04-10,679.4600219726562
spy,2026-04-13,686.0999755859375
spy,2026-04-14,694.4600219726562
spy,2026-04-15,699.9400024414062
spy,2026-04-16,701.6599731445312
spy,2026-04-17,710.1400146484375
spy,2026-04-20,708.719970703125
spy,2026-04-21,704.0800170898438
spy,2026-04-22,711.2100219726562
