Item_Id,Date,Price
spy,1993-01-29,24.17538833618164
spy,1993-02-01,24.347322463989258
spy,1993-02-02,24.398902893066406
spy,1993-02-03,24.656822204589844
spy,1993-02-04,24.760005950927734
spy,1993-02-05,24.742816925048828
spy,1993-02-08,24.742816925048828
spy,1993-02-09,24.570846557617188
spy,1993-02-10,24.605243682861328
spy,1993-02-11,24.725614547729492
spy,1993-02-12,24.536462783813477
spy,1993-02-16,23.917470932006836
spy,1993-02-17,23.900264739990234
spy,1993-02-18,23.883075714111328
spy,1993-02-19,23.969051361083984
spy,1993-02-22,24.05502700805664
spy,1993-02-23,24.037822723388672
spy,1993-02-24,24.347322463989258
spy,1993-02-25,24.398902893066406
spy,1993-02-26,24.43329620361328
spy,1993-03-01,24.364530563354492
spy,1993-03-02,24.725614547729492
spy,1993-03-03,24.828763961791992
spy,1993-03-04,24.691211700439453
spy,1993-03-05,24.622432708740234
spy,1993-03-08,25.17266082763672
spy,1993-03-09,25.086688995361328
spy,1993-03-10,25.138261795043945
spy,1993-03-11,25.069486618041992
spy,1993-03-12,24.811573028564453
spy,1993-03-15,24.931943893432617
spy,1993-03-16,24.931943893432617
spy,1993-03-17,24.777189254760742
spy,1993-03-18,24.931943893432617
spy,1993-03-19,24.894207000732422
spy,1993-03-22,24.75600814819336
spy,1993-03-23,24.807811737060547
spy,1993-03-24,24.807811737060547
spy,1993-03-25,24.963294982910156
spy,1993-03-26,24.825092315673828
spy,1993-03-29,24.92875099182129
spy,1993-03-30,24.997861862182617
spy,1993-03-31,24.980587005615234
spy,1993-04-01,24.894207000732422
spy,1993-04-02,24.37594223022461
spy,1993-04-05,24.49687957763672
spy,1993-04-06,24.427751541137695
spy,1993-04-07,24.514148712158203
spy,1993-04-08,24.479585647583008
spy,1993-04-12,24.825092315673828
spy,1993-04-13,24.87693214416504
spy,1993-04-14,24.842395782470703
spy,1993-04-15,24.842395782470703
spy,1993-04-16,24.842395782470703
spy,1993-04-19,24.738727569580078
spy,1993-04-20,24.617795944213867
spy,1993-04-21,24.600507736206055
spy,1993-04-22,24.289569854736328
spy,1993-04-23,24.1859130859375
spy,1993-04-26,23.995878219604492
spy,1993-04-27,24.255001068115234
spy,1993-04-28,24.203189849853516
spy,1993-04-29,24.306838989257812
spy,1993-04-30,24.34138298034668
spy,1993-05-03,24.49687957763672
spy,1993-05-04,24.5832462310791
spy,1993-05-05,24.652341842651367
spy,1993-05-06,24.56598472595215
spy,1993-05-07,24.514148712158203
spy,1993-05-10,24.56598472595215
spy,1993-05-11,24.669626235961914
spy,1993-05-12,24.63505744934082
spy,1993-05-13,24.34138298034668
spy,1993-05-14,24.324098587036133
spy,1993-05-17,24.410490036010742
spy,1993-05-18,24.393211364746094
spy,1993-05-19,24.894207000732422
spy,1993-05-20,24.963294982910156
spy,1993-05-21,24.738727569580078
spy,1993-05-24,24.842395782470703
spy,1993-05-25,24.894207000732422
spy,1993-05-26,25.205171585083008
spy,1993-05-27,25.118783950805664
spy,1993-05-28,24.997861862182617
spy,1993-06-01,25.239713668823242
spy,1993-06-02,25.205171585083008
spy,1993-06-03,25.118783950805664
spy,1993-06-04,25.03241539001465
spy,1993-06-07,24.94603729248047
spy,1993-06-08,24.721445083618164
spy,1993-06-09,24.807811737060547
spy,1993-06-10,24.825092315673828
spy,1993-06-11,24.92875099182129
spy,1993-06-14,24.894207000732422
spy,1993-06-15,24.842395782470703
spy,1993-06-16,24.894207000732422
spy,1993-06-17,24.980587005615234
spy,1993-06-18,24.774860382080078
spy,1993-06-21,24.827058792114258
spy,1993-06-22,24.844467163085938
spy,1993-06-23,24.61829376220703
spy,1993-06-24,24.948848724365234
spy,1993-06-25,24.93146514892578
spy,1993-06-28,25.209819793701172
spy,1993-06-29,25.088014602661133
spy,1993-06-30,25.088014602661133
spy,1993-07-01,25.018436431884766
spy,1993-07-02,24.879268646240234
spy,1993-07-06,24.61829376220703
spy,1993-07-07,24.687883377075195
spy,1993-07-08,24.966243743896484
spy,1993-07-09,25.03584861755371
spy,1993-07-12,25.018436431884766
spy,1993-07-13,25.00105094909668
spy,1993-07-14,25.088014602661133
spy,1993-07-15,24.983644485473633
spy,1993-07-16,24.914064407348633
spy,1993-07-19,24.896652221679688
spy,1993-07-20,24.966243743896484
spy,1993-07-21,24.948848724365234
spy,1993-07-22,24.774860382080078
spy,1993-07-23,24.896652221679688
spy,1993-07-26,25.03584861755371
spy,1993-07-27,25.018436431884766
spy,1993-07-28,24.966243743896484
spy,1993-07-29,25.105426788330078
spy,1993-07-30,24.966243743896484
spy,1993-08-02,25.03584861755371
spy,1993-08-03,25.05324363708496
spy,1993-08-04,25.05324363708496
spy,1993-08-05,25.00105094909668
spy,1993-08-06,25.03584861755371
spy,1993-08-09,25.17501449584961
spy,1993-08-10,25.15763282775879
spy,1993-08-11,25.15763282775879
spy,1993-08-12,25.088014602661133
spy,1993-08-13,25.122825622558594
spy,1993-08-16,25.26201820373535
spy,1993-08-17,25.348989486694336
spy,1993-08-18,25.488168716430664
spy,1993-08-19,25.488168716430664
spy,1993-08-20,25.505578994750977
spy,1993-08-23,25.453380584716797
spy,1993-08-24,25.731769561767578
spy,1993-08-25,25.749155044555664
spy,1993-08-26,25.766559600830078
spy,1993-08-27,25.749155044555664
spy,1993-08-30,25.853557586669922
spy,1993-08-31,25.923137664794922
spy,1993-09-01,25.88835906982422
spy,1993-09-02,25.801362991333008
spy,1993-09-03,25.818754196166992
spy,1993-09-07,25.644779205322266
spy,1993-09-08,25.557788848876953
spy,1993-09-09,25.60997772216797
spy,1993-09-10,25.836149215698242
spy,1993-09-13,25.853557586669922
spy,1993-09-14,25.749155044555664
spy,1993-09-15,25.818754196166992
spy,1993-09-16,25.714357376098633
spy,1993-09-17,25.664491653442383
spy,1993-09-20,25.454431533813477
spy,1993-09-21,25.36689567565918
spy,1993-09-22,25.576974868774414
spy,1993-09-23,25.717029571533203
spy,1993-09-24,25.646982192993164
spy,1993-09-27,25.927104949951172
spy,1993-09-28,25.874576568603516
spy,1993-09-29,25.787052154541016
spy,1993-09-30,25.734540939331055
spy,1993-10-01,25.857091903686523
spy,1993-10-04,25.892087936401367
spy,1993-10-05,25.857091903686523
spy,1993-10-06,25.83956527709961
spy,1993-10-07,25.769546508789062
spy,1993-10-08,25.804567337036133
spy,1993-10-11,25.857091903686523
spy,1993-10-12,25.892087936401367
spy,1993-10-13,25.892087936401367
spy,1993-10-14,26.224714279174805
spy,1993-10-15,26.364768981933594
spy,1993-10-18,26.294740676879883
spy,1993-10-19,26.102174758911133
spy,1993-10-20,26.137184143066406
spy,1993-10-21,26.102174758911133
spy,1993-10-22,25.979623794555664
spy,1993-10-25,26.04966163635254
spy,1993-10-26,26.032150268554688
spy,1993-10-27,26.04966163635254
spy,1993-10-28,26.24220848083496
spy,1993-10-29,26.24220848083496
spy,1993-11-01,26.31223487854004
spy,1993-11-02,26.294740676879883
spy,1993-11-03,25.962120056152344
spy,1993-11-04,25.68202018737793
spy,1993-11-05,25.804567337036133
spy,1993-11-08,25.83956527709961
spy,1993-11-09,25.857091903686523
spy,1993-11-10,26.04966163635254
spy,1993-11-11,25.979623794555664
spy,1993-11-12,26.102174758911133
spy,1993-11-15,26.084651947021484
spy,1993-11-16,26.207191467285156
spy,1993-11-17,26.06715202331543
spy,1993-11-18,25.99711799621582
spy,1993-11-19,25.944595336914062
spy,1993-11-22,25.787052154541016
spy,1993-11-23,25.927104949951172
spy,1993-11-24,26.032150268554688
spy,1993-11-26,26.04966163635254
spy,1993-11-29,25.944595336914062
spy,1993-11-30,25.962120056152344
spy,1993-12-01,25.99711799621582
spy,1993-12-02,26.06715202331543
spy,1993-12-03,26.17219352722168
spy,1993-12-06,26.259721755981445
spy,1993-12-07,26.24220848083496
spy,1993-12-08,26.24220848083496
spy,1993-12-09,26.154701232910156
spy,1993-12-10,26.102174758911133
spy,1993-12-13,26.259721755981445
spy,1993-12-14,26.06715202331543
spy,1993-12-15,26.032150268554688
spy,1993-12-16,26.119680404663086
spy,1993-12-17,26.26321792602539
spy,1993-12-20,26.298480987548828
spy,1993-12-21,26.210351943969727
spy,1993-12-22,26.3865966796875
spy,1993-12-23,26.368982315063477
spy,1993-12-27,26.51000213623047
spy,1993-12-28,26.562868118286133
spy,1993-12-29,26.527629852294922
spy,1993-12-30,26.42184829711914
spy,1993-12-31,26.280851364135742
spy,1994-01-03,26.210351943969727
spy,1994-01-04,26.316104888916016
spy,1994-01-05,26.368982315063477
spy,1994-01-06,26.368982315063477
spy,1994-01-07,26.527629852294922
spy,1994-01-10,26.844900131225586
spy,1994-01-11,26.792003631591797
spy,1994-01-12,26.70387840270996
spy,1994-01-13,26.63338851928711
spy,1994-01-14,26.739118576049805
spy,1994-01-17,26.739118576049805
spy,1994-01-18,26.77438735961914
spy,1994-01-19,26.70387840270996
spy,1994-01-20,26.77438735961914
spy,1994-01-21,26.72148895263672
spy,1994-01-24,26.615741729736328
spy,1994-01-25,26.615741729736328
spy,1994-01-26,26.686248779296875
spy,1994-01-27,26.933027267456055
spy,1994-01-28,27.003524780273438
spy,1994-01-31,27.197423934936523
spy,1994-02-01,27.056406021118164
spy,1994-02-02,27.232669830322266
spy,1994-02-03,27.109294891357422
spy,1994-02-04,26.492353439331055
spy,1994-02-07,26.615741729736328
spy,1994-02-08,26.63338851928711
spy,1994-02-09,26.739118576049805
spy,1994-02-10,26.51000213623047
spy,1994-02-11,26.598121643066406
spy,1994-02-14,26.63338851928711
spy,1994-02-15,26.77438735961914
spy,1994-02-16,26.756742477416992
spy,1994-02-17,26.598121643066406
spy,1994-02-18,26.439476013183594
spy,1994-02-22,26.70387840270996
spy,1994-02-23,26.63338851928711
spy,1994-02-24,26.280851364135742
spy,1994-02-25,26.404233932495117
spy,1994-02-28,26.404233932495117
spy,1994-03-01,26.298480987548828
spy,1994-03-02,26.33374786376953
spy,1994-03-03,26.26321792602539
spy,1994-03-04,26.33374786376953
spy,1994-03-07,26.474746704101562
spy,1994-03-08,26.368982315063477
spy,1994-03-09,26.492353439331055
spy,1994-03-10,26.280851364135742
spy,1994-03-11,26.42184829711914
spy,1994-03-14,26.457117080688477
spy,1994-03-15,26.439476013183594
spy,1994-03-16,26.650999069213867
spy,1994-03-17,26.650999069213867
spy,1994-03-18,26.64518165588379
spy,1994-03-21,26.57427406311035
spy,1994-03-22,26.64518165588379
spy,1994-03-23,26.627460479736328
spy,1994-03-24,26.308353424072266
spy,1994-03-25,26.060161590576172
spy,1994-03-28,26.095630645751953
spy,1994-03-29,25.58148765563965
spy,1994-03-30,25.226943969726562
spy,1994-03-31,25.297866821289062
spy,1994-04-04,24.907838821411133
spy,1994-04-05,25.42196273803711
spy,1994-04-06,25.42196273803711
spy,1994-04-07,25.54604148864746
spy,1994-04-08,25.351049423217773
spy,1994-04-11,25.45740509033203
spy,1994-04-12,25.42196273803711
spy,1994-04-13,25.288997650146484
spy,1994-04-14,25.297866821289062
spy,1994-04-15,25.297866821289062
spy,1994-04-18,25.12946128845215
spy,1994-04-19,25.164901733398438
spy,1994-04-20,25.13831901550293
spy,1994-04-21,25.475135803222656
spy,1994-04-22,25.44854736328125
spy,1994-04-25,25.714475631713867
spy,1994-04-26,25.687885284423828
spy,1994-04-28,25.501731872558594
spy,1994-04-29,25.58148765563965
spy,1994-05-02,25.741065979003906
spy,1994-05-03,25.714475631713867
spy,1994-05-04,25.670141220092773
spy,1994-05-05,25.63468360900879
spy,1994-05-06,25.386512756347656
spy,1994-05-09,25.164901733398438
spy,1994-05-10,25.35991096496582
spy,1994-05-11,25.12946128845215
spy,1994-05-12,25.25353240966797
spy,1994-05-13,25.25353240966797
spy,1994-05-16,25.262413024902344
spy,1994-05-17,25.63468360900879
spy,1994-05-18,25.820844650268555
spy,1994-05-19,25.94493865966797
spy,1994-05-20,25.847434997558594
spy,1994-05-23,25.803115844726562
spy,1994-05-24,25.909482955932617
spy,1994-05-25,25.980398178100586
spy,1994-05-26,25.998125076293945
spy,1994-05-27,26.024717330932617
spy,1994-05-31,25.989259719848633
spy,1994-06-01,26.104467391967773
spy,1994-06-02,26.077884674072266
spy,1994-06-03,26.228578567504883
spy,1994-06-06,26.219709396362305
spy,1994-06-07,26.184274673461914
spy,1994-06-08,25.97150993347168
spy,1994-06-09,26.113357543945312
spy,1994-06-10,26.157665252685547
spy,1994-06-13,26.193124771118164
spy,1994-06-14,26.396997451782227
spy,1994-06-15,26.29062271118164
spy,1994-06-16,26.343822479248047
spy,1994-06-17,26.196781158447266
spy,1994-06-20,25.973711013793945
spy,1994-06-21,25.75061798095703
spy,1994-06-22,25.84879493713379
spy,1994-06-23,25.69710922241211
spy,1994-06-24,25.1617431640625
spy,1994-06-27,25.598962783813477
spy,1994-06-28,25.474035263061523
spy,1994-06-29,25.554349899291992
spy,1994-06-30,25.393728256225586
spy,1994-07-01,25.447267532348633
spy,1994-07-05,25.581106185913086
spy,1994-07-06,25.545412063598633
spy,1994-07-07,25.652488708496094
spy,1994-07-08,25.643558502197266
spy,1994-07-11,25.554349899291992
spy,1994-07-12,25.59003448486328
spy,1994-07-13,25.63463592529297
spy,1994-07-14,25.911258697509766
spy,1994-07-15,25.920175552368164
spy,1994-07-18,25.96477699279785
spy,1994-07-19,25.911258697509766
spy,1994-07-20,25.795249938964844
spy,1994-07-21,25.84879493713379
spy,1994-07-22,25.893407821655273
spy,1994-07-25,25.92908477783203
spy,1994-07-26,25.902315139770508
spy,1994-07-27,25.902315139770508
spy,1994-07-28,25.955852508544922
spy,1994-07-29,26.21462631225586
spy,1994-08-01,26.339527130126953
spy,1994-08-02,26.375198364257812
spy,1994-08-03,26.384138107299805
spy,1994-08-04,26.23245620727539
spy,1994-08-05,26.143218994140625
spy,1994-08-08,26.2056827545166
spy,1994-08-09,26.250293731689453
spy,1994-08-10,26.348468780517578
spy,1994-08-11,26.250293731689453
spy,1994-08-12,26.455520629882812
spy,1994-08-15,26.446603775024414
spy,1994-08-16,26.633975982666016
spy,1994-08-17,26.616140365600586
spy,1994-08-18,26.52690315246582
spy,1994-08-19,26.509078979492188
spy,1994-08-22,26.48228645324707
spy,1994-08-23,26.633975982666016
spy,1994-08-24,26.919490814208984
spy,1994-08-25,26.84811782836914
spy,1994-08-26,27.231792449951172
spy,1994-08-29,27.213943481445312
spy,1994-08-30,27.285327911376953
spy,1994-08-31,27.213943481445312
spy,1994-09-01,27.124719619750977
spy,1994-09-02,27.008712768554688
spy,1994-09-06,27.017648696899414
spy,1994-09-07,26.990873336791992
spy,1994-09-08,27.124719619750977
spy,1994-09-09,26.839200973510742
spy,1994-09-12,26.758888244628906
spy,1994-09-13,26.839200973510742
spy,1994-09-14,26.865962982177734
spy,1994-09-15,27.205013275146484
spy,1994-09-16,27.011411666870117
spy,1994-09-19,27.03834342956543
spy,1994-09-20,26.526657104492188
spy,1994-09-21,26.526657104492188
spy,1994-09-22,26.46383285522461
spy,1994-09-23,26.37406349182129
spy,1994-09-26,26.508724212646484
spy,1994-09-27,26.490745544433594
spy,1994-09-28,26.697233200073242
spy,1994-09-29,26.562564849853516
spy,1994-09-30,26.526657104492188
spy,1994-10-03,26.46383285522461
spy,1994-10-04,26.068851470947266
spy,1994-10-05,26.077821731567383
spy,1994-10-06,25.99701499938965
spy,1994-10-07,26.113719940185547
spy,1994-10-10,26.392005920410156
spy,1994-10-11,26.786985397338867
spy,1994-10-12,26.822904586791992
spy,1994-10-13,26.912656784057617
spy,1994-10-14,27.02936363220215
spy,1994-10-17,26.975494384765625
spy,1994-10-18,26.912656784057617
spy,1994-10-19,27.03834342956543
spy,1994-10-20,26.858808517456055
spy,1994-10-21,26.75107192993164
spy,1994-10-24,26.526657104492188
spy,1994-10-25,26.55358123779297
spy,1994-10-26,26.652339935302734
spy,1994-10-27,26.81391143798828
spy,1994-10-28,27.379457473754883
spy,1994-10-31,27.28070640563965
spy,1994-11-01,26.975494384765625
spy,1994-11-02,26.822904586791992
spy,1994-11-03,26.966527938842773
spy,1994-11-04,26.61642074584961
spy,1994-11-07,26.697233200073242
spy,1994-11-08,26.9036922454834
spy,1994-11-09,26.94857406616211
spy,1994-11-10,26.760059356689453
spy,1994-11-11,26.661298751831055
spy,1994-11-14,26.912656784057617
spy,1994-11-15,26.822904586791992
spy,1994-11-16,26.912656784057617
spy,1994-11-17,26.733123779296875
spy,1994-11-18,26.697233200073242
spy,1994-11-21,26.427921295166016
spy,1994-11-22,25.8533992767334
spy,1994-11-23,25.99701499938965
spy,1994-11-25,26.122695922851562
spy,1994-11-28,26.23940086364746
spy,1994-11-29,26.230411529541016
spy,1994-11-30,26.19452476501465
spy,1994-12-01,25.934185028076172
spy,1994-12-02,26.176565170288086
spy,1994-12-05,26.2034854888916
spy,1994-12-06,26.221437454223633
spy,1994-12-07,26.032934188842773
spy,1994-12-08,25.781572341918945
spy,1994-12-09,25.880329132080078
spy,1994-12-12,26.050891876220703
spy,1994-12-13,26.149639129638672
spy,1994-12-14,26.284284591674805
spy,1994-12-15,26.365068435668945
spy,1994-12-16,26.493854522705078
spy,1994-12-19,26.530052185058594
spy,1994-12-20,26.448617935180664
spy,1994-12-21,26.7291259765625
spy,1994-12-22,26.647661209106445
spy,1994-12-23,26.674833297729492
spy,1994-12-27,26.819599151611328
spy,1994-12-28,26.683868408203125
spy,1994-12-29,26.701961517333984
spy,1994-12-30,26.38527488708496
spy,1995-01-03,26.511940002441406
spy,1995-01-04,26.63863754272461
spy,1995-01-05,26.63863754272461
spy,1995-01-06,26.6657657623291
spy,1995-01-09,26.692914962768555
spy,1995-01-10,26.720081329345703
spy,1995-01-11,26.738168716430664
spy,1995-01-12,26.747194290161133
spy,1995-01-13,27.063892364501953
spy,1995-01-16,27.226774215698242
spy,1995-01-17,27.235809326171875
spy,1995-01-18,27.208709716796875
spy,1995-01-19,27.054853439331055
spy,1995-01-20,26.955341339111328
spy,1995-01-23,27.03676986694336
spy,1995-01-24,27.072961807250977
spy,1995-01-25,27.14533805847168
spy,1995-01-26,27.17249298095703
spy,1995-01-27,27.281070709228516
spy,1995-01-30,27.163436889648438
spy,1995-01-31,27.27202033996582
spy,1995-02-01,27.262964248657227
spy,1995-02-02,27.425853729248047
spy,1995-02-03,27.814908981323242
spy,1995-02-06,27.932554244995117
spy,1995-02-07,27.96875762939453
spy,1995-02-08,27.96875762939453
spy,1995-02-09,27.96875762939453
spy,1995-02-10,28.00495147705078
spy,1995-02-13,28.01401138305664
spy,1995-02-14,28.05018424987793
spy,1995-02-15,28.204008102416992
spy,1995-02-16,28.167800903320312
spy,1995-02-17,28.059219360351562
spy,1995-02-21,28.05018424987793
spy,1995-02-22,28.258298873901367
spy,1995-02-23,28.303543090820312
spy,1995-02-24,28.37592315673828
spy,1995-02-27,28.14972496032715
spy,1995-02-28,28.384977340698242
spy,1995-03-01,28.204008102416992
spy,1995-03-02,28.240209579467773
spy,1995-03-03,28.24925422668457
spy,1995-03-06,28.267358779907227
spy,1995-03-07,28.05018424987793
spy,1995-03-08,28.12257957458496
spy,1995-03-09,28.11351203918457
spy,1995-03-10,28.529754638671875
spy,1995-03-13,28.502609252929688
spy,1995-03-14,28.71072769165039
spy,1995-03-15,28.65643310546875
spy,1995-03-16,28.828353881835938
spy,1995-03-17,28.85704231262207
spy,1995-03-20,28.85704231262207
spy,1995-03-21,28.784255981445312
spy,1995-03-22,28.811538696289062
spy,1995-03-23,28.829736709594727
spy,1995-03-24,29.23912239074707
spy,1995-03-27,29.357370376586914
spy,1995-03-28,29.357370376586914
spy,1995-03-29,29.34828758239746
spy,1995-03-30,29.2937068939209
spy,1995-03-31,29.17545509338379
spy,1995-04-03,29.248214721679688
spy,1995-04-04,29.43924903869629
spy,1995-04-05,29.43924903869629
spy,1995-04-06,29.548431396484375
spy,1995-04-07,29.521154403686523
spy,1995-04-10,29.575729370117188
spy,1995-04-11,29.47566032409668
spy,1995-04-12,29.575729370117188
spy,1995-04-13,29.739473342895508
spy,1995-04-17,29.566627502441406
spy,1995-04-18,29.466552734375
spy,1995-04-19,29.43924903869629
spy,1995-04-20,29.4847412109375
spy,1995-04-21,29.63031005859375
spy,1995-04-24,29.976003646850586
spy,1995-04-25,29.894132614135742
spy,1995-04-26,29.921432495117188
spy,1995-04-27,29.99420166015625
spy,1995-04-28,30.039701461791992
spy,1995-05-01,29.957809448242188
spy,1995-05-02,30.021509170532227
spy,1995-05-03,30.439979553222656
spy,1995-05-04,30.421785354614258
spy,1995-05-05,30.385398864746094
spy,1995-05-08,30.603727340698242
spy,1995-05-09,30.576433181762695
spy,1995-05-10,30.612817764282227
spy,1995-05-11,30.694704055786133
spy,1995-05-12,30.71290397644043
spy,1995-05-15,30.858455657958984
spy,1995-05-16,30.876649856567383
spy,1995-05-17,30.758380889892578
spy,1995-05-18,30.312623977661133
spy,1995-05-19,30.3308048248291
spy,1995-05-22,30.667407989501953
spy,1995-05-23,30.94943618774414
spy,1995-05-24,30.931241989135742
spy,1995-05-25,30.958541870117188
spy,1995-05-26,30.603727340698242
spy,1995-05-30,30.594642639160156
spy,1995-05-31,31.231447219848633
spy,1995-06-01,31.149585723876953
spy,1995-06-02,31.1768741607666
spy,1995-06-05,31.367908477783203
spy,1995-06-06,31.313335418701172
spy,1995-06-07,31.149585723876953
spy,1995-06-08,31.076799392700195
spy,1995-06-09,30.89484405517578
spy,1995-06-12,31.06770133972168
spy,1995-06-13,31.404327392578125
spy,1995-06-14,31.377002716064453
spy,1995-06-15,31.513479232788086
spy,1995-06-16,31.60703468322754
spy,1995-06-19,31.963899612426758
spy,1995-06-20,31.881559371948242
spy,1995-06-21,31.863256454467773
spy,1995-06-22,32.28419876098633
spy,1995-06-23,32.22014617919922
spy,1995-06-26,31.83580780029297
spy,1995-06-27,31.7717342376709
spy,1995-06-28,31.936471939086914
spy,1995-06-29,31.881559371948242
spy,1995-06-30,31.863256454467773
spy,1995-07-03,31.982227325439453
spy,1995-07-05,32.10118865966797
spy,1995-07-06,32.51295852661133
spy,1995-07-07,32.65937805175781
spy,1995-07-10,32.67770767211914
spy,1995-07-11,32.522117614746094
spy,1995-07-12,32.924747467041016
spy,1995-07-13,32.851558685302734
spy,1995-07-14,32.82407760620117
spy,1995-07-17,33.007118225097656
spy,1995-07-18,32.723445892333984
spy,1995-07-19,32.36654281616211
spy,1995-07-20,32.485511779785156
spy,1995-07-21,32.44890594482422
spy,1995-07-24,32.68682098388672
spy,1995-07-25,32.93394088745117
spy,1995-07-26,32.906455993652344
spy,1995-07-27,33.18097686767578
spy,1995-07-28,32.97050094604492
spy,1995-07-31,32.88815689086914
spy,1995-08-01,32.833255767822266
spy,1995-08-02,32.760032653808594
spy,1995-08-03,32.750885009765625
spy,1995-08-04,32.78750991821289
spy,1995-08-07,32.860694885253906
spy,1995-08-08,32.860694885253906
spy,1995-08-09,32.851558685302734
spy,1995-08-10,32.778324127197266
spy,1995-08-11,32.59531784057617
spy,1995-08-14,32.88815689086914
spy,1995-08-15,32.82407760620117
spy,1995-08-16,32.91559982299805
spy,1995-08-17,32.860694885253906
spy,1995-08-18,32.89731216430664
spy,1995-08-21,32.8057975769043
spy,1995-08-22,32.86985778808594
spy,1995-08-23,32.750885009765625
spy,1995-08-24,32.78750991821289
spy,1995-08-25,32.97050094604492
spy,1995-08-28,32.851558685302734
spy,1995-08-29,32.93394088745117
spy,1995-08-30,33.007118225097656
spy,1995-08-31,33.0345573425293
spy,1995-09-01,33.18097686767578
spy,1995-09-05,33.49210739135742
spy,1995-09-06,33.55616760253906
spy,1995-09-07,33.5744743347168
spy,1995-09-08,33.70258712768555
spy,1995-09-11,33.79408645629883
spy,1995-09-12,33.949649810791016
spy,1995-09-13,34.105224609375
spy,1995-09-14,34.416343688964844
spy,1995-09-15,34.406856536865234
spy,1995-09-18,34.27804946899414
spy,1995-09-19,34.44365692138672
spy,1995-09-20,34.6092414855957
spy,1995-09-21,34.324073791503906
spy,1995-09-22,34.333255767822266
spy,1995-09-25,34.27804946899414
spy,1995-09-26,34.26885223388672
spy,1995-09-27,34.241241455078125
spy,1995-09-28,34.498844146728516
spy,1995-09-29,34.43446350097656
spy,1995-10-02,34.25965881347656
spy,1995-10-03,34.29644775390625
spy,1995-10-04,34.25965881347656
spy,1995-10-05,34.36085891723633
spy,1995-10-06,34.38844680786133
spy,1995-10-09,34.1032600402832
spy,1995-10-10,34.0848503112793
spy,1995-10-11,34.195255279541016
spy,1995-10-12,34.406856536865234
spy,1995-10-13,34.51726150512695
spy,1995-10-16,34.35165786743164
spy,1995-10-17,34.581661224365234
spy,1995-10-18,34.68284225463867
spy,1995-10-19,34.84843826293945
spy,1995-10-20,34.6368408203125
spy,1995-10-23,34.56325912475586
spy,1995-10-24,34.60003662109375
spy,1995-10-25,34.31485366821289
spy,1995-10-26,34.00205993652344
spy,1995-10-27,34.25965881347656
spy,1995-10-30,34.48044204711914
spy,1995-10-31,34.333255767822266
spy,1995-11-01,34.6092414855957
spy,1995-11-02,34.830039978027344
spy,1995-11-03,34.87602996826172
spy,1995-11-06,34.75644302368164
spy,1995-11-07,34.62763214111328
spy,1995-11-08,34.94043731689453
spy,1995-11-09,35.06922912597656
spy,1995-11-10,35.05083465576172
spy,1995-11-13,35.01404571533203
spy,1995-11-14,34.78403854370117
spy,1995-11-15,35.13364028930664
spy,1995-11-16,35.32683563232422
spy,1995-11-17,35.437217712402344
spy,1995-11-20,35.253211975097656
spy,1995-11-21,35.538414001464844
spy,1995-11-22,35.42802810668945
spy,1995-11-24,35.52000427246094
spy,1995-11-27,35.52920913696289
spy,1995-11-28,35.90641403198242
spy,1995-11-29,35.94320297241211
spy,1995-11-30,35.86039352416992
spy,1995-12-01,35.90641403198242
spy,1995-12-04,36.34798812866211
spy,1995-12-05,36.587188720703125
spy,1995-12-06,36.66997146606445
spy,1995-12-07,36.4767951965332
spy,1995-12-08,36.59637451171875
spy,1995-12-11,36.75277328491211
spy,1995-12-12,36.64238739013672
spy,1995-12-13,36.87238311767578
spy,1995-12-14,36.605567932128906
spy,1995-12-15,36.61898422241211
spy,1995-12-18,35.91548156738281
spy,1995-12-19,36.295013427734375
spy,1995-12-20,35.943260192871094
spy,1995-12-21,36.128387451171875
spy,1995-12-22,36.25797653198242
spy,1995-12-26,36.433841705322266
spy,1995-12-27,36.41534423828125
spy,1995-12-28,36.37832260131836
spy,1995-12-29,36.424591064453125
spy,1996-01-02,36.81338119506836
spy,1996-01-03,36.91518783569336
spy,1996-01-04,36.56344985961914
spy,1996-01-05,36.489383697509766
spy,1996-01-08,36.62823486328125
spy,1996-01-09,35.99879455566406
spy,1996-01-10,35.52670669555664
spy,1996-01-11,35.73960876464844
spy,1996-01-12,35.68406677246094
spy,1996-01-15,35.610008239746094
spy,1996-01-16,36.04507827758789
spy,1996-01-17,35.93400192260742
spy,1996-01-18,36.05433654785156
spy,1996-01-19,36.295013427734375
spy,1996-01-22,36.304264068603516
spy,1996-01-23,36.3875617980957
spy,1996-01-24,36.68378448486328
spy,1996-01-25,36.55419158935547
spy,1996-01-26,36.86891555786133
spy,1996-01-29,37.01701736450195
spy,1996-01-30,37.33173751831055
spy,1996-01-31,37.72050094604492
spy,1996-02-01,37.85935592651367
spy,1996-02-02,37.70199203491211
spy,1996-02-05,38.00746154785156
spy,1996-02-06,38.36847686767578
spy,1996-02-07,38.59065628051758
spy,1996-02-08,39.007179260253906
spy,1996-02-09,38.99791717529297
spy,1996-02-12,39.294124603271484
spy,1996-02-13,39.21083450317383
spy,1996-02-14,38.86833572387695
spy,1996-02-15,38.62766647338867
spy,1996-02-16,38.470298767089844
spy,1996-02-20,38.09077453613281
spy,1996-02-21,38.562862396240234
spy,1996-02-22,39.17377853393555
spy,1996-02-23,39.062721252441406
spy,1996-02-26,38.507328033447266
spy,1996-02-27,38.386993408203125
spy,1996-02-28,38.21111297607422
spy,1996-02-29,37.84084701538086
spy,1996-03-01,38.44253158569336
spy,1996-03-04,38.66469192504883
spy,1996-03-05,39.02568054199219
spy,1996-03-06,38.683189392089844
spy,1996-03-07,38.87759017944336
spy,1996-03-08,37.618690490722656
spy,1996-03-11,38.05377197265625
spy,1996-03-12,37.75752639770508
spy,1996-03-13,38.0167121887207
spy,1996-03-14,38.1833381652832
spy,1996-03-15,38.15768051147461
spy,1996-03-18,38.89219284057617
spy,1996-03-19,38.80851364135742
spy,1996-03-20,38.76205825805664
spy,1996-03-21,38.6690559387207
spy,1996-03-22,38.771358489990234
spy,1996-03-25,38.696956634521484
spy,1996-03-26,38.88288116455078
spy,1996-03-27,38.52958297729492
spy,1996-03-28,38.678348541259766
spy,1996-03-29,38.492401123046875
spy,1996-04-01,38.93867492675781
spy,1996-04-02,39.01306915283203
spy,1996-04-03,39.01306915283203
spy,1996-04-04,38.98517608642578
spy,1996-04-08,38.31574630737305
spy,1996-04-09,38.16696548461914
spy,1996-04-10,37.48823547363281
spy,1996-04-11,37.4417724609375
spy,1996-04-12,37.91594314575195
spy,1996-04-15,38.23207473754883
spy,1996-04-16,38.34364318847656
spy,1996-04-17,38.25065231323242
spy,1996-04-18,38.30643081665039
spy,1996-04-19,38.399417877197266
spy,1996-04-22,38.696956634521484
spy,1996-04-23,38.81779861450195
spy,1996-04-24,38.678348541259766
spy,1996-04-25,38.85500717163086
spy,1996-04-26,38.93867492675781
spy,1996-04-29,38.93867492675781
spy,1996-04-30,38.91079330444336
spy,1996-05-01,38.99447250366211
spy,1996-05-02,38.32503890991211
spy,1996-05-03,38.26925277709961
spy,1996-05-06,38.23207473754883
spy,1996-05-07,38.07400131225586
spy,1996-05-08,38.54818344116211
spy,1996-05-09,38.52031707763672
spy,1996-05-10,38.9014778137207
spy,1996-05-13,39.48723602294922
spy,1996-05-14,39.72900390625
spy,1996-05-15,39.682525634765625
spy,1996-05-16,39.76617431640625
spy,1996-05-17,39.98001480102539
spy,1996-05-20,40.24964904785156
spy,1996-05-21,40.193870544433594
spy,1996-05-22,40.57509994506836
spy,1996-05-23,40.4077262878418
spy,1996-05-24,40.5657844543457
spy,1996-05-28,40.15666961669922
spy,1996-05-29,39.887027740478516
spy,1996-05-30,40.091609954833984
spy,1996-05-31,39.7940673828125
spy,1996-06-03,39.9056396484375
spy,1996-06-04,40.184566497802734
spy,1996-06-05,40.53788757324219
spy,1996-06-06,40.2403564453125
spy,1996-06-07,40.2403564453125
spy,1996-06-10,40.11018371582031
spy,1996-06-11,40.07298278808594
spy,1996-06-12,39.998626708984375
spy,1996-06-13,39.998626708984375
spy,1996-06-14,39.831260681152344
spy,1996-06-17,39.803348541259766
spy,1996-06-18,39.477943420410156
spy,1996-06-19,39.65460205078125
spy,1996-06-20,39.62671661376953
spy,1996-06-21,39.96753692626953
spy,1996-06-24,40.042320251464844
spy,1996-06-25,39.99557113647461
spy,1996-06-26,39.72451400756836
spy,1996-06-27,40.00493621826172
spy,1996-06-28,40.14512634277344
spy,1996-07-01,40.490966796875
spy,1996-07-02,40.34141159057617
spy,1996-07-03,40.25729751586914
spy,1996-07-05,39.2291374206543
spy,1996-07-08,39.070228576660156
spy,1996-07-09,39.2291374206543
spy,1996-07-10,39.38802719116211
spy,1996-07-11,38.593528747558594
spy,1996-07-12,38.62158966064453
spy,1996-07-15,37.481239318847656
spy,1996-07-16,37.574745178222656
spy,1996-07-17,38.02336120605469
spy,1996-07-18,38.54679489135742
spy,1996-07-19,38.266395568847656
spy,1996-07-22,37.98598861694336
spy,1996-07-23,37.499942779541016
spy,1996-07-24,37.574745178222656
spy,1996-07-25,37.91122817993164
spy,1996-07-26,38.11685562133789
spy,1996-07-29,37.69622802734375
spy,1996-07-30,38.06076431274414
spy,1996-07-31,38.3411750793457
spy,1996-08-01,38.9767951965332
spy,1996-08-02,39.81800079345703
spy,1996-08-05,39.58433151245117
spy,1996-08-06,39.70581817626953
spy,1996-08-07,39.80864334106445
spy,1996-08-08,39.74321746826172
spy,1996-08-09,39.61235427856445
spy,1996-08-12,39.90210723876953
spy,1996-08-13,39.58433151245117
spy,1996-08-14,39.72451400756836
spy,1996-08-15,39.64973831176758
spy,1996-08-16,39.986244201660156
spy,1996-08-19,40.00493621826172
spy,1996-08-20,39.97688674926758
spy,1996-08-21,39.836692810058594
spy,1996-08-22,40.210548400878906
spy,1996-08-23,39.99557113647461
spy,1996-08-26,39.79929733276367
spy,1996-08-27,39.94883728027344
spy,1996-08-28,39.88343048095703
spy,1996-08-29,39.490840911865234
spy,1996-08-30,39.07957077026367
spy,1996-09-03,39.33195114135742
spy,1996-09-04,39.36933517456055
spy,1996-09-05,38.89262390136719
spy,1996-09-06,39.44411087036133
spy,1996-09-09,39.91147232055664
spy,1996-09-10,39.892765045166016
spy,1996-09-11,40.117088317871094
spy,1996-09-12,40.397483825683594
spy,1996-09-13,41.014404296875
spy,1996-09-16,41.1639404296875
spy,1996-09-17,41.070472717285156
spy,1996-09-18,40.96765899658203
spy,1996-09-19,41.12656021118164
spy,1996-09-20,41.27245330810547
spy,1996-09-23,41.2630500793457
spy,1996-09-24,41.253639221191406
spy,1996-09-25,41.28184127807617
spy,1996-09-26,41.2630500793457
spy,1996-09-27,41.300636291503906
spy,1996-09-30,41.2630500793457
spy,1996-10-01,41.48853302001953
spy,1996-10-02,41.7703971862793
spy,1996-10-03,41.73281478881836
spy,1996-10-04,42.2965087890625
spy,1996-10-07,42.3434944152832
spy,1996-10-08,42.17436599731445
spy,1996-10-09,41.84553909301758
spy,1996-10-10,41.76099395751953
spy,1996-10-11,42.27772521972656
spy,1996-10-14,42.334068298339844
spy,1996-10-15,42.27772521972656
spy,1996-10-16,42.484413146972656
spy,1996-10-17,42.59715270996094
spy,1996-10-18,42.82262420654297
spy,1996-10-21,42.76626205444336
spy,1996-10-22,42.465633392333984
spy,1996-10-23,42.606544494628906
spy,1996-10-24,42.24013137817383
spy,1996-10-25,42.27772521972656
spy,1996-10-28,41.995845794677734
spy,1996-10-29,42.334068298339844
spy,1996-10-30,42.19316864013672
spy,1996-10-31,42.59715270996094
spy,1996-11-01,42.446842193603516
spy,1996-11-04,42.72869873046875
spy,1996-11-05,42.97294998168945
spy,1996-11-06,43.79970932006836
spy,1996-11-07,43.903053283691406
spy,1996-11-08,44.14734649658203
spy,1996-11-11,44.100341796875
spy,1996-11-12,43.968833923339844
spy,1996-11-13,44.1661262512207
spy,1996-11-14,44.457359313964844
spy,1996-11-15,44.51373291015625
spy,1996-11-18,44.523128509521484
spy,1996-11-19,44.842559814453125
spy,1996-11-20,44.91773223876953
spy,1996-11-21,44.851966857910156
spy,1996-11-22,45.19957733154297
spy,1996-11-25,45.77267074584961
spy,1996-11-26,45.62236022949219
spy,1996-11-27,45.53778839111328
spy,1996-11-29,45.70688247680664
spy,1996-12-02,45.72569274902344
spy,1996-12-03,44.945919036865234
spy,1996-12-04,45.06803512573242
spy,1996-12-05,44.945919036865234
spy,1996-12-06,44.68285369873047
spy,1996-12-09,45.34049606323242
spy,1996-12-10,45.124420166015625
spy,1996-12-11,44.71104431152344
spy,1996-12-12,43.968833923339844
spy,1996-12-13,44.08155822753906
spy,1996-12-16,43.517852783203125
spy,1996-12-17,43.86549377441406
spy,1996-12-18,44.21308135986328
spy,1996-12-19,45.124420166015625
spy,1996-12-20,45.22343444824219
spy,1996-12-23,45.11012268066406
spy,1996-12-24,45.44059753417969
spy,1996-12-26,45.78990936279297
spy,1996-12-27,45.846553802490234
spy,1996-12-30,45.45001983642578
spy,1996-12-31,44.619197845458984
spy,1997-01-02,44.73249435424805
spy,1997-01-03,45.37449645996094
spy,1997-01-06,44.977970123291016
spy,1997-01-07,45.52555465698242
spy,1997-01-08,45.1290283203125
spy,1997-01-09,45.50666046142578
spy,1997-01-10,45.997615814208984
spy,1997-01-13,45.931514739990234
spy,1997-01-14,46.50743865966797
spy,1997-01-15,46.394142150878906
spy,1997-01-16,46.58293914794922
spy,1997-01-17,46.8661994934082
spy,1997-01-20,46.92284393310547
spy,1997-01-21,47.30049514770508
spy,1997-01-22,47.640357971191406
spy,1997-01-23,46.979496002197266
spy,1997-01-24,46.37527847290039
spy,1997-01-27,46.24309158325195
spy,1997-01-28,46.37527847290039
spy,1997-01-29,46.82845687866211
spy,1997-01-30,47.43269348144531
spy,1997-01-31,47.37604904174805
spy,1997-02-03,47.51768112182617
spy,1997-02-04,47.810333251953125
spy,1997-02-05,46.91340255737305
spy,1997-02-06,47.22498321533203
spy,1997-02-07,47.86698532104492
spy,1997-02-10,47.413787841796875
spy,1997-02-11,47.961395263671875
spy,1997-02-12,48.64115524291992
spy,1997-02-13,49.16988754272461
spy,1997-02-14,49.05654525756836
spy,1997-02-18,49.471988677978516
spy,1997-02-19,49.141510009765625
spy,1997-02-20,48.54676055908203
spy,1997-02-21,48.565635681152344
spy,1997-02-24,49.141510009765625
spy,1997-02-25,49.17931365966797
spy,1997-02-26,48.69778060913086
spy,1997-02-27,47.9708251953125
spy,1997-02-28,47.82921600341797
spy,1997-03-03,48.15021896362305
spy,1997-03-04,47.88584518432617
spy,1997-03-05,48.69778060913086
spy,1997-03-06,48.41459274291992
spy,1997-03-07,48.848854064941406
spy,1997-03-10,49.358699798583984
spy,1997-03-11,49.0943489074707
spy,1997-03-12,48.6600341796875
spy,1997-03-13,47.904754638671875
spy,1997-03-14,48.15021896362305
spy,1997-03-17,48.28239822387695
spy,1997-03-18,47.763126373291016
spy,1997-03-19,47.60264587402344
spy,1997-03-20,47.35716247558594
spy,1997-03-21,47.5764274597168
spy,1997-03-24,48.23982620239258
spy,1997-03-25,47.7659912109375
spy,1997-03-26,47.974456787109375
spy,1997-03-27,46.70449447631836
spy,1997-03-31,45.71886444091797
spy,1997-04-01,46.01261520385742
spy,1997-04-02,45.1881103515625
spy,1997-04-03,45.43453598022461
spy,1997-04-04,46.0031623840332
spy,1997-04-07,46.18327331542969
spy,1997-04-08,46.514949798583984
spy,1997-04-09,46.13585662841797
spy,1997-04-10,45.96525573730469
spy,1997-04-11,44.5057258605957
spy,1997-04-14,45.102813720703125
spy,1997-04-15,45.87047576904297
spy,1997-04-16,46.4012336730957
spy,1997-04-17,46.211692810058594
spy,1997-04-18,46.43913650512695
spy,1997-04-21,46.13585662841797
spy,1997-04-22,47.14995193481445
spy,1997-04-23,47.19731521606445
spy,1997-04-24,46.96038818359375
spy,1997-04-25,46.42018127441406
spy,1997-04-28,46.87509536743164
spy,1997-04-29,48.35358428955078
spy,1997-04-30,48.58102035522461
spy,1997-05-01,48.52415084838867
spy,1997-05-02,49.39604568481445
spy,1997-05-05,50.57127380371094
spy,1997-05-06,50.533390045166016
spy,1997-05-07,49.43400192260742
spy,1997-05-08,49.775169372558594
spy,1997-05-09,50.116363525390625
spy,1997-05-12,50.95037841796875
spy,1997-05-13,50.74187088012695
spy,1997-05-14,50.83664321899414
spy,1997-05-15,51.17781448364258
spy,1997-05-16,50.47649002075195
spy,1997-05-19,50.628135681152344
spy,1997-05-20,51.234718322753906
spy,1997-05-21,51.120967864990234
spy,1997-05-22,50.95037841796875
spy,1997-05-23,51.42422866821289
spy,1997-05-27,51.63276290893555
spy,1997-05-28,51.623268127441406
spy,1997-05-29,51.31998062133789
spy,1997-05-30,51.65171432495117
spy,1997-06-02,51.42422866821289
spy,1997-06-03,51.25365447998047
spy,1997-06-04,51.196800231933594
spy,1997-06-05,51.38630294799805
spy,1997-06-06,52.39094161987305
spy,1997-06-09,52.65627670288086
spy,1997-06-10,52.81739044189453
spy,1997-06-11,52.94064712524414
spy,1997-06-12,53.964149475097656
spy,1997-06-13,54.419090270996094
spy,1997-06-16,54.43805694580078
spy,1997-06-17,54.362213134765625
spy,1997-06-18,54.17266845703125
spy,1997-06-19,54.73183822631836
spy,1997-06-20,54.54534912109375
spy,1997-06-23,53.22287368774414
spy,1997-06-24,54.57389450073242
spy,1997-06-25,54.193328857421875
spy,1997-06-26,53.92691421508789
spy,1997-06-27,54.13623046875
spy,1997-06-30,53.774723052978516
spy,1997-07-01,54.40266418457031
spy,1997-07-02,55.296993255615234
spy,1997-07-03,56.05812454223633
spy,1997-07-07,55.4872932434082
spy,1997-07-08,56.0676383972168
spy,1997-07-09,55.449188232421875
spy,1997-07-10,55.69660949707031
spy,1997-07-11,55.88684844970703
spy,1997-07-14,56.05812454223633
spy,1997-07-15,56.34357833862305
spy,1997-07-16,57.08567428588867
spy,1997-07-17,56.800228118896484
spy,1997-07-18,55.591949462890625
spy,1997-07-21,55.601444244384766
spy,1997-07-22,57.076148986816406
spy,1997-07-23,57.028568267822266
spy,1997-07-24,57.294960021972656
spy,1997-07-25,57.25694274902344
spy,1997-07-28,57.218868255615234
spy,1997-07-29,57.40914535522461
spy,1997-07-30,58.09417724609375
spy,1997-07-31,58.037078857421875
spy,1997-08-01,57.80876541137695
spy,1997-08-04,57.96095657348633
spy,1997-08-05,57.99904251098633
spy,1997-08-06,58.474769592285156
spy,1997-08-07,58.037078857421875
spy,1997-08-08,56.85734176635742
spy,1997-08-11,57.27597427368164
spy,1997-08-12,56.362606048583984
spy,1997-08-13,56.19132995605469
spy,1997-08-14,56.400638580322266
spy,1997-08-15,54.66902160644531
spy,1997-08-18,55.88684844970703
spy,1997-08-19,56.533836364746094
spy,1997-08-20,57.39011764526367
spy,1997-08-21,56.38160705566406
spy,1997-08-22,56.362606048583984
spy,1997-08-25,56.15327835083008
spy,1997-08-26,55.32554244995117
spy,1997-08-27,55.658512115478516
spy,1997-08-28,54.811767578125
spy,1997-08-29,55.030582427978516
spy,1997-09-02,56.819278717041016
spy,1997-09-03,56.5147819519043
spy,1997-09-04,56.87636947631836
spy,1997-09-05,56.714622497558594
spy,1997-09-08,56.96199417114258
spy,1997-09-09,56.99052047729492
spy,1997-09-10,55.810760498046875
spy,1997-09-11,55.525352478027344
spy,1997-09-12,56.41968536376953
spy,1997-09-15,56.324527740478516
spy,1997-09-16,57.7326545715332
spy,1997-09-17,57.7326545715332
spy,1997-09-18,57.97999954223633
spy,1997-09-19,58.07808303833008
spy,1997-09-22,58.40278244018555
spy,1997-09-23,58.135372161865234
spy,1997-09-24,57.65791320800781
spy,1997-09-25,57.2568473815918
spy,1997-09-26,57.734336853027344
spy,1997-09-29,58.28818893432617
spy,1997-09-30,57.677024841308594
spy,1997-10-01,58.44096374511719
spy,1997-10-02,58.76566696166992
spy,1997-10-03,59.0616455078125
spy,1997-10-06,59.45319366455078
spy,1997-10-07,60.007015228271484
spy,1997-10-08,59.58687973022461
spy,1997-10-09,59.37675094604492
spy,1997-10-10,59.20492172241211
spy,1997-10-13,59.2621955871582
spy,1997-10-14,59.281288146972656
spy,1997-10-15,59.14757537841797
spy,1997-10-16,58.21179962158203
spy,1997-10-17,57.6197509765625
spy,1997-10-20,58.44096374511719
spy,1997-10-21,59.577335357666016
spy,1997-10-22,59.185794830322266
spy,1997-10-23,58.020774841308594
spy,1997-10-24,57.44786834716797
spy,1997-10-27,53.28440475463867
spy,1997-10-28,56.35923385620117
spy,1997-10-29,56.20648956298828
spy,1997-10-30,54.965091705322266
spy,1997-10-31,56.26374053955078
spy,1997-11-03,57.44786834716797
spy,1997-11-04,57.44786834716797
spy,1997-11-05,57.63884735107422
spy,1997-11-06,57.4192008972168
spy,1997-11-07,56.79850769042969
spy,1997-11-10,56.454734802246094
spy,1997-11-11,56.473854064941406
spy,1997-11-12,55.308807373046875
spy,1997-11-13,56.1109733581543
spy,1997-11-14,56.87489700317383
spy,1997-11-17,57.92530059814453
spy,1997-11-18,57.56243133544922
spy,1997-11-19,57.84892654418945
spy,1997-11-20,58.72743225097656
spy,1997-11-21,59.128517150878906
spy,1997-11-24,58.05904006958008
spy,1997-11-25,58.21179962158203
spy,1997-11-26,58.3836555480957
spy,1997-11-28,58.44096374511719
spy,1997-12-01,59.949729919433594
spy,1997-12-02,59.58687973022461
spy,1997-12-03,59.75875473022461
spy,1997-12-04,59.70147705078125
spy,1997-12-05,60.46542739868164
spy,1997-12-08,60.29353332519531
spy,1997-12-09,59.930625915527344
spy,1997-12-10,59.41496276855469
spy,1997-12-11,58.40278244018555
spy,1997-12-12,58.51735305786133
spy,1997-12-15,59.10940933227539
spy,1997-12-16,59.472286224365234
spy,1997-12-17,59.166709899902344
spy,1997-12-18,58.59376525878906
spy,1997-12-19,58.15578842163086
spy,1997-12-22,58.52973175048828
spy,1997-12-23,57.48468780517578
spy,1997-12-24,57.312137603759766
spy,1997-12-26,57.542213439941406
spy,1997-12-29,58.67353820800781
spy,1997-12-30,59.59389114379883
spy,1997-12-31,59.555545806884766
spy,1998-01-02,59.862327575683594
spy,1998-01-05,59.99652862548828
spy,1998-01-06,59.037841796875
spy,1998-01-07,59.19123458862305
spy,1998-01-08,58.67353820800781
spy,1998-01-09,56.64104461669922
spy,1998-01-12,57.67647933959961
spy,1998-01-13,58.48176574707031
spy,1998-01-14,58.75022888183594
spy,1998-01-15,58.26129913330078
spy,1998-01-16,59.095367431640625
spy,1998-01-20,60.05405807495117
spy,1998-01-21,59.478851318359375
spy,1998-01-22,58.9515380859375
spy,1998-01-23,58.865264892578125
spy,1998-01-26,58.82692337036133
spy,1998-01-27,59.42131042480469
spy,1998-01-28,59.95823669433594
spy,1998-01-29,60.284114837646484
spy,1998-01-30,60.32252502441406
spy,1998-02-02,61.319580078125
spy,1998-02-03,61.779788970947266
spy,1998-02-04,61.70309829711914
spy,1998-02-05,61.66469192504883
spy,1998-02-06,62.35499572753906
spy,1998-02-09,62.144073486328125
spy,1998-02-10,62.738468170166016
spy,1998-02-11,62.68099594116211
spy,1998-02-12,62.94941329956055
spy,1998-02-13,62.5850830078125
spy,1998-02-17,62.89186477661133
spy,1998-02-18,63.46711730957031
spy,1998-02-19,63.13154983520508
spy,1998-02-20,63.60133743286133
spy,1998-02-23,63.85062026977539
spy,1998-02-24,63.35209274291992
spy,1998-02-25,64.13825225830078
spy,1998-02-26,64.50252532958984
spy,1998-02-27,64.50252532958984
spy,1998-03-02,64.3682861328125
spy,1998-03-03,64.73261260986328
spy,1998-03-04,64.31077575683594
spy,1998-03-05,63.71638107299805
spy,1998-03-06,65.0010757446289
spy,1998-03-09,64.7709732055664
spy,1998-03-10,65.38455200195312
spy,1998-03-11,65.69132232666016
spy,1998-03-12,65.95977020263672
spy,1998-03-13,65.71048736572266
spy,1998-03-16,66.41996002197266
spy,1998-03-17,66.61172485351562
spy,1998-03-18,66.86094665527344
spy,1998-03-19,67.03357696533203
spy,1998-03-20,67.6107177734375
spy,1998-03-23,67.4569091796875
spy,1998-03-24,68.0337905883789
spy,1998-03-25,67.7837905883789
spy,1998-03-26,67.74530029296875
spy,1998-03-27,67.4569091796875
spy,1998-03-30,67.41844177246094
spy,1998-03-31,67.64920806884766
spy,1998-04-01,68.1972427368164
spy,1998-04-02,68.93756103515625
spy,1998-04-03,69.28369903564453
spy,1998-04-06,68.72605895996094
spy,1998-04-07,68.26451110839844
spy,1998-04-08,67.87993621826172
spy,1998-04-09,68.4183349609375
spy,1998-04-13,68.22608947753906
spy,1998-04-14,68.80297088623047
spy,1998-04-15,68.99527740478516
spy,1998-04-16,68.18761444091797
spy,1998-04-17,69.0914077758789
spy,1998-04-20,69.07218170166016
spy,1998-04-21,69.39906311035156
spy,1998-04-22,69.59135437011719
spy,1998-04-23,68.91835021972656
spy,1998-04-24,68.18761444091797
spy,1998-04-27,66.89922332763672
spy,1998-04-28,66.8031234741211
spy,1998-04-29,67.26463317871094
spy,1998-04-30,68.5145492553711
spy,1998-05-01,69.28369903564453
spy,1998-05-04,69.11063385009766
spy,1998-05-05,68.62991333007812
spy,1998-05-06,67.822265625
spy,1998-05-07,67.2838134765625
spy,1998-05-08,68.37991333007812
spy,1998-05-11,68.14917755126953
spy,1998-05-12,68.87987518310547
spy,1998-05-13,69.05294036865234
spy,1998-05-14,68.70681762695312
spy,1998-05-15,68.32221984863281
spy,1998-05-18,68.05300903320312
spy,1998-05-19,68.5145492553711
spy,1998-05-20,69.16830444335938
spy,1998-05-21,68.72605895996094
spy,1998-05-22,68.45685577392578
spy,1998-05-26,67.36073303222656
spy,1998-05-27,67.4569091796875
spy,1998-05-28,67.76457214355469
spy,1998-05-29,67.0915298461914
spy,1998-06-01,67.3991928100586
spy,1998-06-02,67.4569091796875
spy,1998-06-03,66.38004302978516
spy,1998-06-04,67.6107177734375
spy,1998-06-05,68.91835021972656
spy,1998-06-08,68.84139251708984
spy,1998-06-09,69.05294036865234
spy,1998-06-10,68.61067962646484
spy,1998-06-11,67.32231140136719
spy,1998-06-12,67.9568862915039
spy,1998-06-15,66.1685562133789
spy,1998-06-16,67.18769836425781
spy,1998-06-17,68.59144592285156
spy,1998-06-18,68.28375244140625
spy,1998-06-19,67.9416275024414
spy,1998-06-22,68.26957702636719
spy,1998-06-23,69.07977294921875
spy,1998-06-24,70.00572967529297
spy,1998-06-25,69.88999938964844
spy,1998-06-26,70.1793212890625
spy,1998-06-29,70.43010711669922
spy,1998-06-30,69.9478530883789
spy,1998-07-01,70.75807189941406
spy,1998-07-02,70.89307403564453
spy,1998-07-06,71.60684204101562
spy,1998-07-07,71.47178649902344
spy,1998-07-08,71.99266052246094
spy,1998-07-09,71.5103988647461
spy,1998-07-10,71.89618682861328
spy,1998-07-13,71.91547393798828
spy,1998-07-14,72.72569274902344
spy,1998-07-15,72.59065246582031
spy,1998-07-16,73.09222412109375
spy,1998-07-17,73.18866729736328
spy,1998-07-20,73.18866729736328
spy,1998-07-21,71.91547393798828
spy,1998-07-22,71.91547393798828
spy,1998-07-23,70.48796844482422
spy,1998-07-24,70.43010711669922
spy,1998-07-27,70.93169403076172
spy,1998-07-28,69.73566436767578
spy,1998-07-29,69.465576171875
spy,1998-07-30,70.50730895996094
spy,1998-07-31,69.00257873535156
spy,1998-08-03,68.71327209472656
spy,1998-08-04,66.05113220214844
spy,1998-08-05,66.95777130126953
spy,1998-08-06,67.2471694946289
spy,1998-08-07,67.36290740966797
spy,1998-08-10,66.97710418701172
spy,1998-08-11,65.97400665283203
spy,1998-08-12,67.09284210205078
spy,1998-08-13,66.28260803222656
spy,1998-08-14,65.51100158691406
spy,1998-08-17,66.89989471435547
spy,1998-08-18,68.1345443725586
spy,1998-08-19,67.96088409423828
spy,1998-08-20,67.55579376220703
spy,1998-08-21,67.01568603515625
spy,1998-08-24,67.4400863647461
spy,1998-08-25,67.5943832397461
spy,1998-08-26,67.20857238769531
spy,1998-08-27,64.04493713378906
spy,1998-08-28,63.81343460083008
spy,1998-08-31,59.260826110839844
spy,1998-09-01,61.768611907958984
spy,1998-09-02,61.32492446899414
spy,1998-09-03,60.84269332885742
spy,1998-09-04,60.34111022949219
spy,1998-09-08,63.58195114135742
spy,1998-09-09,62.038658142089844
spy,1998-09-10,60.804080963134766
spy,1998-09-11,62.771724700927734
spy,1998-09-14,63.85200500488281
spy,1998-09-15,64.23786926269531
spy,1998-09-16,64.8165283203125
spy,1998-09-17,62.964630126953125
spy,1998-09-18,63.24512481689453
spy,1998-09-21,63.20639419555664
spy,1998-09-22,63.72909927368164
spy,1998-09-23,66.28443908691406
spy,1998-09-24,64.65830993652344
spy,1998-09-25,64.58084869384766
spy,1998-09-28,65.16167449951172
spy,1998-09-29,65.00676727294922
spy,1998-09-30,63.032142639160156
spy,1998-10-01,61.21241760253906
spy,1998-10-02,62.39328384399414
spy,1998-10-05,61.1350212097168
spy,1998-10-06,61.0769157409668
spy,1998-10-07,60.167049407958984
spy,1998-10-08,59.8380012512207
spy,1998-10-09,61.03820037841797
spy,1998-10-12,61.92869567871094
spy,1998-10-13,61.71574783325195
spy,1998-10-14,62.29652404785156
spy,1998-10-15,65.6456069946289
spy,1998-10-16,65.66495513916016
spy,1998-10-19,65.89728546142578
spy,1998-10-20,66.28443908691406
spy,1998-10-21,66.05215454101562
spy,1998-10-22,67.0394287109375
spy,1998-10-23,66.18762969970703
spy,1998-10-26,66.67159271240234
spy,1998-10-27,66.28443908691406
spy,1998-10-28,66.16825103759766
spy,1998-10-29,67.7750473022461
spy,1998-10-30,68.14285278320312
spy,1998-11-02,69.30439758300781
spy,1998-11-03,68.80107879638672
spy,1998-11-04,69.53669738769531
spy,1998-11-05,70.48528289794922
spy,1998-11-06,70.69823455810547
spy,1998-11-09,70.19490814208984
spy,1998-11-10,70.00128173828125
spy,1998-11-11,69.53669738769531
spy,1998-11-12,69.45928955078125
spy,1998-11-13,70.13685607910156
spy,1998-11-16,70.65949249267578
spy,1998-11-17,70.65949249267578
spy,1998-11-18,71.08539581298828
spy,1998-11-19,71.70488739013672
spy,1998-11-20,72.24693298339844
spy,1998-11-23,73.95050048828125
spy,1998-11-24,73.48587036132812
spy,1998-11-25,73.48587036132812
spy,1998-11-27,74.02792358398438
spy,1998-11-30,71.93717956542969
spy,1998-12-01,72.86641693115234
spy,1998-12-02,72.65345764160156
spy,1998-12-03,71.45323181152344
spy,1998-12-04,73.33101654052734
spy,1998-12-07,73.67952728271484
spy,1998-12-08,73.35037231445312
spy,1998-12-09,73.48587036132812
spy,1998-12-10,72.41151428222656
spy,1998-12-11,72.55669403076172
spy,1998-12-14,70.46589660644531
spy,1998-12-15,72.28565979003906
spy,1998-12-16,72.1888198852539
spy,1998-12-17,73.34071350097656
spy,1998-12-18,73.65234375
spy,1998-12-21,74.68177032470703
spy,1998-12-22,75.01194763183594
spy,1998-12-23,76.58521270751953
spy,1998-12-24,76.25504302978516
spy,1998-12-28,76.06079864501953
spy,1998-12-29,77.2649917602539
spy,1998-12-30,76.64350128173828
spy,1998-12-31,76.64350128173828
spy,1999-01-04,76.46868133544922
spy,1999-01-05,77.3427505493164
spy,1999-01-06,79.20735168457031
spy,1999-01-07,78.81889343261719
spy,1999-01-08,79.40155029296875
spy,1999-01-11,78.64408111572266
spy,1999-01-12,77.22616577148438
spy,1999-01-13,76.68232727050781
spy,1999-01-14,75.34213256835938
spy,1999-01-15,77.30390167236328
spy,1999-01-19,77.80889129638672
spy,1999-01-20,78.43040466308594
spy,1999-01-21,76.35212707519531
spy,1999-01-22,76.17733764648438
spy,1999-01-25,76.95423889160156
spy,1999-01-26,78.352783203125
spy,1999-01-27,77.43982696533203
spy,1999-01-28,78.74111938476562
spy,1999-01-29,79.34329986572266
spy,1999-02-01,78.87713623046875
spy,1999-02-02,78.39155578613281
spy,1999-02-03,79.18791961669922
spy,1999-02-04,78.00308227539062
spy,1999-02-05,77.1096420288086
spy,1999-02-08,77.2649917602539
spy,1999-02-09,75.53636169433594
spy,1999-02-10,76.02196502685547
spy,1999-02-11,77.77003479003906
spy,1999-02-12,76.83771514892578
spy,1999-02-16,76.3715591430664
spy,1999-02-17,76.29388427734375
spy,1999-02-18,76.89599609375
spy,1999-02-19,77.22616577148438
spy,1999-02-22,79.28502655029297
spy,1999-02-23,79.24617004394531
spy,1999-02-24,77.84771728515625
spy,1999-02-25,77.1096420288086
spy,1999-02-26,76.79887390136719
spy,1999-03-01,77.01253509521484
spy,1999-03-02,76.33271026611328
spy,1999-03-03,76.74060821533203
spy,1999-03-04,77.71174621582031
spy,1999-03-05,79.27532196044922
spy,1999-03-08,79.79003143310547
spy,1999-03-09,79.59579467773438
spy,1999-03-10,80.2950210571289
spy,1999-03-11,81.18850708007812
spy,1999-03-12,80.41157531738281
spy,1999-03-15,81.55754089355469
spy,1999-03-16,81.24674987792969
spy,1999-03-17,80.89713287353516
spy,1999-03-18,82.19845581054688
spy,1999-03-19,80.80132293701172
spy,1999-03-22,80.95706939697266
spy,1999-03-23,78.62065887451172
spy,1999-03-24,79.06848907470703
spy,1999-03-25,80.68446350097656
spy,1999-03-26,80.10035705566406
spy,1999-03-29,81.71636962890625
spy,1999-03-30,81.28809356689453
spy,1999-03-31,79.98355102539062
spy,1999-04-01,80.587158203125
spy,1999-04-05,82.49520874023438
spy,1999-04-06,82.300537109375
spy,1999-04-07,82.96247863769531
spy,1999-04-08,84.01390075683594
spy,1999-04-09,84.03333282470703
spy,1999-04-12,84.9289779663086
spy,1999-04-13,84.38383483886719
spy,1999-04-14,82.96247863769531
spy,1999-04-15,82.65097045898438
spy,1999-04-16,81.9500503540039
spy,1999-04-19,80.68446350097656
spy,1999-04-20,81.69693756103516
spy,1999-04-21,84.03333282470703
spy,1999-04-22,84.8316421508789
spy,1999-04-23,84.61748504638672
spy,1999-04-26,85.10419464111328
spy,1999-04-27,85.51307678222656
spy,1999-04-28,84.34490203857422
spy,1999-04-29,83.7023696899414
spy,1999-04-30,83.02092742919922
spy,1999-05-03,84.53955841064453
spy,1999-05-04,83.33244323730469
spy,1999-05-05,83.99443817138672
spy,1999-05-06,83.47846984863281
spy,1999-05-07,84.11126708984375
spy,1999-05-10,83.69264221191406
spy,1999-05-11,84.53955841064453
spy,1999-05-12,85.20157623291016
spy,1999-05-13,85.57149505615234
spy,1999-05-14,83.35189056396484
spy,1999-05-17,83.60497283935547
spy,1999-05-18,83.4492416381836
spy,1999-05-19,84.05284118652344
spy,1999-05-20,83.54659271240234
spy,1999-05-21,83.07927703857422
spy,1999-05-24,81.69693756103516
spy,1999-05-25,80.37296295166016
spy,1999-05-26,81.26856994628906
spy,1999-05-27,80.10035705566406
spy,1999-05-28,81.12259674072266
spy,1999-06-01,80.84024810791016
spy,1999-06-02,80.91810607910156
spy,1999-06-03,81.3659439086914
spy,1999-06-04,83.0014419555664
spy,1999-06-07,83.2155990600586
spy,1999-06-08,82.3978271484375
spy,1999-06-09,82.31997680664062
spy,1999-06-10,81.56062316894531
spy,1999-06-11,80.87921142578125
spy,1999-06-14,80.95706939697266
spy,1999-06-15,81.50224304199219
spy,1999-06-16,83.05982208251953
spy,1999-06-17,83.83866119384766
spy,1999-06-18,83.93553161621094
spy,1999-06-21,84.13082122802734
spy,1999-06-22,83.54495239257812
spy,1999-06-23,83.13483428955078
spy,1999-06-24,82.50991821289062
spy,1999-06-25,82.30484008789062
spy,1999-06-28,83.31056213378906
spy,1999-06-29,84.09172058105469
spy,1999-06-30,85.61505889892578
spy,1999-07-01,86.2594985961914
spy,1999-07-02,87.11873626708984
spy,1999-07-06,87.0992202758789
spy,1999-07-07,87.21640014648438
spy,1999-07-08,87.28473663330078
spy,1999-07-09,87.80226135253906
spy,1999-07-12,87.41165924072266
spy,1999-07-13,87.0992202758789
spy,1999-07-14,87.58747100830078
spy,1999-07-15,88.14403533935547
spy,1999-07-16,88.62249755859375
spy,1999-07-19,88.03658294677734
spy,1999-07-20,86.23017883300781
spy,1999-07-21,86.13253021240234
spy,1999-07-22,84.99983978271484
spy,1999-07-23,84.83385467529297
spy,1999-07-26,84.20894622802734
spy,1999-07-27,84.91195678710938
spy,1999-07-28,85.18537902832031
spy,1999-07-29,83.99411010742188
spy,1999-07-30,82.95907592773438
spy,1999-08-02,83.15438079833984
spy,1999-08-03,82.76378631591797
spy,1999-08-04,81.63108825683594
spy,1999-08-05,82.37319946289062
spy,1999-08-06,81.474853515625
spy,1999-08-09,81.29911804199219
spy,1999-08-10,80.40079498291016
spy,1999-08-11,81.37723541259766
spy,1999-08-12,81.32838439941406
spy,1999-08-13,83.21295166015625
spy,1999-08-16,83.583984375
spy,1999-08-17,84.13082122802734
spy,1999-08-18,83.525390625
spy,1999-08-19,82.84188079833984
spy,1999-08-20,83.681640625
spy,1999-08-23,85.28303527832031
spy,1999-08-24,85.59548950195312
spy,1999-08-25,86.4742660522461
spy,1999-08-26,85.43923950195312
spy,1999-08-27,84.40422058105469
spy,1999-08-30,82.84188079833984
spy,1999-08-31,82.52942657470703
spy,1999-09-01,83.54495239257812
spy,1999-09-02,82.5587387084961
spy,1999-09-03,84.9705810546875
spy,1999-09-07,84.65808868408203
spy,1999-09-08,84.24798583984375
spy,1999-09-09,84.20894622802734
spy,1999-09-10,84.91195678710938
spy,1999-09-13,84.33589172363281
spy,1999-09-14,83.77928924560547
spy,1999-09-15,82.4512939453125
spy,1999-09-16,82.77352142333984
spy,1999-09-17,83.81940460205078
spy,1999-09-20,83.70191192626953
spy,1999-09-21,81.93933868408203
spy,1999-09-22,81.85122680664062
spy,1999-09-23,80.13761138916016
spy,1999-09-24,80.05926513671875
spy,1999-09-27,80.58805084228516
spy,1999-09-28,80.4313735961914
spy,1999-09-29,79.47175598144531
spy,1999-09-30,80.68594360351562
spy,1999-10-01,80.50972747802734
spy,1999-10-04,81.93933868408203
spy,1999-10-05,81.86100769042969
spy,1999-10-06,83.11441802978516
spy,1999-10-07,82.64439392089844
spy,1999-10-08,83.8977279663086
spy,1999-10-11,83.76063537597656
spy,1999-10-12,82.46813201904297
spy,1999-10-13,80.33344268798828
spy,1999-10-14,80.31387329101562
spy,1999-10-15,78.257568359375
spy,1999-10-18,78.82547760009766
spy,1999-10-19,79.5892562866211
spy,1999-10-20,80.37263488769531
spy,1999-10-21,80.84262084960938
spy,1999-10-22,81.52808380126953
spy,1999-10-25,81.11685180664062
spy,1999-10-26,80.09847259521484
spy,1999-10-27,81.54766845703125
spy,1999-10-28,84.32858276367188
spy,1999-10-29,85.85616302490234
spy,1999-11-01,84.95526885986328
spy,1999-11-02,84.34818267822266
spy,1999-11-03,84.91613006591797
spy,1999-11-04,85.56236267089844
spy,1999-11-05,86.40451049804688
spy,1999-11-08,86.48284912109375
spy,1999-11-09,85.67010498046875
spy,1999-11-10,86.30657196044922
spy,1999-11-11,86.79621124267578
spy,1999-11-12,87.57954406738281
spy,1999-11-15,87.78514862060547
spy,1999-11-16,88.51956176757812
spy,1999-11-17,88.75455474853516
spy,1999-11-18,89.38127899169922
spy,1999-11-19,89.30294036865234
spy,1999-11-22,89.28330993652344
spy,1999-11-23,88.5
spy,1999-11-24,88.96997833251953
spy,1999-11-26,88.63706970214844
spy,1999-11-29,88.32373046875
spy,1999-11-30,87.2857666015625
spy,1999-12-01,87.99080657958984
spy,1999-12-02,88.51956176757812
spy,1999-12-03,90.14506530761719
spy,1999-12-06,89.4791488647461
spy,1999-12-07,88.75455474853516
spy,1999-12-08,88.18660736083984
spy,1999-12-09,88.61746215820312
spy,1999-12-10,88.91123962402344
spy,1999-12-13,89.06791687011719
spy,1999-12-14,88.20623016357422
spy,1999-12-15,88.67623901367188
spy,1999-12-16,89.06791687011719
spy,1999-12-17,89.6398696899414
spy,1999-12-20,88.99201965332031
spy,1999-12-21,90.34667205810547
spy,1999-12-22,90.5822525024414
spy,1999-12-23,92.02516174316406
spy,1999-12-27,91.89756774902344
spy,1999-12-28,91.83869934082031
spy,1999-12-29,92.2313232421875
spy,1999-12-30,92.12334442138672
spy,1999-12-31,92.27059173583984
spy,2000-01-03,91.3675537109375
spy,2000-01-04,87.79449462890625
spy,2000-01-05,87.9515609741211
spy,2000-01-06,86.53807830810547
spy,2000-01-07,91.56385040283203
spy,2000-01-10,91.87800598144531
spy,2000-01-11,90.7785415649414
spy,2000-01-12,89.87550354003906
spy,2000-01-13,91.09271240234375
spy,2000-01-14,92.32945251464844
spy,2000-01-18,91.60317993164062
spy,2000-01-19,92.34909057617188
spy,2000-01-20,90.93565368652344
spy,2000-01-21,90.73927307128906
spy,2000-01-24,88.1675033569336
spy,2000-01-25,89.16873168945312
spy,2000-01-26,88.46202850341797
spy,2000-01-27,88.1086196899414
spy,2000-01-28,85.360107421875
spy,2000-01-31,87.67666625976562
spy,2000-02-01,88.54053497314453
spy,2000-02-02,88.61906433105469
spy,2000-02-03,89.95401763916016
spy,2000-02-04,89.58099365234375
spy,2000-02-07,89.4436264038086
spy,2000-02-08,90.6607894897461
spy,2000-02-09,88.75647735595703
spy,2000-02-10,88.93317413330078
spy,2000-02-11,87.12698364257812
spy,2000-02-14,87.637451171875
spy,2000-02-15,88.62884521484375
spy,2000-02-16,87.32330322265625
spy,2000-02-17,86.87178802490234
spy,2000-02-18,85.00670623779297
spy,2000-02-22,84.79077911376953
spy,2000-02-23,85.7920150756836
spy,2000-02-24,84.06441497802734
spy,2000-02-25,83.7601547241211
spy,2000-02-28,85.51720428466797
spy,2000-02-29,86.34172821044922
spy,2000-03-01,86.9699935913086
spy,2000-03-02,87.0288314819336
spy,2000-03-03,88.65829467773438
spy,2000-03-06,87.79449462890625
spy,2000-03-07,86.09632110595703
spy,2000-03-08,85.98834991455078
spy,2000-03-09,88.5012435913086
spy,2000-03-10,88.03009796142578
spy,2000-03-13,87.0680923461914
spy,2000-03-14,85.83128356933594
spy,2000-03-15,87.83374786376953
spy,2000-03-16,91.93685913085938
spy,2000-03-17,92.54450988769531
spy,2000-03-20,92.07206726074219
spy,2000-03-21,93.96154022216797
spy,2000-03-22,94.53242492675781
spy,2000-03-23,96.14633178710938
spy,2000-03-24,96.717041015625
spy,2000-03-27,95.69358825683594
spy,2000-03-28,95.1424560546875
spy,2000-03-29,95.24085998535156
spy,2000-03-30,93.64665222167969
spy,2000-03-31,94.70950317382812
spy,2000-04-03,95.26060485839844
spy,2000-04-04,94.55203247070312
spy,2000-04-05,93.96154022216797
spy,2000-04-06,94.77838897705078
spy,2000-04-07,95.37871551513672
spy,2000-04-10,95.0047378540039
spy,2000-04-11,94.7291259765625
spy,2000-04-12,92.13114929199219
spy,2000-04-13,90.85182189941406
spy,2000-04-14,85.65577697753906
spy,2000-04-17,88.6474380493164
spy,2000-04-18,90.9896240234375
spy,2000-04-19,90.14331817626953
spy,2000-04-20,90.57624816894531
spy,2000-04-24,89.59221649169922
spy,2000-04-25,93.31204986572266
spy,2000-04-26,92.25910949707031
spy,2000-04-27,91.9540023803711
spy,2000-04-28,91.38323211669922
spy,2000-05-01,92.62321472167969
spy,2000-05-02,90.77306365966797
spy,2000-05-03,88.6474380493164
spy,2000-05-04,89.31663513183594
spy,2000-05-05,90.3991928100586
spy,2000-05-08,89.7201156616211
spy,2000-05-09,89.00173950195312
spy,2000-05-10,86.99419403076172
spy,2000-05-11,88.98201751708984
spy,2000-05-12,89.94644927978516
spy,2000-05-15,91.50132751464844
spy,2000-05-16,92.38703155517578
spy,2000-05-17,91.42264556884766
spy,2000-05-18,90.30072784423828
spy,2000-05-19,88.88365173339844
spy,2000-05-22,88.21446228027344
spy,2000-05-23,86.91543579101562
spy,2000-05-24,88.33255767822266
spy,2000-05-25,86.8170394897461
spy,2000-05-26,86.91543579101562
spy,2000-05-30,89.74967193603516
spy,2000-05-31,89.94644927978516
spy,2000-06-01,91.52096557617188
spy,2000-06-02,93.11524200439453
spy,2000-06-05,92.6625747680664
spy,2000-06-06,92.24925231933594
spy,2000-06-07,92.8889389038086
spy,2000-06-08,92.52477264404297
spy,2000-06-09,92.32794189453125
spy,2000-06-12,91.2454605102539
spy,2000-06-13,92.95780944824219
spy,2000-06-14,93.11524200439453
spy,2000-06-15,93.31204986572266
spy,2000-06-16,92.54532623291016
spy,2000-06-19,93.72900390625
spy,2000-06-20,93.3936767578125
spy,2000-06-21,93.3542251586914
spy,2000-06-22,91.9338150024414
spy,2000-06-23,91.14462280273438
spy,2000-06-26,92.3185043334961
spy,2000-06-27,91.63789367675781
spy,2000-06-28,91.89434814453125
spy,2000-06-29,91.02630615234375
spy,2000-06-30,91.7167739868164
spy,2000-07-03,92.97938537597656
spy,2000-07-05,91.3024673461914
spy,2000-07-06,92.01274108886719
spy,2000-07-07,93.49227905273438
spy,2000-07-10,93.33444213867188
spy,2000-07-11,93.53178405761719
spy,2000-07-12,94.14336395263672
spy,2000-07-13,94.5576171875
spy,2000-07-14,95.48490142822266
spy,2000-07-17,95.32707214355469
spy,2000-07-18,94.54776763916016
spy,2000-07-19,93.78826904296875
spy,2000-07-20,95.09033966064453
spy,2000-07-21,93.23583221435547
spy,2000-07-24,92.70317077636719
spy,2000-07-25,92.99910736083984
spy,2000-07-26,92.09164428710938
spy,2000-07-27,91.7759780883789
spy,2000-07-28,89.70446014404297
spy,2000-07-31,90.27661895751953
spy,2000-08-01,90.82901763916016
spy,2000-08-02,91.28273010253906
spy,2000-08-03,91.91401672363281
spy,2000-08-04,92.4072494506836
spy,2000-08-07,93.51203918457031
spy,2000-08-08,93.8671646118164
spy,2000-08-09,93.07804870605469
spy,2000-08-10,92.62431335449219
spy,2000-08-11,93.05828094482422
spy,2000-08-14,94.24198913574219
spy,2000-08-15,94.16307830810547
spy,2000-08-16,93.82770538330078
spy,2000-08-17,94.81412506103516
spy,2000-08-18,94.49848937988281
spy,2000-08-21,95.0113754272461
spy,2000-08-22,94.85355377197266
spy,2000-08-23,95.22840881347656
spy,2000-08-24,95.5243148803711
spy,2000-08-25,95.48490142822266
spy,2000-08-28,95.8104248046875
spy,2000-08-29,95.83015441894531
spy,2000-08-30,94.9127426147461
spy,2000-08-31,96.17536163330078
spy,2000-09-01,96.27400207519531
spy,2000-09-05,95.50457763671875
spy,2000-09-06,94.41959381103516
spy,2000-09-07,95.22840881347656
spy,2000-09-08,94.57737731933594
spy,2000-09-11,94.43927001953125
spy,2000-09-12,93.7487564086914
spy,2000-09-13,93.99544525146484
spy,2000-09-14,94.4688491821289
spy,2000-09-15,92.402099609375
spy,2000-09-18,91.55168151855469
spy,2000-09-19,92.38233184814453
spy,2000-09-20,91.69996643066406
spy,2000-09-21,90.30561828613281
spy,2000-09-22,91.94718170166016
spy,2000-09-25,91.29451751708984
spy,2000-09-26,90.12764739990234
spy,2000-09-27,90.602294921875
spy,2000-09-28,91.76917266845703
spy,2000-09-29,90.89891815185547
spy,2000-10-02,91.03740692138672
spy,2000-10-03,90.1869888305664
spy,2000-10-04,90.93854522705078
spy,2000-10-05,91.25495910644531
spy,2000-10-06,89.27719116210938
spy,2000-10-09,88.60474395751953
spy,2000-10-10,87.14118194580078
spy,2000-10-11,86.40937042236328
spy,2000-10-12,84.25363159179688
spy,2000-10-13,87.06208801269531
spy,2000-10-16,87.45759582519531
spy,2000-10-17,85.28203582763672
spy,2000-10-18,84.96556854248047
spy,2000-10-19,88.16962432861328
spy,2000-10-20,88.54541778564453
spy,2000-10-23,88.94097900390625
spy,2000-10-24,88.34760284423828
spy,2000-10-25,86.27093505859375
spy,2000-10-26,86.50827026367188
spy,2000-10-27,88.14984130859375
spy,2000-10-30,88.94097900390625
spy,2000-10-31,90.47376251220703
spy,2000-11-01,90.16722106933594
spy,2000-11-02,90.3155288696289
spy,2000-11-03,90.3649673461914
spy,2000-11-06,90.99791717529297
spy,2000-11-07,90.97804260253906
spy,2000-11-08,88.96072387695312
spy,2000-11-09,88.62452697753906
spy,2000-11-10,86.46870422363281
spy,2000-11-13,85.79629516601562
spy,2000-11-14,88.0510025024414
spy,2000-11-15,88.32783508300781
spy,2000-11-16,86.94340515136719
spy,2000-11-17,86.47862243652344
spy,2000-11-20,85.24250793457031
spy,2000-11-21,85.6776123046875
spy,2000-11-22,83.63062286376953
spy,2000-11-24,85.34138488769531
spy,2000-11-27,86.09293365478516
spy,2000-11-28,84.60962677001953
spy,2000-11-29,84.4513931274414
spy,2000-11-30,83.71961212158203
spy,2000-12-01,83.68006134033203
spy,2000-12-04,84.39205932617188
spy,2000-12-05,87.16094207763672
spy,2000-12-06,85.76661682128906
spy,2000-12-07,84.5898208618164
spy,2000-12-08,84.78762817382812
spy,2000-12-11,87.73448181152344
spy,2000-12-12,87.35872650146484
spy,2000-12-13,86.16213989257812
spy,2000-12-14,85.06450653076172
spy,2000-12-15,83.1432113647461
spy,2000-12-18,84.25413513183594
spy,2000-12-19,82.53813934326172
spy,2000-12-20,80.14757537841797
spy,2000-12-21,80.70301818847656
spy,2000-12-22,83.12332916259766
spy,2000-12-26,84.01605987548828
spy,2000-12-27,84.63105773925781
spy,2000-12-28,84.88899230957031
spy,2000-12-29,83.28203582763672
spy,2001-01-02,81.77433776855469
spy,2001-01-03,85.70236206054688
spy,2001-01-04,84.77986145019531
spy,2001-01-05,82.01239013671875
spy,2001-01-08,82.64725494384766
spy,2001-01-09,82.42900848388672
spy,2001-01-10,83.87721252441406
spy,2001-01-11,83.95655059814453
spy,2001-01-12,83.79785919189453
spy,2001-01-16,84.33351135253906
spy,2001-01-17,84.72036743164062
spy,2001-01-18,85.5634765625
spy,2001-01-19,85.07745361328125
spy,2001-01-22,85.64283752441406
spy,2001-01-23,86.3173599243164
spy,2001-01-24,86.57524108886719
spy,2001-01-25,86.35699462890625
spy,2001-01-26,86.25782775878906
spy,2001-01-29,86.71810150146484
spy,2001-01-30,87.47984313964844
spy,2001-01-31,86.98467254638672
spy,2001-02-01,87.5624008178711
spy,2001-02-02,85.57539367675781
spy,2001-02-05,86.20388793945312
spy,2001-02-06,85.949951171875
spy,2001-02-07,85.50557708740234
spy,2001-02-08,84.50882720947266
spy,2001-02-09,83.69627380371094
spy,2001-02-12,84.65489959716797
spy,2001-02-13,83.96287536621094
spy,2001-02-14,83.83592224121094
spy,2001-02-15,84.64852142333984
spy,2001-02-16,82.78211212158203
spy,2001-02-20,81.50609588623047
spy,2001-02-21,79.74763488769531
spy,2001-02-22,79.86824035644531
spy,2001-02-23,79.32862854003906
spy,2001-02-26,81.017333984375
spy,2001-02-27,80.2681655883789
spy,2001-02-28,78.6874771118164
spy,2001-03-01,79.10009002685547
spy,2001-03-02,78.47161102294922
spy,2001-03-05,79.1889419555664
spy,2001-03-06,80.03964233398438
spy,2001-03-07,80.6109848022461
spy,2001-03-08,80.69989013671875
spy,2001-03-09,78.31291961669922
spy,2001-03-12,74.96099090576172
spy,2001-03-13,76.19258117675781
spy,2001-03-14,74.68798828125
spy,2001-03-15,74.7070541381836
spy,2001-03-16,73.20862579345703
spy,2001-03-19,74.69812774658203
spy,2001-03-20,72.69303894042969
spy,2001-03-21,71.45813751220703
spy,2001-03-22,70.73247528076172
spy,2001-03-23,72.87128448486328
spy,2001-03-26,73.80062866210938
spy,2001-03-27,75.30921173095703
spy,2001-03-28,73.22776794433594
spy,2001-03-29,73.5077896118164
spy,2001-03-30,74.27802276611328
spy,2001-04-02,72.69303894042969
spy,2001-04-03,70.26783752441406
spy,2001-04-04,70.56062316894531
spy,2001-04-05,73.23407745361328
spy,2001-04-06,72.12017822265625
spy,2001-04-09,72.92218017578125
spy,2001-04-10,74.25257873535156
spy,2001-04-11,74.30350494384766
spy,2001-04-12,75.6529541015625
spy,2001-04-16,74.85726928710938
spy,2001-04-17,75.9139404296875
spy,2001-04-18,78.93115997314453
spy,2001-04-19,79.98143005371094
spy,2001-04-20,79.24940490722656
spy,2001-04-23,77.81084442138672
spy,2001-04-24,77.39073944091797
spy,2001-04-25,78.40281677246094
spy,2001-04-26,78.7529067993164
spy,2001-04-27,80.06417846679688
spy,2001-04-30,80.62433624267578
spy,2001-05-01,80.87258911132812
spy,2001-05-02,80.72616577148438
spy,2001-05-03,79.70135498046875
spy,2001-05-04,81.05716705322266
spy,2001-05-07,80.35700225830078
spy,2001-05-08,80.31879425048828
spy,2001-05-09,79.98143005371094
spy,2001-05-10,80.21695709228516
spy,2001-05-11,79.66313934326172
spy,2001-05-14,79.82229614257812
spy,2001-05-15,80.19152069091797
spy,2001-05-16,82.08201599121094
spy,2001-05-17,82.20934295654297
spy,2001-05-18,82.58492279052734
spy,2001-05-21,83.80067443847656
spy,2001-05-22,83.69245147705078
spy,2001-05-23,82.27297973632812
spy,2001-05-24,82.514892578125
spy,2001-05-25,81.54094696044922
spy,2001-05-29,80.89167022705078
spy,2001-05-30,79.75867462158203
spy,2001-05-31,80.17239379882812
spy,2001-06-01,80.66888427734375
spy,2001-06-04,81.05716705322266
spy,2001-06-05,81.986572265625
spy,2001-06-06,81.30545043945312
spy,2001-06-07,81.5982666015625
spy,2001-06-08,80.84077453613281
spy,2001-06-11,80.26787567138672
spy,2001-06-12,80.12785339355469
spy,2001-06-13,79.44036102294922
spy,2001-06-14,77.65807342529297
spy,2001-06-15,77.78314208984375
spy,2001-06-18,77.40654754638672
spy,2001-06-19,77.74483489990234
spy,2001-06-20,78.1534194946289
spy,2001-06-21,79.04074096679688
spy,2001-06-22,78.42151641845703
spy,2001-06-25,77.70018005371094
spy,2001-06-26,77.59166717529297
spy,2001-06-27,77.54698944091797
spy,2001-06-28,77.97466278076172
spy,2001-06-29,78.261962890625
spy,2001-07-02,79.23860931396484
spy,2001-07-03,79.2194595336914
spy,2001-07-05,77.67466735839844
spy,2001-07-06,75.99579620361328
spy,2001-07-09,76.41069793701172
spy,2001-07-10,75.49150848388672
spy,2001-07-11,75.5680923461914
spy,2001-07-12,77.36186218261719
spy,2001-07-13,78.03211212158203
spy,2001-07-16,77.05545043945312
spy,2001-07-17,77.77680206298828
spy,2001-07-18,77.24695587158203
spy,2001-07-19,77.92362213134766
spy,2001-07-20,77.45763397216797
spy,2001-07-23,75.93196868896484
spy,2001-07-24,75.1978759765625
spy,2001-07-25,76.0276870727539
spy,2001-07-26,76.82562255859375
spy,2001-07-27,77.11929321289062
spy,2001-07-30,77.14483642578125
spy,2001-07-31,77.46402740478516
spy,2001-08-01,77.94915008544922
spy,2001-08-02,78.268310546875
spy,2001-08-03,77.84059143066406
spy,2001-08-06,76.793701171875
spy,2001-08-07,77.09375762939453
spy,2001-08-08,75.66387176513672
spy,2001-08-09,75.88725280761719
spy,2001-08-10,76.14897918701172
spy,2001-08-13,76.16815948486328
spy,2001-08-14,76.13622283935547
spy,2001-08-15,75.47871398925781
spy,2001-08-16,75.74043273925781
spy,2001-08-17,74.52758026123047
spy,2001-08-20,75.2170181274414
spy,2001-08-21,73.93391418457031
spy,2001-08-22,74.69994354248047
spy,2001-08-23,74.43182373046875
spy,2001-08-24,75.97665405273438
spy,2001-08-27,75.5234146118164
spy,2001-08-28,74.41908264160156
spy,2001-08-29,73.75516510009766
spy,2001-08-30,72.33802032470703
spy,2001-08-31,72.86788177490234
spy,2001-09-04,72.40185546875
spy,2001-09-05,72.58060455322266
spy,2001-09-06,70.7102279663086
spy,2001-09-07,69.401611328125
spy,2001-09-10,70.25065612792969
spy,2001-09-17,66.58012390136719
spy,2001-09-18,66.42051696777344
spy,2001-09-19,65.0799789428711
spy,2001-09-20,63.01173782348633
spy,2001-09-21,62.331871032714844
spy,2001-09-24,64.52323913574219
spy,2001-09-25,65.19603729248047
spy,2001-09-26,64.9653549194336
spy,2001-09-27,65.52920532226562
spy,2001-09-28,66.91962432861328
spy,2001-10-01,66.81071472167969
spy,2001-10-02,67.65011596679688
spy,2001-10-03,68.78421783447266
spy,2001-10-04,68.84186553955078
spy,2001-10-05,68.70730590820312
spy,2001-10-08,68.2587661743164
spy,2001-10-09,67.89356994628906
spy,2001-10-10,69.40574645996094
spy,2001-10-11,70.482177734375
spy,2001-10-12,70.16182708740234
spy,2001-10-15,70.03368377685547
spy,2001-10-16,70.47576141357422
spy,2001-10-17,68.97642517089844
spy,2001-10-18,68.82905578613281
spy,2001-10-19,68.78421783447266
spy,2001-10-22,70.14258575439453
spy,2001-10-23,69.78377532958984
spy,2001-10-24,69.59797668457031
spy,2001-10-25,70.84739685058594
spy,2001-10-26,70.68721771240234
spy,2001-10-29,68.8482894897461
spy,2001-10-30,68.02172088623047
spy,2001-10-31,67.79106140136719
spy,2001-11-01,69.52749633789062
spy,2001-11-02,70.0016098022461
spy,2001-11-05,70.91792297363281
spy,2001-11-06,72.01998138427734
spy,2001-11-07,71.92391204833984
spy,2001-11-08,72.14813995361328
spy,2001-11-09,72.22504425048828
spy,2001-11-12,71.78289794921875
spy,2001-11-13,73.3975830078125
spy,2001-11-14,73.46808624267578
spy,2001-11-15,73.60262298583984
spy,2001-11-16,73.27586364746094
spy,2001-11-19,74.17924499511719
spy,2001-11-20,73.55776977539062
spy,2001-11-21,73.07079315185547
spy,2001-11-23,74.12162017822266
spy,2001-11-26,74.28182983398438
spy,2001-11-27,73.96146392822266
spy,2001-11-28,72.62226104736328
spy,2001-11-29,73.60262298583984
spy,2001-11-30,73.07719421386719
spy,2001-12-03,72.64152526855469
spy,2001-12-04,73.87178039550781
spy,2001-12-05,75.22372436523438
spy,2001-12-06,75.1852798461914
spy,2001-12-07,74.68547821044922
spy,2001-12-10,73.2886734008789
spy,2001-12-11,73.14131164550781
spy,2001-12-12,73.224609375
spy,2001-12-13,71.80213928222656
spy,2001-12-14,72.48772430419922
spy,2001-12-17,73.2374038696289
spy,2001-12-18,73.67313385009766
spy,2001-12-19,74.19209289550781
spy,2001-12-20,73.4616928100586
spy,2001-12-21,73.9072494506836
spy,2001-12-24,73.76580810546875
spy,2001-12-26,74.17084503173828
spy,2001-12-27,74.62091827392578
spy,2001-12-28,74.58232116699219
spy,2001-12-31,73.48926544189453
spy,2002-01-02,74.2801284790039
spy,2002-01-03,75.12242126464844
spy,2002-01-04,75.62390899658203
spy,2002-01-07,75.09025573730469
spy,2002-01-08,74.9166488647461
spy,2002-01-09,74.30585479736328
spy,2002-01-10,74.63378143310547
spy,2002-01-11,73.90077209472656
spy,2002-01-14,73.43782043457031
spy,2002-01-15,74.03581237792969
spy,2002-01-16,72.5376968383789
spy,2002-01-17,73.08423614501953
spy,2002-01-18,72.74993133544922
spy,2002-01-22,72.24845123291016
spy,2002-01-23,72.80134582519531
spy,2002-01-24,73.02638244628906
spy,2002-01-25,73.00714111328125
spy,2002-01-28,73.20641326904297
spy,2002-01-29,70.90465545654297
spy,2002-01-30,71.92694091796875
spy,2002-01-31,72.76920318603516
spy,2002-02-01,72.42843627929688
spy,2002-02-04,70.62818145751953
spy,2002-02-05,70.1909408569336
spy,2002-02-06,69.88878631591797
spy,2002-02-07,69.45157623291016
spy,2002-02-08,70.78250122070312
spy,2002-02-11,71.65047454833984
spy,2002-02-12,71.42544555664062
spy,2002-02-13,72.18412780761719
spy,2002-02-14,72.04913330078125
spy,2002-02-15,71.29684448242188
spy,2002-02-19,69.92736053466797
spy,2002-02-20,71.10393524169922
spy,2002-02-21,69.63162231445312
spy,2002-02-22,70.4931640625
spy,2002-02-25,71.65693664550781
spy,2002-02-26,71.50902557373047
spy,2002-02-27,71.78548431396484
spy,2002-02-28,71.46401977539062
spy,2002-03-01,73.12928771972656
spy,2002-03-04,74.42160034179688
spy,2002-03-05,74.18368530273438
spy,2002-03-06,75.06452941894531
spy,2002-03-07,74.90381622314453
spy,2002-03-08,75.21886444091797
spy,2002-03-11,75.37955474853516
spy,2002-03-12,75.33460998535156
spy,2002-03-13,74.60803985595703
spy,2002-03-14,74.5051498413086
spy,2002-03-15,75.21507263183594
spy,2002-03-18,75.22796630859375
spy,2002-03-19,75.73086547851562
spy,2002-03-20,74.30594635009766
spy,2002-03-21,74.33816528320312
spy,2002-03-22,74.17694854736328
spy,2002-03-25,73.25489807128906
spy,2002-03-26,73.68046569824219
spy,2002-03-27,73.87390899658203
spy,2002-03-28,73.84165954589844
spy,2002-04-01,73.87390899658203
spy,2002-04-02,73.46770477294922
spy,2002-04-03,72.95188903808594
spy,2002-04-04,72.64879608154297
spy,2002-04-05,72.66169738769531
spy,2002-04-08,72.81646728515625
spy,2002-04-09,72.30705261230469
spy,2002-04-10,73.12596893310547
spy,2002-04-11,71.30763244628906
spy,2002-04-12,71.8427963256836
spy,2002-04-15,71.29473876953125
spy,2002-04-16,72.99053192138672
spy,2002-04-17,72.83576202392578
spy,2002-04-18,72.51986694335938
spy,2002-04-19,72.78421783447266
spy,2002-04-22,71.5719985961914
spy,2002-04-23,71.26248931884766
spy,2002-04-24,70.54678344726562
spy,2002-04-25,70.58545684814453
spy,2002-04-26,69.2442855834961
spy,2002-04-29,68.90254211425781
spy,2002-04-30,69.54732513427734
spy,2002-05-01,70.39847564697266
spy,2002-05-02,70.127685546875
spy,2002-05-03,69.36679077148438
spy,2002-05-06,68.0063247680664
spy,2002-05-07,67.76773071289062
spy,2002-05-08,70.28887176513672
spy,2002-05-09,69.47645568847656
spy,2002-05-10,68.16751098632812
spy,2002-05-13,69.55377960205078
spy,2002-05-14,71.0690689086914
spy,2002-05-15,70.79180145263672
spy,2002-05-16,71.15935516357422
spy,2002-05-17,71.50752258300781
spy,2002-05-20,70.73377227783203
spy,2002-05-21,70.08897399902344
spy,2002-05-22,70.24375915527344
spy,2002-05-23,70.99170684814453
spy,2002-05-24,70.08252716064453
spy,2002-05-28,69.70211029052734
spy,2002-05-29,69.18630981445312
spy,2002-05-30,68.99282836914062
spy,2002-05-31,69.13471221923828
spy,2002-06-03,67.29703521728516
spy,2002-06-04,67.46467590332031
spy,2002-06-05,68.0965576171875
spy,2002-06-06,66.71023559570312
spy,2002-06-07,66.63288116455078
spy,2002-06-10,66.89080047607422
spy,2002-06-11,65.74309539794922
spy,2002-06-12,66.14286041259766
spy,2002-06-13,65.47868347167969
spy,2002-06-14,65.38198852539062
spy,2002-06-17,67.1358413696289
spy,2002-06-18,67.68388366699219
spy,2002-06-19,66.10417175292969
spy,2002-06-20,65.25946807861328
spy,2002-06-21,64.23908996582031
spy,2002-06-24,64.5755615234375
spy,2002-06-25,63.12614822387695
spy,2002-06-26,63.229705810546875
spy,2002-06-27,64.33612823486328
spy,2002-06-28,64.03204345703125
spy,2002-07-01,62.78323745727539
spy,2002-07-02,61.45030975341797
spy,2002-07-03,61.79970932006836
spy,2002-07-05,64.25850677490234
spy,2002-07-08,63.45615005493164
spy,2002-07-09,61.85796356201172
spy,2002-07-10,59.606224060058594
spy,2002-07-11,60.09149169921875
spy,2002-07-12,59.43150329589844
spy,2002-07-15,59.74857711791992
spy,2002-07-16,58.59682083129883
spy,2002-07-17,58.7132682800293
spy,2002-07-18,56.81096267700195
spy,2002-07-19,54.81156539916992
spy,2002-07-22,53.18747329711914
spy,2002-07-23,51.73162841796875
spy,2002-07-24,54.81802749633789
spy,2002-07-25,54.35216522216797
spy,2002-07-26,55.387447357177734
spy,2002-07-29,58.08562469482422
spy,2002-07-30,58.84270477294922
spy,2002-07-31,58.98503112792969
spy,2002-08-01,57.445068359375
spy,2002-08-02,56.15745162963867
spy,2002-08-05,54.20335006713867
spy,2002-08-06,56.028018951416016
spy,2002-08-07,57.005088806152344
spy,2002-08-08,58.84915542602539
spy,2002-08-09,59.06916809082031
spy,2002-08-12,58.63566207885742
spy,2002-08-13,57.56801986694336
spy,2002-08-14,59.67092514038086
spy,2002-08-15,60.499107360839844
spy,2002-08-16,60.31795120239258
spy,2002-08-19,61.7285270690918
spy,2002-08-20,61.07499694824219
spy,2002-08-21,61.954994201660156
spy,2002-08-22,62.55677032470703
spy,2002-08-23,61.210872650146484
spy,2002-08-26,61.637935638427734
spy,2002-08-27,60.92619323730469
spy,2002-08-28,59.593257904052734
spy,2002-08-29,59.61915588378906
spy,2002-08-30,59.386207580566406
spy,2002-09-03,57.12153244018555
spy,2002-09-04,57.93683624267578
spy,2002-09-05,57.445068359375
spy,2002-09-06,58.234458923339844
spy,2002-09-09,58.661495208740234
spy,2002-09-10,59.334415435791016
spy,2002-09-11,58.965633392333984
spy,2002-09-12,57.87858581542969
spy,2002-09-13,58.02095031738281
spy,2002-09-16,58.16330337524414
spy,2002-09-17,56.830387115478516
spy,2002-09-18,56.260948181152344
spy,2002-09-19,54.80509948730469
spy,2002-09-20,54.82329559326172
spy,2002-09-23,54.37485122680664
spy,2002-09-24,53.49740982055664
spy,2002-09-25,54.82329559326172
spy,2002-09-26,55.72026443481445
spy,2002-09-27,53.78335952758789
spy,2002-09-30,53.159423828125
spy,2002-10-01,55.713722229003906
spy,2002-10-02,54.0433464050293
spy,2002-10-03,53.49740982055664
spy,2002-10-04,52.51594543457031
spy,2002-10-07,51.43056869506836
spy,2002-10-08,52.23651123046875
spy,2002-10-09,50.761112213134766
spy,2002-10-10,52.40548324584961
spy,2002-10-11,54.69982147216797
spy,2002-10-14,55.00529479980469
spy,2002-10-15,57.65056610107422
spy,2002-10-16,56.25320816040039
spy,2002-10-17,57.3711051940918
spy,2002-10-18,57.611602783203125
spy,2002-10-21,58.60599899291992
spy,2002-10-22,58.183536529541016
spy,2002-10-23,58.62550735473633
spy,2002-10-24,57.42961502075195
spy,2002-10-25,58.62550735473633
spy,2002-10-28,58.24204635620117
spy,2002-10-29,57.566104888916016
spy,2002-10-30,58.12505340576172
spy,2002-10-31,57.53358840942383
spy,2002-11-01,58.670997619628906
spy,2002-11-04,59.22998046875
spy,2002-11-05,59.69792556762695
spy,2002-11-06,60.47132873535156
spy,2002-11-07,58.98948287963867
spy,2002-11-08,58.26802444458008
spy,2002-11-11,57.36460494995117
spy,2002-11-12,57.819580078125
spy,2002-11-13,57.87809371948242
spy,2002-11-14,58.96997833251953
spy,2002-11-15,59.40545654296875
spy,2002-11-18,58.8074951171875
spy,2002-11-19,58.7295036315918
spy,2002-11-20,60.03591537475586
spy,2002-11-21,61.153804779052734
spy,2002-11-22,60.71833801269531
spy,2002-11-25,60.75734329223633
spy,2002-11-26,59.60041427612305
spy,2002-11-27,61.27726745605469
spy,2002-11-29,61.08232879638672
spy,2002-12-02,61.17982482910156
spy,2002-12-03,60.36088562011719
spy,2002-12-04,60.0879020690918
spy,2002-12-05,59.42495346069336
spy,2002-12-06,59.81492614746094
spy,2002-12-09,58.17055130004883
spy,2002-12-10,58.95046615600586
spy,2002-12-11,59.00248336791992
spy,2002-12-12,58.995975494384766
spy,2002-12-13,58.06654739379883
spy,2002-12-16,59.56791687011719
spy,2002-12-17,59.047950744628906
spy,2002-12-18,58.365562438964844
spy,2002-12-19,57.9495849609375
spy,2002-12-20,58.776451110839844
spy,2002-12-23,58.796043395996094
spy,2002-12-24,58.35842514038086
spy,2002-12-26,58.384544372558594
spy,2002-12-27,57.071754455566406
spy,2002-12-30,57.54854202270508
spy,2002-12-31,57.62687301635742
spy,2003-01-02,59.481815338134766
spy,2003-01-03,59.66471481323242
spy,2003-01-06,60.7162971496582
spy,2003-01-07,60.56606674194336
spy,2003-01-08,59.690834045410156
spy,2003-01-09,60.618282318115234
spy,2003-01-10,60.78160095214844
spy,2003-01-13,60.762027740478516
spy,2003-01-14,60.95793914794922
spy,2003-01-15,60.35051345825195
spy,2003-01-16,60.10232162475586
spy,2003-01-17,59.21405029296875
spy,2003-01-21,58.293113708496094
spy,2003-01-22,57.587703704833984
spy,2003-01-23,57.9404182434082
spy,2003-01-24,56.418609619140625
spy,2003-01-27,55.64788818359375
spy,2003-01-28,56.059364318847656
spy,2003-01-29,56.483882904052734
spy,2003-01-30,55.14495849609375
spy,2003-01-31,56.2095832824707
spy,2003-02-03,56.32062530517578
spy,2003-02-04,55.765445709228516
spy,2003-02-05,55.41928482055664
spy,2003-02-06,55.15800094604492
spy,2003-02-07,54.48529052734375
spy,2003-02-10,54.870643615722656
spy,2003-02-11,54.49185562133789
spy,2003-02-12,53.623130798339844
spy,2003-02-13,53.78644561767578
spy,2003-02-14,54.96207046508789
spy,2003-02-18,55.928733825683594
spy,2003-02-19,55.634830474853516
spy,2003-02-20,55.07965087890625
spy,2003-02-21,55.634830474853516
spy,2003-02-24,54.73349380493164
spy,2003-02-25,55.17107391357422
spy,2003-02-26,54.36772537231445
spy,2003-02-27,55.08616638183594
spy,2003-02-28,55.45192337036133
spy,2003-03-03,54.92289733886719
spy,2003-03-04,54.04765701293945
spy,2003-03-05,54.504886627197266
spy,2003-03-06,54.04765701293945
spy,2003-03-07,54.41997146606445
spy,2003-03-10,53.113670349121094
spy,2003-03-11,52.59117889404297
spy,2003-03-12,52.943870544433594
spy,2003-03-13,54.772647857666016
spy,2003-03-14,54.94900894165039
spy,2003-03-17,56.67985916137695
spy,2003-03-18,57.012962341308594
spy,2003-03-19,57.4505615234375
spy,2003-03-20,57.57466125488281
spy,2003-03-21,58.8036003112793
spy,2003-03-24,56.84938049316406
spy,2003-03-25,57.393653869628906
spy,2003-03-26,57.10514450073242
spy,2003-03-27,57.1510124206543
spy,2003-03-28,56.86249923706055
spy,2003-03-31,55.57059097290039
spy,2003-04-01,56.4230842590332
spy,2003-04-02,57.78714370727539
spy,2003-04-03,57.51170349121094
spy,2003-04-04,57.852691650390625
spy,2003-04-07,57.74122619628906
spy,2003-04-08,57.833038330078125
spy,2003-04-09,57.07233810424805
spy,2003-04-10,57.38709259033203
spy,2003-04-11,57.1510124206543
spy,2003-04-14,58.331398010253906
spy,2003-04-15,58.875736236572266
spy,2003-04-16,57.87238693237305
spy,2003-04-17,58.73143768310547
spy,2003-04-21,58.79045486450195
spy,2003-04-22,59.89875030517578
spy,2003-04-23,60.449588775634766
spy,2003-04-24,59.911865234375
spy,2003-04-25,59.17081832885742
spy,2003-04-28,60.193870544433594
spy,2003-04-29,60.40370178222656
spy,2003-04-30,60.27250289916992
spy,2003-05-01,60.26598358154297
spy,2003-05-02,61.125003814697266
spy,2003-05-05,61.007015228271484
spy,2003-05-06,61.58409118652344
spy,2003-05-07,61.24308395385742
spy,2003-05-08,60.626651763916016
spy,2003-05-09,61.46601867675781
spy,2003-05-12,62.220237731933594
spy,2003-05-13,62.108707427978516
spy,2003-05-14,61.977535247802734
spy,2003-05-15,62.37103271484375
spy,2003-05-16,62.21363830566406
spy,2003-05-19,60.75777816772461
spy,2003-05-20,60.63322830200195
spy,2003-05-21,60.75777816772461
spy,2003-05-22,61.36113357543945
spy,2003-05-23,61.485748291015625
spy,2003-05-27,62.561187744140625
spy,2003-05-28,62.738250732421875
spy,2003-05-29,62.57426834106445
spy,2003-05-30,63.57762908935547
spy,2003-06-02,63.83994674682617
spy,2003-06-03,64.1022720336914
spy,2003-06-04,65.02690124511719
spy,2003-06-05,65.34825134277344
spy,2003-06-06,65.0925064086914
spy,2003-06-09,64.43014526367188
spy,2003-06-10,65.08595275878906
spy,2003-06-11,65.77449035644531
spy,2003-06-12,65.97779846191406
spy,2003-06-13,65.28924560546875
spy,2003-06-16,66.66636657714844
spy,2003-06-17,66.66636657714844
spy,2003-06-18,66.60733032226562
spy,2003-06-19,65.59090423583984
spy,2003-06-20,65.44608306884766
spy,2003-06-23,64.77478790283203
spy,2003-06-24,64.84059143066406
spy,2003-06-25,64.18904876708984
spy,2003-06-26,65.02491760253906
spy,2003-06-27,64.27460479736328
spy,2003-06-30,64.25485229492188
spy,2003-07-01,64.84716033935547
spy,2003-07-02,65.6633071899414
spy,2003-07-03,64.98538208007812
spy,2003-07-07,66.27535247802734
spy,2003-07-08,66.57152557373047
spy,2003-07-09,66.19637298583984
spy,2003-07-10,65.35391235351562
spy,2003-07-11,65.97260284423828
spy,2003-07-14,66.29513549804688
spy,2003-07-15,66.15029907226562
spy,2003-07-16,65.76203155517578
spy,2003-07-17,64.82742309570312
spy,2003-07-18,65.49217987060547
spy,2003-07-21,64.68263244628906
spy,2003-07-22,65.2684097290039
spy,2003-07-23,65.31443786621094
spy,2003-07-24,64.82083129882812
spy,2003-07-25,65.96602630615234
spy,2003-07-28,65.72251892089844
spy,2003-07-29,65.41976165771484
spy,2003-07-30,65.26183319091797
spy,2003-07-31,65.41319274902344
spy,2003-08-01,64.83402252197266
spy,2003-08-04,64.83402252197266
spy,2003-08-05,63.45851135253906
spy,2003-08-06,63.82706069946289
spy,2003-08-07,64.49836730957031
spy,2003-08-08,64.68263244628906
spy,2003-08-11,64.9261474609375
spy,2003-08-12,65.51848602294922
spy,2003-08-13,65.18282318115234
spy,2003-08-14,65.36056518554688
spy,2003-08-15,65.5645523071289
spy,2003-08-18,66.13056945800781
spy,2003-08-19,66.38065338134766
spy,2003-08-20,66.11080932617188
spy,2003-08-21,66.32140350341797
spy,2003-08-22,65.6633071899414
spy,2003-08-25,65.76861572265625
spy,2003-08-26,65.8870620727539
spy,2003-08-27,65.90676879882812
spy,2003-08-28,66.31486511230469
spy,2003-08-29,66.76239776611328
spy,2003-09-02,67.65745544433594
spy,2003-09-03,68.02603912353516
spy,2003-09-04,68.0589370727539
spy,2003-09-05,67.67720031738281
spy,2003-09-08,68.23661041259766
spy,2003-09-09,67.7890853881836
spy,2003-09-10,67.10465240478516
spy,2003-09-11,67.30206298828125
spy,2003-09-12,67.42707824707031
spy,2003-09-15,67.1902084350586
spy,2003-09-16,68.17083740234375
spy,2003-09-17,68.03916931152344
spy,2003-09-18,68.84213256835938
spy,2003-09-19,68.49197387695312
spy,2003-09-22,67.75202178955078
spy,2003-09-23,68.00968170166016
spy,2003-09-24,66.8006591796875
spy,2003-09-25,66.25228881835938
spy,2003-09-26,66.0342788696289
spy,2003-09-29,66.68172454833984
spy,2003-09-30,66.0342788696289
spy,2003-10-01,67.4415054321289
spy,2003-10-02,67.68596649169922
spy,2003-10-03,68.30694580078125
spy,2003-10-06,68.61751556396484
spy,2003-10-07,68.88175964355469
spy,2003-10-08,68.70999145507812
spy,2003-10-09,68.89496612548828
spy,2003-10-10,69.08660888671875
spy,2003-10-13,69.3045883178711
spy,2003-10-14,69.54906463623047
spy,2003-10-15,69.36404418945312
spy,2003-10-16,69.64154052734375
spy,2003-10-17,68.88175964355469
spy,2003-10-20,69.39707946777344
spy,2003-10-21,69.27816772460938
spy,2003-10-22,68.40606689453125
spy,2003-10-23,68.28054809570312
spy,2003-10-24,68.4325180053711
spy,2003-10-27,68.46554565429688
spy,2003-10-28,69.39707946777344
spy,2003-10-29,69.48957824707031
spy,2003-10-30,69.63494110107422
spy,2003-10-31,69.56886291503906
spy,2003-11-03,70.02471160888672
spy,2003-11-04,69.87276458740234
spy,2003-11-05,69.92561340332031
spy,2003-11-06,70.29557800292969
spy,2003-11-07,69.77365112304688
spy,2003-11-10,69.48957824707031
spy,2003-11-11,69.46977233886719
spy,2003-11-12,70.24935913085938
spy,2003-11-13,70.26918029785156
spy,2003-11-14,69.67457580566406
spy,2003-11-17,69.32438659667969
spy,2003-11-18,68.60428619384766
spy,2003-11-19,69.18569946289062
spy,2003-11-20,68.56464385986328
spy,2003-11-21,68.84873962402344
spy,2003-11-24,69.7604751586914
spy,2003-11-25,70.02471160888672
spy,2003-11-26,70.27577209472656
spy,2003-11-28,70.32865142822266
spy,2003-12-01,71.08842468261719
spy,2003-12-02,70.91002655029297
spy,2003-12-03,70.79771423339844
spy,2003-12-04,71.08842468261719
spy,2003-12-05,70.5928955078125
spy,2003-12-08,71.06856536865234
spy,2003-12-09,70.52022552490234
spy,2003-12-10,70.5136489868164
spy,2003-12-11,71.30645751953125
spy,2003-12-12,71.44517517089844
spy,2003-12-15,71.08842468261719
spy,2003-12-16,71.45840454101562
spy,2003-12-17,71.68299865722656
spy,2003-12-18,72.48906707763672
spy,2003-12-19,72.28726196289062
spy,2003-12-22,72.79170227050781
spy,2003-12-23,72.83818817138672
spy,2003-12-24,72.76518249511719
spy,2003-12-26,72.81831359863281
spy,2003-12-29,73.78743743896484
spy,2003-12-30,73.80069732666016
spy,2003-12-31,73.8670883178711
spy,2004-01-02,73.83389282226562
spy,2004-01-05,74.6371078491211
spy,2004-01-06,74.71013641357422
spy,2004-01-07,74.96235656738281
spy,2004-01-08,75.26105499267578
spy,2004-01-09,74.60387420654297
spy,2004-01-12,75.15481567382812
spy,2004-01-13,74.71675109863281
spy,2004-01-14,75.34069061279297
spy,2004-01-15,75.52655792236328
spy,2004-01-16,75.8252944946289
spy,2004-01-20,75.80535888671875
spy,2004-01-21,76.40276336669922
spy,2004-01-22,76.20364379882812
spy,2004-01-23,75.95801544189453
spy,2004-01-26,76.91389465332031
spy,2004-01-27,76.12397003173828
spy,2004-01-28,75.2544174194336
spy,2004-01-29,75.32743072509766
spy,2004-01-30,75.32743072509766
spy,2004-02-02,75.65265655517578
spy,2004-02-03,75.52655792236328
spy,2004-02-04,74.90925598144531
spy,2004-02-05,75.1282730102539
spy,2004-02-06,75.97129821777344
spy,2004-02-09,75.99120330810547
spy,2004-02-10,76.23683166503906
spy,2004-02-11,77.04666900634766
spy,2004-02-12,76.76787567138672
spy,2004-02-13,76.42269134521484
spy,2004-02-17,77.11304473876953
spy,2004-02-18,76.7745361328125
spy,2004-02-19,76.48908233642578
spy,2004-02-20,76.25675964355469
spy,2004-02-23,76.06422424316406
spy,2004-02-24,75.9314956665039
spy,2004-02-25,76.2501220703125
spy,2004-02-26,76.29657745361328
spy,2004-02-27,76.34967041015625
spy,2004-03-01,77.10640716552734
spy,2004-03-02,76.655029296875
spy,2004-03-03,76.7944107055664
spy,2004-03-04,76.9935302734375
spy,2004-03-05,77.25244903564453
spy,2004-03-08,76.30984497070312
spy,2004-03-09,76.00450134277344
spy,2004-03-10,74.73001098632812
spy,2004-03-11,73.7608871459961
spy,2004-03-12,74.73001098632812
spy,2004-03-15,73.81398010253906
spy,2004-03-16,74.20563507080078
spy,2004-03-17,75.03535461425781
spy,2004-03-18,75.05529022216797
spy,2004-03-19,73.97947692871094
spy,2004-03-22,73.040283203125
spy,2004-03-23,72.91368103027344
spy,2004-03-24,72.97364044189453
spy,2004-03-25,73.93949890136719
spy,2004-03-26,73.95954895019531
spy,2004-03-29,74.9986343383789
spy,2004-03-30,75.25177001953125
spy,2004-03-31,75.33839416503906
spy,2004-04-01,75.79135131835938
spy,2004-04-02,76.36418914794922
spy,2004-04-05,76.7838363647461
spy,2004-04-06,76.53738403320312
spy,2004-04-07,76.35753631591797
spy,2004-04-08,76.18434143066406
spy,2004-04-12,76.484130859375
spy,2004-04-13,75.41166687011719
spy,2004-04-14,75.53156280517578
spy,2004-04-15,75.2451171875
spy,2004-04-16,75.82465362548828
spy,2004-04-19,75.82465362548828
spy,2004-04-20,74.55233764648438
spy,2004-04-21,75.05191040039062
spy,2004-04-22,76.10441589355469
spy,2004-04-23,76.17770385742188
spy,2004-04-26,76.07113647460938
spy,2004-04-27,76.13772583007812
spy,2004-04-28,75.15188598632812
spy,2004-04-29,74.49242401123047
spy,2004-04-30,73.91289520263672
spy,2004-05-03,74.70553588867188
spy,2004-05-04,74.64559173583984
spy,2004-05-05,75.12522888183594
spy,2004-05-06,74.47907257080078
spy,2004-05-07,73.24674224853516
spy,2004-05-10,72.49404907226562
spy,2004-05-11,73.10684204101562
spy,2004-05-12,73.57317352294922
spy,2004-05-13,73.26676177978516
spy,2004-05-14,73.30004119873047
spy,2004-05-17,72.67390441894531
spy,2004-05-18,73.040283203125
spy,2004-05-19,72.78713989257812
spy,2004-05-20,73.020263671875
spy,2004-05-21,73.1468505859375
spy,2004-05-24,73.45325469970703
spy,2004-05-25,74.50572204589844
spy,2004-05-26,74.76549530029297
spy,2004-05-27,75.18516540527344
spy,2004-05-28,75.17849731445312
spy,2004-06-01,75.0785903930664
spy,2004-06-02,75.35835266113281
spy,2004-06-03,74.66558837890625
spy,2004-06-04,75.25845336914062
spy,2004-06-07,76.40413665771484
spy,2004-06-08,76.51073455810547
spy,2004-06-09,75.79801177978516
spy,2004-06-10,76.17102813720703
spy,2004-06-14,75.41828918457031
spy,2004-06-15,75.95123291015625
spy,2004-06-16,75.93788146972656
spy,2004-06-17,75.82465362548828
spy,2004-06-18,75.96773529052734
spy,2004-06-21,75.68024444580078
spy,2004-06-22,76.0613021850586
spy,2004-06-23,76.71649932861328
spy,2004-06-24,76.47584533691406
spy,2004-06-25,76.10810089111328
spy,2004-06-28,75.84735870361328
spy,2004-06-29,76.1615982055664
spy,2004-06-30,76.5694351196289
spy,2004-07-01,75.50638580322266
spy,2004-07-02,75.4662857055664
spy,2004-07-06,74.80445098876953
spy,2004-07-07,75.02507019042969
spy,2004-07-08,74.50355529785156
spy,2004-07-09,74.69747161865234
spy,2004-07-12,74.73088836669922
spy,2004-07-13,74.78437805175781
spy,2004-07-14,74.55708312988281
spy,2004-07-15,74.07575225830078
spy,2004-07-16,74.01555633544922
spy,2004-07-19,73.70132446289062
spy,2004-07-20,74.63729858398438
spy,2004-07-21,73.26007843017578
spy,2004-07-22,73.46060943603516
spy,2004-07-23,72.84558868408203
spy,2004-07-26,72.70516204833984
spy,2004-07-27,73.38712310791016
spy,2004-07-28,73.60769653320312
spy,2004-07-29,73.92195129394531
spy,2004-07-30,74.10242462158203
spy,2004-08-02,74.25621032714844
spy,2004-08-03,73.68123626708984
spy,2004-08-04,73.67455291748047
spy,2004-08-05,72.4711685180664
spy,2004-08-06,71.4349365234375
spy,2004-08-09,71.53522491455078
spy,2004-08-10,72.45781707763672
spy,2004-08-11,72.31072998046875
spy,2004-08-12,71.52184295654297
spy,2004-08-13,71.66221618652344
spy,2004-08-16,72.40432739257812
spy,2004-08-17,72.8121566772461
spy,2004-08-18,73.56086730957031
spy,2004-08-19,73.3470230102539
spy,2004-08-20,73.86178588867188
spy,2004-08-23,73.67455291748047
spy,2004-08-24,73.77486419677734
spy,2004-08-25,74.27625274658203
spy,2004-08-26,74.27625274658203
spy,2004-08-27,74.51028442382812
spy,2004-08-30,73.89521789550781
spy,2004-08-31,74.28299713134766
spy,2004-09-01,74.42340087890625
spy,2004-09-02,75.26571655273438
spy,2004-09-03,74.95819091796875
spy,2004-09-07,75.45294189453125
spy,2004-09-08,75.26571655273438
spy,2004-09-09,75.19886779785156
spy,2004-09-10,75.58663940429688
spy,2004-09-13,75.8340072631836
spy,2004-09-14,75.98774719238281
spy,2004-09-15,75.41281127929688
spy,2004-09-16,75.6401138305664
spy,2004-09-17,75.96173858642578
spy,2004-09-20,75.50517272949219
spy,2004-09-21,75.83414459228516
spy,2004-09-22,74.88758087158203
spy,2004-09-23,74.48475646972656
spy,2004-09-24,74.82714080810547
spy,2004-09-27,74.35049438476562
spy,2004-09-28,74.70631408691406
spy,2004-09-29,75.0822525024414
spy,2004-09-30,75.02853393554688
spy,2004-10-01,76.29734802246094
spy,2004-10-04,76.42489624023438
spy,2004-10-05,76.46520233154297
spy,2004-10-06,76.98884582519531
spy,2004-10-07,76.16307830810547
spy,2004-10-08,75.53202819824219
spy,2004-10-11,75.84083557128906
spy,2004-10-12,75.54548645019531
spy,2004-10-13,74.88082885742188
spy,2004-10-14,74.27666473388672
spy,2004-10-15,74.69287872314453
spy,2004-10-18,74.97483825683594
spy,2004-10-19,74.3437728881836
spy,2004-10-20,74.19607543945312
spy,2004-10-21,74.67945098876953
spy,2004-10-22,73.84030151367188
spy,2004-10-25,73.75301361083984
spy,2004-10-26,74.88082885742188
spy,2004-10-27,75.78041076660156
spy,2004-10-28,76.00869750976562
spy,2004-10-29,75.9952621459961
spy,2004-11-01,76.2033920288086
spy,2004-11-02,76.23021697998047
spy,2004-11-03,77.19023132324219
spy,2004-11-04,78.2442398071289
spy,2004-11-05,78.7343521118164
spy,2004-11-08,78.62018585205078
spy,2004-11-09,78.46577453613281
spy,2004-11-10,78.52619171142578
spy,2004-11-11,79.12368774414062
spy,2004-11-12,79.748046875
spy,2004-11-15,79.9439697265625
spy,2004-11-16,79.37165069580078
spy,2004-11-17,79.84298706054688
spy,2004-11-18,79.95073699951172
spy,2004-11-19,79.06192016601562
spy,2004-11-22,79.43894958496094
spy,2004-11-23,79.56016540527344
spy,2004-11-24,79.74872589111328
spy,2004-11-26,79.6881103515625
spy,2004-11-29,79.32450103759766
spy,2004-11-30,79.37838745117188
spy,2004-12-01,80.28065490722656
spy,2004-12-02,80.34798431396484
spy,2004-12-03,80.2940902709961
spy,2004-12-06,80.26715087890625
spy,2004-12-07,79.5197525024414
spy,2004-12-08,79.98439025878906
spy,2004-12-09,80.26715087890625
spy,2004-12-10,80.34798431396484
spy,2004-12-13,81.0482406616211
spy,2004-12-14,81.33101654052734
spy,2004-12-15,81.39165496826172
spy,2004-12-16,81.344482421875
spy,2004-12-17,80.80194854736328
spy,2004-12-20,80.8222427368164
spy,2004-12-21,81.4446029663086
spy,2004-12-22,81.64079284667969
spy,2004-12-23,81.70169830322266
spy,2004-12-27,81.53257751464844
spy,2004-12-28,81.9790267944336
spy,2004-12-29,82.10083770751953
spy,2004-12-30,81.94519805908203
spy,2004-12-31,81.76937103271484
spy,2005-01-03,81.38372039794922
spy,2005-01-04,80.38926696777344
spy,2005-01-05,79.83454132080078
spy,2005-01-06,80.24042510986328
spy,2005-01-07,80.12543487548828
spy,2005-01-10,80.5042724609375
spy,2005-01-11,79.94952392578125
spy,2005-01-12,80.21338653564453
spy,2005-01-13,79.57068634033203
spy,2005-01-14,79.99010467529297
spy,2005-01-18,80.8222427368164
spy,2005-01-19,79.97659301757812
spy,2005-01-20,79.4894790649414
spy,2005-01-21,79.00245666503906
spy,2005-01-24,78.8468246459961
spy,2005-01-25,79.07006072998047
spy,2005-01-26,79.30687713623047
spy,2005-01-27,79.44217681884766
spy,2005-01-28,79.44217681884766
spy,2005-01-31,79.93598937988281
spy,2005-02-01,80.44340515136719
spy,2005-02-02,80.68695068359375
spy,2005-02-03,80.4771957397461
spy,2005-02-04,81.33636474609375
spy,2005-02-07,81.22811889648438
spy,2005-02-08,81.32286071777344
spy,2005-02-09,80.7139892578125
spy,2005-02-10,81.0048828125
spy,2005-02-11,81.70169830322266
spy,2005-02-14,81.64079284667969
spy,2005-02-15,81.94519805908203
spy,2005-02-16,81.99935150146484
spy,2005-02-17,81.33636474609375
spy,2005-02-18,81.4446029663086
spy,2005-02-22,80.23368072509766
spy,2005-02-23,80.80867767333984
spy,2005-02-24,81.34315490722656
spy,2005-02-25,82.1482162475586
spy,2005-02-28,81.6069564819336
spy,2005-03-01,82.01289367675781
spy,2005-03-02,81.97227478027344
spy,2005-03-03,82.00606536865234
spy,2005-03-04,83.02764129638672
spy,2005-03-07,83.0682144165039
spy,2005-03-08,82.7570571899414
spy,2005-03-09,81.83697509765625
spy,2005-03-10,82.01964569091797
spy,2005-03-11,81.4446029663086
spy,2005-03-14,81.95199584960938
spy,2005-03-15,81.27548217773438
spy,2005-03-16,80.58543395996094
spy,2005-03-17,80.74783325195312
spy,2005-03-18,80.50804901123047
spy,2005-03-21,80.20922088623047
spy,2005-03-22,79.39422607421875
spy,2005-03-23,79.46215057373047
spy,2005-03-24,79.55723571777344
spy,2005-03-28,79.67269897460938
spy,2005-03-29,79.1429443359375
spy,2005-03-30,80.26355743408203
spy,2005-03-31,80.1141586303711
spy,2005-04-01,79.75421905517578
spy,2005-04-04,79.89002227783203
spy,2005-04-05,80.27034759521484
spy,2005-04-06,80.54879760742188
spy,2005-04-07,80.98350524902344
spy,2005-04-08,80.14132690429688
spy,2005-04-11,80.20242309570312
spy,2005-04-12,80.61673736572266
spy,2005-04-13,79.66588592529297
spy,2005-04-14,78.62677764892578
spy,2005-04-15,77.52657318115234
spy,2005-04-18,77.76425170898438
spy,2005-04-19,78.38226318359375
spy,2005-04-20,77.28883361816406
spy,2005-04-21,78.7897720336914
spy,2005-04-22,78.49092102050781
spy,2005-04-25,79.0071029663086
spy,2005-04-26,78.23966979980469
spy,2005-04-27,78.54525756835938
spy,2005-04-28,77.56050109863281
spy,2005-04-29,78.61318969726562
spy,2005-05-02,79.0546646118164
spy,2005-05-03,79.19049072265625
spy,2005-05-04,79.80171203613281
spy,2005-05-05,79.77457427978516
spy,2005-05-06,79.52328491210938
spy,2005-05-09,80.01909637451172
spy,2005-05-10,79.19049072265625
spy,2005-05-11,79.6251449584961
spy,2005-05-12,78.74900817871094
spy,2005-05-13,78.59281921386719
spy,2005-05-16,79.32633972167969
spy,2005-05-17,79.8560562133789
spy,2005-05-18,80.6778564453125
spy,2005-05-19,81.0174331665039
spy,2005-05-20,80.90196990966797
spy,2005-05-23,81.3502197265625
spy,2005-05-24,81.16007995605469
spy,2005-05-25,81.09891510009766
spy,2005-05-26,81.53363037109375
spy,2005-05-27,81.66941833496094
spy,2005-05-31,81.14649963378906
spy,2005-06-01,81.83920288085938
spy,2005-06-02,82.01582336425781
spy,2005-06-03,81.60150909423828
spy,2005-06-06,81.52679443359375
spy,2005-06-07,81.5879135131836
spy,2005-06-08,81.43851470947266
spy,2005-06-09,81.82564544677734
spy,2005-06-10,81.63546752929688
spy,2005-06-13,81.8935546875
spy,2005-06-14,82.08373260498047
spy,2005-06-15,82.23991394042969
spy,2005-06-16,82.45049285888672
spy,2005-06-17,82.7559585571289
spy,2005-06-20,82.78325653076172
spy,2005-06-21,82.8309555053711
spy,2005-06-22,82.89917755126953
spy,2005-06-23,81.733154296875
spy,2005-06-24,81.133056640625
spy,2005-06-27,81.24894714355469
spy,2005-06-28,81.93083953857422
spy,2005-06-29,81.7126235961914
spy,2005-06-30,81.2694320678711
spy,2005-07-01,81.50808715820312
spy,2005-07-05,82.16270446777344
spy,2005-07-06,81.4739990234375
spy,2005-07-07,81.79450988769531
spy,2005-07-08,82.72869110107422
spy,2005-07-11,83.15145874023438
spy,2005-07-12,83.36966705322266
spy,2005-07-13,83.48560333251953
spy,2005-07-14,83.81292724609375
spy,2005-07-15,83.76515197753906
spy,2005-07-18,83.43106842041016
spy,2005-07-19,83.88793182373047
spy,2005-07-20,84.17433166503906
spy,2005-07-21,83.6833724975586
spy,2005-07-22,84.24249267578125
spy,2005-07-25,84.00384521484375
spy,2005-07-26,84.10614776611328
spy,2005-07-27,84.41300964355469
spy,2005-07-28,84.94490051269531
spy,2005-07-29,84.37889862060547
spy,2005-08-01,84.31754302978516
spy,2005-08-02,84.82210540771484
spy,2005-08-03,85.04718017578125
spy,2005-08-04,84.3652572631836
spy,2005-08-05,83.79247283935547
spy,2005-08-08,83.63565063476562
spy,2005-08-09,84.14022827148438
spy,2005-08-10,84.09932708740234
spy,2005-08-11,84.43345642089844
spy,2005-08-12,83.91519165039062
spy,2005-08-15,84.43345642089844
spy,2005-08-16,83.33557891845703
spy,2005-08-17,83.3287582397461
spy,2005-08-18,83.32196807861328
spy,2005-08-19,83.51289367675781
spy,2005-08-22,83.51289367675781
spy,2005-08-23,83.35604858398438
spy,2005-08-24,82.61280059814453
spy,2005-08-25,82.91278076171875
spy,2005-08-26,82.34683990478516
spy,2005-08-29,82.98101043701172
spy,2005-08-30,82.5445785522461
spy,2005-08-31,83.58790588378906
spy,2005-09-01,83.52652740478516
spy,2005-09-02,83.37649536132812
spy,2005-09-06,84.35163879394531
spy,2005-09-07,84.49479675292969
spy,2005-09-08,84.21527099609375
spy,2005-09-09,84.96532440185547
spy,2005-09-12,84.79487609863281
spy,2005-09-13,84.32437133789062
spy,2005-09-14,84.01751708984375
spy,2005-09-15,83.97653198242188
spy,2005-09-16,84.57373046875
spy,2005-09-19,84.29295349121094
spy,2005-09-20,83.58075714111328
spy,2005-09-21,82.80007934570312
spy,2005-09-22,83.0945816040039
spy,2005-09-23,83.16304779052734
spy,2005-09-26,83.2588882446289
spy,2005-09-27,83.23834228515625
spy,2005-09-28,83.32051086425781
spy,2005-09-29,83.99848937988281
spy,2005-09-30,84.25873565673828
spy,2005-10-03,83.95738983154297
spy,2005-10-04,83.01239013671875
spy,2005-10-05,81.92353820800781
spy,2005-10-06,81.62903594970703
spy,2005-10-07,81.9098129272461
spy,2005-10-10,81.21819305419922
spy,2005-10-11,81.10176849365234
spy,2005-10-12,80.46485900878906
spy,2005-10-13,80.41694641113281
spy,2005-10-14,81.26610565185547
spy,2005-10-17,81.56742095947266
spy,2005-10-18,80.68402099609375
spy,2005-10-19,82.02625274658203
spy,2005-10-20,80.58129119873047
spy,2005-10-21,80.89630889892578
spy,2005-10-24,82.1495132446289
spy,2005-10-25,81.98518371582031
spy,2005-10-26,81.7454833984375
spy,2005-10-27,80.87578582763672
spy,2005-10-28,82.03994750976562
spy,2005-10-31,82.2658920288086
spy,2005-11-01,82.512451171875
spy,2005-11-02,83.37530517578125
spy,2005-11-03,83.73140716552734
spy,2005-11-04,83.62184143066406
spy,2005-11-07,83.70403289794922
spy,2005-11-08,83.70403289794922
spy,2005-11-09,83.81360626220703
spy,2005-11-10,84.46416473388672
spy,2005-11-11,84.75178527832031
spy,2005-11-14,84.70382690429688
spy,2005-11-15,84.3956527709961
spy,2005-11-16,84.5668716430664
spy,2005-11-17,85.35441589355469
spy,2005-11-18,85.68997192382812
spy,2005-11-21,86.12140655517578
spy,2005-11-22,86.49119567871094
spy,2005-11-23,86.99110412597656
spy,2005-11-25,87.0595932006836
spy,2005-11-28,86.44327545166016
spy,2005-11-29,86.34738159179688
spy,2005-11-30,85.88172149658203
spy,2005-12-01,86.75821685791016
spy,2005-12-02,86.86785125732422
spy,2005-12-05,86.68292236328125
spy,2005-12-06,86.84729766845703
spy,2005-12-07,86.3405532836914
spy,2005-12-08,86.2857437133789
spy,2005-12-09,86.5117416381836
spy,2005-12-12,86.59387969970703
spy,2005-12-13,87.1828384399414
spy,2005-12-14,87.5252456665039
spy,2005-12-15,87.27186584472656
spy,2005-12-16,86.99098205566406
spy,2005-12-19,86.54350280761719
spy,2005-12-20,86.6261215209961
spy,2005-12-21,86.7637939453125
spy,2005-12-22,87.2181396484375
spy,2005-12-23,87.266357421875
spy,2005-12-27,86.37825775146484
spy,2005-12-28,86.5710678100586
spy,2005-12-29,86.1855239868164
spy,2005-12-30,85.71739196777344
spy,2006-01-03,87.22506713867188
spy,2006-01-04,87.6380844116211
spy,2006-01-05,87.69320678710938
spy,2006-01-06,88.42292022705078
spy,2006-01-09,88.65011596679688
spy,2006-01-10,88.7396240234375
spy,2006-01-11,89.02185821533203
spy,2006-01-12,88.6707763671875
spy,2006-01-13,88.58815002441406
spy,2006-01-17,88.34720611572266
spy,2006-01-18,87.99609375
spy,2006-01-19,88.3334732055664
spy,2006-01-20,86.7225112915039
spy,2006-01-23,87.03230285644531
spy,2006-01-24,87.12178039550781
spy,2006-01-25,87.197509765625
spy,2006-01-26,87.67942810058594
spy,2006-01-27,88.49176025390625
spy,2006-01-30,88.42292022705078
spy,2006-01-31,87.77579498291016
spy,2006-02-01,88.3885269165039
spy,2006-02-02,87.36275482177734
spy,2006-02-03,86.92902374267578
spy,2006-02-06,87.15621948242188
spy,2006-02-07,86.38518524169922
spy,2006-02-08,87.16997528076172
spy,2006-02-09,87.02539825439453
spy,2006-02-10,87.1837387084961
spy,2006-02-13,87.02539825439453
spy,2006-02-14,87.94794464111328
spy,2006-02-15,88.25770568847656
spy,2006-02-16,88.91863250732422
spy,2006-02-17,88.67762756347656
spy,2006-02-21,88.45735168457031
spy,2006-02-22,88.99436950683594
spy,2006-02-23,88.8635482788086
spy,2006-02-24,89.09074401855469
spy,2006-02-27,89.12515258789062
spy,2006-02-28,88.27835845947266
spy,2006-03-01,89.06317901611328
spy,2006-03-02,89.05630493164062
spy,2006-03-03,88.6432113647461
spy,2006-03-06,88.237060546875
spy,2006-03-07,88.09935760498047
spy,2006-03-08,88.28526306152344
spy,2006-03-09,87.69320678710938
spy,2006-03-10,88.52619934082031
spy,2006-03-13,88.69141387939453
spy,2006-03-14,89.62081146240234
spy,2006-03-15,90.02012634277344
spy,2006-03-16,90.20598602294922
spy,2006-03-17,90.28133392333984
spy,2006-03-20,90.13617706298828
spy,2006-03-21,89.56941223144531
spy,2006-03-22,90.11546325683594
spy,2006-03-23,89.92881774902344
spy,2006-03-24,89.99793243408203
spy,2006-03-27,89.86663055419922
spy,2006-03-28,89.31365966796875
spy,2006-03-29,89.87358093261719
spy,2006-03-30,89.71454620361328
spy,2006-03-31,89.73530578613281
spy,2006-04-03,89.66621398925781
spy,2006-04-04,90.23986053466797
spy,2006-04-05,90.55088806152344
spy,2006-04-06,90.4541244506836
spy,2006-04-07,89.53484344482422
spy,2006-04-10,89.67310333251953
spy,2006-04-11,88.91278076171875
spy,2006-04-12,89.07866668701172
spy,2006-04-13,88.961181640625
spy,2006-04-17,88.9266128540039
spy,2006-04-18,90.33662414550781
spy,2006-04-19,90.5094223022461
spy,2006-04-20,90.63381958007812
spy,2006-04-21,90.64765930175781
spy,2006-04-24,90.4817886352539
spy,2006-04-25,90.10855865478516
spy,2006-04-26,90.12930297851562
spy,2006-04-27,90.5647201538086
spy,2006-04-28,90.86882019042969
spy,2006-05-01,90.12930297851562
spy,2006-05-02,90.80661010742188
spy,2006-05-03,90.46794128417969
spy,2006-05-04,90.79281616210938
spy,2006-05-05,91.59457397460938
spy,2006-05-08,91.48397827148438
spy,2006-05-09,91.66371154785156
spy,2006-05-10,91.61529541015625
spy,2006-05-11,90.5094223022461
spy,2006-05-12,89.32749938964844
spy,2006-05-15,89.50721740722656
spy,2006-05-16,89.37590789794922
spy,2006-05-17,87.67560577392578
spy,2006-05-18,87.23323822021484
spy,2006-05-19,87.84840393066406
spy,2006-05-22,87.17793273925781
spy,2006-05-23,86.51441192626953
spy,2006-05-24,87.20559692382812
spy,2006-05-25,88.2838363647461
spy,2006-05-26,88.73309326171875
spy,2006-05-30,87.15721130371094
spy,2006-05-31,88.13177490234375
spy,2006-06-01,88.97498321533203
spy,2006-06-02,89.16162109375
spy,2006-06-05,87.8622055053711
spy,2006-06-06,87.64794921875
spy,2006-06-07,86.99134063720703
spy,2006-06-08,86.91531372070312
spy,2006-06-09,86.63880157470703
spy,2006-06-12,85.6988296508789
spy,2006-06-13,84.70354461669922
spy,2006-06-14,85.36017608642578
spy,2006-06-15,87.17107391357422
spy,2006-06-16,86.53580474853516
spy,2006-06-19,85.85548400878906
spy,2006-06-20,86.14704132080078
spy,2006-06-21,86.78572845458984
spy,2006-06-22,86.40391540527344
spy,2006-06-23,86.39004516601562
spy,2006-06-26,86.77185821533203
spy,2006-06-27,86.02210998535156
spy,2006-06-28,86.605224609375
spy,2006-06-29,88.35469818115234
spy,2006-06-30,88.36163330078125
spy,2006-07-03,88.72266387939453
spy,2006-07-05,88.2158432006836
spy,2006-07-06,88.47274017333984
spy,2006-07-07,87.89652252197266
spy,2006-07-10,88.06315612792969
spy,2006-07-11,88.45188903808594
spy,2006-07-12,87.50773620605469
spy,2006-07-13,86.0845718383789
spy,2006-07-14,85.75135040283203
spy,2006-07-17,85.6263656616211
spy,2006-07-18,86.063720703125
spy,2006-07-19,87.25779724121094
spy,2006-07-20,86.6607437133789
spy,2006-07-21,86.04986572265625
spy,2006-07-24,87.61882781982422
spy,2006-07-25,87.93122100830078
spy,2006-07-26,88.04922485351562
spy,2006-07-27,87.96592712402344
spy,2006-07-28,88.84761810302734
spy,2006-07-31,88.75735473632812
spy,2006-08-01,88.32000732421875
spy,2006-08-02,88.91703796386719
spy,2006-08-03,89.15306854248047
spy,2006-08-04,89.00032043457031
spy,2006-08-07,88.79206085205078
spy,2006-08-08,88.45188903808594
spy,2006-08-09,88.15335083007812
spy,2006-08-10,88.42412567138672
spy,2006-08-11,88.17420959472656
spy,2006-08-14,88.24363708496094
spy,2006-08-15,89.2988510131836
spy,2006-08-16,90.04167175292969
spy,2006-08-17,90.27075958251953
spy,2006-08-18,90.72896575927734
spy,2006-08-21,90.34020233154297
spy,2006-08-22,90.33324432373047
spy,2006-08-23,90.08331298828125
spy,2006-08-24,90.0069580078125
spy,2006-08-25,90.11803436279297
spy,2006-08-28,90.5484390258789
spy,2006-08-29,90.65259552001953
spy,2006-08-30,90.7081527709961
spy,2006-08-31,90.69422912597656
spy,2006-09-01,91.23575592041016
spy,2006-09-05,91.40930938720703
spy,2006-09-06,90.60400390625
spy,2006-09-07,90.18744659423828
spy,2006-09-08,90.44434356689453
spy,2006-09-11,90.53458404541016
spy,2006-09-12,91.42316436767578
spy,2006-09-13,91.79118347167969
spy,2006-09-14,91.79808807373047
spy,2006-09-15,92.01354217529297
spy,2006-09-18,92.13905334472656
spy,2006-09-19,91.90892028808594
spy,2006-09-20,92.39703369140625
spy,2006-09-21,91.9507827758789
spy,2006-09-22,91.67185974121094
spy,2006-09-25,92.3761215209961
spy,2006-09-26,93.14314270019531
spy,2006-09-27,93.25471496582031
spy,2006-09-28,93.21985626220703
spy,2006-09-29,93.14314270019531
spy,2006-10-02,92.7945327758789
spy,2006-10-03,92.98976135253906
spy,2006-10-04,94.07752227783203
spy,2006-10-05,94.25879669189453
spy,2006-10-06,94.14026641845703
spy,2006-10-09,94.19602966308594
spy,2006-10-10,94.32157897949219
spy,2006-10-11,94.21001434326172
spy,2006-10-12,95.02580261230469
spy,2006-10-13,95.26984405517578
spy,2006-10-16,95.41627502441406
spy,2006-10-17,95.11646270751953
spy,2006-10-18,95.2419662475586
spy,2006-10-19,95.39540100097656
spy,2006-10-20,95.41627502441406
spy,2006-10-23,95.8555679321289
spy,2006-10-24,96.14144134521484
spy,2006-10-25,96.46922302246094
spy,2006-10-26,96.76902770996094
spy,2006-10-27,96.16236114501953
spy,2006-10-30,96.09263610839844
spy,2006-10-31,96.07872772216797
spy,2006-11-01,95.43025207519531
spy,2006-11-02,95.37442779541016
spy,2006-11-03,95.20712280273438
spy,2006-11-06,96.28092956542969
spy,2006-11-07,96.65047454833984
spy,2006-11-08,96.85967254638672
spy,2006-11-09,96.35063934326172
spy,2006-11-10,96.39250183105469
spy,2006-11-13,96.62953186035156
spy,2006-11-14,97.35469818115234
spy,2006-11-15,97.63363647460938
spy,2006-11-16,97.88469696044922
spy,2006-11-17,97.91251373291016
spy,2006-11-20,97.96831512451172
spy,2006-11-21,98.06600189208984
spy,2006-11-22,98.26121520996094
spy,2006-11-24,97.86375427246094
spy,2006-11-27,96.51798248291016
spy,2006-11-28,96.93634796142578
spy,2006-11-29,97.94740295410156
spy,2006-11-30,97.98922729492188
spy,2006-12-01,97.77310943603516
spy,2006-12-04,98.51921081542969
spy,2006-12-05,98.94451904296875
spy,2006-12-06,98.86087036132812
spy,2006-12-07,98.4285659790039
spy,2006-12-08,98.60982513427734
spy,2006-12-11,98.8957290649414
spy,2006-12-12,98.81905364990234
spy,2006-12-13,98.92359924316406
spy,2006-12-14,99.79524230957031
spy,2006-12-15,99.8043441772461
spy,2006-12-18,99.5308609008789
spy,2006-12-19,99.72016906738281
spy,2006-12-20,99.66412353515625
spy,2006-12-21,99.29949951171875
spy,2006-12-22,98.68946075439453
spy,2006-12-26,99.271484375
spy,2006-12-27,99.92356872558594
spy,2006-12-28,99.71321868896484
spy,2006-12-29,99.29949951171875
spy,2007-01-03,99.12419891357422
spy,2007-01-04,99.3345947265625
spy,2007-01-05,98.54224395751953
spy,2007-01-08,98.99798583984375
spy,2007-01-09,98.9138412475586
spy,2007-01-10,99.24337005615234
spy,2007-01-11,99.67813873291016
spy,2007-01-12,100.43539428710938
spy,2007-01-16,100.2391128540039
spy,2007-01-17,100.2811508178711
spy,2007-01-18,99.9445571899414
spy,2007-01-19,100.14091491699219
spy,2007-01-22,99.83238983154297
spy,2007-01-23,100.12687683105469
spy,2007-01-24,100.93321228027344
spy,2007-01-25,99.74827575683594
spy,2007-01-26,99.65707397460938
spy,2007-01-29,99.60099029541016
spy,2007-01-30,100.11986541748047
spy,2007-01-31,100.79296112060547
spy,2007-02-01,101.39595794677734
spy,2007-02-02,101.53621673583984
spy,2007-02-05,101.56427001953125
spy,2007-02-06,101.59230041503906
spy,2007-02-07,101.8166732788086
spy,2007-02-08,101.68347930908203
spy,2007-02-09,100.92619323730469
spy,2007-02-12,100.58264923095703
spy,2007-02-13,101.4310531616211
spy,2007-02-14,102.09718322753906
spy,2007-02-15,102.23039245605469
spy,2007-02-16,102.18133544921875
spy,2007-02-20,102.39862823486328
spy,2007-02-21,102.35658264160156
spy,2007-02-22,102.2795181274414
spy,2007-02-23,101.87979888916016
spy,2007-02-26,101.78866577148438
spy,2007-02-27,97.81304168701172
spy,2007-02-28,98.815673828125
spy,2007-03-01,98.52122497558594
spy,2007-03-02,97.23102569580078
spy,2007-03-05,96.30554962158203
spy,2007-03-06,97.9532470703125
spy,2007-03-07,97.8551025390625
spy,2007-03-08,98.68244171142578
spy,2007-03-09,98.71052551269531
spy,2007-03-12,98.8577880859375
spy,2007-03-13,96.93658447265625
spy,2007-03-14,97.65877532958984
spy,2007-03-15,97.7919921875
spy,2007-03-16,97.5181655883789
spy,2007-03-19,98.69373321533203
spy,2007-03-20,99.23574829101562
spy,2007-03-21,100.86895751953125
spy,2007-03-22,100.79151153564453
spy,2007-03-23,100.93936157226562
spy,2007-03-26,100.80558776855469
spy,2007-03-27,100.56627655029297
spy,2007-03-28,99.83417510986328
spy,2007-03-29,99.93973541259766
spy,2007-03-30,99.96086120605469
spy,2007-04-02,100.07350158691406
spy,2007-04-03,101.15054321289062
spy,2007-04-04,101.26313018798828
spy,2007-04-05,101.5377197265625
spy,2007-04-09,101.6784896850586
spy,2007-04-10,101.79813385009766
spy,2007-04-11,101.38280487060547
spy,2007-04-12,101.83335876464844
spy,2007-04-13,102.2979736328125
spy,2007-04-16,103.2694320678711
spy,2007-04-17,103.5439682006836
spy,2007-04-18,103.670654296875
spy,2007-04-19,103.64250946044922
spy,2007-04-20,104.62102508544922
spy,2007-04-23,104.22681427001953
spy,2007-04-24,104.26903533935547
spy,2007-04-25,105.22637939453125
spy,2007-04-26,105.34606170654297
spy,2007-04-27,105.26158905029297
spy,2007-04-30,104.38868713378906
spy,2007-05-01,104.65621185302734
spy,2007-05-02,105.26863861083984
spy,2007-05-03,105.83883666992188
spy,2007-05-04,106.24009704589844
spy,2007-05-07,106.26123046875
spy,2007-05-08,106.12043762207031
spy,2007-05-09,106.40904998779297
spy,2007-05-10,105.29676055908203
spy,2007-05-11,106.19789123535156
spy,2007-05-14,105.96554565429688
spy,2007-05-15,105.99368286132812
spy,2007-05-16,106.71876525878906
spy,2007-05-17,106.50762176513672
spy,2007-05-18,107.43679809570312
spy,2007-05-21,107.38045501708984
spy,2007-05-22,107.29602813720703
spy,2007-05-23,107.31010437011719
spy,2007-05-24,106.338623046875
spy,2007-05-25,106.7821044921875
spy,2007-05-29,107.16930389404297
spy,2007-05-30,108.04219818115234
spy,2007-05-31,107.92958068847656
spy,2007-06-01,108.46451568603516
spy,2007-06-04,108.4786605834961
spy,2007-06-05,108.04924774169922
spy,2007-06-06,106.8877182006836
spy,2007-06-07,104.95889282226562
spy,2007-06-08,106.32453155517578
spy,2007-06-11,106.50762176513672
spy,2007-06-12,105.34606170654297
spy,2007-06-13,106.92289733886719
spy,2007-06-14,107.605712890625
spy,2007-06-15,108.21797943115234
spy,2007-06-18,108.09075927734375
spy,2007-06-19,108.35939025878906
spy,2007-06-20,106.85350799560547
spy,2007-06-21,107.44739532470703
spy,2007-06-22,106.43640899658203
spy,2007-06-25,105.92739868164062
spy,2007-06-26,104.8386001586914
spy,2007-06-27,106.33031463623047
spy,2007-06-28,106.31620788574219
spy,2007-06-29,106.35154724121094
spy,2007-07-02,107.31306457519531
spy,2007-07-03,107.70189666748047
spy,2007-07-05,107.58877563476562
spy,2007-07-06,108.15437316894531
spy,2007-07-09,108.23925018310547
spy,2007-07-10,106.69798278808594
spy,2007-07-11,107.45445251464844
spy,2007-07-12,109.15125274658203
spy,2007-07-13,109.4764404296875
spy,2007-07-16,109.46228790283203
spy,2007-07-17,109.40571594238281
spy,2007-07-18,109.20774841308594
spy,2007-07-19,109.63195037841797
spy,2007-07-20,108.52201080322266
spy,2007-07-23,108.85427856445312
spy,2007-07-24,106.96664428710938
spy,2007-07-25,107.18576049804688
spy,2007-07-26,104.6477279663086
spy,2007-07-27,102.59037780761719
spy,2007-07-30,104.19526672363281
spy,2007-07-31,103.02165985107422
spy,2007-08-01,103.5236587524414
spy,2007-08-02,104.35079956054688
spy,2007-08-03,101.66426849365234
spy,2007-08-06,103.36810302734375
spy,2007-08-07,104.47100830078125
spy,2007-08-08,105.92739868164062
spy,2007-08-09,102.78838348388672
spy,2007-08-10,102.3076400756836
spy,2007-08-13,102.67524719238281
spy,2007-08-14,101.10575103759766
spy,2007-08-15,99.71300506591797
spy,2007-08-16,100.46240997314453
spy,2007-08-17,102.3076400756836
spy,2007-08-20,102.25814819335938
spy,2007-08-21,102.46310424804688
spy,2007-08-22,103.67914581298828
spy,2007-08-23,103.58724975585938
spy,2007-08-24,104.86687469482422
spy,2007-08-27,103.89118194580078
spy,2007-08-28,101.60775756835938
spy,2007-08-29,103.60138702392578
spy,2007-08-30,103.32565307617188
spy,2007-08-31,104.34371948242188
spy,2007-09-04,105.39710235595703
spy,2007-09-05,104.48515319824219
spy,2007-09-06,104.72549438476562
spy,2007-09-07,103.26910400390625
spy,2007-09-10,103.07113647460938
spy,2007-09-11,104.27302551269531
spy,2007-09-12,104.54167175292969
spy,2007-09-13,105.27698516845703
spy,2007-09-14,105.26985931396484
spy,2007-09-17,104.7043228149414
spy,2007-09-18,107.78673553466797
spy,2007-09-19,108.42298126220703
spy,2007-09-20,107.65948486328125
spy,2007-09-21,107.94998168945312
spy,2007-09-24,107.7510757446289
spy,2007-09-25,107.5379867553711
spy,2007-09-26,108.1063003540039
spy,2007-09-27,108.74559020996094
spy,2007-09-28,108.3833236694336
spy,2007-10-01,109.60506439208984
spy,2007-10-02,109.45589447021484
spy,2007-10-03,109.2357177734375
spy,2007-10-04,109.40615844726562
spy,2007-10-05,110.70613861083984
spy,2007-10-08,110.11656188964844
spy,2007-10-09,111.15363311767578
spy,2007-10-10,110.96896362304688
spy,2007-10-11,110.43620300292969
spy,2007-10-12,111.04708862304688
spy,2007-10-15,110.10939025878906
spy,2007-10-16,109.2357177734375
spy,2007-10-17,109.56958770751953
spy,2007-10-18,109.17179107666016
spy,2007-10-19,106.31622314453125
spy,2007-10-22,106.93424224853516
spy,2007-10-23,107.8008041381836
spy,2007-10-24,107.6019515991211
spy,2007-10-25,107.85765838623047
spy,2007-10-26,109.1220703125
spy,2007-10-29,109.484375
spy,2007-10-30,108.7242431640625
spy,2007-10-31,109.85370635986328
spy,2007-11-01,107.28227233886719
spy,2007-11-02,107.4030532836914
spy,2007-11-05,106.58615112304688
spy,2007-11-06,108.02105712890625
spy,2007-11-07,105.0660171508789
spy,2007-11-08,104.53328704833984
spy,2007-11-09,103.09837341308594
spy,2007-11-12,102.07550811767578
spy,2007-11-13,105.18678283691406
spy,2007-11-14,104.89559173583984
spy,2007-11-15,103.38250732421875
spy,2007-11-16,103.56010437011719
spy,2007-11-19,102.1181411743164
spy,2007-11-20,102.74323272705078
spy,2007-11-21,100.64063262939453
spy,2007-11-23,102.38096618652344
spy,2007-11-26,100.1220932006836
spy,2007-11-27,101.27286529541016
spy,2007-11-28,104.51199340820312
spy,2007-11-29,104.54753875732422
spy,2007-11-30,105.59877014160156
spy,2007-12-03,104.90266418457031
spy,2007-12-04,103.96501159667969
spy,2007-12-05,105.70536041259766
spy,2007-12-06,107.2183837890625
spy,2007-12-07,107.197021484375
spy,2007-12-10,108.02815246582031
spy,2007-12-11,105.0660171508789
spy,2007-12-12,106.10310363769531
spy,2007-12-13,105.88294982910156
spy,2007-12-14,104.54036712646484
spy,2007-12-17,103.0487060546875
spy,2007-12-18,103.6240463256836
spy,2007-12-19,103.6240463256836
spy,2007-12-20,104.27754211425781
spy,2007-12-21,105.78076171875
spy,2007-12-24,106.56625366210938
spy,2007-12-26,106.79483032226562
spy,2007-12-27,105.45231628417969
spy,2007-12-28,105.18802642822266
spy,2007-12-31,104.40967559814453
spy,2008-01-02,103.49561309814453
spy,2008-01-03,103.44564056396484
spy,2008-01-04,100.9105453491211
spy,2008-01-07,100.82485961914062
spy,2008-01-08,99.19670104980469
spy,2008-01-09,100.23929595947266
spy,2008-01-10,100.89624786376953
spy,2008-01-11,100.08222961425781
spy,2008-01-14,100.88911437988281
spy,2008-01-15,98.6682357788086
spy,2008-01-16,97.81847381591797
spy,2008-01-17,95.2833480834961
spy,2008-01-18,94.3050765991211
spy,2008-01-22,93.34814453125
spy,2008-01-23,95.59044647216797
spy,2008-01-24,96.39737701416016
spy,2008-01-25,95.0048828125
spy,2008-01-28,96.57593536376953
spy,2008-01-29,97.05438995361328
spy,2008-01-30,96.34027862548828
spy,2008-01-31,98.0969467163086
spy,2008-02-01,99.67510223388672
spy,2008-02-04,98.4183349609375
spy,2008-02-05,95.78325653076172
spy,2008-02-06,95.01201629638672
spy,2008-02-07,95.64041137695312
spy,2008-02-08,95.02632141113281
spy,2008-02-11,95.51190948486328
spy,2008-02-12,96.39737701416016
spy,2008-02-13,97.38285827636719
spy,2008-02-14,96.52590942382812
spy,2008-02-15,96.50447845458984
spy,2008-02-19,96.77587890625
spy,2008-02-20,97.06149291992188
spy,2008-02-21,96.25457763671875
spy,2008-02-22,96.8472900390625
spy,2008-02-25,98.06838989257812
spy,2008-02-26,98.80396270751953
spy,2008-02-27,98.70394897460938
spy,2008-02-28,97.73987579345703
spy,2008-02-29,95.5618667602539
spy,2008-03-03,95.33335876464844
spy,2008-03-04,94.96918487548828
spy,2008-03-05,95.56900787353516
spy,2008-03-06,93.59095001220703
spy,2008-03-07,92.62688446044922
spy,2008-03-10,91.4057846069336
spy,2008-03-11,94.69065856933594
spy,2008-03-12,93.80517578125
spy,2008-03-13,94.01227569580078
spy,2008-03-14,92.55548095703125
spy,2008-03-17,91.62001037597656
spy,2008-03-18,95.42621612548828
spy,2008-03-19,93.0625
spy,2008-03-20,94.78626251220703
spy,2008-03-24,96.6808853149414
spy,2008-03-25,96.77416229248047
spy,2008-03-26,95.59004974365234
spy,2008-03-27,95.2885971069336
spy,2008-03-28,94.37723541259766
spy,2008-03-31,94.70733642578125
spy,2008-04-01,98.03721618652344
spy,2008-04-02,98.10179138183594
spy,2008-04-03,98.34577178955078
spy,2008-04-04,98.23814392089844
spy,2008-04-07,98.2884292602539
spy,2008-04-08,98.18795013427734
spy,2008-04-09,97.47743225097656
spy,2008-04-10,97.61380004882812
spy,2008-04-11,95.7192611694336
spy,2008-04-14,95.3962631225586
spy,2008-04-15,95.61874389648438
spy,2008-04-16,98.20939636230469
spy,2008-04-17,98.35296630859375
spy,2008-04-18,99.37921905517578
spy,2008-04-21,99.4294204711914
spy,2008-04-22,98.99165344238281
spy,2008-04-23,98.83378601074219
spy,2008-04-24,99.26435089111328
spy,2008-04-25,100.18295288085938
spy,2008-04-28,100.20453643798828
spy,2008-04-29,99.80982971191406
spy,2008-04-30,99.22129821777344
spy,2008-05-01,101.2737808227539
spy,2008-05-02,101.55369567871094
spy,2008-05-05,101.065673828125
spy,2008-05-06,101.941162109375
spy,2008-05-07,100.12554931640625
spy,2008-05-08,99.86717987060547
spy,2008-05-09,99.68059539794922
spy,2008-05-12,100.80013275146484
spy,2008-05-13,100.81452178955078
spy,2008-05-14,101.0226058959961
spy,2008-05-15,102.2856674194336
spy,2008-05-16,102.37894439697266
spy,2008-05-19,102.6588363647461
spy,2008-05-20,101.82633972167969
spy,2008-05-21,100.10401153564453
spy,2008-05-22,100.11833953857422
spy,2008-05-23,98.7763900756836
spy,2008-05-27,99.50840759277344
spy,2008-05-28,99.96764373779297
spy,2008-05-29,100.47003936767578
spy,2008-05-30,100.72120666503906
spy,2008-06-02,99.68059539794922
spy,2008-06-03,99.09931182861328
spy,2008-06-04,99.049072265625
spy,2008-06-05,101.02982330322266
spy,2008-06-06,97.80755615234375
spy,2008-06-09,98.04439544677734
spy,2008-06-10,97.55635833740234
spy,2008-06-11,96.12110137939453
spy,2008-06-12,96.4870834350586
spy,2008-06-13,97.70709228515625
spy,2008-06-16,97.76448059082031
spy,2008-06-17,97.29086303710938
spy,2008-06-18,96.34356689453125
spy,2008-06-19,96.465576171875
spy,2008-06-20,94.8997802734375
spy,2008-06-23,94.8060073852539
spy,2008-06-24,94.61851501464844
spy,2008-06-25,95.06566619873047
spy,2008-06-26,92.4836654663086
spy,2008-06-27,91.97874450683594
spy,2008-06-30,92.3033218383789
spy,2008-07-01,92.59182739257812
spy,2008-07-02,91.00513458251953
spy,2008-07-03,91.09886169433594
spy,2008-07-07,90.16851043701172
spy,2008-07-08,91.76959228515625
spy,2008-07-09,90.0025863647461
spy,2008-07-10,90.37042999267578
spy,2008-07-11,89.31743621826172
spy,2008-07-14,88.50965118408203
spy,2008-07-15,87.26194763183594
spy,2008-07-16,89.40396118164062
spy,2008-07-17,90.29830169677734
spy,2008-07-18,90.86083984375
spy,2008-07-21,90.9113540649414
spy,2008-07-22,91.94273376464844
spy,2008-07-23,92.44036102294922
spy,2008-07-24,90.52188110351562
spy,2008-07-25,90.50025939941406
spy,2008-07-28,89.17317962646484
spy,2008-07-29,91.07723236083984
spy,2008-07-30,92.70000457763672
spy,2008-07-31,91.47393798828125
spy,2008-08-01,90.99070739746094
spy,2008-08-04,90.14684295654297
spy,2008-08-05,92.57743072509766
spy,2008-08-06,92.98848724365234
spy,2008-08-07,91.6037368774414
spy,2008-08-08,93.30585479736328
spy,2008-08-11,94.27228546142578
spy,2008-08-12,93.29141235351562
spy,2008-08-13,92.72886657714844
spy,2008-08-14,93.42845153808594
spy,2008-08-15,93.88284301757812
spy,2008-08-18,92.59906005859375
spy,2008-08-19,91.58930969238281
spy,2008-08-20,92.01485443115234
spy,2008-08-21,92.17349243164062
spy,2008-08-22,93.5077896118164
spy,2008-08-25,91.6109619140625
spy,2008-08-26,91.87781524658203
spy,2008-08-27,92.77214050292969
spy,2008-08-28,93.89723205566406
spy,2008-08-29,92.88752746582031
spy,2008-09-02,92.3105239868164
spy,2008-09-03,92.23118591308594
spy,2008-09-04,89.4544677734375
spy,2008-09-05,89.73572540283203
spy,2008-09-08,91.58930969238281
spy,2008-09-09,88.8702621459961
spy,2008-09-10,89.23089599609375
spy,2008-09-11,90.52188110351562
spy,2008-09-12,90.94021606445312
spy,2008-09-15,86.61279296875
spy,2008-09-16,88.06249237060547
spy,2008-09-17,84.10293579101562
spy,2008-09-18,86.598388671875
spy,2008-09-19,90.03756713867188
spy,2008-09-22,87.99916076660156
spy,2008-09-23,85.99700164794922
spy,2008-09-24,86.27265930175781
spy,2008-09-25,87.62188720703125
spy,2008-09-26,87.66546630859375
spy,2008-09-29,80.79585266113281
spy,2008-09-30,84.1400146484375
spy,2008-10-01,84.19075775146484
spy,2008-10-02,81.13679504394531
spy,2008-10-03,80.04141998291016
spy,2008-10-06,75.96466064453125
spy,2008-10-07,72.56248474121094
spy,2008-10-08,70.7344741821289
spy,2008-10-09,65.79442596435547
spy,2008-10-10,64.19851684570312
spy,2008-10-13,73.52002716064453
spy,2008-10-14,72.4319076538086
spy,2008-10-15,65.30118560791016
spy,2008-10-16,68.02145385742188
spy,2008-10-17,67.61516571044922
spy,2008-10-20,71.67749786376953
spy,2008-10-21,69.53754425048828
spy,2008-10-22,65.75090026855469
spy,2008-10-23,66.51256561279297
spy,2008-10-24,63.139434814453125
spy,2008-10-27,60.89794921875
spy,2008-10-28,68.01419830322266
spy,2008-10-29,67.52088165283203
spy,2008-10-30,69.85671997070312
spy,2008-10-31,70.24120330810547
spy,2008-11-03,70.44432830810547
spy,2008-11-04,72.83814239501953
spy,2008-11-05,69.77689361572266
spy,2008-11-06,65.91046905517578
spy,2008-11-07,68.08672332763672
spy,2008-11-10,67.19448852539062
spy,2008-11-11,65.1197738647461
spy,2008-11-12,62.25445556640625
spy,2008-11-13,66.1353759765625
spy,2008-11-14,62.834781646728516
spy,2008-11-17,62.00057601928711
spy,2008-11-18,63.16844177246094
spy,2008-11-19,59.12068557739258
spy,2008-11-20,54.73197555541992
spy,2008-11-21,57.68437194824219
spy,2008-11-24,61.681392669677734
spy,2008-11-25,62.13838577270508
spy,2008-11-26,64.53948211669922
spy,2008-11-28,65.35194396972656
spy,2008-12-01,59.563201904296875
spy,2008-12-02,61.8554573059082
spy,2008-12-03,63.342559814453125
spy,2008-12-04,61.87722396850586
spy,2008-12-05,63.785072326660156
spy,2008-12-08,66.01203918457031
spy,2008-12-09,64.92395782470703
spy,2008-12-10,65.366455078125
spy,2008-12-11,63.792320251464844
spy,2008-12-12,64.55398559570312
spy,2008-12-15,63.65448760986328
spy,2008-12-16,66.6504135131836
spy,2008-12-17,66.00482940673828
spy,2008-12-18,64.77161407470703
spy,2008-12-19,64.49301147460938
spy,2008-12-22,63.66663360595703
spy,2008-12-23,63.008453369140625
spy,2008-12-24,63.3741340637207
spy,2008-12-26,63.73973846435547
spy,2008-12-29,63.55695724487305
spy,2008-12-30,65.06336975097656
spy,2008-12-31,65.99214172363281
spy,2009-01-02,67.98125457763672
spy,2009-01-05,67.90083312988281
spy,2009-01-06,68.35421752929688
spy,2009-01-07,66.30662536621094
spy,2009-01-08,66.5771713256836
spy,2009-01-09,65.15117645263672
spy,2009-01-12,63.58619689941406
spy,2009-01-13,63.70317459106445
spy,2009-01-14,61.69944763183594
spy,2009-01-15,61.72133255004883
spy,2009-01-16,62.20401382446289
spy,2009-01-20,58.92049026489258
spy,2009-01-21,61.46543502807617
spy,2009-01-22,60.51469421386719
spy,2009-01-23,60.777992248535156
spy,2009-01-26,61.194854736328125
spy,2009-01-27,61.81645202636719
spy,2009-01-28,63.90794372558594
spy,2009-01-29,61.8310546875
spy,2009-01-30,60.573246002197266
spy,2009-02-02,60.39038848876953
spy,2009-02-03,61.23870086669922
spy,2009-02-04,60.938880920410156
spy,2009-02-05,61.84568405151367
spy,2009-02-06,63.608116149902344
spy,2009-02-09,63.695858001708984
spy,2009-02-10,60.777992248535156
spy,2009-02-11,61.13631820678711
spy,2009-02-12,61.18023681640625
spy,2009-02-13,60.522037506103516
spy,2009-02-17,57.93325424194336
spy,2009-02-18,57.794307708740234
spy,2009-02-19,57.172706604003906
spy,2009-02-20,56.61692428588867
spy,2009-02-23,54.59123229980469
spy,2009-02-24,56.660831451416016
spy,2009-02-25,56.21470260620117
spy,2009-02-26,55.30059814453125
spy,2009-02-27,54.06471252441406
spy,2009-03-02,51.62949752807617
spy,2009-03-03,51.24189758300781
spy,2009-03-04,52.45584487915039
spy,2009-03-05,50.313167572021484
spy,2009-03-06,50.40092086791992
spy,2009-03-09,49.80855178833008
spy,2009-03-10,52.777610778808594
spy,2009-03-11,53.1213493347168
spy,2009-03-12,55.21284484863281
spy,2009-03-13,55.644290924072266
spy,2009-03-16,55.476078033447266
spy,2009-03-17,57.172706604003906
spy,2009-03-18,58.452476501464844
spy,2009-03-19,57.72850036621094
spy,2009-03-20,56.499244689941406
spy,2009-03-23,60.557533264160156
spy,2009-03-24,59.364322662353516
spy,2009-03-25,59.990394592285156
spy,2009-03-26,61.213043212890625
spy,2009-03-27,60.108219146728516
spy,2009-03-30,58.031185150146484
spy,2009-03-31,58.5688591003418
spy,2009-04-01,59.70314407348633
spy,2009-04-02,61.4487190246582
spy,2009-04-03,62.06003952026367
spy,2009-04-06,61.57390594482422
spy,2009-04-07,60.1376953125
spy,2009-04-08,60.78583526611328
spy,2009-04-09,63.20167541503906
spy,2009-04-13,63.216400146484375
spy,2009-04-14,62.12632369995117
spy,2009-04-15,62.78921127319336
spy,2009-04-16,63.70987319946289
spy,2009-04-17,64.1370620727539
spy,2009-04-20,61.4487190246582
spy,2009-04-21,62.64925003051758
spy,2009-04-22,62.26625061035156
spy,2009-04-23,62.877586364746094
spy,2009-04-24,63.82770538330078
spy,2009-04-27,63.22374725341797
spy,2009-04-28,63.02488708496094
spy,2009-04-29,64.36537170410156
spy,2009-04-30,64.3874740600586
spy,2009-05-01,64.73365020751953
spy,2009-05-04,66.93585968017578
spy,2009-05-05,66.70755004882812
spy,2009-05-06,67.86387634277344
spy,2009-05-07,66.92112731933594
spy,2009-05-08,68.48257446289062
spy,2009-05-11,67.20099639892578
spy,2009-05-12,67.00215148925781
spy,2009-05-13,65.31549835205078
spy,2009-05-14,65.8752212524414
spy,2009-05-15,65.33760070800781
spy,2009-05-18,67.19365692138672
spy,2009-05-19,67.11261749267578
spy,2009-05-20,66.66333770751953
spy,2009-05-21,65.70585632324219
spy,2009-05-22,65.56590270996094
spy,2009-05-26,67.24520874023438
spy,2009-05-27,66.04467010498047
spy,2009-05-28,66.96532440185547
spy,2009-05-29,68.151123046875
spy,2009-06-01,69.80097198486328
spy,2009-06-02,69.85990142822266
spy,2009-06-03,68.97603607177734
spy,2009-06-04,69.62417602539062
spy,2009-06-05,69.63893127441406
spy,2009-06-08,69.3516845703125
spy,2009-06-09,69.7052230834961
spy,2009-06-10,69.52845001220703
spy,2009-06-11,69.8377914428711
spy,2009-06-12,70.02928924560547
spy,2009-06-15,68.42365264892578
spy,2009-06-16,67.4956283569336
spy,2009-06-17,67.42936706542969
spy,2009-06-18,67.9228286743164
spy,2009-06-19,68.1731185913086
spy,2009-06-22,66.12886810302734
spy,2009-06-23,66.18070983886719
spy,2009-06-24,66.75105285644531
spy,2009-06-25,68.20283508300781
spy,2009-06-26,68.0250244140625
spy,2009-06-29,68.66204833984375
spy,2009-06-30,68.10650634765625
spy,2009-07-01,68.38794708251953
spy,2009-07-02,66.52143096923828
spy,2009-07-06,66.51400756835938
spy,2009-07-07,65.22518157958984
spy,2009-07-08,65.18077087402344
spy,2009-07-09,65.30667114257812
spy,2009-07-10,65.15117645263672
spy,2009-07-13,66.73621368408203
spy,2009-07-14,67.11396789550781
spy,2009-07-15,69.07679748535156
spy,2009-07-16,68.9656982421875
spy,2009-07-17,69.72122192382812
spy,2009-07-20,70.46188354492188
spy,2009-07-21,70.78779602050781
spy,2009-07-22,70.7729721069336
spy,2009-07-23,72.33584594726562
spy,2009-07-24,72.63206481933594
spy,2009-07-27,72.846923828125
spy,2009-07-28,72.50621795654297
spy,2009-07-29,72.32843017578125
spy,2009-07-30,73.08394622802734
spy,2009-07-31,73.1876449584961
spy,2009-08-03,74.39497375488281
spy,2009-08-04,74.58751678466797
spy,2009-08-05,74.37275695800781
spy,2009-08-06,73.9875717163086
spy,2009-08-07,74.95787811279297
spy,2009-08-10,74.80235290527344
spy,2009-08-11,73.86905670166016
spy,2009-08-12,74.66157531738281
spy,2009-08-13,75.23193359375
spy,2009-08-14,74.65421295166016
spy,2009-08-17,72.81730651855469
spy,2009-08-18,73.3950424194336
spy,2009-08-19,74.0394058227539
spy,2009-08-20,74.80235290527344
spy,2009-08-21,76.26892852783203
spy,2009-08-24,76.26152038574219
spy,2009-08-25,76.4096450805664
spy,2009-08-26,76.41703033447266
spy,2009-08-27,76.58736419677734
spy,2009-08-28,76.5726089477539
spy,2009-08-31,75.89114379882812
spy,2009-09-01,74.21720123291016
spy,2009-09-02,73.93575286865234
spy,2009-09-03,74.5505142211914
spy,2009-09-04,75.59489440917969
spy,2009-09-08,76.2466812133789
spy,2009-09-09,76.83183288574219
spy,2009-09-10,77.61698150634766
spy,2009-09-11,77.60216522216797
spy,2009-09-14,77.9798812866211
spy,2009-09-15,78.30582427978516
spy,2009-09-16,79.49093627929688
spy,2009-09-17,79.37242126464844
spy,2009-09-18,79.42301177978516
spy,2009-09-21,79.22207641601562
spy,2009-09-22,79.68347930908203
spy,2009-09-23,79.02116394042969
spy,2009-09-24,78.150390625
spy,2009-09-25,77.73365020751953
spy,2009-09-28,79.12528991699219
spy,2009-09-29,78.88719177246094
spy,2009-09-30,78.58204650878906
spy,2009-10-01,76.63218688964844
spy,2009-10-02,76.27497100830078
spy,2009-10-05,77.41363525390625
spy,2009-10-06,78.52250671386719
spy,2009-10-07,78.73834991455078
spy,2009-10-08,79.3411636352539
spy,2009-10-09,79.82489013671875
spy,2009-10-12,80.13746643066406
spy,2009-10-13,79.97373962402344
spy,2009-10-14,81.35054016113281
spy,2009-10-15,81.64823913574219
spy,2009-10-16,81.03797149658203
spy,2009-10-19,81.70777130126953
spy,2009-10-20,81.27610778808594
spy,2009-10-21,80.54680633544922
spy,2009-10-22,81.36544036865234
spy,2009-10-23,80.43514251708984
spy,2009-10-26,79.56442260742188
spy,2009-10-27,79.19976043701172
spy,2009-10-28,77.7038803100586
spy,2009-10-29,79.37091827392578
spy,2009-10-30,77.07128143310547
spy,2009-11-02,77.63687896728516
spy,2009-11-03,77.88251495361328
spy,2009-11-04,78.08341979980469
spy,2009-11-05,79.5197525024414
spy,2009-11-06,79.7281265258789
spy,2009-11-09,81.54403686523438
spy,2009-11-10,81.55892944335938
spy,2009-11-11,81.97567749023438
spy,2009-11-12,81.14218139648438
spy,2009-11-13,81.58124542236328
spy,2009-11-16,82.76457214355469
spy,2009-11-17,82.86126708984375
spy,2009-11-18,82.8092041015625
spy,2009-11-19,81.73007202148438
spy,2009-11-20,81.43986511230469
spy,2009-11-23,82.47430419921875
spy,2009-11-24,82.60082244873047
spy,2009-11-25,82.89108276367188
spy,2009-11-27,81.54403686523438
spy,2009-11-30,81.81941986083984
spy,2009-12-01,82.83153533935547
spy,2009-12-02,82.79432678222656
spy,2009-12-03,82.14686584472656
spy,2009-12-04,82.61573791503906
spy,2009-12-07,82.48921966552734
spy,2009-12-08,81.57380676269531
spy,2009-12-09,81.87894439697266
spy,2009-12-10,82.3403549194336
spy,2009-12-11,82.69013977050781
spy,2009-12-14,83.2557601928711
spy,2009-12-15,82.86876678466797
spy,2009-12-16,82.99528503417969
spy,2009-12-17,81.99800109863281
spy,2009-12-18,82.46192169189453
spy,2009-12-21,83.2999038696289
spy,2009-12-22,83.59925079345703
spy,2009-12-23,83.76382446289062
spy,2009-12-24,84.1603775024414
spy,2009-12-28,84.3399658203125
spy,2009-12-29,84.22024536132812
spy,2009-12-30,84.19032287597656
spy,2009-12-31,83.38221740722656
spy,2010-01-04,84.79639434814453
spy,2010-01-05,85.02084350585938
spy,2010-01-06,85.08071899414062
spy,2010-01-07,85.4398422241211
spy,2010-01-08,85.72418212890625
spy,2010-01-11,85.84388732910156
spy,2010-01-12,85.04328155517578
spy,2010-01-13,85.76158142089844
spy,2010-01-14,85.99352264404297
spy,2010-01-15,85.02831268310547
spy,2010-01-19,86.09081268310547
spy,2010-01-20,85.21537780761719
spy,2010-01-21,83.5767593383789
spy,2010-01-22,81.71369171142578
spy,2010-01-25,82.13270568847656
spy,2010-01-26,81.78851318359375
spy,2010-01-27,82.1775894165039
spy,2010-01-28,81.23479461669922
spy,2010-01-29,80.35189819335938
spy,2010-02-01,81.60145568847656
spy,2010-02-02,82.58911895751953
spy,2010-02-03,82.1775894165039
spy,2010-02-04,79.6410903930664
spy,2010-02-05,79.80572509765625
spy,2010-02-08,79.2295913696289
spy,2010-02-09,80.2247314453125
spy,2010-02-10,80.06759643554688
spy,2010-02-11,80.90560913085938
spy,2010-02-12,80.8382568359375
spy,2010-02-16,82.11024475097656
spy,2010-02-17,82.49932098388672
spy,2010-02-18,82.98567962646484
spy,2010-02-19,83.15776824951172
spy,2010-02-22,83.17272186279297
spy,2010-02-23,82.1626205444336
spy,2010-02-24,82.91834259033203
spy,2010-02-25,82.80610656738281
spy,2010-02-26,82.85846710205078
spy,2010-03-01,83.71891021728516
spy,2010-03-02,83.95088958740234
spy,2010-03-03,84.02570343017578
spy,2010-03-04,84.28010559082031
spy,2010-03-05,85.48473358154297
spy,2010-03-08,85.49971008300781
spy,2010-03-09,85.64185333251953
spy,2010-03-10,86.02345275878906
spy,2010-03-11,86.38262939453125
spy,2010-03-12,86.39004516601562
spy,2010-03-15,86.41253662109375
spy,2010-03-16,87.10091400146484
spy,2010-03-17,87.61720275878906
spy,2010-03-18,87.5722885131836
spy,2010-03-19,87.12899017333984
spy,2010-03-22,87.59481811523438
spy,2010-03-23,88.21090698242188
spy,2010-03-24,87.78263092041016
spy,2010-03-25,87.63990020751953
spy,2010-03-26,87.58731842041016
spy,2010-03-29,88.14328002929688
spy,2010-03-30,88.2033920288086
spy,2010-03-31,87.9028549194336
spy,2010-04-01,88.50391387939453
spy,2010-04-05,89.22518920898438
spy,2010-04-06,89.4355239868164
spy,2010-04-07,88.92464447021484
spy,2010-04-08,89.23267364501953
spy,2010-04-09,89.81869506835938
spy,2010-04-12,89.96145629882812
spy,2010-04-13,90.02906036376953
spy,2010-04-14,91.05084228515625
spy,2010-04-15,91.12596130371094
spy,2010-04-16,89.67594909667969
spy,2010-04-19,90.01403045654297
spy,2010-04-20,90.81792449951172
spy,2010-04-21,90.65266418457031
spy,2010-04-22,90.92314147949219
spy,2010-04-23,91.51664733886719
spy,2010-04-26,91.17107391357422
spy,2010-04-27,89.01480865478516
spy,2010-04-28,89.69095611572266
spy,2010-04-29,90.80293273925781
spy,2010-04-30,89.2627182006836
spy,2010-05-03,90.41972351074219
spy,2010-05-04,88.29352569580078
spy,2010-05-05,87.76761627197266
spy,2010-05-06,84.85259246826172
spy,2010-05-07,83.59037780761719
spy,2010-05-10,87.27178192138672
spy,2010-05-11,87.02384185791016
spy,2010-05-12,88.24095153808594
spy,2010-05-13,87.1440658569336
spy,2010-05-14,85.56629943847656
spy,2010-05-17,85.61134338378906
spy,2010-05-18,84.4468765258789
spy,2010-05-19,83.96601104736328
spy,2010-05-20,80.79550170898438
spy,2010-05-21,81.97504425048828
spy,2010-05-24,80.92320251464844
spy,2010-05-25,81.00586700439453
spy,2010-05-26,80.51753234863281
spy,2010-05-27,83.21472930908203
spy,2010-05-28,82.17044830322266
spy,2010-06-01,80.78797149658203
spy,2010-06-02,82.89167022705078
spy,2010-06-03,83.17715454101562
spy,2010-06-04,80.25457763671875
spy,2010-06-07,79.25531768798828
spy,2010-06-08,80.10427856445312
spy,2010-06-09,79.67606353759766
spy,2010-06-10,82.00511932373047
spy,2010-06-11,82.40330505371094
spy,2010-06-14,82.27558135986328
spy,2010-06-15,84.14631652832031
spy,2010-06-16,84.11627960205078
spy,2010-06-17,84.25152587890625
spy,2010-06-18,84.34286499023438
spy,2010-06-21,84.1012954711914
spy,2010-06-22,82.71231842041016
spy,2010-06-23,82.45565032958984
spy,2010-06-24,81.08930969238281
spy,2010-06-25,81.42900848388672
spy,2010-06-28,81.17236328125
spy,2010-06-29,78.6661605834961
spy,2010-06-30,77.91881561279297
spy,2010-07-01,77.57157897949219
spy,2010-07-02,77.14881896972656
spy,2010-07-06,77.65460968017578
spy,2010-07-07,80.10042572021484
spy,2010-07-08,80.89305877685547
spy,2010-07-09,81.49695587158203
spy,2010-07-12,81.54978942871094
spy,2010-07-13,82.78026580810547
spy,2010-07-14,82.77272033691406
spy,2010-07-15,82.79534912109375
spy,2010-07-16,80.51563262939453
spy,2010-07-19,80.99119567871094
spy,2010-07-20,81.88948059082031
spy,2010-07-21,80.82511138916016
spy,2010-07-22,82.62928009033203
spy,2010-07-23,83.34640502929688
spy,2010-07-26,84.21454620361328
spy,2010-07-27,84.20697784423828
spy,2010-07-28,83.66349792480469
spy,2010-07-29,83.25584411621094
spy,2010-07-30,83.24070739746094
spy,2010-08-02,85.12039184570312
spy,2010-08-03,84.71275329589844
spy,2010-08-04,85.27891540527344
spy,2010-08-05,85.18831634521484
spy,2010-08-06,84.84110260009766
spy,2010-08-09,85.29399871826172
spy,2010-08-10,84.8335189819336
spy,2010-08-11,82.50851440429688
spy,2010-08-12,82.00273895263672
spy,2010-08-13,81.76116180419922
spy,2010-08-16,81.72343444824219
spy,2010-08-17,82.72740173339844
spy,2010-08-18,82.87840270996094
spy,2010-08-19,81.43656921386719
spy,2010-08-20,81.17236328125
spy,2010-08-23,80.86284637451172
spy,2010-08-24,79.6626205444336
spy,2010-08-25,79.97208404541016
spy,2010-08-26,79.43614959716797
spy,2010-08-27,80.66658020019531
spy,2010-08-30,79.49655151367188
spy,2010-08-31,79.49655151367188
spy,2010-09-01,81.87439727783203
spy,2010-09-02,82.63681030273438
spy,2010-09-03,83.70878601074219
spy,2010-09-07,82.76516723632812
spy,2010-09-08,83.34640502929688
spy,2010-09-09,83.73137664794922
spy,2010-09-10,84.15414428710938
spy,2010-09-13,85.09016418457031
spy,2010-09-14,85.03736877441406
spy,2010-09-15,85.36197662353516
spy,2010-09-16,85.33929443359375
spy,2010-09-17,85.37114715576172
spy,2010-09-20,86.6765365600586
spy,2010-09-21,86.50196838378906
spy,2010-09-22,86.07696533203125
spy,2010-09-23,85.3787612915039
spy,2010-09-24,87.13946533203125
spy,2010-09-27,86.72206115722656
spy,2010-09-28,87.02561950683594
spy,2010-09-29,86.87380981445312
spy,2010-09-30,86.61578369140625
spy,2010-10-01,86.98009490966797
spy,2010-10-04,86.32743072509766
spy,2010-10-05,88.0653305053711
spy,2010-10-06,88.05774688720703
spy,2010-10-07,87.95153045654297
spy,2010-10-08,88.44479370117188
spy,2010-10-11,88.5282974243164
spy,2010-10-12,88.80150604248047
spy,2010-10-13,89.49212646484375
spy,2010-10-14,89.14302062988281
spy,2010-10-15,89.32518005371094
spy,2010-10-18,89.76533508300781
spy,2010-10-19,88.5890121459961
spy,2010-10-20,89.45419311523438
spy,2010-10-21,89.65152740478516
spy,2010-10-22,89.81842803955078
spy,2010-10-25,90.0840835571289
spy,2010-10-26,90.0992660522461
spy,2010-10-27,89.84123229980469
spy,2010-10-28,89.85640716552734
spy,2010-10-29,89.92472839355469
spy,2010-11-01,89.955078125
spy,2010-11-02,90.66846466064453
spy,2010-11-03,91.03271484375
spy,2010-11-04,92.78584289550781
spy,2010-11-05,93.13494873046875
spy,2010-11-08,92.96037292480469
spy,2010-11-09,92.29254150390625
spy,2010-11-10,92.66442108154297
spy,2010-11-11,92.31533813476562
spy,2010-11-12,91.22246551513672
spy,2010-11-15,91.09344482421875
spy,2010-11-16,89.67427825927734
spy,2010-11-17,89.71981048583984
spy,2010-11-18,91.04032135009766
spy,2010-11-19,91.29077911376953
spy,2010-11-22,91.21485137939453
spy,2010-11-23,89.89434814453125
spy,2010-11-24,91.22246551513672
spy,2010-11-26,90.16000366210938
spy,2010-11-29,90.4332046508789
spy,2010-11-30,89.92472839355469
spy,2010-12-01,91.83723449707031
spy,2010-12-02,93.01351165771484
spy,2010-12-03,93.26395416259766
spy,2010-12-06,93.16529083251953
spy,2010-12-07,93.21842193603516
spy,2010-12-08,93.5599365234375
spy,2010-12-09,93.9242172241211
spy,2010-12-10,94.47066497802734
spy,2010-12-13,94.53136444091797
spy,2010-12-14,94.6148452758789
spy,2010-12-15,94.1822509765625
spy,2010-12-16,94.72868347167969
spy,2010-12-17,94.83015441894531
spy,2010-12-20,95.05902862548828
spy,2010-12-21,95.66173553466797
spy,2010-12-22,95.9592514038086
spy,2010-12-23,95.82193756103516
spy,2010-12-27,95.8600845336914
spy,2010-12-28,95.9974365234375
spy,2010-12-29,96.06607818603516
spy,2010-12-30,95.91348266601562
spy,2010-12-31,95.9363784790039
spy,2011-01-03,96.92816925048828
spy,2011-01-04,96.87477111816406
spy,2011-01-05,97.37825775146484
spy,2011-01-06,97.18757629394531
spy,2011-01-07,96.996826171875
spy,2011-01-10,96.87477111816406
spy,2011-01-11,97.21807098388672
spy,2011-01-12,98.0954360961914
spy,2011-01-13,97.93518829345703
spy,2011-01-14,98.64473724365234
spy,2011-01-18,98.81256103515625
spy,2011-01-19,97.84367370605469
spy,2011-01-20,97.7139663696289
spy,2011-01-21,97.93518829345703
spy,2011-01-24,98.4921646118164
spy,2011-01-25,98.54553985595703
spy,2011-01-26,98.92703247070312
spy,2011-01-27,99.171142578125
spy,2011-01-28,97.43930053710938
spy,2011-01-31,98.1717529296875
spy,2011-02-01,99.7433090209961
spy,2011-02-02,99.55258178710938
spy,2011-02-03,99.7738265991211
spy,2011-02-04,100.05610656738281
spy,2011-02-07,100.68167877197266
spy,2011-02-08,101.13945007324219
spy,2011-02-09,100.91056823730469
spy,2011-02-10,100.94872283935547
spy,2011-02-11,101.5514144897461
spy,2011-02-14,101.7955322265625
spy,2011-02-15,101.47510528564453
spy,2011-02-16,102.11598205566406
spy,2011-02-17,102.42110443115234
spy,2011-02-18,102.6347885131836
spy,2011-02-22,100.57488250732422
spy,2011-02-23,99.95693969726562
spy,2011-02-24,99.88825988769531
spy,2011-02-25,100.95636749267578
spy,2011-02-28,101.5819091796875
spy,2011-03-01,99.88825988769531
spy,2011-03-02,100.10186767578125
spy,2011-03-03,101.8260726928711
spy,2011-03-04,101.06317901611328
spy,2011-03-07,100.26972961425781
spy,2011-03-08,101.14707946777344
spy,2011-03-09,101.00212097167969
spy,2011-03-10,99.13298797607422
spy,2011-03-11,99.81959533691406
spy,2011-03-14,99.21692657470703
spy,2011-03-15,98.08016204833984
spy,2011-03-16,96.26445007324219
spy,2011-03-17,97.53849792480469
spy,2011-03-18,97.89328002929688
spy,2011-03-21,99.410400390625
spy,2011-03-22,99.0655746459961
spy,2011-03-23,99.34909057617188
spy,2011-03-24,100.2992172241211
spy,2011-03-25,100.60572052001953
spy,2011-03-28,100.3604965209961
spy,2011-03-29,101.03479766845703
spy,2011-03-30,101.73210144042969
spy,2011-03-31,101.59415435791016
spy,2011-04-01,102.02320098876953
spy,2011-04-04,102.1075210571289
spy,2011-04-05,102.09222412109375
spy,2011-04-06,102.4140625
spy,2011-04-07,102.1535415649414
spy,2011-04-08,101.80101013183594
spy,2011-04-11,101.49456787109375
spy,2011-04-12,100.73594665527344
spy,2011-04-13,100.72830200195312
spy,2011-04-14,100.80492401123047
spy,2011-04-15,101.17272186279297
spy,2011-04-18,100.03871154785156
spy,2011-04-19,100.61338806152344
spy,2011-04-20,101.98492431640625
spy,2011-04-21,102.50596618652344
spy,2011-04-25,102.398681640625
spy,2011-04-26,103.27984619140625
spy,2011-04-27,103.95414733886719
spy,2011-04-28,104.29127502441406
spy,2011-04-29,104.53646850585938
spy,2011-05-02,104.37557220458984
spy,2011-05-03,104.0001220703125
spy,2011-05-04,103.3105239868164
spy,2011-05-05,102.37569427490234
spy,2011-05-06,102.82777404785156
spy,2011-05-09,103.22618865966797
spy,2011-05-10,104.10734558105469
spy,2011-05-11,103.01165771484375
spy,2011-05-12,103.50205993652344
spy,2011-05-13,102.70516967773438
spy,2011-05-16,102.05389404296875
spy,2011-05-17,102.03854370117188
spy,2011-05-18,102.95040130615234
spy,2011-05-19,103.19554138183594
spy,2011-05-20,102.37569427490234
spy,2011-05-23,101.18803405761719
spy,2011-05-24,101.10379028320312
spy,2011-05-25,101.44087982177734
spy,2011-05-26,101.9083251953125
spy,2011-05-27,102.2990493774414
spy,2011-05-31,103.36412811279297
spy,2011-06-01,101.04247283935547
spy,2011-06-02,100.93519592285156
spy,2011-06-03,99.93144989013672
spy,2011-06-06,98.87403869628906
spy,2011-06-07,98.81272888183594
spy,2011-06-08,98.39897155761719
spy,2011-06-09,99.14987182617188
spy,2011-06-10,97.77066040039062
spy,2011-06-13,97.84727478027344
spy,2011-06-14,99.08861541748047
spy,2011-06-15,97.32628631591797
spy,2011-06-16,97.54081726074219
spy,2011-06-17,97.8318862915039
spy,2011-06-20,98.33236694335938
spy,2011-06-21,99.6799545288086
spy,2011-06-22,99.07927703857422
spy,2011-06-23,98.7944107055664
spy,2011-06-24,97.64707946777344
spy,2011-06-27,98.5172119140625
spy,2011-06-28,99.8031234741211
spy,2011-06-29,100.65786743164062
spy,2011-06-30,101.62037658691406
spy,2011-07-01,103.12191772460938
spy,2011-07-05,103.03726196289062
spy,2011-07-06,103.16045379638672
spy,2011-07-07,104.23077392578125
spy,2011-07-08,103.4915542602539
spy,2011-07-11,101.62037658691406
spy,2011-07-12,101.18148803710938
spy,2011-07-13,101.5202865600586
spy,2011-07-14,100.81961059570312
spy,2011-07-15,101.4048080444336
spy,2011-07-18,100.57315826416016
spy,2011-07-19,102.20562744140625
spy,2011-07-20,102.14402770996094
spy,2011-07-21,103.56085205078125
spy,2011-07-22,103.63017272949219
spy,2011-07-25,103.05260467529297
spy,2011-07-26,102.66761016845703
spy,2011-07-27,100.56543731689453
spy,2011-07-28,100.27285766601562
spy,2011-07-29,99.5875244140625
spy,2011-08-01,99.16398620605469
spy,2011-08-02,96.63063049316406
spy,2011-08-03,97.1542739868164
spy,2011-08-04,92.60340881347656
spy,2011-08-05,92.46478271484375
spy,2011-08-08,86.44319915771484
spy,2011-08-09,90.46269989013672
spy,2011-08-10,86.46624755859375
spy,2011-08-11,90.3471908569336
spy,2011-08-12,90.9555435180664
spy,2011-08-15,92.88059997558594
spy,2011-08-16,92.08745574951172
spy,2011-08-17,92.14907836914062
spy,2011-08-18,88.17573547363281
spy,2011-08-19,86.73576354980469
spy,2011-08-22,86.80506134033203
spy,2011-08-23,89.66191101074219
spy,2011-08-24,90.92475891113281
spy,2011-08-25,89.53868865966797
spy,2011-08-26,90.84003448486328
spy,2011-08-29,93.45040130615234
spy,2011-08-30,93.69686126708984
spy,2011-08-31,94.1126480102539
spy,2011-09-01,93.12700653076172
spy,2011-09-02,90.74763488769531
spy,2011-09-06,90.08538055419922
spy,2011-09-07,92.62649536132812
spy,2011-09-08,91.6639175415039
spy,2011-09-09,89.26150512695312
spy,2011-09-12,89.83899688720703
spy,2011-09-13,90.66292572021484
spy,2011-09-14,91.91808319091797
spy,2011-09-15,93.50433349609375
spy,2011-09-16,94.05770874023438
spy,2011-09-19,93.1212158203125
spy,2011-09-20,93.0128402709961
spy,2011-09-21,90.2728271484375
spy,2011-09-22,87.35478973388672
spy,2011-09-23,87.8811264038086
spy,2011-09-26,89.9709701538086
spy,2011-09-27,90.97718048095703
spy,2011-09-28,89.11954498291016
spy,2011-09-29,89.82389831542969
spy,2011-09-30,87.57927703857422
spy,2011-10-03,85.08694458007812
spy,2011-10-04,86.95234680175781
spy,2011-10-05,88.56227111816406
spy,2011-10-06,90.16447448730469
spy,2011-10-07,89.56075286865234
spy,2011-10-10,92.55616760253906
spy,2011-10-11,92.64905548095703
spy,2011-10-12,93.4617691040039
spy,2011-10-13,93.2760009765625
spy,2011-10-14,94.87045288085938
spy,2011-10-17,93.05924987792969
spy,2011-10-18,94.87818145751953
spy,2011-10-19,93.75588989257812
spy,2011-10-20,94.16609191894531
spy,2011-10-21,95.95404815673828
spy,2011-10-24,97.1305160522461
spy,2011-10-25,95.24197387695312
spy,2011-10-26,96.20947265625
spy,2011-10-27,99.56095886230469
spy,2011-10-28,99.53773498535156
spy,2011-10-31,97.13831329345703
spy,2011-11-01,94.42928314208984
spy,2011-11-02,95.96955871582031
spy,2011-11-03,97.71881866455078
spy,2011-11-04,97.12279510498047
spy,2011-11-07,97.72655487060547
spy,2011-11-08,98.9804458618164
spy,2011-11-09,95.32711029052734
spy,2011-11-10,96.22496795654297
spy,2011-11-11,98.03614044189453
spy,2011-11-14,97.10735321044922
spy,2011-11-15,97.58721160888672
spy,2011-11-16,96.03922271728516
spy,2011-11-17,94.51441955566406
spy,2011-11-18,94.41378784179688
spy,2011-11-21,92.61808013916016
spy,2011-11-22,92.25428009033203
spy,2011-11-23,90.21863555908203
spy,2011-11-25,90.04837036132812
spy,2011-11-28,92.65679931640625
spy,2011-11-29,92.91997528076172
spy,2011-11-30,96.74356079101562
spy,2011-12-01,96.72804260253906
spy,2011-12-02,96.6429443359375
spy,2011-12-05,97.69561004638672
spy,2011-12-06,97.72655487060547
spy,2011-12-07,98.0903091430664
spy,2011-12-08,95.9385757446289
spy,2011-12-09,97.56401824951172
spy,2011-12-12,96.13982391357422
spy,2011-12-13,95.24197387695312
spy,2011-12-14,94.22804260253906
spy,2011-12-15,94.56858825683594
spy,2011-12-16,94.70877838134766
spy,2011-12-19,93.69620513916016
spy,2011-12-20,96.53146362304688
spy,2011-12-21,96.71839141845703
spy,2011-12-22,97.5752182006836
spy,2011-12-23,98.44761657714844
spy,2011-12-27,98.52546691894531
spy,2011-12-28,97.23248291015625
spy,2011-12-29,98.23729705810547
spy,2011-12-30,97.75434875488281
spy,2012-01-03,99.31219482421875
spy,2012-01-04,99.46797943115234
spy,2012-01-05,99.7328109741211
spy,2012-01-06,99.47576904296875
spy,2012-01-09,99.71724700927734
spy,2012-01-10,100.58184051513672
spy,2012-01-11,100.63636016845703
spy,2012-01-12,100.8778305053711
spy,2012-01-13,100.35594940185547
spy,2012-01-17,100.74539947509766
spy,2012-01-18,101.85924530029297
spy,2012-01-19,102.39673614501953
spy,2012-01-20,102.77838134765625
spy,2012-01-23,102.51353454589844
spy,2012-01-24,102.39673614501953
spy,2012-01-25,103.25350189208984
spy,2012-01-26,102.72386932373047
spy,2012-01-27,102.67715454101562
spy,2012-01-30,102.32660675048828
spy,2012-01-31,102.28765869140625
spy,2012-02-01,103.18345642089844
spy,2012-02-02,103.34697723388672
spy,2012-02-03,104.79582214355469
spy,2012-02-06,104.72570037841797
spy,2012-02-07,104.99052429199219
spy,2012-02-08,105.30209350585938
spy,2012-02-09,105.43451690673828
spy,2012-02-10,104.65560150146484
spy,2012-02-13,105.43451690673828
spy,2012-02-14,105.30209350585938
spy,2012-02-15,104.81135559082031
spy,2012-02-16,105.97198486328125
spy,2012-02-17,106.25237274169922
spy,2012-02-21,106.29910278320312
spy,2012-02-22,105.9563980102539
spy,2012-02-23,106.42378234863281
spy,2012-02-24,106.6573715209961
spy,2012-02-27,106.8365478515625
spy,2012-02-28,107.14814758300781
spy,2012-02-29,106.72750091552734
spy,2012-03-01,107.2805404663086
spy,2012-03-02,106.95338439941406
spy,2012-03-05,106.51722717285156
spy,2012-03-06,104.95935821533203
spy,2012-03-07,105.6915283203125
spy,2012-03-08,106.74313354492188
spy,2012-03-09,107.15589141845703
spy,2012-03-12,107.16371154785156
spy,2012-03-13,109.09542083740234
spy,2012-03-14,108.97859954833984
spy,2012-03-15,109.60951232910156
spy,2012-03-16,109.76126098632812
spy,2012-03-19,110.19156646728516
spy,2012-03-20,109.87077331542969
spy,2012-03-21,109.69087982177734
spy,2012-03-22,108.90074157714844
spy,2012-03-23,109.25275421142578
spy,2012-03-26,110.7861557006836
spy,2012-03-27,110.44190216064453
spy,2012-03-28,109.8942642211914
spy,2012-03-29,109.70653533935547
spy,2012-03-30,110.16027069091797
spy,2012-04-02,110.96607971191406
spy,2012-04-03,110.5123291015625
spy,2012-04-04,109.4170913696289
spy,2012-04-05,109.36231231689453
spy,2012-04-09,108.134033203125
spy,2012-04-10,106.31901550292969
spy,2012-04-11,107.17960357666016
spy,2012-04-12,108.57992553710938
spy,2012-04-13,107.28913116455078
spy,2012-04-16,107.21871948242188
spy,2012-04-17,108.80683898925781
spy,2012-04-18,108.43916320800781
spy,2012-04-19,107.74288177490234
spy,2012-04-20,107.92282104492188
spy,2012-04-23,107.01530456542969
spy,2012-04-24,107.42211151123047
spy,2012-04-25,108.89289855957031
spy,2012-04-26,109.65178680419922
spy,2012-04-27,109.83173370361328
spy,2012-04-30,109.42489624023438
spy,2012-05-01,110.10554504394531
spy,2012-05-02,109.7769775390625
spy,2012-05-03,108.9398422241211
spy,2012-05-04,107.17960357666016
spy,2012-05-07,107.25785827636719
spy,2012-05-08,106.8275375366211
spy,2012-05-09,106.1938705444336
spy,2012-05-10,106.41292572021484
spy,2012-05-11,106.0921630859375
spy,2012-05-14,104.91864013671875
spy,2012-05-15,104.31629180908203
spy,2012-05-16,103.91726684570312
spy,2012-05-17,102.37608337402344
spy,2012-05-18,101.49986267089844
spy,2012-05-21,103.24445343017578
spy,2012-05-22,103.4244155883789
spy,2012-05-23,103.4791488647461
spy,2012-05-24,103.68257141113281
spy,2012-05-25,103.34616088867188
spy,2012-05-29,104.597900390625
spy,2012-05-30,103.0801773071289
spy,2012-05-31,102.8532943725586
spy,2012-06-01,100.2637710571289
spy,2012-06-04,100.21684265136719
spy,2012-06-05,100.97571563720703
spy,2012-06-06,103.24445343017578
spy,2012-06-07,103.30706024169922
spy,2012-06-08,104.12853240966797
spy,2012-06-11,102.80636596679688
spy,2012-06-12,103.98766326904297
spy,2012-06-13,103.32271575927734
spy,2012-06-14,104.41793060302734
spy,2012-06-15,105.48585510253906
spy,2012-06-18,105.69033813476562
spy,2012-06-19,106.71260833740234
spy,2012-06-20,106.53963470458984
spy,2012-06-21,104.14903259277344
spy,2012-06-22,104.95113372802734
spy,2012-06-25,103.26826477050781
spy,2012-06-26,103.78728485107422
spy,2012-06-27,104.72306060791016
spy,2012-06-28,104.42423248291016
spy,2012-06-29,107.0271987915039
spy,2012-07-02,107.3496322631836
spy,2012-07-03,108.0573501586914
spy,2012-07-05,107.56979370117188
spy,2012-07-06,106.54750061035156
spy,2012-07-09,106.4137954711914
spy,2012-07-10,105.48585510253906
spy,2012-07-11,105.50161743164062
spy,2012-07-12,104.99044799804688
spy,2012-07-13,106.75194549560547
spy,2012-07-16,106.50031280517578
spy,2012-07-17,107.23165130615234
spy,2012-07-18,108.02587127685547
spy,2012-07-19,108.30897521972656
spy,2012-07-20,107.31816101074219
spy,2012-07-23,106.23291778564453
spy,2012-07-24,105.32073974609375
spy,2012-07-25,105.34436798095703
spy,2012-07-26,107.08223724365234
spy,2012-07-27,109.05609893798828
spy,2012-07-30,109.05609893798828
spy,2012-07-31,108.29326629638672
spy,2012-08-01,108.1988754272461
spy,2012-08-02,107.45182037353516
spy,2012-08-03,109.58294677734375
spy,2012-08-06,109.7952880859375
spy,2012-08-07,110.34578704833984
spy,2012-08-08,110.4794692993164
spy,2012-08-09,110.57378387451172
spy,2012-08-10,110.75465393066406
spy,2012-08-13,110.69959259033203
spy,2012-08-14,110.71533966064453
spy,2012-08-15,110.84120178222656
spy,2012-08-16,111.6590347290039
spy,2012-08-17,111.80842590332031
spy,2012-08-20,111.81626892089844
spy,2012-08-21,111.47813415527344
spy,2012-08-22,111.52534484863281
spy,2012-08-23,110.61312866210938
spy,2012-08-24,111.28153228759766
spy,2012-08-27,111.30514526367188
spy,2012-08-28,111.195068359375
spy,2012-08-29,111.28153228759766
spy,2012-08-30,110.4794692993164
spy,2012-08-31,111.00636291503906
spy,2012-09-04,110.90406799316406
spy,2012-09-05,110.8097152709961
spy,2012-09-06,113.05879974365234
spy,2012-09-07,113.49913787841797
spy,2012-09-10,112.85433197021484
spy,2012-09-11,113.16886901855469
spy,2012-09-12,113.54633331298828
spy,2012-09-13,115.27638244628906
spy,2012-09-14,115.78752899169922
spy,2012-09-17,115.39432525634766
spy,2012-09-18,115.29999542236328
spy,2012-09-19,115.3629150390625
spy,2012-09-20,115.37077331542969
spy,2012-09-21,115.32251739501953
spy,2012-09-24,115.14859771728516
spy,2012-09-25,113.9231948852539
spy,2012-09-26,113.28280639648438
spy,2012-09-27,114.35012817382812
spy,2012-09-28,113.82042694091797
spy,2012-10-01,114.12085723876953
spy,2012-10-02,114.23941040039062
spy,2012-10-03,114.70589447021484
spy,2012-10-04,115.528076171875
spy,2012-10-05,115.53600311279297
spy,2012-10-08,115.14068603515625
spy,2012-10-09,114.00226593017578
spy,2012-10-10,113.27494812011719
spy,2012-10-11,113.33815002441406
spy,2012-10-12,112.96658325195312
spy,2012-10-15,113.90737915039062
spy,2012-10-16,115.06163024902344
spy,2012-10-17,115.58341979980469
spy,2012-10-18,115.28302764892578
spy,2012-10-19,113.3618392944336
spy,2012-10-22,113.37769317626953
spy,2012-10-23,111.80445098876953
spy,2012-10-24,111.4881820678711
spy,2012-10-25,111.81231689453125
spy,2012-10-26,111.74906921386719
spy,2012-10-31,111.74906921386719
spy,2012-11-01,112.9191665649414
spy,2012-11-02,111.91513061523438
spy,2012-11-05,112.14437866210938
spy,2012-11-06,113.02192687988281
spy,2012-11-07,110.46043395996094
spy,2012-11-08,109.13223266601562
spy,2012-11-09,109.22711181640625
spy,2012-11-12,109.3140869140625
spy,2012-11-13,108.93458557128906
spy,2012-11-14,107.46414184570312
spy,2012-11-15,107.28227233886719
spy,2012-11-16,107.8119888305664
spy,2012-11-19,109.99400329589844
spy,2012-11-20,110.04141235351562
spy,2012-11-21,110.24696350097656
spy,2012-11-23,111.74906921386719
spy,2012-11-26,111.51187896728516
spy,2012-11-27,110.94269561767578
spy,2012-11-28,111.83606719970703
spy,2012-11-29,112.35786437988281
spy,2012-11-30,112.38154602050781
spy,2012-12-03,111.82811737060547
spy,2012-12-04,111.67001342773438
spy,2012-12-05,111.86767578125
spy,2012-12-06,112.24714660644531
spy,2012-12-07,112.5871353149414
spy,2012-12-10,112.634521484375
spy,2012-12-11,113.4013900756836
spy,2012-12-12,113.456787109375
spy,2012-12-13,112.76104736328125
spy,2012-12-14,112.34205627441406
spy,2012-12-17,113.6623306274414
spy,2012-12-18,114.92724609375
spy,2012-12-19,114.07340240478516
spy,2012-12-20,114.72957611083984
spy,2012-12-21,113.68814849853516
spy,2012-12-24,113.33786010742188
spy,2012-12-26,112.86009979248047
spy,2012-12-27,112.70886993408203
spy,2012-12-28,111.49069213867188
spy,2012-12-31,113.3856201171875
spy,2013-01-02,116.29170989990234
spy,2013-01-03,116.02898406982422
spy,2013-01-04,116.53851318359375
spy,2013-01-07,116.22006225585938
spy,2013-01-08,115.88566589355469
spy,2013-01-09,116.18028259277344
spy,2013-01-10,117.10383605957031
spy,2013-01-11,117.09588623046875
spy,2013-01-14,117.01622772216797
spy,2013-01-15,117.09588623046875
spy,2013-01-16,117.07991027832031
spy,2013-01-17,117.83638000488281
spy,2013-01-18,118.09911346435547
spy,2013-01-22,118.73603820800781
spy,2013-01-23,118.9271240234375
spy,2013-01-24,118.958984375
spy,2013-01-25,119.62776947021484
spy,2013-01-28,119.48445892333984
spy,2013-01-29,119.95419311523438
spy,2013-01-30,119.48445892333984
spy,2013-01-31,119.18988037109375
spy,2013-02-01,120.41600799560547
spy,2013-02-04,119.06246185302734
spy,2013-02-05,120.26472473144531
spy,2013-02-06,120.35233306884766
spy,2013-02-07,120.19306945800781
spy,2013-02-08,120.86183166503906
spy,2013-02-11,120.8380126953125
spy,2013-02-12,121.03697967529297
spy,2013-02-13,121.1405258178711
spy,2013-02-14,121.25199890136719
spy,2013-02-15,121.108642578125
spy,2013-02-19,122.0163345336914
spy,2013-02-20,120.49557495117188
spy,2013-02-21,119.76309204101562
spy,2013-02-22,120.93354034423828
spy,2013-02-25,118.63250732421875
spy,2013-02-26,119.44465637207031
spy,2013-02-27,120.949462890625
spy,2013-02-28,120.71056365966797
spy,2013-03-01,121.108642578125
spy,2013-03-04,121.75357055664062
spy,2013-03-05,122.84437561035156
spy,2013-03-06,123.01151275634766
spy,2013-03-07,123.23448181152344
spy,2013-03-08,123.7600326538086
spy,2013-03-11,124.229736328125
spy,2013-03-12,123.95108032226562
spy,2013-03-13,124.12619018554688
spy,2013-03-14,124.787109375
spy,2013-03-15,124.6223373413086
spy,2013-03-18,123.93456268310547
spy,2013-03-19,123.64663696289062
spy,2013-03-20,124.51036834716797
spy,2013-03-21,123.44673156738281
spy,2013-03-22,124.43838500976562
spy,2013-03-25,123.91854858398438
spy,2013-03-26,124.91024780273438
spy,2013-03-27,124.91024780273438
spy,2013-03-28,125.2940902709961
spy,2013-04-01,124.79827117919922
spy,2013-04-02,125.41410064697266
spy,2013-04-03,124.1424560546875
spy,2013-04-04,124.64634704589844
spy,2013-04-05,124.08656311035156
spy,2013-04-08,124.92625427246094
spy,2013-04-09,125.35810852050781
spy,2013-04-10,126.8935546875
spy,2013-04-11,127.3094711303711
spy,2013-04-12,126.99756622314453
spy,2013-04-15,124.05451202392578
spy,2013-04-16,125.88594818115234
spy,2013-04-17,124.0465087890625
spy,2013-04-18,123.27082824707031
spy,2013-04-19,124.3424072265625
spy,2013-04-22,124.894287109375
spy,2013-04-23,126.18175506591797
spy,2013-04-24,126.26178741455078
spy,2013-04-25,126.77363586425781
spy,2013-04-26,126.54967498779297
spy,2013-04-29,127.39741516113281
spy,2013-04-30,127.70125579833984
spy,2013-05-01,126.5816421508789
spy,2013-05-02,127.75728607177734
spy,2013-05-03,129.0529022216797
spy,2013-05-06,129.38075256347656
spy,2013-05-07,130.0364990234375
spy,2013-05-08,130.62832641601562
spy,2013-05-09,130.260498046875
spy,2013-05-10,130.68434143066406
spy,2013-05-13,130.7882537841797
spy,2013-05-14,132.13980102539062
spy,2013-05-15,132.85154724121094
spy,2013-05-16,132.227783203125
spy,2013-05-17,133.50732421875
spy,2013-05-20,133.49937438964844
spy,2013-05-21,133.69131469726562
spy,2013-05-22,132.6996307373047
spy,2013-05-23,132.3157196044922
spy,2013-05-24,132.2038116455078
spy,2013-05-28,132.99554443359375
spy,2013-05-29,132.1317901611328
spy,2013-05-30,132.61968994140625
spy,2013-05-31,130.71624755859375
spy,2013-06-03,131.4360809326172
spy,2013-06-04,130.80422973632812
spy,2013-06-05,128.972900390625
spy,2013-06-06,130.1405029296875
spy,2013-06-07,131.79591369628906
spy,2013-06-10,131.79591369628906
spy,2013-06-11,130.43641662597656
spy,2013-06-12,129.35670471191406
spy,2013-06-13,131.32408142089844
spy,2013-06-14,130.50033569335938
spy,2013-06-17,131.50808715820312
spy,2013-06-18,132.54769897460938
spy,2013-06-19,130.71624755859375
spy,2013-06-20,127.4773941040039
spy,2013-06-21,127.8866195678711
spy,2013-06-24,126.27063751220703
spy,2013-06-25,127.48463439941406
spy,2013-06-26,128.74684143066406
spy,2013-06-27,129.50257873535156
spy,2013-06-28,128.97195434570312
spy,2013-07-01,129.72764587402344
spy,2013-07-02,129.6071014404297
spy,2013-07-03,129.6634063720703
spy,2013-07-05,131.062255859375
spy,2013-07-08,131.80995178222656
spy,2013-07-09,132.75863647460938
spy,2013-07-10,132.8068389892578
spy,2013-07-11,134.61573791503906
spy,2013-07-12,134.67202758789062
spy,2013-07-15,135.18666076660156
spy,2013-07-16,134.6800994873047
spy,2013-07-17,135.0258026123047
spy,2013-07-18,135.7655029296875
spy,2013-07-19,136.00665283203125
spy,2013-07-22,136.2719268798828
spy,2013-07-23,135.98251342773438
spy,2013-07-24,135.48406982421875
spy,2013-07-25,135.8136444091797
spy,2013-07-26,135.95835876464844
spy,2013-07-29,135.54034423828125
spy,2013-07-30,135.54034423828125
spy,2013-07-31,135.63681030273438
spy,2013-08-01,137.2045440673828
spy,2013-08-02,137.43772888183594
spy,2013-08-05,137.23672485351562
spy,2013-08-06,136.4568634033203
spy,2013-08-07,136.0146484375
spy,2013-08-08,136.51315307617188
spy,2013-08-09,136.11920166015625
spy,2013-08-12,135.95835876464844
spy,2013-08-13,136.36033630371094
spy,2013-08-14,135.66090393066406
spy,2013-08-15,133.7635955810547
spy,2013-08-16,133.32139587402344
spy,2013-08-19,132.4691619873047
spy,2013-08-20,133.12037658691406
spy,2013-08-21,132.3003692626953
spy,2013-08-22,133.50628662109375
spy,2013-08-23,133.95655822753906
spy,2013-08-26,133.45803833007812
spy,2013-08-27,131.31150817871094
spy,2013-08-28,131.77780151367188
spy,2013-08-29,131.9867706298828
spy,2013-08-30,131.5687255859375
spy,2013-09-03,132.1636505126953
spy,2013-09-04,133.2570343017578
spy,2013-09-05,133.42587280273438
spy,2013-09-06,133.490234375
spy,2013-09-09,134.7685546875
spy,2013-09-10,135.7655029296875
spy,2013-09-11,136.1914825439453
spy,2013-09-12,135.8297882080078
spy,2013-09-13,136.13525390625
spy,2013-09-16,136.92311096191406
spy,2013-09-17,137.5341339111328
spy,2013-09-18,139.12599182128906
spy,2013-09-19,138.89288330078125
spy,2013-09-20,137.92176818847656
spy,2013-09-23,137.28350830078125
spy,2013-09-24,136.9604034423828
spy,2013-09-25,136.5645751953125
spy,2013-09-26,137.08966064453125
spy,2013-09-27,136.4595947265625
spy,2013-09-30,135.73240661621094
spy,2013-10-01,136.80690002441406
spy,2013-10-02,136.67762756347656
spy,2013-10-03,135.41734313964844
spy,2013-10-04,136.44338989257812
spy,2013-10-07,135.26385498046875
spy,2013-10-08,133.68853759765625
spy,2013-10-09,133.7854461669922
spy,2013-10-10,136.66957092285156
spy,2013-10-11,137.55014038085938
spy,2013-10-14,138.09951782226562
spy,2013-10-15,137.09776306152344
spy,2013-10-16,139.01246643066406
spy,2013-10-17,139.94151306152344
spy,2013-10-18,140.8866729736328
spy,2013-10-21,140.89479064941406
spy,2013-10-22,141.7108154296875
spy,2013-10-23,141.03219604492188
spy,2013-10-24,141.50070190429688
spy,2013-10-25,142.1470947265625
spy,2013-10-28,142.37322998046875
spy,2013-10-29,143.13265991210938
spy,2013-10-30,142.42169189453125
spy,2013-10-31,142.01776123046875
spy,2013-11-01,142.35708618164062
spy,2013-11-04,142.85792541503906
spy,2013-11-05,142.4055633544922
spy,2013-11-06,143.13265991210938
spy,2013-11-07,141.32298278808594
spy,2013-11-08,143.22959899902344
spy,2013-11-11,143.25381469726562
spy,2013-11-12,142.96304321289062
spy,2013-11-13,144.11021423339844
spy,2013-11-14,144.82919311523438
spy,2013-11-15,145.4593505859375
spy,2013-11-18,144.9503631591797
spy,2013-11-19,144.63528442382812
spy,2013-11-20,144.182861328125
spy,2013-11-21,145.34622192382812
spy,2013-11-22,146.07330322265625
spy,2013-11-25,145.92796325683594
spy,2013-11-26,145.9683074951172
spy,2013-11-27,146.32376098632812
spy,2013-11-29,146.22683715820312
spy,2013-12-02,145.8470916748047
spy,2013-12-03,145.21702575683594
spy,2013-12-04,145.20082092285156
spy,2013-12-05,144.56260681152344
spy,2013-12-06,146.17832946777344
spy,2013-12-09,146.5499725341797
spy,2013-12-10,146.02481079101562
spy,2013-12-11,144.38482666015625
spy,2013-12-12,143.90823364257812
spy,2013-12-13,143.89202880859375
spy,2013-12-16,144.788818359375
spy,2013-12-17,144.3283233642578
spy,2013-12-18,146.79226684570312
spy,2013-12-19,146.62269592285156
spy,2013-12-20,147.47560119628906
spy,2013-12-23,148.26348876953125
spy,2013-12-24,148.58836364746094
spy,2013-12-26,149.34376525878906
spy,2013-12-27,149.335693359375
spy,2013-12-30,149.3113250732422
spy,2013-12-31,150.01803588867188
spy,2014-01-02,148.5802459716797
spy,2014-01-03,148.55589294433594
spy,2014-01-06,148.1254119873047
spy,2014-01-07,149.03514099121094
spy,2014-01-08,149.06768798828125
spy,2014-01-09,149.16513061523438
spy,2014-01-10,149.5712890625
spy,2014-01-13,147.58119201660156
spy,2014-01-14,149.18946838378906
spy,2014-01-15,149.99363708496094
spy,2014-01-16,149.79864501953125
spy,2014-01-17,149.16513061523438
spy,2014-01-21,149.6037139892578
spy,2014-01-22,149.701171875
spy,2014-01-23,148.4746551513672
spy,2014-01-24,145.3068389892578
spy,2014-01-27,144.592041015625
spy,2014-01-28,145.45301818847656
spy,2014-01-29,144.05592346191406
spy,2014-01-30,145.58297729492188
spy,2014-01-31,144.7301788330078
spy,2014-02-03,141.47293090820312
spy,2014-02-04,142.46389770507812
spy,2014-02-05,142.28518676757812
spy,2014-02-06,144.16152954101562
spy,2014-02-07,145.9485321044922
spy,2014-02-10,146.21653747558594
spy,2014-02-11,147.8167266845703
spy,2014-02-12,147.88986206054688
spy,2014-02-13,148.6533660888672
spy,2014-02-14,149.4737548828125
spy,2014-02-18,149.65243530273438
spy,2014-02-19,148.6614532470703
spy,2014-02-20,149.53872680664062
spy,2014-02-21,149.36814880371094
spy,2014-02-24,150.19667053222656
spy,2014-02-25,150.139892578125
spy,2014-02-26,150.14793395996094
spy,2014-02-27,150.9358673095703
spy,2014-02-28,151.31759643554688
spy,2014-03-03,150.25360107421875
spy,2014-03-04,152.36544799804688
spy,2014-03-05,152.50347900390625
spy,2014-03-06,152.85276794433594
spy,2014-03-07,152.9177703857422
spy,2014-03-10,152.8365936279297
spy,2014-03-11,152.08111572265625
spy,2014-03-12,152.1217803955078
spy,2014-03-13,150.41598510742188
spy,2014-03-14,149.99363708496094
spy,2014-03-17,151.35009765625
spy,2014-03-18,152.43043518066406
spy,2014-03-19,151.6180877685547
spy,2014-03-20,152.50347900390625
spy,2014-03-21,151.9120330810547
spy,2014-03-24,151.2838134765625
spy,2014-03-25,152.0017547607422
spy,2014-03-26,150.9085235595703
spy,2014-03-27,150.59039306640625
spy,2014-03-28,151.33282470703125
spy,2014-03-31,152.57289123535156
spy,2014-04-01,153.58457946777344
spy,2014-04-02,154.0985565185547
spy,2014-04-03,153.89459228515625
spy,2014-04-04,152.07518005371094
spy,2014-04-07,150.39453125
spy,2014-04-08,151.0146026611328
spy,2014-04-09,152.6381378173828
spy,2014-04-10,149.43182373046875
spy,2014-04-11,148.0856475830078
spy,2014-04-14,149.25234985351562
spy,2014-04-15,150.28036499023438
spy,2014-04-16,151.8549041748047
spy,2014-04-17,152.0670928955078
spy,2014-04-21,152.5973358154297
spy,2014-04-22,153.2908172607422
spy,2014-04-23,152.9318389892578
spy,2014-04-24,153.2418212890625
spy,2014-04-25,151.98544311523438
spy,2014-04-28,152.46678161621094
spy,2014-04-29,153.17660522460938
spy,2014-04-30,153.63348388671875
spy,2014-05-01,153.64981079101562
spy,2014-05-02,153.4295196533203
spy,2014-05-05,153.72323608398438
spy,2014-05-06,152.38519287109375
spy,2014-05-07,153.2826690673828
spy,2014-05-08,153.11947631835938
spy,2014-05-09,153.3479461669922
spy,2014-05-12,154.8409423828125
spy,2014-05-13,154.97962951660156
spy,2014-05-14,154.24539184570312
spy,2014-05-15,152.89100646972656
spy,2014-05-16,153.42135620117188
spy,2014-05-19,153.98431396484375
spy,2014-05-20,153.01348876953125
spy,2014-05-21,154.30255126953125
spy,2014-05-22,154.677734375
spy,2014-05-23,155.29779052734375
spy,2014-05-27,156.2523956298828
spy,2014-05-28,156.13812255859375
spy,2014-05-29,156.9458465576172
spy,2014-05-30,157.19874572753906
spy,2014-06-02,157.37828063964844
spy,2014-06-03,157.2966766357422
spy,2014-06-04,157.61485290527344
spy,2014-06-05,158.64279174804688
spy,2014-06-06,159.4015350341797
spy,2014-06-09,159.5647430419922
spy,2014-06-10,159.58102416992188
spy,2014-06-11,159.02626037597656
spy,2014-06-12,157.9003143310547
spy,2014-06-13,158.38177490234375
spy,2014-06-16,158.51226806640625
spy,2014-06-17,158.95281982421875
spy,2014-06-18,160.11949157714844
spy,2014-06-19,160.29898071289062
spy,2014-06-20,160.62445068359375
spy,2014-06-23,160.57533264160156
spy,2014-06-24,159.60791015625
spy,2014-06-25,160.32933044433594
spy,2014-06-26,160.2145538330078
spy,2014-06-27,160.52609252929688
spy,2014-06-30,160.44410705566406
spy,2014-07-01,161.5179901123047
spy,2014-07-02,161.68194580078125
spy,2014-07-03,162.4771270751953
spy,2014-07-07,161.91143798828125
spy,2014-07-08,160.87037658691406
spy,2014-07-09,161.59173583984375
spy,2014-07-10,160.9523468017578
spy,2014-07-11,161.1736602783203
spy,2014-07-14,161.98524475097656
spy,2014-07-15,161.68194580078125
spy,2014-07-16,162.28038024902344
spy,2014-07-17,160.43588256835938
spy,2014-07-18,162.07545471191406
spy,2014-07-21,161.77210998535156
spy,2014-07-22,162.4771270751953
spy,2014-07-23,162.83778381347656
spy,2014-07-24,162.8459930419922
spy,2014-07-25,162.08364868164062
spy,2014-07-28,162.14918518066406
spy,2014-07-29,161.45242309570312
spy,2014-07-30,161.47702026367188
spy,2014-07-31,158.28811645507812
spy,2014-08-01,157.80445861816406
spy,2014-08-04,158.94393920898438
spy,2014-08-05,157.4027862548828
spy,2014-08-06,157.4519805908203
spy,2014-08-07,156.5994110107422
spy,2014-08-08,158.41107177734375
spy,2014-08-11,158.8701171875
spy,2014-08-12,158.64881896972656
spy,2014-08-13,159.7227325439453
spy,2014-08-14,160.47689819335938
spy,2014-08-15,160.44410705566406
spy,2014-08-18,161.78854370117188
spy,2014-08-19,162.63290405273438
spy,2014-08-20,163.0673828125
spy,2014-08-21,163.54281616210938
spy,2014-08-22,163.28868103027344
spy,2014-08-25,164.11663818359375
spy,2014-08-26,164.22323608398438
spy,2014-08-27,164.15757751464844
spy,2014-08-28,164.06747436523438
spy,2014-08-29,164.53472900390625
spy,2014-09-02,164.4526824951172
spy,2014-09-03,164.362548828125
spy,2014-09-04,164.12478637695312
spy,2014-09-05,164.86260986328125
spy,2014-09-08,164.4363555908203
spy,2014-09-09,163.39523315429688
spy,2014-09-10,164.0100555419922
spy,2014-09-11,164.19866943359375
spy,2014-09-12,163.239501953125
spy,2014-09-15,163.1165313720703
spy,2014-09-16,164.3461151123047
spy,2014-09-17,164.56753540039062
spy,2014-09-18,165.4446563720703
spy,2014-09-19,165.29562377929688
spy,2014-09-22,164.01901245117188
spy,2014-09-23,163.080078125
spy,2014-09-24,164.356689453125
spy,2014-09-25,161.70469665527344
spy,2014-09-26,162.98947143554688
spy,2014-09-29,162.69296264648438
spy,2014-09-30,162.2647247314453
spy,2014-10-01,160.0657501220703
spy,2014-10-02,160.09046936035156
spy,2014-10-03,161.8529510498047
spy,2014-10-06,161.6634979248047
spy,2014-10-07,159.1680450439453
spy,2014-10-08,161.9517822265625
spy,2014-10-09,158.73980712890625
spy,2014-10-10,156.92784118652344
spy,2014-10-13,154.3500213623047
spy,2014-10-14,154.5888214111328
spy,2014-10-15,153.5428924560547
spy,2014-10-16,153.4110870361328
spy,2014-10-17,155.22300720214844
spy,2014-10-20,156.730224609375
spy,2014-10-21,159.83522033691406
spy,2014-10-22,158.6986083984375
spy,2014-10-23,160.54345703125
spy,2014-10-24,161.77886962890625
spy,2014-10-27,161.5565185546875
spy,2014-10-28,163.4095458984375
spy,2014-10-29,163.16250610351562
spy,2014-10-30,164.2084197998047
spy,2014-10-31,166.08628845214844
spy,2014-11-03,166.17684936523438
spy,2014-11-04,165.60032653808594
spy,2014-11-05,166.6462860107422
spy,2014-11-06,167.31341552734375
spy,2014-11-07,167.46986389160156
spy,2014-11-10,167.9969940185547
spy,2014-11-11,168.16171264648438
spy,2014-11-12,167.98052978515625
spy,2014-11-13,168.16993713378906
spy,2014-11-14,168.21112060546875
spy,2014-11-17,168.3181915283203
spy,2014-11-18,169.29010009765625
spy,2014-11-19,169.01824951171875
spy,2014-11-20,169.3147430419922
spy,2014-11-21,170.220703125
spy,2014-11-24,170.69842529296875
spy,2014-11-25,170.57479858398438
spy,2014-11-26,171.01136779785156
spy,2014-11-28,170.64898681640625
spy,2014-12-01,169.46299743652344
spy,2014-12-02,170.558349609375
spy,2014-12-03,171.2172393798828
spy,2014-12-04,171.02781677246094
spy,2014-12-05,171.307861328125
spy,2014-12-08,170.1630401611328
spy,2014-12-09,170.04774475097656
spy,2014-12-10,167.32167053222656
spy,2014-12-11,168.16993713378906
spy,2014-12-12,165.45205688476562
spy,2014-12-15,164.3155059814453
spy,2014-12-16,162.99777221679688
spy,2014-12-17,166.1933135986328
spy,2014-12-18,170.30303955078125
spy,2014-12-19,171.02767944335938
spy,2014-12-22,171.814453125
spy,2014-12-23,172.04624938964844
spy,2014-12-24,172.0628662109375
spy,2014-12-26,172.61764526367188
spy,2014-12-29,172.849609375
spy,2014-12-30,171.92208862304688
spy,2014-12-31,170.216064453125
spy,2015-01-02,170.12496948242188
spy,2015-01-05,167.05259704589844
spy,2015-01-06,165.4790802001953
spy,2015-01-07,167.54124450683594
spy,2015-01-08,170.51416015625
spy,2015-01-09,169.14776611328125
spy,2015-01-12,167.82278442382812
spy,2015-01-13,167.35073852539062
spy,2015-01-14,166.34042358398438
spy,2015-01-15,164.8166046142578
spy,2015-01-16,166.97805786132812
spy,2015-01-20,167.334228515625
spy,2015-01-21,168.17886352539062
spy,2015-01-22,170.67987060546875
spy,2015-01-23,169.74407958984375
spy,2015-01-26,170.1415557861328
spy,2015-01-27,167.89730834960938
spy,2015-01-28,165.74412536621094
spy,2015-01-29,167.27615356445312
spy,2015-01-30,165.1727294921875
spy,2015-02-02,167.21829223632812
spy,2015-02-03,169.63636779785156
spy,2015-02-04,168.9904327392578
spy,2015-02-05,170.69639587402344
spy,2015-02-06,170.2244110107422
spy,2015-02-09,169.46250915527344
spy,2015-02-10,171.26783752441406
spy,2015-02-11,171.36717224121094
spy,2015-02-12,173.0151824951172
spy,2015-02-13,173.72747802734375
spy,2015-02-17,174.000732421875
spy,2015-02-18,174.0172576904297
spy,2015-02-19,173.89300537109375
spy,2015-02-20,174.93650817871094
spy,2015-02-23,174.91163635253906
spy,2015-02-24,175.40858459472656
spy,2015-02-25,175.2594757080078
spy,2015-02-26,175.0524444580078
spy,2015-02-27,174.45623779296875
spy,2015-03-02,175.5576171875
spy,2015-03-03,174.83714294433594
spy,2015-03-04,174.1000213623047
spy,2015-03-05,174.29055786132812
spy,2015-03-06,171.83924865722656
spy,2015-03-09,172.55148315429688
spy,2015-03-10,169.7523651123047
spy,2015-03-11,169.35484313964844
spy,2015-03-12,171.5080108642578
spy,2015-03-13,170.45628356933594
spy,2015-03-16,172.733642578125
spy,2015-03-17,172.22024536132812
spy,2015-03-18,174.29055786132812
spy,2015-03-19,173.49551391601562
spy,2015-03-20,175.02694702148438
spy,2015-03-23,174.68592834472656
spy,2015-03-24,173.70433044433594
spy,2015-03-25,171.158935546875
spy,2015-03-26,170.7513427734375
spy,2015-03-27,171.14227294921875
spy,2015-03-30,173.23016357421875
spy,2015-03-31,171.7162322998047
spy,2015-04-01,171.1090087890625
spy,2015-04-02,171.72459411621094
spy,2015-04-06,172.88082885742188
spy,2015-04-07,172.4232940673828
spy,2015-04-08,173.00563049316406
spy,2015-04-09,173.77088928222656
spy,2015-04-10,174.71914672851562
spy,2015-04-13,173.92893981933594
spy,2015-04-14,174.26165771484375
spy,2015-04-15,175.04354858398438
spy,2015-04-16,174.99365234375
spy,2015-04-17,172.98068237304688
spy,2015-04-20,174.56112670898438
spy,2015-04-21,174.35313415527344
spy,2015-04-22,175.2099609375
spy,2015-04-23,175.65086364746094
spy,2015-04-24,176.05841064453125
spy,2015-04-27,175.32643127441406
spy,2015-04-28,175.88377380371094
spy,2015-04-29,175.16006469726562
spy,2015-04-30,173.40489196777344
spy,2015-05-01,175.28482055664062
spy,2015-05-04,175.78399658203125
spy,2015-05-05,173.77088928222656
spy,2015-05-06,173.05551147460938
spy,2015-05-07,173.74591064453125
spy,2015-05-08,176.03350830078125
spy,2015-05-11,175.19332885742188
spy,2015-05-12,174.6692352294922
spy,2015-05-13,174.70252990722656
spy,2015-05-14,176.5242462158203
spy,2015-05-15,176.7156219482422
spy,2015-05-18,177.26463317871094
spy,2015-05-19,177.20639038085938
spy,2015-05-20,177.0815887451172
spy,2015-05-21,177.59732055664062
spy,2015-05-22,177.17312622070312
spy,2015-05-26,175.26815795898438
spy,2015-05-27,176.93186950683594
spy,2015-05-28,176.7322235107422
spy,2015-05-29,175.63421630859375
spy,2015-06-01,175.99191284179688
spy,2015-06-02,175.8171844482422
spy,2015-06-03,176.28306579589844
spy,2015-06-04,174.79405212402344
spy,2015-06-05,174.4945526123047
spy,2015-06-08,173.42147827148438
spy,2015-06-09,173.3965301513672
spy,2015-06-10,175.47610473632812
spy,2015-06-11,176.04180908203125
spy,2015-06-12,174.6942138671875
spy,2015-06-15,173.94554138183594
spy,2015-06-16,174.89389038085938
spy,2015-06-17,175.1766815185547
spy,2015-06-18,176.99838256835938
spy,2015-06-19,176.21270751953125
spy,2015-06-22,177.11544799804688
spy,2015-06-23,177.24081420898438
spy,2015-06-24,175.95355224609375
spy,2015-06-25,175.41860961914062
spy,2015-06-26,175.3851776123047
spy,2015-06-29,171.707275390625
spy,2015-06-30,172.06674194335938
spy,2015-07-01,173.4458770751953
spy,2015-07-02,173.28709411621094
spy,2015-07-06,172.79391479492188
spy,2015-07-07,173.88055419921875
spy,2015-07-08,170.96327209472656
spy,2015-07-09,171.27264404296875
spy,2015-07-10,173.42918395996094
spy,2015-07-13,175.34336853027344
spy,2015-07-14,176.10400390625
spy,2015-07-15,176.04551696777344
spy,2015-07-16,177.4581756591797
spy,2015-07-17,177.60862731933594
spy,2015-07-20,177.70057678222656
spy,2015-07-21,176.99838256835938
spy,2015-07-22,176.68075561523438
spy,2015-07-23,175.68603515625
spy,2015-07-24,173.86386108398438
spy,2015-07-27,172.85243225097656
spy,2015-07-28,174.97560119628906
spy,2015-07-29,176.1792449951172
spy,2015-07-30,176.2210693359375
spy,2015-07-31,175.95355224609375
spy,2015-08-03,175.36004638671875
spy,2015-08-04,175.017333984375
spy,2015-08-05,175.59414672851562
spy,2015-08-06,174.15640258789062
spy,2015-08-07,173.8220672607422
spy,2015-08-10,176.01210021972656
spy,2015-08-11,174.42388916015625
spy,2015-08-12,174.6328582763672
spy,2015-08-13,174.41551208496094
spy,2015-08-14,175.05079650878906
spy,2015-08-17,176.02882385253906
spy,2015-08-18,175.51890563964844
spy,2015-08-19,174.13134765625
spy,2015-08-20,170.4952392578125
spy,2015-08-21,165.36288452148438
spy,2015-08-24,158.39993286132812
spy,2015-08-25,156.53594970703125
spy,2015-08-26,162.5460205078125
spy,2015-08-27,166.5666046142578
spy,2015-08-28,166.57496643066406
spy,2015-08-31,165.22911071777344
spy,2015-09-01,160.29745483398438
spy,2015-09-02,163.34011840820312
spy,2015-09-03,163.45709228515625
spy,2015-09-04,160.98284912109375
spy,2015-09-08,165.02857971191406
spy,2015-09-09,162.8218231201172
spy,2015-09-10,163.70782470703125
spy,2015-09-11,164.45181274414062
spy,2015-09-14,163.84158325195312
spy,2015-09-15,165.88949584960938
spy,2015-09-16,167.3272247314453
spy,2015-09-17,166.9510955810547
spy,2015-09-18,164.2228546142578
spy,2015-09-21,165.0714874267578
spy,2015-09-22,162.92889404296875
spy,2015-09-23,162.6684112548828
spy,2015-09-24,162.0802459716797
spy,2015-09-25,162.03822326660156
spy,2015-09-28,157.97157287597656
spy,2015-09-29,158.06396484375
spy,2015-09-30,161.01315307617188
spy,2015-10-01,161.43328857421875
spy,2015-10-02,163.84471130371094
spy,2015-10-05,166.7603302001953
spy,2015-10-06,166.18894958496094
spy,2015-10-07,167.55018615722656
spy,2015-10-08,169.06259155273438
spy,2015-10-09,169.16343688964844
spy,2015-10-12,169.32301330566406
spy,2015-10-13,168.25592041015625
spy,2015-10-14,167.44932556152344
spy,2015-10-15,170.02044677734375
spy,2015-10-16,170.7933807373047
spy,2015-10-19,170.87745666503906
spy,2015-10-20,170.65904235839844
spy,2015-10-21,169.60031127929688
spy,2015-10-22,172.46551513671875
spy,2015-10-23,174.3560333251953
spy,2015-10-26,173.9275360107422
spy,2015-10-27,173.5914306640625
spy,2015-10-28,175.5659637451172
spy,2015-10-29,175.46519470214844
spy,2015-10-30,174.70889282226562
spy,2015-11-02,176.77586364746094
spy,2015-11-03,177.2884521484375
spy,2015-11-04,176.75062561035156
spy,2015-11-05,176.57420349121094
spy,2015-11-06,176.48179626464844
spy,2015-11-09,174.83493041992188
spy,2015-11-10,175.23826599121094
spy,2015-11-11,174.54930114746094
spy,2015-11-12,172.11257934570312
spy,2015-11-13,170.18011474609375
spy,2015-11-16,172.76800537109375
spy,2015-11-17,172.6419677734375
spy,2015-11-18,175.381103515625
spy,2015-11-19,175.22982788085938
spy,2015-11-20,175.86843872070312
spy,2015-11-23,175.66677856445312
spy,2015-11-24,175.90203857421875
spy,2015-11-25,175.8768768310547
spy,2015-11-27,176.0784912109375
spy,2015-11-30,175.34751892089844
spy,2015-12-01,177.01954650878906
spy,2015-12-02,175.21304321289062
spy,2015-12-03,172.75958251953125
spy,2015-12-04,176.12892150878906
spy,2015-12-07,175.06182861328125
spy,2015-12-08,173.88552856445312
spy,2015-12-09,172.53273010253906
spy,2015-12-10,172.9780731201172
spy,2015-12-11,169.6255645751953
spy,2015-12-14,170.48257446289062
spy,2015-12-15,172.27224731445312
spy,2015-12-16,174.79298400878906
spy,2015-12-17,172.12940979003906
spy,2015-12-18,169.06295776367188
spy,2015-12-21,170.45753479003906
spy,2015-12-22,172.0043487548828
spy,2015-12-23,174.13429260253906
spy,2015-12-24,173.84690856933594
spy,2015-12-28,173.44967651367188
spy,2015-12-29,175.30067443847656
spy,2015-12-30,174.0582275390625
spy,2015-12-31,172.31704711914062
spy,2016-01-04,169.90817260742188
spy,2016-01-05,170.1955108642578
spy,2016-01-06,168.0486602783203
spy,2016-01-07,164.0168914794922
spy,2016-01-08,162.21653747558594
spy,2016-01-11,162.3771209716797
spy,2016-01-12,163.68727111816406
spy,2016-01-13,159.60475158691406
spy,2016-01-14,162.22500610351562
spy,2016-01-15,158.74267578125
spy,2016-01-19,158.95394897460938
spy,2016-01-20,156.91696166992188
spy,2016-01-21,157.7960205078125
spy,2016-01-22,161.0332489013672
spy,2016-01-25,158.5989532470703
spy,2016-01-26,160.76283264160156
spy,2016-01-27,159.0131378173828
spy,2016-01-28,159.8414306640625
spy,2016-01-29,163.73794555664062
spy,2016-02-01,163.67880249023438
spy,2016-02-02,160.7289581298828
spy,2016-02-03,161.6925506591797
spy,2016-02-04,161.9461212158203
spy,2016-02-05,158.86099243164062
spy,2016-02-08,156.72250366210938
spy,2016-02-09,156.73101806640625
spy,2016-02-10,156.59576416015625
spy,2016-02-11,154.55874633789062
spy,2016-02-12,157.74525451660156
spy,2016-02-16,160.4077911376953
spy,2016-02-17,163.02793884277344
spy,2016-02-18,162.36024475097656
spy,2016-02-19,162.2842254638672
spy,2016-02-22,164.63389587402344
spy,2016-02-23,162.55465698242188
spy,2016-02-24,163.29844665527344
spy,2016-02-25,165.2762451171875
spy,2016-02-26,164.8959503173828
spy,2016-02-29,163.60272216796875
spy,2016-03-01,167.44851684570312
spy,2016-03-02,168.2008056640625
spy,2016-03-03,168.86004638671875
spy,2016-03-04,169.40945434570312
spy,2016-03-07,169.54469299316406
spy,2016-03-08,167.69363403320312
spy,2016-03-09,168.52195739746094
spy,2016-03-10,168.65711975097656
spy,2016-03-11,171.3788604736328
spy,2016-03-14,171.15908813476562
spy,2016-03-15,170.88015747070312
spy,2016-03-16,171.8690948486328
spy,2016-03-17,172.95944213867188
spy,2016-03-18,173.63906860351562
spy,2016-03-21,173.88552856445312
spy,2016-03-22,173.79205322265625
spy,2016-03-23,172.6450653076172
spy,2016-03-24,172.568603515625
spy,2016-03-28,172.67059326171875
spy,2016-03-29,174.26780700683594
spy,2016-03-30,175.03245544433594
spy,2016-03-31,174.6076202392578
spy,2016-04-01,175.79705810546875
spy,2016-04-04,175.22779846191406
spy,2016-04-05,173.4777069091797
spy,2016-04-06,175.37229919433594
spy,2016-04-07,173.27374267578125
spy,2016-04-08,173.74107360839844
spy,2016-04-11,173.33323669433594
spy,2016-04-12,174.94741821289062
spy,2016-04-13,176.71456909179688
spy,2016-04-14,176.72312927246094
spy,2016-04-15,176.5276641845703
spy,2016-04-18,177.76809692382812
spy,2016-04-19,178.32882690429688
spy,2016-04-20,178.49876403808594
spy,2016-04-21,177.53868103027344
spy,2016-04-22,177.53868103027344
spy,2016-04-25,177.2328338623047
spy,2016-04-26,177.4962158203125
spy,2016-04-27,177.86155700683594
spy,2016-04-28,176.2473602294922
spy,2016-04-29,175.29580688476562
spy,2016-05-02,176.6891326904297
spy,2016-05-03,175.15135192871094
spy,2016-05-04,174.17434692382812
spy,2016-05-05,174.14027404785156
spy,2016-05-06,174.77757263183594
spy,2016-05-09,174.92198181152344
spy,2016-05-10,177.09686279296875
spy,2016-05-11,175.4402313232422
spy,2016-05-12,175.49119567871094
spy,2016-05-13,173.9619140625
spy,2016-05-16,175.67803955078125
spy,2016-05-17,174.03843688964844
spy,2016-05-18,174.08937072753906
spy,2016-05-19,173.48622131347656
spy,2016-05-20,174.5821990966797
spy,2016-05-23,174.34426879882812
spy,2016-05-24,176.60415649414062
spy,2016-05-25,177.80209350585938
spy,2016-05-26,177.8530731201172
spy,2016-05-27,178.6177215576172
spy,2016-05-31,178.27786254882812
spy,2016-06-01,178.64321899414062
spy,2016-06-02,179.1869354248047
spy,2016-06-03,178.65164184570312
spy,2016-06-06,179.56077575683594
spy,2016-06-07,179.84107971191406
spy,2016-06-08,180.4272918701172
spy,2016-06-09,180.1809539794922
spy,2016-06-10,178.47329711914062
spy,2016-06-13,177.09686279296875
spy,2016-06-14,176.7486114501953
spy,2016-06-15,176.5022430419922
spy,2016-06-16,177.02894592285156
spy,2016-06-17,176.36965942382812
spy,2016-06-20,177.50550842285156
spy,2016-06-21,178.00933837890625
spy,2016-06-22,177.71900939941406
spy,2016-06-23,180.0333709716797
spy,2016-06-24,173.56858825683594
spy,2016-06-27,170.45994567871094
spy,2016-06-28,173.53440856933594
spy,2016-06-29,176.48919677734375
spy,2016-06-30,178.89755249023438
spy,2016-07-01,179.27333068847656
spy,2016-07-05,177.98370361328125
spy,2016-07-06,179.05126953125
spy,2016-07-07,178.94021606445312
spy,2016-07-08,181.604736328125
spy,2016-07-11,182.24525451660156
spy,2016-07-12,183.5689239501953
spy,2016-07-13,183.54335021972656
spy,2016-07-14,184.56814575195312
spy,2016-07-15,184.32052612304688
spy,2016-07-18,184.81581115722656
spy,2016-07-19,184.62794494628906
spy,2016-07-20,185.39651489257812
spy,2016-07-21,184.6962432861328
spy,2016-07-22,185.52464294433594
spy,2016-07-25,185.02073669433594
spy,2016-07-26,185.106201171875
spy,2016-07-27,184.90972900390625
spy,2016-07-28,185.12327575683594
spy,2016-07-29,185.42210388183594
spy,2016-08-01,185.2684326171875
spy,2016-08-02,184.08140563964844
spy,2016-08-03,184.619384765625
spy,2016-08-04,184.81581115722656
spy,2016-08-05,186.32745361328125
spy,2016-08-08,186.21640014648438
spy,2016-08-09,186.32745361328125
spy,2016-08-10,185.86630249023438
spy,2016-08-11,186.728759765625
spy,2016-08-12,186.5665283203125
spy,2016-08-15,187.1045379638672
spy,2016-08-16,186.1395263671875
spy,2016-08-17,186.48963928222656
spy,2016-08-18,186.9081573486328
spy,2016-08-19,186.6348114013672
spy,2016-08-22,186.62628173828125
spy,2016-08-23,187.0020751953125
spy,2016-08-24,186.0455780029297
spy,2016-08-25,185.91746520996094
spy,2016-08-26,185.56732177734375
spy,2016-08-29,186.48109436035156
spy,2016-08-30,186.17369079589844
spy,2016-08-31,185.64419555664062
spy,2016-09-01,185.65274047851562
spy,2016-09-02,186.48963928222656
spy,2016-09-06,187.05332946777344
spy,2016-09-07,187.03623962402344
spy,2016-09-08,186.6092529296875
spy,2016-09-09,182.14279174804688
spy,2016-09-12,184.75604248046875
spy,2016-09-13,182.1000518798828
spy,2016-09-14,182.03175354003906
spy,2016-09-15,183.85076904296875
spy,2016-09-16,183.14007568359375
spy,2016-09-19,183.17437744140625
spy,2016-09-20,183.18295288085938
spy,2016-09-21,185.2429962158203
spy,2016-09-22,186.41029357910156
spy,2016-09-23,185.3888702392578
spy,2016-09-26,183.88681030273438
spy,2016-09-27,185.0283966064453
spy,2016-09-28,185.94679260253906
spy,2016-09-29,184.2645263671875
spy,2016-09-30,185.6549530029297
spy,2016-10-03,185.20863342285156
spy,2016-10-04,184.2645263671875
spy,2016-10-05,185.07989501953125
spy,2016-10-06,185.20863342285156
spy,2016-10-07,184.57354736328125
spy,2016-10-10,185.5347900390625
spy,2016-10-11,183.1915740966797
spy,2016-10-12,183.43194580078125
spy,2016-10-13,182.8310546875
spy,2016-10-14,182.9254608154297
spy,2016-10-17,182.29031372070312
spy,2016-10-18,183.43194580078125
spy,2016-10-19,183.92112731933594
spy,2016-10-20,183.57781982421875
spy,2016-10-21,183.66363525390625
spy,2016-10-24,184.44471740722656
spy,2016-10-25,183.82672119140625
spy,2016-10-26,183.45770263671875
spy,2016-10-27,182.96841430664062
spy,2016-10-28,182.4276580810547
spy,2016-10-31,182.43626403808594
spy,2016-11-01,181.1143798828125
spy,2016-11-02,180.02439880371094
spy,2016-11-03,179.20037841796875
spy,2016-11-04,179.0029754638672
spy,2016-11-07,182.9512481689453
spy,2016-11-08,183.77525329589844
spy,2016-11-09,185.7235870361328
spy,2016-11-10,186.18710327148438
spy,2016-11-11,185.75794982910156
spy,2016-11-14,185.9038848876953
spy,2016-11-15,187.35447692871094
spy,2016-11-16,187.0024871826172
spy,2016-11-17,187.96383666992188
spy,2016-11-18,187.54327392578125
spy,2016-11-21,188.95947265625
spy,2016-11-22,189.32859802246094
spy,2016-11-23,189.43161010742188
spy,2016-11-25,190.13543701171875
spy,2016-11-28,189.2427520751953
spy,2016-11-29,189.6117706298828
spy,2016-11-30,189.1569366455078
spy,2016-12-01,188.46170043945312
spy,2016-12-02,188.55604553222656
spy,2016-12-05,189.6890869140625
spy,2016-12-06,190.28990173339844
spy,2016-12-07,192.77903747558594
spy,2016-12-08,193.25111389160156
spy,2016-12-09,194.41842651367188
spy,2016-12-12,194.19525146484375
spy,2016-12-13,195.49134826660156
spy,2016-12-14,193.877685546875
spy,2016-12-15,194.67591857910156
spy,2016-12-16,194.29519653320312
spy,2016-12-19,194.71823120117188
spy,2016-12-20,195.46934509277344
spy,2016-12-21,194.92547607421875
spy,2016-12-22,194.58868408203125
spy,2016-12-23,194.87362670898438
spy,2016-12-27,195.35711669921875
spy,2016-12-28,193.74261474609375
spy,2016-12-29,193.699462890625
spy,2016-12-30,192.99147033691406
spy,2017-01-03,194.4678497314453
spy,2017-01-04,195.62478637695312
spy,2017-01-05,195.46934509277344
spy,2017-01-06,196.16871643066406
spy,2017-01-09,195.5211639404297
spy,2017-01-10,195.5211639404297
spy,2017-01-11,196.07369995117188
spy,2017-01-12,195.58160400390625
spy,2017-01-13,196.0305633544922
spy,2017-01-17,195.33985900878906
spy,2017-01-18,195.7715301513672
spy,2017-01-19,195.0463104248047
spy,2017-01-20,195.76295471191406
spy,2017-01-23,195.25357055664062
spy,2017-01-24,196.50540161132812
spy,2017-01-25,198.20631408691406
spy,2017-01-26,197.9990997314453
spy,2017-01-27,197.6882781982422
spy,2017-01-30,196.46226501464844
spy,2017-01-31,196.44500732421875
spy,2017-02-01,196.522705078125
spy,2017-02-02,196.6522216796875
spy,2017-02-03,198.0077362060547
spy,2017-02-06,197.65370178222656
spy,2017-02-07,197.66233825683594
spy,2017-02-08,197.92138671875
spy,2017-02-09,199.09556579589844
spy,2017-02-10,199.8812255859375
spy,2017-02-13,200.96908569335938
spy,2017-02-14,201.7720489501953
spy,2017-02-15,202.8253936767578
spy,2017-02-16,202.65269470214844
spy,2017-02-17,202.97215270996094
spy,2017-02-21,204.18087768554688
spy,2017-02-22,203.9995574951172
spy,2017-02-23,204.13768005371094
spy,2017-02-24,204.39674377441406
spy,2017-02-27,204.71615600585938
spy,2017-02-28,204.16360473632812
spy,2017-03-01,207.02142333984375
spy,2017-03-02,205.71768188476562
spy,2017-03-03,205.84725952148438
spy,2017-03-06,205.2342071533203
spy,2017-03-07,204.62124633789062
spy,2017-03-08,204.24131774902344
spy,2017-03-09,204.5002899169922
spy,2017-03-10,205.2169647216797
spy,2017-03-13,205.32057189941406
spy,2017-03-14,204.53488159179688
spy,2017-03-15,206.30479431152344
spy,2017-03-16,205.8989715576172
spy,2017-03-17,205.5373992919922
spy,2017-03-20,205.3119659423828
spy,2017-03-21,202.6758575439453
spy,2017-03-22,203.15274047851562
spy,2017-03-23,202.93606567382812
spy,2017-03-24,202.7886199951172
spy,2017-03-27,202.58050537109375
spy,2017-03-28,204.0546112060547
spy,2017-03-29,204.24534606933594
spy,2017-03-30,204.89572143554688
spy,2017-03-31,204.41885375976562
spy,2017-04-03,204.0632781982422
spy,2017-04-04,204.19334411621094
spy,2017-04-05,203.5863494873047
spy,2017-04-06,204.15867614746094
spy,2017-04-07,203.9504852294922
spy,2017-04-10,204.0719451904297
spy,2017-04-11,203.82913208007812
spy,2017-04-12,202.93606567382812
spy,2017-04-13,201.61793518066406
spy,2017-04-17,203.4042510986328
spy,2017-04-18,202.79727172851562
spy,2017-04-19,202.4243927001953
spy,2017-04-20,204.0719451904297
spy,2017-04-21,203.421630859375
spy,2017-04-24,205.65882873535156
spy,2017-04-25,206.85546875
spy,2017-04-26,206.72537231445312
spy,2017-04-27,206.89883422851562
spy,2017-04-28,206.44789123535156
spy,2017-05-01,206.96820068359375
spy,2017-05-02,207.0462646484375
spy,2017-05-03,206.7947540283203
spy,2017-05-04,207.03758239746094
spy,2017-05-05,207.8527069091797
spy,2017-05-08,207.81797790527344
spy,2017-05-09,207.627197265625
spy,2017-05-10,208.00006103515625
spy,2017-05-11,207.5751495361328
spy,2017-05-12,207.2283172607422
spy,2017-05-15,208.37295532226562
spy,2017-05-16,208.1822052001953
spy,2017-05-17,204.48817443847656
spy,2017-05-18,205.3119659423828
spy,2017-05-19,206.64732360839844
spy,2017-05-22,207.69654846191406
spy,2017-05-23,208.15615844726562
spy,2017-05-24,208.6417694091797
spy,2017-05-25,209.63894653320312
spy,2017-05-26,209.5956268310547
spy,2017-05-30,209.4135284423828
spy,2017-05-31,209.3614501953125
spy,2017-06-01,211.02635192871094
spy,2017-06-02,211.72874450683594
spy,2017-06-05,211.5726776123047
spy,2017-06-06,210.89633178710938
spy,2017-06-07,211.28656005859375
spy,2017-06-08,211.39059448242188
spy,2017-06-09,211.06971740722656
spy,2017-06-12,211.02635192871094
spy,2017-06-13,212.0582733154297
spy,2017-06-14,211.78945922851562
spy,2017-06-15,211.38192749023438
spy,2017-06-16,211.42811584472656
spy,2017-06-19,213.1883087158203
spy,2017-06-20,211.75047302246094
spy,2017-06-21,211.69822692871094
spy,2017-06-22,211.6023406982422
spy,2017-06-23,211.8550567626953
spy,2017-06-26,211.99449157714844
spy,2017-06-27,210.28660583496094
spy,2017-06-28,212.1687469482422
spy,2017-06-29,210.30406188964844
spy,2017-06-30,210.6961669921875
spy,2017-07-03,211.05345153808594
spy,2017-07-05,211.54139709472656
spy,2017-07-06,209.6069793701172
spy,2017-07-07,210.96627807617188
spy,2017-07-10,211.19281005859375
spy,2017-07-11,211.0360107421875
spy,2017-07-12,212.62188720703125
spy,2017-07-13,212.97914123535156
spy,2017-07-14,213.97247314453125
spy,2017-07-17,213.9463348388672
spy,2017-07-18,214.05960083007812
spy,2017-07-19,215.2185516357422
spy,2017-07-20,215.3143310546875
spy,2017-07-21,215.1226806640625
spy,2017-07-24,215.07041931152344
spy,2017-07-25,215.5932159423828
spy,2017-07-26,215.60198974609375
spy,2017-07-27,215.40155029296875
spy,2017-07-28,215.14883422851562
spy,2017-07-31,215.02688598632812
spy,2017-08-01,215.50611877441406
spy,2017-08-02,215.6106414794922
spy,2017-08-03,215.1924285888672
spy,2017-08-04,215.58453369140625
spy,2017-08-07,215.98532104492188
spy,2017-08-08,215.45379638671875
spy,2017-08-09,215.44509887695312
spy,2017-08-10,212.40402221679688
spy,2017-08-11,212.71774291992188
spy,2017-08-14,214.82640075683594
spy,2017-08-15,214.80027770996094
spy,2017-08-16,215.17495727539062
spy,2017-08-17,211.8201904296875
spy,2017-08-18,211.4890899658203
spy,2017-08-21,211.6546630859375
spy,2017-08-22,213.8679656982422
spy,2017-08-23,213.10110473632812
spy,2017-08-24,212.60443115234375
spy,2017-08-25,213.10110473632812
spy,2017-08-28,213.10983276367188
spy,2017-08-29,213.35379028320312
spy,2017-08-30,214.3645782470703
spy,2017-08-31,215.6542510986328
spy,2017-09-01,215.95921325683594
spy,2017-09-05,214.40814208984375
spy,2017-09-06,215.14010620117188
spy,2017-09-07,215.11395263671875
spy,2017-09-08,214.8612823486328
spy,2017-09-11,217.1530303955078
spy,2017-09-12,217.88490295410156
spy,2017-09-13,217.98947143554688
spy,2017-09-14,217.91978454589844
spy,2017-09-15,218.21311950683594
spy,2017-09-18,218.67726135253906
spy,2017-09-19,218.89620971679688
spy,2017-09-20,218.97499084472656
spy,2017-09-21,218.38829040527344
spy,2017-09-22,218.43206787109375
spy,2017-09-25,217.98548889160156
spy,2017-09-26,218.11680603027344
spy,2017-09-27,218.9662322998047
spy,2017-09-28,219.22889709472656
spy,2017-09-29,219.99957275390625
spy,2017-10-02,220.9540557861328
spy,2017-10-03,221.4269256591797
spy,2017-10-04,221.689697265625
spy,2017-10-05,223.003173828125
spy,2017-10-06,222.7491912841797
spy,2017-10-09,222.38143920898438
spy,2017-10-10,222.96810913085938
spy,2017-10-11,223.31838989257812
spy,2017-10-12,222.9856719970703
spy,2017-10-13,223.2571258544922
spy,2017-10-16,223.55484008789062
spy,2017-10-17,223.71249389648438
spy,2017-10-18,223.9314422607422
spy,2017-10-19,223.9927215576172
spy,2017-10-20,225.1485595703125
spy,2017-10-23,224.27291870117188
spy,2017-10-24,224.66697692871094
spy,2017-10-25,223.55484008789062
spy,2017-10-26,223.84378051757812
spy,2017-10-27,225.67398071289062
spy,2017-10-30,224.83334350585938
spy,2017-10-31,225.18360900878906
spy,2017-11-01,225.48135375976562
spy,2017-11-02,225.56890869140625
spy,2017-11-03,226.32203674316406
spy,2017-11-06,226.6722412109375
spy,2017-11-07,226.51475524902344
spy,2017-11-08,226.89990234375
spy,2017-11-09,226.0768585205078
spy,2017-11-10,226.0067901611328
spy,2017-11-13,226.21694946289062
spy,2017-11-14,225.6914825439453
spy,2017-11-15,224.5618896484375
spy,2017-11-16,226.4708709716797
spy,2017-11-17,225.80538940429688
spy,2017-11-20,226.19070434570312
spy,2017-11-21,227.670654296875
spy,2017-11-22,227.46920776367188
spy,2017-11-24,227.99461364746094
spy,2017-11-27,227.88076782226562
spy,2017-11-28,230.19256591796875
spy,2017-11-29,230.05242919921875
spy,2017-11-30,232.06655883789062
spy,2017-12-01,231.5848846435547
spy,2017-12-04,231.3047332763672
spy,2017-12-05,230.47280883789062
spy,2017-12-06,230.51654052734375
spy,2017-12-07,231.24342346191406
spy,2017-12-08,232.50436401367188
spy,2017-12-11,233.20497131347656
spy,2017-12-12,233.61651611328125
spy,2017-12-13,233.59024047851562
spy,2017-12-14,232.63575744628906
spy,2017-12-15,234.572998046875
spy,2017-12-18,236.06044006347656
spy,2017-12-19,235.15390014648438
spy,2017-12-20,235.03067016601562
spy,2017-12-21,235.51470947265625
spy,2017-12-22,235.4531707763672
spy,2017-12-26,235.1714630126953
spy,2017-12-27,235.28590393066406
spy,2017-12-28,235.77000427246094
spy,2017-12-29,234.88099670410156
spy,2018-01-02,236.56214904785156
spy,2018-01-03,238.05850219726562
spy,2018-01-04,239.0618133544922
spy,2018-01-05,240.65496826171875
spy,2018-01-08,241.0950164794922
spy,2018-01-09,241.64073181152344
spy,2018-01-10,241.27102661132812
spy,2018-01-11,243.0313262939453
spy,2018-01-12,244.6157684326172
spy,2018-01-16,243.77951049804688
spy,2018-01-17,246.10313415527344
spy,2018-01-18,245.68946838378906
spy,2018-01-19,246.8072509765625
spy,2018-01-22,248.8140869140625
spy,2018-01-23,249.34219360351562
spy,2018-01-24,249.24537658691406
spy,2018-01-25,249.3509521484375
spy,2018-01-26,252.2379150390625
spy,2018-01-29,250.56561279296875
spy,2018-01-30,247.99545288085938
spy,2018-01-31,248.1187286376953
spy,2018-02-01,247.8371124267578
spy,2018-02-02,242.44174194335938
spy,2018-02-05,232.30215454101562
spy,2018-02-06,236.87901306152344
spy,2018-02-07,235.593994140625
spy,2018-02-08,226.7571258544922
spy,2018-02-09,230.1633758544922
spy,2018-02-12,233.543212890625
spy,2018-02-13,234.12411499023438
spy,2018-02-14,237.28387451171875
spy,2018-02-15,240.3117218017578
spy,2018-02-16,240.382080078125
spy,2018-02-20,238.87698364257812
spy,2018-02-21,237.68878173828125
spy,2018-02-22,237.9968719482422
spy,2018-02-23,241.79034423828125
spy,2018-02-26,244.5980682373047
spy,2018-02-27,241.54391479492188
spy,2018-02-28,239.0970001220703
spy,2018-03-01,235.620361328125
spy,2018-03-02,236.83499145507812
spy,2018-03-05,239.5723876953125
spy,2018-03-06,240.1796417236328
spy,2018-03-07,240.0916290283203
spy,2018-03-08,241.25352478027344
spy,2018-03-09,245.45181274414062
spy,2018-03-12,245.14373779296875
spy,2018-03-13,243.55950927734375
spy,2018-03-14,242.3096466064453
spy,2018-03-15,242.04559326171875
spy,2018-03-16,242.3080291748047
spy,2018-03-19,239.02955627441406
spy,2018-03-20,239.4360809326172
spy,2018-03-21,238.97654724121094
spy,2018-03-22,233.0028076171875
spy,2018-03-23,228.03646850585938
spy,2018-03-26,234.27529907226562
spy,2018-03-27,230.28988647460938
spy,2018-03-28,229.6094512939453
spy,2018-03-29,232.54327392578125
spy,2018-04-02,227.52391052246094
spy,2018-04-03,230.4400634765625
spy,2018-04-04,232.90557861328125
spy,2018-04-05,234.7437286376953
spy,2018-04-06,229.51222229003906
spy,2018-04-09,230.643310546875
spy,2018-04-10,234.3106689453125
spy,2018-04-11,233.08241271972656
spy,2018-04-12,234.99996948242188
spy,2018-04-13,234.3106689453125
spy,2018-04-16,236.23709106445312
spy,2018-04-17,238.76449584960938
spy,2018-04-18,238.94122314453125
spy,2018-04-19,237.61570739746094
spy,2018-04-20,235.60081481933594
spy,2018-04-23,235.5654754638672
spy,2018-04-24,232.39308166503906
spy,2018-04-25,232.96743774414062
spy,2018-04-26,235.33578491210938
spy,2018-04-27,235.55667114257812
spy,2018-04-30,233.74514770507812
spy,2018-05-01,234.1605224609375
spy,2018-05-02,232.58750915527344
spy,2018-05-03,232.07496643066406
spy,2018-05-04,235.0793914794922
spy,2018-05-07,235.8748321533203
spy,2018-05-08,235.8748321533203
spy,2018-05-09,238.15472412109375
spy,2018-05-10,240.381591796875
spy,2018-05-11,241.11514282226562
spy,2018-05-14,241.2299041748047
spy,2018-05-15,239.56861877441406
spy,2018-05-16,240.5759735107422
spy,2018-05-17,240.37274169921875
spy,2018-05-18,239.7718505859375
spy,2018-05-21,241.57460021972656
spy,2018-05-22,240.90301513671875
spy,2018-05-23,241.56576538085938
spy,2018-05-24,241.0708770751953
spy,2018-05-25,240.49649047851562
spy,2018-05-29,237.73056030273438
spy,2018-05-30,240.90301513671875
spy,2018-05-31,239.4272918701172
spy,2018-06-01,241.77783203125
spy,2018-06-04,242.9266815185547
spy,2018-06-05,243.10340881347656
spy,2018-06-06,245.13584899902344
spy,2018-06-07,245.10931396484375
spy,2018-06-08,245.83399963378906
spy,2018-06-11,246.1609649658203
spy,2018-06-12,246.47918701171875
spy,2018-06-13,245.69261169433594
spy,2018-06-14,246.3111572265625
spy,2018-06-15,245.99696350097656
spy,2018-06-18,245.49095153808594
spy,2018-06-19,244.5500946044922
spy,2018-06-20,244.96726989746094
spy,2018-06-21,243.43162536621094
spy,2018-06-22,243.87542724609375
spy,2018-06-25,240.55557250976562
spy,2018-06-26,241.08819580078125
spy,2018-06-27,239.09103393554688
spy,2018-06-28,240.45799255371094
spy,2018-06-29,240.80413818359375
spy,2018-07-02,241.31903076171875
spy,2018-07-03,240.46688842773438
spy,2018-07-05,242.42855834960938
spy,2018-07-06,244.47909545898438
spy,2018-07-09,246.68045043945312
spy,2018-07-10,247.56808471679688
spy,2018-07-11,245.75726318359375
spy,2018-07-12,247.9853057861328
spy,2018-07-13,248.18052673339844
spy,2018-07-16,247.95870971679688
spy,2018-07-17,248.9617462158203
spy,2018-07-18,249.4854736328125
spy,2018-07-19,248.5445556640625
spy,2018-07-20,248.2604522705078
spy,2018-07-23,248.72213745117188
spy,2018-07-24,249.9737091064453
spy,2018-07-25,252.10409545898438
spy,2018-07-26,251.5093231201172
spy,2018-07-27,249.80503845214844
spy,2018-07-30,248.5001678466797
spy,2018-07-31,249.7250518798828
spy,2018-08-01,249.30787658691406
spy,2018-08-02,250.666015625
spy,2018-08-03,251.74008178710938
spy,2018-08-06,252.66329956054688
spy,2018-08-07,253.49771118164062
spy,2018-08-08,253.39114379882812
spy,2018-08-09,253.04502868652344
spy,2018-08-10,251.34947204589844
spy,2018-08-13,250.4086151123047
spy,2018-08-14,252.00634765625
spy,2018-08-15,250.12454223632812
spy,2018-08-16,252.14840698242188
spy,2018-08-17,253.03616333007812
spy,2018-08-20,253.5775604248047
spy,2018-08-21,254.17234802246094
spy,2018-08-22,254.02142333984375
spy,2018-08-23,253.68411254882812
spy,2018-08-24,255.21090698242188
spy,2018-08-27,257.2258605957031
spy,2018-08-28,257.35015869140625
spy,2018-08-29,258.7349548339844
spy,2018-08-30,257.6873779296875
spy,2018-08-31,257.6963195800781
spy,2018-09-04,257.25238037109375
spy,2018-09-05,256.5600891113281
spy,2018-09-06,255.78778076171875
spy,2018-09-07,255.29067993164062
spy,2018-09-10,255.73464965820312
spy,2018-09-11,256.5777893066406
spy,2018-09-12,256.6399230957031
spy,2018-09-13,258.1578063964844
spy,2018-09-14,258.2022705078125
spy,2018-09-17,256.83526611328125
spy,2018-09-18,258.2288818359375
spy,2018-09-19,258.50408935546875
spy,2018-09-20,260.59893798828125
spy,2018-09-21,260.3608703613281
spy,2018-09-24,259.495849609375
spy,2018-09-25,259.2551574707031
spy,2018-09-26,258.4794921875
spy,2018-09-27,259.20166015625
spy,2018-09-28,259.22845458984375
spy,2018-10-01,260.1290588378906
spy,2018-10-02,259.9774169921875
spy,2018-10-03,260.12017822265625
spy,2018-10-04,258.0870361328125
spy,2018-10-05,256.64251708984375
spy,2018-10-08,256.64251708984375
spy,2018-10-09,256.2680358886719
spy,2018-10-10,248.15379333496094
spy,2018-10-11,242.68789672851562
spy,2018-10-12,246.05833435058594
spy,2018-10-15,244.67630004882812
spy,2018-10-16,250.02635192871094
spy,2018-10-17,250.07093811035156
spy,2018-10-18,246.45965576171875
spy,2018-10-19,246.32583618164062
spy,2018-10-22,245.22019958496094
spy,2018-10-23,243.97183227539062
spy,2018-10-24,236.57984924316406
spy,2018-10-25,240.8242645263672
spy,2018-10-26,236.58872985839844
spy,2018-10-29,235.2779541015625
spy,2018-10-30,238.76446533203125
spy,2018-10-31,241.31466674804688
spy,2018-11-01,243.8826904296875
spy,2018-11-02,242.4381561279297
spy,2018-11-05,243.7756805419922
spy,2018-11-06,245.31822204589844
spy,2018-11-07,250.57025146484375
spy,2018-11-08,250.11541748046875
spy,2018-11-09,247.67233276367188
spy,2018-11-12,243.04446411132812
spy,2018-11-13,242.5896759033203
spy,2018-11-14,240.93125915527344
spy,2018-11-15,243.4457550048828
spy,2018-11-16,244.078857421875
spy,2018-11-19,239.95037841796875
spy,2018-11-20,235.50982666015625
spy,2018-11-21,236.31231689453125
spy,2018-11-23,234.7340087890625
spy,2018-11-26,238.52362060546875
spy,2018-11-27,239.3262176513672
spy,2018-11-28,244.83682250976562
spy,2018-11-29,244.3018035888672
spy,2018-11-30,245.79090881347656
spy,2018-12-03,249.04544067382812
spy,2018-12-04,240.97579956054688
spy,2018-12-06,240.6102294921875
spy,2018-12-07,235.0194549560547
spy,2018-12-10,235.4652862548828
spy,2018-12-11,235.51873779296875
spy,2018-12-12,236.7046661376953
spy,2018-12-13,236.62442016601562
spy,2018-12-14,232.25518798828125
spy,2018-12-17,227.69869995117188
spy,2018-12-18,227.4490509033203
spy,2018-12-19,224.04283142089844
spy,2018-12-20,220.39590454101562
spy,2018-12-21,215.88009643554688
spy,2018-12-24,210.17587280273438
spy,2018-12-26,220.79501342773438
spy,2018-12-27,222.4901123046875
spy,2018-12-28,222.2030487060547
spy,2018-12-31,224.1493377685547
spy,2019-01-02,224.38250732421875
spy,2019-01-03,219.02816772460938
spy,2019-01-04,226.36460876464844
spy,2019-01-07,228.1494598388672
spy,2019-01-08,230.29299926757812
spy,2019-01-09,231.36927795410156
spy,2019-01-10,232.18539428710938
spy,2019-01-11,232.27511596679688
spy,2019-01-14,230.8580322265625
spy,2019-01-15,233.5038299560547
spy,2019-01-16,234.06886291503906
spy,2019-01-17,235.8447265625
spy,2019-01-18,238.98382568359375
spy,2019-01-22,235.75503540039062
spy,2019-01-23,236.24838256835938
spy,2019-01-24,236.37391662597656
spy,2019-01-25,238.3739776611328
spy,2019-01-28,236.5623016357422
spy,2019-01-29,236.24838256835938
spy,2019-01-30,239.98831176757812
spy,2019-01-31,242.09600830078125
spy,2019-02-01,242.2125701904297
spy,2019-02-04,243.9166717529297
spy,2019-02-05,244.9391326904297
spy,2019-02-06,244.61624145507812
spy,2019-02-07,242.2843780517578
spy,2019-02-08,242.58038330078125
spy,2019-02-11,242.71485900878906
spy,2019-02-12,245.83602905273438
spy,2019-02-13,246.63427734375
spy,2019-02-14,246.0872039794922
spy,2019-02-15,248.76881408691406
spy,2019-02-19,249.1993408203125
spy,2019-02-20,249.70159912109375
spy,2019-02-21,248.8135986328125
spy,2019-02-22,250.35629272460938
spy,2019-02-25,250.6970977783203
spy,2019-02-26,250.51773071289062
spy,2019-02-27,250.41012573242188
spy,2019-02-28,249.9437255859375
spy,2019-03-01,251.50437927246094
spy,2019-03-04,250.5895233154297
spy,2019-03-05,250.2487335205078
spy,2019-03-06,248.73292541503906
spy,2019-03-07,246.6522674560547
spy,2019-03-08,246.1588897705078
spy,2019-03-11,249.7285614013672
spy,2019-03-12,250.67022705078125
spy,2019-03-13,252.32949829101562
spy,2019-03-14,252.16793823242188
spy,2019-03-15,253.4138641357422
spy,2019-03-18,254.33270263671875
spy,2019-03-19,254.395751953125
spy,2019-03-20,253.6300506591797
spy,2019-03-21,256.4947509765625
spy,2019-03-22,251.55816650390625
spy,2019-03-25,251.36900329589844
spy,2019-03-26,253.2427215576172
spy,2019-03-27,251.91851806640625
spy,2019-03-28,252.8734130859375
spy,2019-03-29,254.4678192138672
spy,2019-04-01,257.4856872558594
spy,2019-04-02,257.6117858886719
spy,2019-04-03,258.0172119140625
spy,2019-04-04,258.7017822265625
spy,2019-04-05,259.9539489746094
spy,2019-04-08,260.152099609375
spy,2019-04-09,258.8188781738281
spy,2019-04-10,259.70166015625
spy,2019-04-11,259.6296081542969
spy,2019-04-12,261.3862609863281
spy,2019-04-15,261.215087890625
spy,2019-04-16,261.3862609863281
spy,2019-04-17,260.7466735839844
spy,2019-04-18,261.26019287109375
spy,2019-04-22,261.4852600097656
spy,2019-04-23,263.8365478515625
spy,2019-04-24,263.2509460449219
spy,2019-04-25,263.0888366699219
spy,2019-04-26,264.31396484375
spy,2019-04-29,264.7283630371094
spy,2019-04-30,264.86346435546875
spy,2019-05-01,262.8726501464844
spy,2019-05-02,262.3050842285156
spy,2019-05-03,264.8724670410156
spy,2019-05-06,263.78240966796875
spy,2019-05-07,259.3774108886719
spy,2019-05-08,259.0169982910156
spy,2019-05-09,258.2332458496094
spy,2019-05-10,259.530517578125
spy,2019-05-13,253.00843811035156
spy,2019-05-14,255.29652404785156
spy,2019-05-15,256.7920227050781
spy,2019-05-16,259.17022705078125
spy,2019-05-17,257.49462890625
spy,2019-05-20,255.7920379638672
spy,2019-05-21,258.09820556640625
spy,2019-05-22,257.305419921875
spy,2019-05-23,254.16159057617188
spy,2019-05-24,254.73809814453125
spy,2019-05-28,252.36891174316406
spy,2019-05-29,250.6753387451172
spy,2019-05-30,251.35995483398438
spy,2019-05-31,247.97280883789062
spy,2019-06-03,247.34225463867188
spy,2019-06-04,252.7112579345703
spy,2019-06-05,254.90028381347656
spy,2019-06-06,256.5578308105469
spy,2019-06-07,259.1252136230469
spy,2019-06-10,260.314208984375
spy,2019-06-11,260.2512512207031
spy,2019-06-12,259.7917785644531
spy,2019-06-13,260.8638000488281
spy,2019-06-14,260.575439453125
spy,2019-06-17,260.6745910644531
spy,2019-06-18,263.4041442871094
spy,2019-06-19,263.9986572265625
spy,2019-06-20,266.52099609375
spy,2019-06-21,266.1335754394531
spy,2019-06-24,265.80780029296875
spy,2019-06-25,263.20074462890625
spy,2019-06-26,262.9382629394531
spy,2019-06-27,263.8704528808594
spy,2019-06-28,265.2283020019531
spy,2019-07-01,267.63629150390625
spy,2019-07-02,268.3332214355469
spy,2019-07-03,270.4786071777344
spy,2019-07-05,270.1708984375
spy,2019-07-08,268.6862487792969
spy,2019-07-09,269.0211486816406
spy,2019-07-10,270.3066101074219
spy,2019-07-11,270.9402770996094
spy,2019-07-12,272.1532287597656
spy,2019-07-15,272.2438659667969
spy,2019-07-16,271.36572265625
spy,2019-07-17,269.5190124511719
spy,2019-07-18,270.50579833984375
spy,2019-07-19,269.00311279296875
spy,2019-07-22,269.6638488769531
spy,2019-07-23,271.592041015625
spy,2019-07-24,272.8683166503906
spy,2019-07-25,271.5648498535156
spy,2019-07-26,273.3844299316406
spy,2019-07-29,272.886474609375
spy,2019-07-30,272.2166442871094
spy,2019-07-31,269.23846435546875
spy,2019-08-01,266.89404296875
spy,2019-08-02,264.8843688964844
spy,2019-08-05,256.9185485839844
spy,2019-08-06,260.5212097167969
spy,2019-08-07,260.67510986328125
spy,2019-08-08,265.7895812988281
spy,2019-08-09,263.97918701171875
spy,2019-08-12,260.7655944824219
spy,2019-08-13,264.8210144042969
spy,2019-08-14,256.990966796875
spy,2019-08-15,257.6698303222656
spy,2019-08-16,261.4717102050781
spy,2019-08-19,264.62188720703125
spy,2019-08-20,262.5942077636719
spy,2019-08-21,264.7304992675781
spy,2019-08-22,264.6489562988281
spy,2019-08-23,257.8509216308594
spy,2019-08-26,260.7022399902344
spy,2019-08-27,259.6794128417969
spy,2019-08-28,261.50787353515625
spy,2019-08-29,264.84814453125
spy,2019-08-30,264.7304992675781
spy,2019-09-03,263.1825866699219
spy,2019-09-04,266.1698303222656
spy,2019-09-05,269.5914611816406
spy,2019-09-06,269.7996520996094
spy,2019-09-09,269.9354553222656
spy,2019-09-10,269.8721008300781
spy,2019-09-11,271.7911682128906
spy,2019-09-12,272.73260498046875
spy,2019-09-13,272.5514831542969
spy,2019-09-16,271.7097473144531
spy,2019-09-17,272.397705078125
spy,2019-09-18,272.5605773925781
spy,2019-09-19,272.5424499511719
spy,2019-09-20,271.2547607421875
spy,2019-09-23,271.191162109375
spy,2019-09-24,269.0631103515625
spy,2019-09-25,270.65460205078125
spy,2019-09-26,270.0907897949219
spy,2019-09-27,268.6357727050781
spy,2019-09-30,269.88153076171875
spy,2019-10-01,266.6715087890625
spy,2019-10-02,261.9607238769531
spy,2019-10-03,264.10699462890625
spy,2019-10-04,267.6808776855469
spy,2019-10-07,266.5259704589844
spy,2019-10-08,262.38818359375
spy,2019-10-09,264.87994384765625
spy,2019-10-10,266.6715087890625
spy,2019-10-11,269.43597412109375
spy,2019-10-14,269.1358642578125
spy,2019-10-15,271.8004150390625
spy,2019-10-16,271.36395263671875
spy,2019-10-17,272.1642150878906
spy,2019-10-18,270.97296142578125
spy,2019-10-21,272.8099365234375
spy,2019-10-22,271.91864013671875
spy,2019-10-23,272.7098388671875
spy,2019-10-24,273.1554260253906
spy,2019-10-25,274.2740478515625
spy,2019-10-28,275.8199157714844
spy,2019-10-29,275.7381591796875
spy,2019-10-30,276.5838623046875
spy,2019-10-31,275.8472900390625
spy,2019-11-01,278.40264892578125
spy,2019-11-04,279.52117919921875
spy,2019-11-05,279.2120666503906
spy,2019-11-06,279.2757873535156
spy,2019-11-07,280.2577819824219
spy,2019-11-08,280.94903564453125
spy,2019-11-11,280.4124755859375
spy,2019-11-12,281.0035095214844
spy,2019-11-13,281.0945129394531
spy,2019-11-14,281.5036926269531
spy,2019-11-15,283.5407409667969
spy,2019-11-18,283.7498474121094
spy,2019-11-19,283.66796875
spy,2019-11-20,282.6130676269531
spy,2019-11-21,282.1585693359375
spy,2019-11-22,282.78594970703125
spy,2019-11-25,284.9775390625
spy,2019-11-26,285.623291015625
spy,2019-11-27,286.89642333984375
spy,2019-11-29,285.8323974609375
spy,2019-12-02,283.4043884277344
spy,2019-12-03,281.5036926269531
spy,2019-12-04,283.2407531738281
spy,2019-12-05,283.7498474121094
spy,2019-12-06,286.34173583984375
spy,2019-12-09,285.44140625
spy,2019-12-10,285.12310791015625
spy,2019-12-11,285.9324645996094
spy,2019-12-12,288.3969421386719
spy,2019-12-13,288.56976318359375
spy,2019-12-16,290.55218505859375
spy,2019-12-17,290.61590576171875
spy,2019-12-18,290.6340026855469
spy,2019-12-19,291.8253479003906
spy,2019-12-20,293.1047668457031
spy,2019-12-23,293.55255126953125
spy,2019-12-24,293.5617370605469
spy,2019-12-26,295.1244201660156
spy,2019-12-27,295.05126953125
spy,2019-12-30,293.4245910644531
spy,2019-12-31,294.137451171875
spy,2020-01-02,296.88812255859375
spy,2020-01-03,294.6400451660156
spy,2020-01-06,295.76409912109375
spy,2020-01-07,294.93255615234375
spy,2020-01-08,296.50439453125
spy,2020-01-09,298.51483154296875
spy,2020-01-10,297.65582275390625
spy,2020-01-13,299.702880859375
spy,2020-01-14,299.2459411621094
spy,2020-01-15,299.9222106933594
spy,2020-01-16,302.4171447753906
spy,2020-01-17,303.3583984375
spy,2020-01-21,302.7643127441406
spy,2020-01-22,302.80084228515625
spy,2020-01-23,303.1481628417969
spy,2020-01-24,300.4522399902344
spy,2020-01-27,295.63616943359375
spy,2020-01-28,298.7341613769531
spy,2020-01-29,298.4874572753906
spy,2020-01-30,299.4561767578125
spy,2020-01-31,294.0185852050781
spy,2020-02-03,296.2027587890625
spy,2020-02-04,300.71728515625
spy,2020-02-05,304.18994140625
spy,2020-02-06,305.2135314941406
spy,2020-02-07,303.5868225097656
spy,2020-02-10,305.85321044921875
spy,2020-02-11,306.38330078125
spy,2020-02-12,308.3572998046875
spy,2020-02-13,308.0282287597656
spy,2020-02-14,308.52166748046875
spy,2020-02-18,307.72662353515625
spy,2020-02-19,309.1979675292969
spy,2020-02-20,307.92767333984375
spy,2020-02-21,304.7566223144531
spy,2020-02-24,294.6492614746094
spy,2020-02-25,285.72076416015625
spy,2020-02-26,284.66973876953125
spy,2020-02-27,271.884765625
spy,2020-02-28,270.7424621582031
spy,2020-03-02,282.4674072265625
spy,2020-03-03,274.379638671875
spy,2020-03-04,285.91265869140625
spy,2020-03-05,276.4084167480469
spy,2020-03-06,271.839111328125
spy,2020-03-09,250.60997009277344
spy,2020-03-10,263.57769775390625
spy,2020-03-11,250.728759765625
spy,2020-03-12,226.73968505859375
spy,2020-03-13,246.12290954589844
spy,2020-03-16,219.19119262695312
spy,2020-03-17,231.02574157714844
spy,2020-03-18,219.3282470703125
spy,2020-03-19,219.7942657470703
spy,2020-03-20,210.3224639892578
spy,2020-03-23,204.94488525390625
spy,2020-03-24,223.5135498046875
spy,2020-03-25,226.85960388183594
spy,2020-03-26,240.10589599609375
spy,2020-03-27,232.9541778564453
spy,2020-03-30,240.51954650878906
spy,2020-03-31,236.93446350097656
spy,2020-04-01,226.2712860107422
spy,2020-04-02,231.49261474609375
spy,2020-04-03,228.14654541015625
spy,2020-04-06,243.47024536132812
spy,2020-04-07,243.71849060058594
spy,2020-04-08,251.8997039794922
spy,2020-04-09,255.73301696777344
spy,2020-04-13,253.39810180664062
spy,2020-04-14,260.8715515136719
spy,2020-04-15,255.32847595214844
spy,2020-04-16,256.5602111816406
spy,2020-04-17,263.4913330078125
spy,2020-04-20,258.8492126464844
spy,2020-04-21,250.98968505859375
spy,2020-04-22,256.5602111816406
spy,2020-04-23,256.5418701171875
spy,2020-04-24,260.11773681640625
spy,2020-04-27,263.86822509765625
spy,2020-04-28,262.6548767089844
spy,2020-04-29,269.5307312011719
spy,2020-04-30,267.021240234375
spy,2020-05-01,259.95233154296875
spy,2020-05-04,260.6693115234375
spy,2020-05-05,263.0777282714844
spy,2020-05-06,261.29437255859375
spy,2020-05-07,264.4473876953125
spy,2020-05-08,268.822998046875
spy,2020-05-11,268.87811279296875
spy,2020-05-12,263.5189208984375
spy,2020-05-13,258.8583984375
spy,2020-05-14,261.9562683105469
spy,2020-05-15,263.160400390625
spy,2020-05-18,271.1761779785156
spy,2020-05-19,268.39093017578125
spy,2020-05-20,272.9503173828125
spy,2020-05-21,271.0659484863281
spy,2020-05-22,271.58062744140625
spy,2020-05-26,274.9266357421875
spy,2020-05-27,279.0173645019531
spy,2020-05-28,278.5025634765625
spy,2020-05-29,279.7435302734375
spy,2020-06-01,280.8742370605469
spy,2020-06-02,283.1999206542969
spy,2020-06-03,286.9688415527344
spy,2020-06-04,286.21502685546875
spy,2020-06-05,293.55059814453125
spy,2020-06-08,297.0988464355469
spy,2020-06-09,294.88348388671875
spy,2020-06-10,293.238037109375
spy,2020-06-11,276.3331604003906
spy,2020-06-12,279.6424255371094
spy,2020-06-15,282.25299072265625
spy,2020-06-16,287.6858215332031
spy,2020-06-17,286.49078369140625
spy,2020-06-18,286.60101318359375
spy,2020-06-19,284.963134765625
spy,2020-06-22,286.7912902832031
spy,2020-06-23,288.11163330078125
spy,2020-06-24,280.76220703125
spy,2020-06-25,283.77215576171875
spy,2020-06-26,277.0321350097656
spy,2020-06-29,281.1038513183594
spy,2020-06-30,284.7046203613281
spy,2020-07-01,286.6990051269531
spy,2020-07-02,288.2778015136719
spy,2020-07-06,292.72802734375
spy,2020-07-07,289.7088623046875
spy,2020-07-08,291.9248046875
spy,2020-07-09,290.26287841796875
spy,2020-07-10,293.2265930175781
spy,2020-07-13,290.6875915527344
spy,2020-07-14,294.4545593261719
spy,2020-07-15,297.1597595214844
spy,2020-07-16,296.18109130859375
spy,2020-07-17,297.0397644042969
spy,2020-07-20,299.4403381347656
spy,2020-07-21,300.0773620605469
spy,2020-07-22,301.7853698730469
spy,2020-07-23,298.1846618652344
spy,2020-07-24,296.26422119140625
spy,2020-07-27,298.4246520996094
spy,2020-07-28,296.531982421875
spy,2020-07-29,300.1789855957031
spy,2020-07-30,299.1079406738281
spy,2020-07-31,301.4715576171875
spy,2020-08-03,303.5673828125
spy,2020-08-04,304.7400207519531
spy,2020-08-05,306.6327209472656
spy,2020-08-06,308.6824035644531
spy,2020-08-07,308.90399169921875
spy,2020-08-10,309.8272399902344
spy,2020-08-11,307.269775390625
spy,2020-08-12,311.5538024902344
spy,2020-08-13,310.99053955078125
spy,2020-08-14,310.9998474121094
spy,2020-08-17,311.98779296875
spy,2020-08-18,312.6617431640625
spy,2020-08-19,311.35992431640625
spy,2020-08-20,312.32940673828125
spy,2020-08-21,313.43731689453125
spy,2020-08-24,316.6134338378906
spy,2020-08-25,317.7214050292969
spy,2020-08-26,320.9067077636719
spy,2020-08-27,321.6084289550781
spy,2020-08-28,323.6858825683594
spy,2020-08-31,322.5133056640625
spy,2020-09-01,325.5509033203125
spy,2020-09-02,330.2596740722656
spy,2020-09-03,318.8940124511719
spy,2020-09-04,316.290283203125
spy,2020-09-08,307.6483459472656
spy,2020-09-09,313.72369384765625
spy,2020-09-10,308.2762145996094
spy,2020-09-11,308.4331970214844
spy,2020-09-14,312.4955139160156
spy,2020-09-15,314.07440185546875
spy,2020-09-16,312.82794189453125
spy,2020-09-17,310.0765686035156
spy,2020-09-18,306.5067443847656
spy,2020-09-21,303.0954895019531
spy,2020-09-22,306.1823425292969
spy,2020-09-23,299.0816955566406
spy,2020-09-24,299.87884521484375
spy,2020-09-25,304.7269592285156
spy,2020-09-28,309.788330078125
spy,2020-09-29,308.10113525390625
spy,2020-09-30,310.437255859375
spy,2020-10-01,312.4301452636719
spy,2020-10-02,309.4638671875
spy,2020-10-05,314.9515380859375
spy,2020-10-06,310.4742126464844
spy,2020-10-07,315.8785095214844
spy,2020-10-08,318.6780700683594
spy,2020-10-09,321.5239562988281
spy,2020-10-12,326.69647216796875
spy,2020-10-13,324.5644836425781
spy,2020-10-14,322.52496337890625
spy,2020-10-15,322.12640380859375
spy,2020-10-16,321.9317932128906
spy,2020-10-19,317.0373229980469
spy,2020-10-20,318.30731201171875
spy,2020-10-21,317.7047424316406
spy,2020-10-22,319.4474182128906
spy,2020-10-23,320.531982421875
spy,2020-10-26,314.6086120605469
spy,2020-10-27,313.5240783691406
spy,2020-10-28,302.80810546875
spy,2020-10-29,305.8857116699219
spy,2020-10-30,302.6968688964844
spy,2020-11-02,306.089599609375
spy,2020-11-03,311.4939270019531
spy,2020-11-04,318.4555969238281
spy,2020-11-05,324.6663818359375
spy,2020-11-06,324.5921630859375
spy,2020-11-09,328.67095947265625
spy,2020-11-10,328.18890380859375
spy,2020-11-11,330.62689208984375
spy,2020-11-12,327.4195251464844
spy,2020-11-13,331.9524841308594
spy,2020-11-16,336.0960693359375
spy,2020-11-17,334.2884521484375
spy,2020-11-18,330.2653503417969
spy,2020-11-19,331.65582275390625
spy,2020-11-20,329.38470458984375
spy,2020-11-23,331.359130859375
spy,2020-11-24,336.6986389160156
spy,2020-11-25,336.1794738769531
spy,2020-11-27,337.11578369140625
spy,2020-11-30,335.62322998046875
spy,2020-12-01,339.29412841796875
spy,2020-12-02,340.0079345703125
spy,2020-12-03,339.91522216796875
spy,2020-12-04,342.84454345703125
spy,2020-12-07,342.1400146484375
spy,2020-12-08,343.14111328125
spy,2020-12-09,340.0635070800781
spy,2020-12-10,339.952392578125
spy,2020-12-11,339.55364990234375
spy,2020-12-14,338.03350830078125
spy,2020-12-15,342.6034851074219
spy,2020-12-16,343.14111328125
spy,2020-12-17,345.0599670410156
spy,2020-12-18,343.68218994140625
spy,2020-12-21,342.4533996582031
spy,2020-12-22,341.87615966796875
spy,2020-12-23,342.1833801269531
spy,2020-12-24,343.5146179199219
spy,2020-12-28,346.4656982421875
spy,2020-12-29,345.8046569824219
spy,2020-12-30,346.2980651855469
spy,2020-12-31,348.05755615234375
spy,2021-01-04,343.31915283203125
spy,2021-01-05,345.68365478515625
spy,2021-01-06,347.7503967285156
spy,2021-01-07,352.91705322265625
spy,2021-01-08,354.9278869628906
spy,2021-01-11,352.53533935546875
spy,2021-01-12,352.60980224609375
spy,2021-01-13,353.5594177246094
spy,2021-01-14,352.3212585449219
spy,2021-01-15,349.7518615722656
spy,2021-01-19,352.4981994628906
spy,2021-01-20,357.3763427734375
spy,2021-01-21,357.7021179199219
spy,2021-01-22,356.43603515625
spy,2021-01-25,357.8417663574219
spy,2021-01-26,357.283203125
spy,2021-01-27,348.5509948730469
spy,2021-01-28,351.5485534667969
spy,2021-01-29,344.5107421875
spy,2021-02-01,350.2452697753906
spy,2021-02-02,355.19781494140625
spy,2021-02-03,355.4771423339844
spy,2021-02-04,359.517333984375
spy,2021-02-05,360.9323425292969
spy,2021-02-08,363.5390625
spy,2021-02-09,363.2969055175781
spy,2021-02-10,363.1387939453125
spy,2021-02-11,363.7252197265625
spy,2021-02-12,365.5219421386719
spy,2021-02-16,365.2053527832031
spy,2021-02-17,365.2892150878906
spy,2021-02-18,363.73455810546875
spy,2021-02-19,363.0921630859375
spy,2021-02-22,360.2993469238281
spy,2021-02-23,360.7369079589844
spy,2021-02-24,364.71197509765625
spy,2021-02-25,355.9239807128906
spy,2021-02-26,354.0899658203125
spy,2021-03-01,362.6733093261719
spy,2021-03-02,359.84320068359375
spy,2021-03-03,355.07684326171875
spy,2021-03-04,350.68280029296875
spy,2021-03-05,357.1341857910156
spy,2021-03-08,355.3561096191406
spy,2021-03-09,360.42974853515625
spy,2021-03-10,362.6733093261719
spy,2021-03-11,366.3504638671875
spy,2021-03-12,366.84381103515625
spy,2021-03-15,369.03155517578125
spy,2021-03-16,368.5660705566406
spy,2021-03-17,369.82281494140625
spy,2021-03-18,364.4420471191406
spy,2021-03-19,363.7677917480469
spy,2021-03-22,366.67230224609375
spy,2021-03-23,363.7864074707031
spy,2021-03-24,361.9370422363281
spy,2021-03-25,363.9731750488281
spy,2021-03-26,369.838623046875
spy,2021-03-29,369.6517333984375
spy,2021-03-30,368.671142578125
spy,2021-03-31,370.1654052734375
spy,2021-04-01,374.1628723144531
spy,2021-04-05,379.5333251953125
spy,2021-04-06,379.3091125488281
spy,2021-04-07,379.748046875
spy,2021-04-08,381.5507507324219
spy,2021-04-09,384.3246765136719
spy,2021-04-12,384.4646911621094
spy,2021-04-13,385.6042175292969
spy,2021-04-14,384.2873229980469
spy,2021-04-15,388.4154968261719
spy,2021-04-16,389.71368408203125
spy,2021-04-19,387.7990417480469
spy,2021-04-20,384.95977783203125
spy,2021-04-21,388.6022644042969
spy,2021-04-22,385.05316162109375
spy,2021-04-23,389.22802734375
spy,2021-04-26,390.0406188964844
spy,2021-04-27,389.9565124511719
spy,2021-04-28,389.8444519042969
spy,2021-04-29,392.328857421875
spy,2021-04-30,389.7510681152344
spy,2021-05-03,390.5916748046875
spy,2021-05-04,388.1819763183594
spy,2021-05-05,388.3034362792969
spy,2021-05-06,391.4042663574219
spy,2021-05-07,394.2528381347656
spy,2021-05-10,390.348876953125
spy,2021-05-11,386.8650817871094
spy,2021-05-12,378.6459655761719
spy,2021-05-13,383.1945495605469
spy,2021-05-14,389.0785827636719
spy,2021-05-17,388.08856201171875
spy,2021-05-18,384.74493408203125
spy,2021-05-19,383.73614501953125
spy,2021-05-20,387.8643798828125
spy,2021-05-21,387.54681396484375
spy,2021-05-24,391.4976806640625
spy,2021-05-25,390.6290588378906
spy,2021-05-26,391.4042663574219
spy,2021-05-27,391.6097717285156
spy,2021-05-28,392.3101501464844
spy,2021-06-01,391.964599609375
spy,2021-06-02,392.58099365234375
spy,2021-06-03,391.1240234375
spy,2021-06-04,394.7012634277344
spy,2021-06-07,394.31829833984375
spy,2021-06-08,394.40234375
spy,2021-06-09,393.8138732910156
spy,2021-06-10,395.64453125
spy,2021-06-11,396.29833984375
spy,2021-06-14,397.18560791015625
spy,2021-06-15,396.4571533203125
spy,2021-06-16,394.2435302734375
spy,2021-06-17,394.1128234863281
spy,2021-06-18,388.7960510253906
spy,2021-06-21,394.3620300292969
spy,2021-06-22,396.4703674316406
spy,2021-06-23,395.9925842285156
spy,2021-06-24,398.3350524902344
spy,2021-06-25,399.75
spy,2021-06-28,400.5558776855469
spy,2021-06-29,400.7713623046875
spy,2021-06-30,401.1087341308594
spy,2021-07-01,403.3294982910156
spy,2021-07-02,406.41241455078125
spy,2021-07-06,405.672119140625
spy,2021-07-07,407.1058349609375
spy,2021-07-08,403.7886657714844
spy,2021-07-09,408.09906005859375
spy,2021-07-12,409.5608215332031
spy,2021-07-13,408.1646423339844
spy,2021-07-14,408.77374267578125
spy,2021-07-15,407.3775329589844
spy,2021-07-16,404.1821594238281
spy,2021-07-19,398.21331787109375
spy,2021-07-20,403.9197998046875
spy,2021-07-21,407.1900634765625
spy,2021-07-22,408.0428161621094
spy,2021-07-23,412.2407531738281
spy,2021-07-26,413.2527160644531
spy,2021-07-27,411.369384765625
spy,2021-07-28,411.2005920410156
spy,2021-07-29,412.9059753417969
spy,2021-07-30,410.9008483886719
spy,2021-08-02,410.0387268066406
spy,2021-08-03,413.3745422363281
spy,2021-08-04,411.3412170410156
spy,2021-08-05,413.9462585449219
spy,2021-08-06,414.63018798828125
spy,2021-08-09,414.2928771972656
spy,2021-08-10,414.8082275390625
spy,2021-08-11,415.8389892578125
spy,2021-08-12,417.0851745605469
spy,2021-08-13,417.8442687988281
spy,2021-08-16,418.828125
spy,2021-08-17,416.08258056640625
spy,2021-08-18,411.5285949707031
spy,2021-08-19,412.1658020019531
spy,2021-08-20,415.4454345703125
spy,2021-08-23,419.0999755859375
spy,2021-08-24,419.7652282714844
spy,2021-08-25,420.6459655761719
spy,2021-08-26,418.1628112792969
spy,2021-08-27,421.9015808105469
spy,2021-08-30,423.7570495605469
spy,2021-08-31,423.129150390625
spy,2021-09-01,423.3539733886719
spy,2021-09-02,424.65655517578125
spy,2021-09-03,424.55340576171875
spy,2021-09-07,423.0353698730469
spy,2021-09-08,422.52001953125
spy,2021-09-09,420.71160888671875
spy,2021-09-10,417.3944396972656
spy,2021-09-13,418.4626770019531
spy,2021-09-14,416.2044372558594
spy,2021-09-15,419.6808776855469
spy,2021-09-16,419.0155334472656
spy,2021-09-17,414.93389892578125
spy,2021-09-20,408.0151672363281
spy,2021-09-21,407.6297912597656
spy,2021-09-22,411.60614013671875
spy,2021-09-23,416.607177734375
spy,2021-09-24,417.29339599609375
spy,2021-09-27,416.09954833984375
spy,2021-09-28,407.71441650390625
spy,2021-09-29,408.400634765625
spy,2021-09-30,403.40899658203125
spy,2021-10-01,408.2032165527344
spy,2021-10-04,402.9389953613281
spy,2021-10-05,407.1315002441406
spy,2021-10-06,408.8235778808594
spy,2021-10-07,412.3582458496094
spy,2021-10-08,411.60614013671875
spy,2021-10-11,408.62615966796875
spy,2021-10-12,407.62042236328125
spy,2021-10-13,409.0868225097656
spy,2021-10-14,415.9679260253906
spy,2021-10-15,419.1358337402344
spy,2021-10-18,420.376708984375
spy,2021-10-19,423.6198425292969
spy,2021-10-20,425.2837829589844
spy,2021-10-21,426.3929748535156
spy,2021-10-22,425.951171875
spy,2021-10-25,428.2354431152344
spy,2021-10-26,428.62091064453125
spy,2021-10-27,426.7220153808594
spy,2021-10-28,430.8393859863281
spy,2021-10-29,431.71356201171875
spy,2021-11-01,432.4562072753906
spy,2021-11-02,434.2047119140625
spy,2021-11-03,436.855712890625
spy,2021-11-04,438.9143371582031
spy,2021-11-05,440.4372253417969
spy,2021-11-08,440.8132629394531
spy,2021-11-09,439.3561706542969
spy,2021-11-10,435.8215637207031
spy,2021-11-11,435.9626770019531
spy,2021-11-12,439.25274658203125
spy,2021-11-15,439.40313720703125
spy,2021-11-16,441.1423034667969
spy,2021-11-17,440.0706787109375
spy,2021-11-18,441.5652160644531
spy,2021-11-19,440.775634765625
spy,2021-11-22,439.53472900390625
spy,2021-11-23,440.1175842285156
spy,2021-11-24,441.2926330566406
spy,2021-11-26,431.4504089355469
spy,2021-11-29,436.74285888671875
spy,2021-11-30,428.2448425292969
spy,2021-12-01,423.4882507324219
spy,2021-12-02,429.9744567871094
spy,2021-12-03,426.23321533203125
spy,2021-12-06,431.2812194824219
spy,2021-12-07,440.2022399902344
spy,2021-12-08,441.3677978515625
spy,2021-12-09,438.3879699707031
spy,2021-12-10,442.5146789550781
spy,2021-12-13,438.5947265625
spy,2021-12-14,435.57720947265625
spy,2021-12-15,442.3830871582031
spy,2021-12-16,438.4819030761719
spy,2021-12-17,433.8151550292969
spy,2021-12-20,429.2022399902344
spy,2021-12-21,436.824462890625
spy,2021-12-22,441.192138671875
spy,2021-12-23,443.9372863769531
spy,2021-12-27,450.21990966796875
spy,2021-12-28,449.8520202636719
spy,2021-12-29,450.4274597167969
spy,2021-12-30,449.1822204589844
spy,2021-12-31,448.05023193359375
spy,2022-01-03,450.6444396972656
spy,2022-01-04,450.4934387207031
spy,2022-01-05,441.8431091308594
spy,2022-01-06,441.42803955078125
spy,2022-01-07,439.6828308105469
spy,2022-01-10,439.1356506347656
spy,2022-01-11,443.1354064941406
spy,2022-01-12,444.33343505859375
spy,2022-01-13,438.2112121582031
spy,2022-01-14,438.39044189453125
spy,2022-01-18,430.62664794921875
spy,2022-01-19,426.1552429199219
spy,2022-01-20,421.4385070800781
spy,2022-01-21,413.1654968261719
spy,2022-01-24,414.9200439453125
spy,2022-01-25,409.8543395996094
spy,2022-01-26,408.8260803222656
spy,2022-01-27,406.8072814941406
spy,2022-01-28,416.9105224609375
spy,2022-01-31,424.41943359375
spy,2022-02-01,427.28729248046875
spy,2022-02-02,431.43792724609375
spy,2022-02-03,421.2969970703125
spy,2022-02-04,423.2781066894531
spy,2022-02-07,421.9197082519531
spy,2022-02-08,425.3911437988281
spy,2022-02-09,431.6171875
spy,2022-02-10,423.8629150390625
spy,2022-02-11,415.5048828125
spy,2022-02-14,414.1465148925781
spy,2022-02-15,420.8253479003906
spy,2022-02-16,421.2969970703125
spy,2022-02-17,412.2975769042969
spy,2022-02-18,409.6278991699219
spy,2022-02-22,405.2319641113281
spy,2022-02-23,398.043701171875
spy,2022-02-24,404.0339050292969
spy,2022-02-25,412.94842529296875
spy,2022-02-28,411.8918762207031
spy,2022-03-01,405.6187438964844
spy,2022-03-02,413.0804748535156
spy,2022-03-03,411.0239562988281
spy,2022-03-04,407.6846618652344
spy,2022-03-07,395.6664123535156
spy,2022-03-08,392.6665344238281
spy,2022-03-09,403.19427490234375
spy,2022-03-10,401.3736572265625
spy,2022-03-11,396.2701416015625
spy,2022-03-14,393.3740234375
spy,2022-03-15,402.0245361328125
spy,2022-03-16,410.9391174316406
spy,2022-03-17,416.080322265625
spy,2022-03-18,420.6375732421875
spy,2022-03-21,420.5146179199219
spy,2022-03-22,425.4352722167969
spy,2022-03-23,419.9562072753906
spy,2022-03-24,426.2868347167969
spy,2022-03-25,428.3686828613281
spy,2022-03-28,431.4156494140625
spy,2022-03-29,436.7526550292969
spy,2022-03-30,434.0557556152344
spy,2022-03-31,427.3751525878906
spy,2022-04-01,428.5862731933594
spy,2022-04-04,432.2578430175781
spy,2022-04-05,426.79779052734375
spy,2022-04-06,422.5301513671875
spy,2022-04-07,424.6592712402344
spy,2022-04-08,423.5238037109375
spy,2022-04-11,416.28472900390625
spy,2022-04-12,414.7423095703125
spy,2022-04-13,419.4925842285156
spy,2022-04-14,414.2691955566406
spy,2022-04-18,414.43951416015625
spy,2022-04-19,421.1296081542969
spy,2022-04-20,420.8174133300781
spy,2022-04-21,414.524658203125
spy,2022-04-22,403.150390625
spy,2022-04-25,405.48779296875
spy,2022-04-26,393.74444580078125
spy,2022-04-27,394.8515930175781
spy,2022-04-28,404.8253479003906
spy,2022-04-29,389.8647766113281
spy,2022-05-02,392.2115783691406
spy,2022-05-03,394.0094299316406
spy,2022-05-04,406.00823974609375
spy,2022-05-05,391.5774841308594
spy,2022-05-06,389.2402038574219
spy,2022-05-09,376.7778625488281
spy,2022-05-10,377.6483459472656
spy,2022-05-11,371.6489562988281
spy,2022-05-12,371.2610168457031
spy,2022-05-13,380.1370849609375
spy,2022-05-16,378.5946960449219
spy,2022-05-17,386.38250732421875
spy,2022-05-18,370.8067932128906
spy,2022-05-19,368.5357666015625
spy,2022-05-20,368.69671630859375
spy,2022-05-23,375.59503173828125
spy,2022-05-24,372.727783203125
spy,2022-05-25,376.0207214355469
spy,2022-05-26,383.5342102050781
spy,2022-05-27,392.9496154785156
spy,2022-05-31,390.7447814941406
spy,2022-06-01,387.5843200683594
spy,2022-06-02,394.96527099609375
spy,2022-06-03,388.4831848144531
spy,2022-06-06,389.66607666015625
spy,2022-06-07,393.40374755859375
spy,2022-06-08,389.1266784667969
spy,2022-06-09,379.8721618652344
spy,2022-06-10,368.85748291015625
spy,2022-06-13,354.8526916503906
spy,2022-06-14,353.7833251953125
spy,2022-06-15,358.8270568847656
spy,2022-06-16,346.95123291015625
spy,2022-06-17,347.6991882324219
spy,2022-06-21,356.45208740234375
spy,2022-06-22,355.80584716796875
spy,2022-06-23,359.29364013671875
spy,2022-06-24,370.7169494628906
spy,2022-06-27,369.3009338378906
spy,2022-06-28,361.7550354003906
spy,2022-06-29,361.46044921875
spy,2022-06-30,358.5238037109375
spy,2022-07-01,362.315673828125
spy,2022-07-05,363.0
spy,2022-07-06,364.2259826660156
spy,2022-07-07,369.6810607910156
spy,2022-07-08,369.376953125
spy,2022-07-11,365.1573486328125
spy,2022-07-12,361.9260559082031
spy,2022-07-13,360.0253601074219
spy,2022-07-14,359.1510925292969
spy,2022-07-15,366.01263427734375
spy,2022-07-18,362.99053955078125
spy,2022-07-19,372.79827880859375
spy,2022-07-20,375.1741638183594
spy,2022-07-21,378.9946594238281
spy,2022-07-22,375.478271484375
spy,2022-07-25,375.9344177246094
spy,2022-07-26,371.48675537109375
spy,2022-07-27,381.1329040527344
spy,2022-07-28,385.91326904296875
spy,2022-07-29,391.5393981933594
spy,2022-08-01,390.3799133300781
spy,2022-08-02,387.804443359375
spy,2022-08-03,393.8772888183594
spy,2022-08-04,393.6112060546875
spy,2022-08-05,392.9459533691406
spy,2022-08-08,392.4897155761719
spy,2022-08-09,390.9311218261719
spy,2022-08-10,399.14227294921875
spy,2022-08-11,399.14227294921875
spy,2022-08-12,405.8992919921875
spy,2022-08-15,407.5719909667969
spy,2022-08-16,408.37030029296875
spy,2022-08-17,405.4716491699219
spy,2022-08-18,406.650146484375
spy,2022-08-19,401.1855773925781
spy,2022-08-22,392.8318786621094
spy,2022-08-23,391.88153076171875
spy,2022-08-24,393.1360168457031
spy,2022-08-25,398.6861267089844
spy,2022-08-26,385.19091796875
spy,2022-08-29,382.6440124511719
spy,2022-08-30,378.443359375
spy,2022-08-31,375.5638122558594
spy,2022-09-01,376.74224853515625
spy,2022-09-02,372.7697448730469
spy,2022-09-06,371.36309814453125
spy,2022-09-07,378.03472900390625
spy,2022-09-08,380.50567626953125
spy,2022-09-09,386.41693115234375
spy,2022-09-12,390.5700378417969
spy,2022-09-13,373.5870361328125
spy,2022-09-14,375.0126647949219
spy,2022-09-15,370.75506591796875
spy,2022-09-16,367.926513671875
spy,2022-09-19,370.77978515625
spy,2022-09-20,366.52374267578125
spy,2022-09-21,360.1301574707031
spy,2022-09-22,357.1051940917969
spy,2022-09-23,351.1219177246094
spy,2022-09-26,347.6484069824219
spy,2022-09-27,346.76092529296875
spy,2022-09-28,353.5838928222656
spy,2022-09-29,346.1979675292969
spy,2022-09-30,340.8444519042969
spy,2022-10-03,349.84320068359375
spy,2022-10-04,360.6835632324219
spy,2022-10-05,359.8438415527344
spy,2022-10-06,356.1317443847656
spy,2022-10-07,346.1979675292969
spy,2022-10-10,343.5546569824219
spy,2022-10-11,341.37884521484375
spy,2022-10-12,340.2528076171875
spy,2022-10-13,349.2324523925781
spy,2022-10-14,341.2738952636719
spy,2022-10-17,350.0435791015625
spy,2022-10-18,354.15643310546875
spy,2022-10-19,351.64678955078125
spy,2022-10-20,348.6980285644531
spy,2022-10-21,357.1719665527344
spy,2022-10-24,361.5424499511719
spy,2022-10-25,367.3157958984375
spy,2022-10-26,364.5483703613281
spy,2022-10-27,362.6017761230469
spy,2022-10-28,371.228271484375
spy,2022-10-31,368.5467224121094
spy,2022-11-01,366.9340515136719
spy,2022-11-02,357.72540283203125
spy,2022-11-03,354.04193115234375
spy,2022-11-04,359.1377258300781
spy,2022-11-07,362.57305908203125
spy,2022-11-08,364.52935791015625
spy,2022-11-09,357.019287109375
spy,2022-11-10,376.6389465332031
spy,2022-11-11,380.28424072265625
spy,2022-11-14,377.04925537109375
spy,2022-11-15,380.26513671875
spy,2022-11-16,377.36419677734375
spy,2022-11-17,376.2095031738281
spy,2022-11-18,377.91766357421875
spy,2022-11-21,376.5434875488281
spy,2022-11-22,381.6106872558594
spy,2022-11-23,384.01544189453125
spy,2022-11-25,383.9295349121094
spy,2022-11-28,377.80316162109375
spy,2022-11-29,377.154296875
spy,2022-11-30,389.03485107421875
spy,2022-12-01,388.7486572265625
spy,2022-12-02,388.3000183105469
spy,2022-12-05,381.31488037109375
spy,2022-12-06,375.8182678222656
spy,2022-12-07,375.17889404296875
spy,2022-12-08,378.1180725097656
spy,2022-12-09,375.29345703125
spy,2022-12-12,380.7041320800781
spy,2022-12-13,383.5860290527344
spy,2022-12-14,381.133544921875
spy,2022-12-15,371.81036376953125
spy,2022-12-16,367.4206848144531
spy,2022-12-19,364.3051452636719
spy,2022-12-20,364.80364990234375
spy,2022-12-21,370.25830078125
spy,2022-12-22,364.9761962890625
spy,2022-12-23,367.0756530761719
spy,2022-12-27,365.6280517578125
spy,2022-12-28,361.0840759277344
spy,2022-12-29,367.58367919921875
spy,2022-12-30,366.6154479980469
spy,2023-01-03,365.0719909667969
spy,2023-01-04,367.8905334472656
spy,2023-01-05,363.69158935546875
spy,2023-01-06,372.0318603515625
spy,2023-01-09,371.8208923339844
spy,2023-01-10,374.4284362792969
spy,2023-01-11,379.1641540527344
spy,2023-01-12,380.54461669921875
spy,2023-01-13,382.0208740234375
spy,2023-01-17,381.32110595703125
spy,2023-01-18,375.3008117675781
spy,2023-01-19,372.5687255859375
spy,2023-01-20,379.50927734375
spy,2023-01-23,384.0628356933594
spy,2023-01-24,383.65069580078125
spy,2023-01-25,383.7944641113281
spy,2023-01-26,388.0125427246094
spy,2023-01-27,388.90399169921875
spy,2023-01-30,384.0245361328125
spy,2023-01-31,389.67095947265625
spy,2023-02-01,393.8122863769531
spy,2023-02-02,399.5450134277344
spy,2023-02-03,395.29815673828125
spy,2023-02-06,392.8824462890625
spy,2023-02-07,398.0207214355469
spy,2023-02-08,393.6684875488281
spy,2023-02-09,390.2557373046875
spy,2023-02-10,391.1664733886719
spy,2023-02-13,395.75836181640625
spy,2023-02-14,395.57623291015625
spy,2023-02-15,396.86077880859375
spy,2023-02-16,391.3965148925781
spy,2023-02-17,390.4187316894531
spy,2023-02-21,382.5865478515625
spy,2023-02-22,382.0593566894531
spy,2023-02-23,384.0915832519531
spy,2023-02-24,379.9885559082031
spy,2023-02-27,381.28277587890625
spy,2023-02-28,379.87359619140625
spy,2023-03-01,378.4164123535156
spy,2023-03-02,381.3594970703125
spy,2023-03-03,387.47564697265625
spy,2023-03-06,387.74407958984375
spy,2023-03-07,381.8004455566406
spy,2023-03-08,382.4235534667969
spy,2023-03-09,375.3679504394531
spy,2023-03-10,369.95159912109375
spy,2023-03-13,369.4242858886719
spy,2023-03-14,375.5309143066406
spy,2023-03-15,373.1822509765625
spy,2023-03-16,379.7297668457031
spy,2023-03-17,375.2896728515625
spy,2023-03-20,378.8983154296875
spy,2023-03-21,383.8735046386719
spy,2023-03-22,377.32977294921875
spy,2023-03-23,378.349853515625
spy,2023-03-24,380.83258056640625
spy,2023-03-27,381.544677734375
spy,2023-03-28,380.6882629394531
spy,2023-03-29,386.2215270996094
spy,2023-03-30,388.4829406738281
spy,2023-03-31,393.95843505859375
spy,2023-04-03,395.4596252441406
spy,2023-04-04,393.2655944824219
spy,2023-04-05,392.23590087890625
spy,2023-04-06,393.7660217285156
spy,2023-04-10,394.170166015625
spy,2023-04-11,394.2760009765625
spy,2023-04-12,392.6689453125
spy,2023-04-13,397.8846740722656
spy,2023-04-14,396.9127502441406
spy,2023-04-17,398.33697509765625
spy,2023-04-18,398.59674072265625
spy,2023-04-19,398.5294189453125
spy,2023-04-20,396.3545837402344
spy,2023-04-21,396.6624755859375
spy,2023-04-24,397.0763244628906
spy,2023-04-25,390.773193359375
spy,2023-04-26,389.1180419921875
spy,2023-04-27,396.8645935058594
spy,2023-04-28,400.25189208984375
spy,2023-05-01,399.84771728515625
spy,2023-05-02,395.3537902832031
spy,2023-05-03,392.64007568359375
spy,2023-05-04,389.8589782714844
spy,2023-05-05,397.0763244628906
spy,2023-05-08,397.1821594238281
spy,2023-05-09,395.4403381347656
spy,2023-05-10,397.28802490234375
spy,2023-05-11,396.5950927734375
spy,2023-05-12,396.0754699707031
spy,2023-05-15,397.4420166015625
spy,2023-05-16,394.7859802246094
spy,2023-05-17,399.5783386230469
spy,2023-05-18,403.42755126953125
spy,2023-05-19,402.8405456542969
spy,2023-05-22,403.0041198730469
spy,2023-05-23,398.48126220703125
spy,2023-05-24,395.5943298339844
spy,2023-05-25,399.02020263671875
spy,2023-05-26,404.18780517578125
spy,2023-05-30,404.3417053222656
spy,2023-05-31,402.0995788574219
spy,2023-06-01,405.91986083984375
spy,2023-06-02,411.7900085449219
spy,2023-06-05,411.0008544921875
spy,2023-06-06,411.89581298828125
spy,2023-06-07,410.4715881347656
spy,2023-06-08,412.95440673828125
spy,2023-06-09,413.6953430175781
spy,2023-06-12,417.44830322265625
spy,2023-06-13,420.2005615234375
spy,2023-06-14,420.700927734375
spy,2023-06-15,425.9165954589844
spy,2023-06-16,424.46588134765625
spy,2023-06-20,422.26361083984375
spy,2023-06-21,420.1000671386719
spy,2023-06-22,421.6164855957031
spy,2023-06-23,418.4291076660156
spy,2023-06-26,416.7195129394531
spy,2023-06-27,421.2880859375
spy,2023-06-28,421.5006103515625
spy,2023-06-29,423.1618957519531
spy,2023-06-30,428.1554870605469
spy,2023-07-03,428.64813232421875
spy,2023-07-05,428.0106506347656
spy,2023-07-06,424.6590270996094
spy,2023-07-07,423.58685302734375
spy,2023-07-10,424.6590270996094
spy,2023-07-11,427.36346435546875
spy,2023-07-12,430.8020324707031
spy,2023-07-13,434.2212829589844
spy,2023-07-14,433.9508056640625
spy,2023-07-17,435.4575500488281
spy,2023-07-18,438.6932678222656
spy,2023-07-19,439.6688232421875
spy,2023-07-20,436.7518615722656
spy,2023-07-21,436.7518615722656
spy,2023-07-24,438.7029113769531
spy,2023-07-25,439.9006042480469
spy,2023-07-26,439.96826171875
spy,2023-07-27,437.05133056640625
spy,2023-07-28,441.33013916015625
spy,2023-07-31,442.1704406738281
spy,2023-08-01,440.9051513671875
spy,2023-08-02,434.7718200683594
spy,2023-08-03,433.52581787109375
spy,2023-08-04,431.5650939941406
spy,2023-08-07,435.3320007324219
spy,2023-08-08,433.43890380859375
spy,2023-08-09,430.54132080078125
spy,2023-08-10,430.6957702636719
spy,2023-08-11,430.44464111328125
spy,2023-08-14,432.82073974609375
spy,2023-08-15,427.77886962890625
spy,2023-08-16,424.6397705078125
spy,2023-08-17,421.4040222167969
spy,2023-08-18,421.6068420410156
spy,2023-08-21,424.3499450683594
spy,2023-08-22,423.2005310058594
spy,2023-08-23,427.9140930175781
spy,2023-08-24,421.9835510253906
spy,2023-08-25,424.9584655761719
spy,2023-08-28,427.6532287597656
spy,2023-08-29,433.83489990234375
spy,2023-08-30,435.6217956542969
spy,2023-08-31,434.98431396484375
spy,2023-09-01,435.795654296875
spy,2023-09-05,433.9122009277344
spy,2023-09-06,430.99517822265625
spy,2023-09-07,429.67193603515625
spy,2023-09-08,430.319091796875
spy,2023-09-11,433.149169921875
spy,2023-09-12,430.7730407714844
spy,2023-09-13,431.2752990722656
spy,2023-09-14,434.9939270019531
spy,2023-09-15,429.7530212402344
spy,2023-09-18,430.0050048828125
spy,2023-09-19,429.11328125
spy,2023-09-20,425.1683044433594
spy,2023-09-21,418.1410217285156
spy,2023-09-22,417.20074462890625
spy,2023-09-25,418.95513916015625
spy,2023-09-26,412.8001708984375
spy,2023-09-27,412.9649658203125
spy,2023-09-28,415.3591003417969
spy,2023-09-29,414.35101318359375
spy,2023-10-02,414.1862487792969
spy,2023-10-03,408.6419372558594
spy,2023-10-04,411.6177062988281
spy,2023-10-05,411.46258544921875
spy,2023-10-06,416.3477478027344
spy,2023-10-09,419.0133361816406
spy,2023-10-10,421.1942443847656
spy,2023-10-11,422.91949462890625
spy,2023-10-12,420.3412170410156
spy,2023-10-13,418.2475891113281
spy,2023-10-16,422.64813232421875
spy,2023-10-17,422.6286926269531
spy,2023-10-18,416.9971618652344
spy,2023-10-19,413.333251953125
spy,2023-10-20,408.2541809082031
spy,2023-10-23,407.5466003417969
spy,2023-10-24,410.6192321777344
spy,2023-10-25,404.7260437011719
spy,2023-10-26,399.8795471191406
spy,2023-10-27,398.0669860839844
spy,2023-10-30,402.8262023925781
spy,2023-10-31,405.3561096191406
spy,2023-11-01,409.6790771484375
spy,2023-11-02,417.5303039550781
spy,2023-11-03,421.339599609375
spy,2023-11-06,422.3088684082031
spy,2023-11-07,423.5107727050781
spy,2023-11-08,423.8209533691406
spy,2023-11-09,420.5157165527344
spy,2023-11-10,427.0777282714844
spy,2023-11-13,426.67071533203125
spy,2023-11-14,434.9484558105469
spy,2023-11-15,435.8692321777344
spy,2023-11-16,436.4023132324219
spy,2023-11-17,436.94512939453125
spy,2023-11-20,440.30859375
spy,2023-11-21,439.3489990234375
spy,2023-11-22,441.045166015625
spy,2023-11-24,441.3166198730469
spy,2023-11-27,440.52178955078125
spy,2023-11-28,440.9579162597656
spy,2023-11-29,440.6478576660156
spy,2023-11-30,442.3828125
spy,2023-12-01,444.9999084472656
spy,2023-12-04,442.6639099121094
spy,2023-12-05,442.5766906738281
spy,2023-12-06,440.7932434082031
spy,2023-12-07,444.1566467285156
spy,2023-12-08,446.06610107421875
spy,2023-12-11,447.8011474609375
spy,2023-12-12,449.84637451171875
spy,2023-12-13,456.0498046875
spy,2023-12-14,457.5133972167969
spy,2023-12-15,456.7601318359375
spy,2023-12-18,459.3294372558594
spy,2023-12-19,462.12255859375
spy,2023-12-20,455.7187805175781
spy,2023-12-21,460.0398864746094
spy,2023-12-22,460.96441650390625
spy,2023-12-26,462.910888671875
spy,2023-12-27,463.74786376953125
spy,2023-12-28,463.92303466796875
spy,2023-12-29,462.5799560546875
spy,2024-01-02,459.9911804199219
spy,2024-01-03,456.2345886230469
spy,2024-01-04,454.7650146484375
spy,2024-01-05,455.38787841796875
spy,2024-01-08,461.8890380859375
spy,2024-01-09,461.18829345703125
spy,2024-01-10,463.79644775390625
spy,2024-01-11,463.59210205078125
spy,2024-01-12,463.9132995605469
spy,2024-01-16,462.2101135253906
spy,2024-01-17,459.6408996582031
spy,2024-01-18,463.7283935546875
spy,2024-01-19,469.50921630859375
spy,2024-01-22,470.501953125
spy,2024-01-23,471.87420654296875
spy,2024-01-24,472.3899841308594
spy,2024-01-25,474.9593200683594
spy,2024-01-26,474.3559265136719
spy,2024-01-29,478.1125183105469
spy,2024-01-30,477.7427062988281
spy,2024-01-31,469.9472351074219
spy,2024-02-01,476.0979919433594
spy,2024-02-02,481.11004638671875
spy,2024-02-05,479.3582458496094
spy,2024-02-06,480.7499694824219
spy,2024-02-07,484.7596435546875
spy,2024-02-08,484.97369384765625
spy,2024-02-09,487.77655029296875
spy,2024-02-12,487.5624694824219
spy,2024-02-13,480.8472595214844
spy,2024-02-14,485.2170104980469
spy,2024-02-15,488.5648498535156
spy,2024-02-16,486.1318359375
spy,2024-02-20,483.4555358886719
spy,2024-02-21,483.8934020996094
spy,2024-02-22,493.9078674316406
spy,2024-02-23,494.24847412109375
spy,2024-02-26,492.4382629394531
spy,2024-02-27,493.35308837890625
spy,2024-02-28,492.7010192871094
spy,2024-02-29,494.4722900390625
spy,2024-03-01,499.11456298828125
spy,2024-03-04,498.5792236328125
spy,2024-03-05,493.5964050292969
spy,2024-03-06,496.0975646972656
spy,2024-03-07,501.0220947265625
spy,2024-03-08,498.01483154296875
spy,2024-03-11,497.58660888671875
spy,2024-03-12,502.9393310546875
spy,2024-03-13,502.15093994140625
spy,2024-03-14,501.1583251953125
spy,2024-03-15,497.7170715332031
spy,2024-03-18,500.6750793457031
spy,2024-03-19,503.4573974609375
spy,2024-03-20,508.11407470703125
spy,2024-03-21,509.7931823730469
spy,2024-03-22,508.8266906738281
spy,2024-03-25,507.4208984375
spy,2024-03-26,506.4836730957031
spy,2024-03-27,510.7400817871094
spy,2024-03-28,510.642578125
spy,2024-04-01,509.75408935546875
spy,2024-04-02,506.5130920410156
spy,2024-04-03,507.0693664550781
spy,2024-04-04,500.880126953125
spy,2024-04-05,506.11273193359375
spy,2024-04-08,506.3958435058594
spy,2024-04-09,506.9816589355469
spy,2024-04-10,501.9051208496094
spy,2024-04-11,505.6929931640625
spy,2024-04-12,498.7128601074219
spy,2024-04-15,492.46490478515625
spy,2024-04-16,491.5667724609375
spy,2024-04-17,488.6575622558594
spy,2024-04-18,487.6520690917969
spy,2024-04-19,483.3955993652344
spy,2024-04-22,487.8472595214844
spy,2024-04-23,493.6363830566406
spy,2024-04-24,493.402099609375
spy,2024-04-25,491.5277099609375
spy,2024-04-26,496.18438720703125
spy,2024-04-29,497.94158935546875
spy,2024-04-30,490.0535888671875
spy,2024-05-01,488.4623107910156
spy,2024-05-02,493.0311279296875
spy,2024-05-03,499.1424255371094
spy,2024-05-06,504.2969665527344
spy,2024-05-07,504.8533935546875
spy,2024-05-08,504.90216064453125
spy,2024-05-09,507.81146240234375
spy,2024-05-10,508.465576171875
spy,2024-05-13,508.53375244140625
spy,2024-05-14,510.8670349121094
spy,2024-05-15,517.193115234375
spy,2024-05-16,516.1289672851562
spy,2024-05-17,516.8709106445312
spy,2024-05-20,517.4664916992188
spy,2024-05-21,518.735595703125
spy,2024-05-22,517.2418823242188
spy,2024-05-23,513.4638671875
spy,2024-05-24,516.8612060546875
spy,2024-05-28,517.222412109375
spy,2024-05-29,513.6004638671875
spy,2024-05-30,510.19342041015625
spy,2024-05-31,514.8402709960938
spy,2024-06-03,515.2601318359375
spy,2024-06-04,515.8360595703125
spy,2024-06-05,521.9669189453125
spy,2024-06-06,521.9570922851562
spy,2024-06-07,521.3226318359375
spy,2024-06-10,522.9332885742188
spy,2024-06-11,524.1927490234375
spy,2024-06-12,528.4979858398438
spy,2024-06-13,529.5621337890625
spy,2024-06-14,529.88427734375
spy,2024-06-17,534.1014404296875
spy,2024-06-18,535.4585571289062
spy,2024-06-20,534.0040283203125
spy,2024-06-21,533.2880249023438
spy,2024-06-24,531.5545043945312
spy,2024-06-25,533.6015014648438
spy,2024-06-26,534.2674560546875
spy,2024-06-27,535.1097412109375
spy,2024-06-28,533.0039672851562
spy,2024-07-01,534.100830078125
spy,2024-07-02,537.6952514648438
spy,2024-07-03,540.0948486328125
spy,2024-07-05,543.2093505859375
spy,2024-07-08,543.8360595703125
spy,2024-07-09,544.364990234375
spy,2024-07-10,549.7516479492188
spy,2024-07-11,545.0112915039062
spy,2024-07-12,548.4489135742188
spy,2024-07-15,549.957275390625
spy,2024-07-16,553.2186279296875
spy,2024-07-17,545.4618530273438
spy,2024-07-18,541.2700805664062
spy,2024-07-19,537.6756591796875
spy,2024-07-22,543.2190551757812
spy,2024-07-23,542.3670043945312
spy,2024-07-24,530.0755004882812
spy,2024-07-25,527.313720703125
spy,2024-07-26,533.219482421875
spy,2024-07-29,533.5328369140625
spy,2024-07-30,530.8297119140625
spy,2024-07-31,539.4581909179688
spy,2024-08-01,531.8190307617188
spy,2024-08-02,521.9172973632812
spy,2024-08-05,506.7171630859375
spy,2024-08-06,511.388916015625
spy,2024-08-07,507.97076416015625
spy,2024-08-08,519.7136840820312
spy,2024-08-09,522.0054321289062
spy,2024-08-12,522.27978515625
spy,2024-08-13,530.8688354492188
spy,2024-08-14,532.5437622070312
spy,2024-08-15,541.6715698242188
spy,2024-08-16,542.8860473632812
spy,2024-08-19,548.0767822265625
spy,2024-08-20,547.185546875
spy,2024-08-21,549.0659790039062
spy,2024-08-22,544.7567749023438
spy,2024-08-23,550.5447998046875
spy,2024-08-26,549.2325439453125
spy,2024-08-27,549.9866943359375
spy,2024-08-28,546.7937622070312
spy,2024-08-29,546.8427124023438
spy,2024-08-30,552.0629272460938
spy,2024-09-03,540.7020263671875
spy,2024-09-04,539.59521484375
spy,2024-09-05,538.282958984375
spy,2024-09-06,529.2235717773438
spy,2024-09-09,535.1488647460938
spy,2024-09-10,537.479736328125
spy,2024-09-11,542.9937744140625
spy,2024-09-12,547.5675659179688
spy,2024-09-13,550.4274291992188
spy,2024-09-16,551.240234375
spy,2024-09-17,551.465576171875
spy,2024-09-18,549.8300170898438
spy,2024-09-19,559.2125244140625
spy,2024-09-20,558.2459106445312
spy,2024-09-23,559.6408081054688
spy,2024-09-24,561.2421875
spy,2024-09-25,560.0042724609375
spy,2024-09-26,562.2245483398438
spy,2024-09-27,561.4089965820312
spy,2024-09-30,563.6588745117188
spy,2024-10-01,558.609375
spy,2024-10-02,558.8451538085938
spy,2024-10-03,557.8234252929688
spy,2024-10-04,562.8925170898438
spy,2024-10-07,557.8037719726562
spy,2024-10-08,563.0792846679688
spy,2024-10-09,566.9793090820312
spy,2024-10-10,565.987060546875
spy,2024-10-11,569.3764038085938
spy,2024-10-14,574.0328369140625
spy,2024-10-15,569.5728759765625
spy,2024-10-16,572.0484008789062
spy,2024-10-17,572.0975341796875
spy,2024-10-18,574.298095703125
spy,2024-10-21,573.3551025390625
spy,2024-10-22,573.050537109375
spy,2024-10-23,567.8143310546875
spy,2024-10-24,569.0423583984375
spy,2024-10-25,568.8458251953125
spy,2024-10-28,570.6043701171875
spy,2024-10-29,571.52783203125
spy,2024-10-30,569.798828125
spy,2024-10-31,558.6290283203125
spy,2024-11-01,560.9867553710938
spy,2024-11-04,559.7783203125
spy,2024-11-05,566.5470581054688
spy,2024-11-06,580.6346435546875
spy,2024-11-07,585.1240844726562
spy,2024-11-08,587.6588134765625
spy,2024-11-11,588.2186279296875
spy,2024-11-12,586.3914794921875
spy,2024-11-13,586.6763305664062
spy,2024-11-14,582.9039306640625
spy,2024-11-15,575.4376831054688
spy,2024-11-18,577.79541015625
spy,2024-11-19,579.9076538085938
spy,2024-11-20,580.1040649414062
spy,2024-11-21,583.2183227539062
spy,2024-11-22,585.02587890625
spy,2024-11-25,587.0103759765625
spy,2024-11-26,590.075439453125
spy,2024-11-27,588.2874755859375
spy,2024-11-29,591.9419555664062
spy,2024-12-02,593.0030517578125
spy,2024-12-03,593.2780151367188
spy,2024-12-04,596.9619140625
spy,2024-12-05,595.9796142578125
spy,2024-12-06,597.109375
spy,2024-12-09,594.0344848632812
spy,2024-12-10,592.1875610351562
spy,2024-12-11,596.7655639648438
spy,2024-12-12,593.690673828125
spy,2024-12-13,593.57275390625
spy,2024-12-16,596.1072998046875
spy,2024-12-17,593.6513061523438
spy,2024-12-18,575.9584350585938
spy,2024-12-19,575.7815551757812
spy,2024-12-20,582.6973266601562
spy,2024-12-23,586.1866455078125
spy,2024-12-24,592.7020263671875
spy,2024-12-26,592.7416381835938
spy,2024-12-27,586.5020751953125
spy,2024-12-30,579.8091430664062
spy,2024-12-31,577.69970703125
spy,2025-01-02,576.2802734375
spy,2025-01-03,583.48583984375
spy,2025-01-06,586.8470458984375
spy,2025-01-07,580.2132568359375
spy,2025-01-08,581.06103515625
spy,2025-01-10,572.1896362304688
spy,2025-01-13,573.0768432617188
spy,2025-01-14,573.8652954101562
spy,2025-01-15,584.303955078125
spy,2025-01-16,583.1802368164062
spy,2025-01-17,589.0353393554688
spy,2025-01-21,594.4270629882812
spy,2025-01-22,597.7686157226562
spy,2025-01-23,601.03125
spy,2025-01-24,599.276611328125
spy,2025-01-27,590.7998046875
spy,2025-01-28,595.8761596679688
spy,2025-01-29,593.2048950195312
spy,2025-01-30,596.3886108398438
spy,2025-01-31,593.2146606445312
spy,2025-02-03,589.2225952148438
spy,2025-02-04,593.17529296875
spy,2025-02-05,595.5802612304688
spy,2025-02-06,597.650390625
spy,2025-02-07,592.1797485351562
spy,2025-02-10,596.2012939453125
spy,2025-02-11,596.65478515625
spy,2025-02-12,594.732666015625
spy,2025-02-13,601.0115356445312
spy,2025-02-14,600.9820556640625
spy,2025-02-18,602.7463989257812
spy,2025-02-19,604.1658325195312
spy,2025-02-20,601.6522827148438
spy,2025-02-21,591.361572265625
spy,2025-02-24,588.670654296875
spy,2025-02-25,585.7429809570312
spy,2025-02-26,586.0387573242188
spy,2025-02-27,576.6844482421875
spy,2025-02-28,585.683837890625
spy,2025-03-03,575.4227905273438
spy,2025-03-04,568.611572265625
spy,2025-03-05,574.722900390625
spy,2025-03-06,564.5209350585938
spy,2025-03-07,567.6849975585938
spy,2025-03-10,552.564453125
spy,2025-03-11,547.9710083007812
spy,2025-03-12,550.8788452148438
spy,2025-03-13,543.5352783203125
spy,2025-03-14,554.762451171875
spy,2025-03-17,559.0404663085938
spy,2025-03-18,552.9981079101562
spy,2025-03-19,559.020751953125
spy,2025-03-20,557.4041137695312
spy,2025-03-21,557.5880737304688
spy,2025-03-24,567.5736083984375
spy,2025-03-25,568.93798828125
spy,2025-03-26,562.1458740234375
spy,2025-03-27,560.6529541015625
spy,2025-03-28,549.3623657226562
spy,2025-03-31,553.050048828125
spy,2025-04-01,554.6121215820312
spy,2025-04-02,558.1220092773438
spy,2025-04-03,530.6171875
spy,2025-04-04,499.5533447265625
spy,2025-04-07,498.6635437011719
spy,2025-04-08,490.8531188964844
spy,2025-04-09,542.4021606445312
spy,2025-04-10,518.6345825195312
spy,2025-04-11,527.8884887695312
spy,2025-04-14,533.009765625
spy,2025-04-15,531.5169067382812
spy,2025-04-16,519.702392578125
spy,2025-04-17,520.44384765625
spy,2025-04-21,508.05584716796875
spy,2025-04-22,521.2743530273438
spy,2025-04-23,529.3516845703125
spy,2025-04-24,540.4940185546875
spy,2025-04-25,544.3992309570312
spy,2025-04-28,544.6068725585938
spy,2025-04-29,548.0375366210938
spy,2025-04-30,548.2550659179688
spy,2025-05-01,552.1405029296875
spy,2025-05-02,560.3364868164062
spy,2025-05-05,557.1234130859375
spy,2025-05-06,552.4667358398438
spy,2025-05-07,554.7901611328125
spy,2025-05-08,558.6558837890625
spy,2025-05-09,557.9439697265625
spy,2025-05-12,576.3826293945312
spy,2025-05-13,580.1890258789062
spy,2025-05-14,580.9304809570312
spy,2025-05-15,583.7680053710938
spy,2025-05-16,587.4655151367188
spy,2025-05-19,588.108154296875
spy,2025-05-20,586.130859375
spy,2025-05-21,576.2540893554688
spy,2025-05-22,576.4815063476562
spy,2025-05-23,572.5465698242188
spy,2025-05-27,584.4501953125
spy,2025-05-28,581.0689086914062
spy,2025-05-29,583.3626098632812
spy,2025-05-30,582.7100830078125
spy,2025-06-02,585.992431640625
spy,2025-06-03,589.3341064453125
spy,2025-06-04,589.1759643554688
spy,2025-06-05,586.3285522460938
spy,2025-06-06,592.3495483398438
spy,2025-06-09,592.8834838867188
spy,2025-06-10,596.244873046875
spy,2025-06-11,594.54443359375
spy,2025-06-12,596.9072875976562
spy,2025-06-13,590.2338256835938
spy,2025-06-16,595.8494262695312
spy,2025-06-17,590.7578735351562
spy,2025-06-18,590.6688842773438
spy,2025-06-20,589.2816162109375
spy,2025-06-23,595.1022338867188
spy,2025-06-24,601.676513671875
spy,2025-06-25,602.0136108398438
spy,2025-06-26,606.7236328125
spy,2025-06-27,609.7380981445312
spy,2025-06-30,612.6533813476562
spy,2025-07-01,612.455078125
spy,2025-07-02,615.2315063476562
spy,2025-07-03,620.0803833007812
spy,2025-07-07,615.4595336914062
spy,2025-07-08,615.1224365234375
spy,2025-07-09,618.8110961914062
spy,2025-07-10,620.5563354492188
spy,2025-07-11,618.3748168945312
spy,2025-07-14,619.5548095703125
spy,2025-07-15,616.9072875976562
spy,2025-07-16,618.9697265625
spy,2025-07-17,622.7576293945312
spy,2025-07-18,622.3014526367188
spy,2025-07-21,623.4815063476562
spy,2025-07-22,623.5707397460938
spy,2025-07-23,628.8757934570312
spy,2025-07-24,629.0839233398438
spy,2025-07-25,631.7413940429688
spy,2025-07-28,631.5828247070312
spy,2025-07-29,629.9169311523438
spy,2025-07-30,629.1236572265625
spy,2025-07-31,626.763671875
spy,2025-08-01,616.4907836914062
spy,2025-08-04,625.8612670898438
spy,2025-08-05,622.688232421875
spy,2025-08-06,627.457763671875
spy,2025-08-07,626.9321899414062
spy,2025-08-08,631.82080078125
spy,2025-08-11,630.5713500976562
spy,2025-08-12,637.284423828125
spy,2025-08-13,639.4658813476562
spy,2025-08-14,639.5254516601562
spy,2025-08-15,638.0281372070312
spy,2025-08-18,637.8892822265625
spy,2025-08-19,634.4286499023438
spy,2025-08-20,632.7429809570312
spy,2025-08-21,630.2044677734375
spy,2025-08-22,639.88232421875
spy,2025-08-25,637.0662841796875
spy,2025-08-26,639.7335815429688
spy,2025-08-27,641.1912841796875
spy,2025-08-28,643.4619750976562
spy,2025-08-29,639.6245727539062
spy,2025-09-02,634.884765625
spy,2025-09-03,638.3255615234375
spy,2025-09-04,643.6602783203125
spy,2025-09-05,641.796142578125
spy,2025-09-08,643.3727416992188
spy,2025-09-09,644.8601684570312
spy,2025-09-10,646.724365234375
spy,2025-09-11,652.0988159179688
spy,2025-09-12,651.8805541992188
spy,2025-09-15,655.3511352539062
spy,2025-09-16,654.4488525390625
spy,2025-09-17,653.6356811523438
spy,2025-09-18,656.6898803710938
spy,2025-09-19,659.9423217773438
spy,2025-09-22,663.0645751953125
spy,2025-09-23,659.4551391601562
spy,2025-09-24,657.3569946289062
spy,2025-09-25,654.3242797851562
spy,2025-09-26,658.072998046875
spy,2025-09-29,659.9224243164062
spy,2025-09-30,662.4082641601562
spy,2025-10-01,664.6654052734375
spy,2025-10-02,665.4309692382812
spy,2025-10-03,665.421142578125
spy,2025-10-06,667.8074951171875
spy,2025-10-07,665.3316040039062
spy,2025-10-08,669.2990112304688
spy,2025-10-09,667.3600463867188
spy,2025-10-10,649.32275390625
spy,2025-10-13,659.2860107421875
spy,2025-10-14,658.4805908203125
spy,2025-10-15,661.4039306640625
spy,2025-10-16,656.8995971679688
spy,2025-10-17,660.62841796875
spy,2025-10-20,667.499267578125
spy,2025-10-21,667.4893188476562
spy,2025-10-22,664.0191040039062
spy,2025-10-23,667.9566650390625
spy,2025-10-24,673.4155883789062
spy,2025-10-27,681.3603515625
spy,2025-10-28,683.1700439453125
spy,2025-10-29,683.4982299804688
spy,2025-10-30,675.9810180664062
spy,2025-10-31,678.1983032226562
spy,2025-11-03,679.4711303710938
spy,2025-11-04,671.4169921875
spy,2025-11-05,673.7437133789062
spy,2025-11-06,666.514892578125
spy,2025-11-07,667.1710815429688
spy,2025-11-10,677.5818481445312
spy,2025-11-11,679.1329956054688
spy,2025-11-12,679.5109252929688
spy,2025-11-13,668.235107421875
spy,2025-11-14,668.1256713867188
spy,2025-11-17,661.901123046875
spy,2025-11-18,656.3427734375
spy,2025-11-19,658.8783569335938
spy,2025-11-20,648.8355712890625
spy,2025-11-21,655.2987670898438
spy,2025-11-24,664.9437866210938
spy,2025-11-25,671.1982421875
spy,2025-11-26,675.8318481445312
spy,2025-11-28,679.5208129882812
spy,2025-12-01,676.41845703125
spy,2025-12-02,677.67138671875
spy,2025-12-03,680.0180053710938
spy,2025-12-04,680.51513671875
spy,2025-12-05,681.8078002929688
spy,2025-12-08,679.7594604492188
spy,2025-12-09,679.1727905273438
spy,2025-12-10,683.6771850585938
spy,2025-12-11,685.26806640625
spy,2025-12-12,677.9000854492188
spy,2025-12-15,676.8758544921875
spy,2025-12-16,675.0264282226562
spy,2025-12-17,667.5986938476562
spy,2025-12-18,672.6399536132812
spy,2025-12-19,678.7363891601562
spy,2025-12-22,682.96484375
spy,2025-12-23,686.0863037109375
spy,2025-12-24,688.4996948242188
spy,2025-12-26,688.4298706054688
spy,2025-12-29,685.9765625
spy,2025-12-30,685.138916015625
spy,2025-12-31,680.062744140625
spy,2026-01-02,681.309326171875
spy,2026-01-05,685.846923828125
spy,2026-01-06,689.92578125
spy,2026-01-07,687.701904296875
spy,2026-01-08,687.632080078125
spy,2026-01-09,692.1796264648438
spy,2026-01-12,693.2666625976562
spy,2026-01-13,691.8804931640625
spy,2026-01-14,688.479736328125
spy,2026-01-15,690.3546142578125
spy,2026-01-16,689.7761840820312
spy,2026-01-20,675.7345581054688
spy,2026-01-21,683.5332641601562
spy,2026-01-22,687.103515625
spy,2026-01-23,687.352783203125
spy,2026-01-26,690.84326171875
spy,2026-01-27,693.5957641601562
spy,2026-01-28,693.5259399414062
spy,2026-01-29,692.1497192382812
spy,2026-01-30,690.0853271484375
spy,2026-02-02,693.5159912109375
spy,2026-02-03,687.6520385742188
spy,2026-02-04,684.3211059570312
spy,2026-02-05,675.7744750976562
spy,2026-02-06,688.739013671875
spy,2026-02-09,692.0599975585938
spy,2026-02-10,690.2349243164062
spy,2026-02-11,690.075439453125
spy,2026-02-12,679.41455078125
spy,2026-02-13,679.8931884765625
spy,2026-02-17,680.9901733398438
spy,2026-02-18,684.4208374023438
spy,2026-02-19,682.61572265625
spy,2026-02-20,687.5523071289062
spy,2026-02-23,680.531494140625
spy,2026-02-24,685.4779052734375
spy,2026-02-25,691.26220703125
spy,2026-02-26,687.422607421875
spy,2026-02-27,684.1216430664062
spy,2026-03-02,684.5106201171875
spy,2026-03-03,678.4771118164062
spy,2026-03-04,683.2639770507812
spy,2026-03-05,679.4544067382812
spy,2026-03-06,670.5487060546875
spy,2026-03-09,676.4227294921875
spy,2026-03-10,675.3356323242188
spy,2026-03-11,674.4879760742188
spy,2026-03-12,664.2459106445312
spy,2026-03-13,660.4862060546875
spy,2026-03-16,667.2078857421875
spy,2026-03-17,668.9630126953125
spy,2026-03-18,659.6285400390625
spy,2026-03-19,658.0029907226562
spy,2026-03-20,648.5700073242188
spy,2026-03-23,655.3800048828125
spy,2026-03-24,653.1799926757812
spy,2026-03-25,656.8200073242188
spy,2026-03-26,645.0900268554688
spy,2026-03-27,634.0900268554688
spy,2026-03-30,631.969970703125
spy,2026-03-31,650.3400268554688
spy,2026-04-01,655.239990234375
spy,2026-04-02,655.8300170898438
spy,2026-04-06,658.9299926757812
spy,2026-04-07,659.219970703125
spy,2026-04-08,676.010009765625
spy,2026-04-09,679.9099731445312
spy,2026-04-10,679.4600219726562
spy,2026-04-13,686.0999755859375
