Item_Id,Date,Price
spy,1993-01-29,24.175399780273438
spy,1993-02-01,24.34733772277832
spy,1993-02-02,24.39890480041504
spy,1993-02-03,24.656831741333008
spy,1993-02-04,24.759981155395508
spy,1993-02-05,24.74281120300293
spy,1993-02-08,24.74281120300293
spy,1993-02-09,24.570837020874023
spy,1993-02-10,24.605243682861328
spy,1993-02-11,24.725616455078125
spy,1993-02-12,24.53647232055664
spy,1993-02-16,23.91745948791504
spy,1993-02-17,23.9002628326416
spy,1993-02-18,23.883079528808594
spy,1993-02-19,23.96906280517578
spy,1993-02-22,24.055017471313477
spy,1993-02-23,24.037826538085938
spy,1993-02-24,24.34733772277832
spy,1993-02-25,24.39890480041504
spy,1993-02-26,24.433313369750977
spy,1993-03-01,24.36451530456543
spy,1993-03-02,24.725616455078125
spy,1993-03-03,24.828779220581055
spy,1993-03-04,24.691213607788086
spy,1993-03-05,24.6224308013916
spy,1993-03-08,25.172651290893555
spy,1993-03-09,25.086698532104492
spy,1993-03-10,25.13826560974121
spy,1993-03-11,25.069480895996094
spy,1993-03-12,24.811569213867188
spy,1993-03-15,24.93193817138672
spy,1993-03-16,24.93193817138672
spy,1993-03-17,24.777179718017578
spy,1993-03-18,24.93193817138672
spy,1993-03-19,24.894201278686523
spy,1993-03-22,24.756004333496094
spy,1993-03-23,24.807815551757812
spy,1993-03-24,24.807815551757812
spy,1993-03-25,24.963306427001953
spy,1993-03-26,24.82509422302246
spy,1993-03-29,24.928749084472656
spy,1993-03-30,24.997873306274414
spy,1993-03-31,24.980579376220703
spy,1993-04-01,24.894201278686523
spy,1993-04-02,24.375930786132812
spy,1993-04-05,24.496854782104492
spy,1993-04-06,24.427766799926758
spy,1993-04-07,24.514137268066406
spy,1993-04-08,24.479581832885742
spy,1993-04-12,24.82509422302246
spy,1993-04-13,24.876922607421875
spy,1993-04-14,24.84238624572754
spy,1993-04-15,24.84238624572754
spy,1993-04-16,24.84238624572754
spy,1993-04-19,24.738719940185547
spy,1993-04-20,24.617807388305664
spy,1993-04-21,24.600522994995117
spy,1993-04-22,24.28957176208496
spy,1993-04-23,24.185909271240234
spy,1993-04-26,23.99587059020996
spy,1993-04-27,24.2550048828125
spy,1993-04-28,24.203189849853516
spy,1993-04-29,24.306827545166016
spy,1993-04-30,24.34137535095215
spy,1993-05-03,24.496854782104492
spy,1993-05-04,24.583251953125
spy,1993-05-05,24.65235710144043
spy,1993-05-06,24.565977096557617
spy,1993-05-07,24.514137268066406
spy,1993-05-10,24.565977096557617
spy,1993-05-11,24.66962242126465
spy,1993-05-12,24.63508415222168
spy,1993-05-13,24.34137535095215
spy,1993-05-14,24.324108123779297
spy,1993-05-17,24.410493850708008
spy,1993-05-18,24.39321517944336
spy,1993-05-19,24.894201278686523
spy,1993-05-20,24.963306427001953
spy,1993-05-21,24.738719940185547
spy,1993-05-24,24.84238624572754
spy,1993-05-25,24.894201278686523
spy,1993-05-26,25.205175399780273
spy,1993-05-27,25.118785858154297
spy,1993-05-28,24.997873306274414
spy,1993-06-01,25.239715576171875
spy,1993-06-02,25.205175399780273
spy,1993-06-03,25.118785858154297
spy,1993-06-04,25.03239631652832
spy,1993-06-07,24.946043014526367
spy,1993-06-08,24.721452713012695
spy,1993-06-09,24.807815551757812
spy,1993-06-10,24.82509422302246
spy,1993-06-11,24.928749084472656
spy,1993-06-14,24.894201278686523
spy,1993-06-15,24.84238624572754
spy,1993-06-16,24.894201278686523
spy,1993-06-17,24.980579376220703
spy,1993-06-18,24.774860382080078
spy,1993-06-21,24.82706642150879
spy,1993-06-22,24.84445571899414
spy,1993-06-23,24.6182804107666
spy,1993-06-24,24.9488582611084
spy,1993-06-25,24.931447982788086
spy,1993-06-28,25.20983123779297
spy,1993-06-29,25.088037490844727
spy,1993-06-30,25.088037490844727
spy,1993-07-01,25.018444061279297
spy,1993-07-02,24.87925910949707
spy,1993-07-06,24.6182804107666
spy,1993-07-07,24.687875747680664
spy,1993-07-08,24.96624183654785
spy,1993-07-09,25.035844802856445
spy,1993-07-12,25.018444061279297
spy,1993-07-13,25.00104331970215
spy,1993-07-14,25.088037490844727
spy,1993-07-15,24.983644485473633
spy,1993-07-16,24.91404914855957
spy,1993-07-19,24.896663665771484
spy,1993-07-20,24.96624183654785
spy,1993-07-21,24.9488582611084
spy,1993-07-22,24.774860382080078
spy,1993-07-23,24.896663665771484
spy,1993-07-26,25.035844802856445
spy,1993-07-27,25.018444061279297
spy,1993-07-28,24.96624183654785
spy,1993-07-29,25.105430603027344
spy,1993-07-30,24.96624183654785
spy,1993-08-02,25.035844802856445
spy,1993-08-03,25.053234100341797
spy,1993-08-04,25.053234100341797
spy,1993-08-05,25.00104331970215
spy,1993-08-06,25.035844802856445
spy,1993-08-09,25.175016403198242
spy,1993-08-10,25.157634735107422
spy,1993-08-11,25.157634735107422
spy,1993-08-12,25.088037490844727
spy,1993-08-13,25.122846603393555
spy,1993-08-16,25.262001037597656
spy,1993-08-17,25.3489990234375
spy,1993-08-18,25.488187789916992
spy,1993-08-19,25.488187789916992
spy,1993-08-20,25.505592346191406
spy,1993-08-23,25.45339584350586
spy,1993-08-24,25.73175048828125
spy,1993-08-25,25.749155044555664
spy,1993-08-26,25.76655387878418
spy,1993-08-27,25.749155044555664
spy,1993-08-30,25.853532791137695
spy,1993-08-31,25.923139572143555
spy,1993-09-01,25.88834571838379
spy,1993-09-02,25.80135154724121
spy,1993-09-03,25.818744659423828
spy,1993-09-07,25.644760131835938
spy,1993-09-08,25.55778694152832
spy,1993-09-09,25.60997772216797
spy,1993-09-10,25.836153030395508
spy,1993-09-13,25.853532791137695
spy,1993-09-14,25.749155044555664
spy,1993-09-15,25.818744659423828
spy,1993-09-16,25.71438217163086
spy,1993-09-17,25.664505004882812
spy,1993-09-20,25.454437255859375
spy,1993-09-21,25.36690902709961
spy,1993-09-22,25.57697105407715
spy,1993-09-23,25.717042922973633
spy,1993-09-24,25.646991729736328
spy,1993-09-27,25.927091598510742
spy,1993-09-28,25.874595642089844
spy,1993-09-29,25.787052154541016
spy,1993-09-30,25.734542846679688
spy,1993-10-01,25.857088088989258
spy,1993-10-04,25.8920841217041
spy,1993-10-05,25.857088088989258
spy,1993-10-06,25.839570999145508
spy,1993-10-07,25.769540786743164
spy,1993-10-08,25.80455780029297
spy,1993-10-11,25.857088088989258
spy,1993-10-12,25.8920841217041
spy,1993-10-13,25.8920841217041
spy,1993-10-14,26.2247257232666
spy,1993-10-15,26.364763259887695
spy,1993-10-18,26.29473304748535
spy,1993-10-19,26.102176666259766
spy,1993-10-20,26.137197494506836
spy,1993-10-21,26.102176666259766
spy,1993-10-22,25.979616165161133
spy,1993-10-25,26.04964256286621
spy,1993-10-26,26.032150268554688
spy,1993-10-27,26.04964256286621
spy,1993-10-28,26.242229461669922
spy,1993-10-29,26.242229461669922
spy,1993-11-01,26.312246322631836
spy,1993-11-02,26.29473304748535
spy,1993-11-03,25.96212387084961
spy,1993-11-04,25.682016372680664
spy,1993-11-05,25.80455780029297
spy,1993-11-08,25.839570999145508
spy,1993-11-09,25.857088088989258
spy,1993-11-10,26.04964256286621
spy,1993-11-11,25.979616165161133
spy,1993-11-12,26.102176666259766
spy,1993-11-15,26.084667205810547
spy,1993-11-16,26.207212448120117
spy,1993-11-17,26.067161560058594
spy,1993-11-18,25.99713134765625
spy,1993-11-19,25.94461441040039
spy,1993-11-22,25.787052154541016
spy,1993-11-23,25.927091598510742
spy,1993-11-24,26.032150268554688
spy,1993-11-26,26.04964256286621
spy,1993-11-29,25.94461441040039
spy,1993-11-30,25.96212387084961
spy,1993-12-01,25.99713134765625
spy,1993-12-02,26.067161560058594
spy,1993-12-03,26.172189712524414
spy,1993-12-06,26.25971794128418
spy,1993-12-07,26.242229461669922
spy,1993-12-08,26.242229461669922
spy,1993-12-09,26.154687881469727
spy,1993-12-10,26.102176666259766
spy,1993-12-13,26.25971794128418
spy,1993-12-14,26.067161560058594
spy,1993-12-15,26.032150268554688
spy,1993-12-16,26.119674682617188
spy,1993-12-17,26.26323127746582
spy,1993-12-20,26.298473358154297
spy,1993-12-21,26.21034812927246
spy,1993-12-22,26.38661003112793
spy,1993-12-23,26.36897850036621
spy,1993-12-27,26.509990692138672
spy,1993-12-28,26.56287384033203
spy,1993-12-29,26.527631759643555
spy,1993-12-30,26.421863555908203
spy,1993-12-31,26.280858993530273
spy,1994-01-03,26.21034812927246
spy,1994-01-04,26.31611442565918
spy,1994-01-05,26.36897850036621
spy,1994-01-06,26.36897850036621
spy,1994-01-07,26.527631759643555
spy,1994-01-10,26.84487533569336
spy,1994-01-11,26.79202651977539
spy,1994-01-12,26.703880310058594
spy,1994-01-13,26.633386611938477
spy,1994-01-14,26.739133834838867
spy,1994-01-17,26.739133834838867
spy,1994-01-18,26.774394989013672
spy,1994-01-19,26.703880310058594
spy,1994-01-20,26.774394989013672
spy,1994-01-21,26.721498489379883
spy,1994-01-24,26.61575698852539
spy,1994-01-25,26.61575698852539
spy,1994-01-26,26.686260223388672
spy,1994-01-27,26.93301773071289
spy,1994-01-28,27.00351905822754
spy,1994-01-31,27.197423934936523
spy,1994-02-01,27.056411743164062
spy,1994-02-02,27.232666015625
spy,1994-02-03,27.10930633544922
spy,1994-02-04,26.492361068725586
spy,1994-02-07,26.61575698852539
spy,1994-02-08,26.633386611938477
spy,1994-02-09,26.739133834838867
spy,1994-02-10,26.509990692138672
spy,1994-02-11,26.59813117980957
spy,1994-02-14,26.633386611938477
spy,1994-02-15,26.774394989013672
spy,1994-02-16,26.756763458251953
spy,1994-02-17,26.59813117980957
spy,1994-02-18,26.43947982788086
spy,1994-02-22,26.703880310058594
spy,1994-02-23,26.633386611938477
spy,1994-02-24,26.280858993530273
spy,1994-02-25,26.404251098632812
spy,1994-02-28,26.404251098632812
spy,1994-03-01,26.298473358154297
spy,1994-03-02,26.333724975585938
spy,1994-03-03,26.26323127746582
spy,1994-03-04,26.333724975585938
spy,1994-03-07,26.474727630615234
spy,1994-03-08,26.36897850036621
spy,1994-03-09,26.492361068725586
spy,1994-03-10,26.280858993530273
spy,1994-03-11,26.421863555908203
spy,1994-03-14,26.45711898803711
spy,1994-03-15,26.43947982788086
spy,1994-03-16,26.6510009765625
spy,1994-03-17,26.6510009765625
spy,1994-03-18,26.64519691467285
spy,1994-03-21,26.574283599853516
spy,1994-03-22,26.64519691467285
spy,1994-03-23,26.627460479736328
spy,1994-03-24,26.30833625793457
spy,1994-03-25,26.0601749420166
spy,1994-03-28,26.09560775756836
spy,1994-03-29,25.58150863647461
spy,1994-03-30,25.226947784423828
spy,1994-03-31,25.29787254333496
spy,1994-04-04,24.907854080200195
spy,1994-04-05,25.421955108642578
spy,1994-04-06,25.421955108642578
spy,1994-04-07,25.546052932739258
spy,1994-04-08,25.351045608520508
spy,1994-04-11,25.457422256469727
spy,1994-04-12,25.421955108642578
spy,1994-04-13,25.28898811340332
spy,1994-04-14,25.29787254333496
spy,1994-04-15,25.29787254333496
spy,1994-04-18,25.129453659057617
spy,1994-04-19,25.16490364074707
spy,1994-04-20,25.1383056640625
spy,1994-04-21,25.475141525268555
spy,1994-04-22,25.448545455932617
spy,1994-04-25,25.7144775390625
spy,1994-04-26,25.687885284423828
spy,1994-04-28,25.50172996520996
spy,1994-04-29,25.58150863647461
spy,1994-05-02,25.741039276123047
spy,1994-05-03,25.7144775390625
spy,1994-05-04,25.670150756835938
spy,1994-05-05,25.634702682495117
spy,1994-05-06,25.38650131225586
spy,1994-05-09,25.16490364074707
spy,1994-05-10,25.359920501708984
spy,1994-05-11,25.129453659057617
spy,1994-05-12,25.253520965576172
spy,1994-05-13,25.253520965576172
spy,1994-05-16,25.262413024902344
spy,1994-05-17,25.634702682495117
spy,1994-05-18,25.820833206176758
spy,1994-05-19,25.944927215576172
spy,1994-05-20,25.847429275512695
spy,1994-05-23,25.803102493286133
spy,1994-05-24,25.90947723388672
spy,1994-05-25,25.980384826660156
spy,1994-05-26,25.998136520385742
spy,1994-05-27,26.024721145629883
spy,1994-05-31,25.989253997802734
spy,1994-06-01,26.104490280151367
spy,1994-06-02,26.07789421081543
spy,1994-06-03,26.22857666015625
spy,1994-06-06,26.219709396362305
spy,1994-06-07,26.18425750732422
spy,1994-06-08,25.971519470214844
spy,1994-06-09,26.113359451293945
spy,1994-06-10,26.15766143798828
spy,1994-06-13,26.19313621520996
spy,1994-06-14,26.396997451782227
spy,1994-06-15,26.290637969970703
spy,1994-06-16,26.343820571899414
spy,1994-06-17,26.19677734375
spy,1994-06-20,25.97369384765625
spy,1994-06-21,25.75063705444336
spy,1994-06-22,25.84880256652832
spy,1994-06-23,25.697105407714844
spy,1994-06-24,25.161752700805664
spy,1994-06-27,25.598962783813477
spy,1994-06-28,25.474021911621094
spy,1994-06-29,25.55433464050293
spy,1994-06-30,25.393733978271484
spy,1994-07-01,25.447284698486328
spy,1994-07-05,25.58110809326172
spy,1994-07-06,25.54541015625
spy,1994-07-07,25.652498245239258
spy,1994-07-08,25.643566131591797
spy,1994-07-11,25.55433464050293
spy,1994-07-12,25.59003448486328
spy,1994-07-13,25.634639739990234
spy,1994-07-14,25.911218643188477
spy,1994-07-15,25.9201602935791
spy,1994-07-18,25.96477699279785
spy,1994-07-19,25.911218643188477
spy,1994-07-20,25.79526710510254
spy,1994-07-21,25.84880256652832
spy,1994-07-22,25.893404006958008
spy,1994-07-25,25.9290828704834
spy,1994-07-26,25.902324676513672
spy,1994-07-27,25.902324676513672
spy,1994-07-28,25.955856323242188
spy,1994-07-29,26.214618682861328
spy,1994-08-01,26.339542388916016
spy,1994-08-02,26.37523651123047
spy,1994-08-03,26.38414764404297
spy,1994-08-04,26.232463836669922
spy,1994-08-05,26.143230438232422
spy,1994-08-08,26.2056884765625
spy,1994-08-09,26.250308990478516
spy,1994-08-10,26.348453521728516
spy,1994-08-11,26.250308990478516
spy,1994-08-12,26.45552635192871
spy,1994-08-15,26.44659996032715
spy,1994-08-16,26.63397979736328
spy,1994-08-17,26.61612892150879
spy,1994-08-18,26.526901245117188
spy,1994-08-19,26.509056091308594
spy,1994-08-22,26.482271194458008
spy,1994-08-23,26.63397979736328
spy,1994-08-24,26.91950798034668
spy,1994-08-25,26.848115921020508
spy,1994-08-26,27.231788635253906
spy,1994-08-29,27.213937759399414
spy,1994-08-30,27.28532600402832
spy,1994-08-31,27.213937759399414
spy,1994-09-01,27.12471580505371
spy,1994-09-02,27.00874137878418
spy,1994-09-06,27.017642974853516
spy,1994-09-07,26.990880966186523
spy,1994-09-08,27.12471580505371
spy,1994-09-09,26.83918571472168
spy,1994-09-12,26.75889778137207
spy,1994-09-13,26.83918571472168
spy,1994-09-14,26.86594581604004
spy,1994-09-15,27.205028533935547
spy,1994-09-16,27.01140594482422
spy,1994-09-19,27.038347244262695
spy,1994-09-20,26.52667236328125
spy,1994-09-21,26.52667236328125
spy,1994-09-22,26.463802337646484
spy,1994-09-23,26.374055862426758
spy,1994-09-26,26.508703231811523
spy,1994-09-27,26.49074935913086
spy,1994-09-28,26.697235107421875
spy,1994-09-29,26.562562942504883
spy,1994-09-30,26.52667236328125
spy,1994-10-03,26.463802337646484
spy,1994-10-04,26.068817138671875
spy,1994-10-05,26.07781219482422
spy,1994-10-06,25.997024536132812
spy,1994-10-07,26.11372184753418
spy,1994-10-10,26.392011642456055
spy,1994-10-11,26.7869930267334
spy,1994-10-12,26.822891235351562
spy,1994-10-13,26.91267204284668
spy,1994-10-14,27.029348373413086
spy,1994-10-17,26.975496292114258
spy,1994-10-18,26.91267204284668
spy,1994-10-19,27.038347244262695
spy,1994-10-20,26.858795166015625
spy,1994-10-21,26.751083374023438
spy,1994-10-24,26.52667236328125
spy,1994-10-25,26.55357551574707
spy,1994-10-26,26.652347564697266
spy,1994-10-27,26.813915252685547
spy,1994-10-28,27.37945556640625
spy,1994-10-31,27.28070831298828
spy,1994-11-01,26.975496292114258
spy,1994-11-02,26.822891235351562
spy,1994-11-03,26.96653175354004
spy,1994-11-04,26.61643409729004
spy,1994-11-07,26.697235107421875
spy,1994-11-08,26.90367889404297
spy,1994-11-09,26.948577880859375
spy,1994-11-10,26.760068893432617
spy,1994-11-11,26.66132354736328
spy,1994-11-14,26.91267204284668
spy,1994-11-15,26.822891235351562
spy,1994-11-16,26.91267204284668
spy,1994-11-17,26.73312759399414
spy,1994-11-18,26.697235107421875
spy,1994-11-21,26.427907943725586
spy,1994-11-22,25.853391647338867
spy,1994-11-23,25.997024536132812
spy,1994-11-25,26.122695922851562
spy,1994-11-28,26.239402770996094
spy,1994-11-29,26.23042106628418
spy,1994-11-30,26.194517135620117
spy,1994-12-01,25.934175491333008
spy,1994-12-02,26.176563262939453
spy,1994-12-05,26.203506469726562
spy,1994-12-06,26.22145652770996
spy,1994-12-07,26.03293800354004
spy,1994-12-08,25.781585693359375
spy,1994-12-09,25.88031578063965
spy,1994-12-12,26.050888061523438
spy,1994-12-13,26.149629592895508
spy,1994-12-14,26.284292221069336
spy,1994-12-15,26.365074157714844
spy,1994-12-16,26.493854522705078
spy,1994-12-19,26.530054092407227
spy,1994-12-20,26.448610305786133
spy,1994-12-21,26.72911262512207
spy,1994-12-22,26.647676467895508
spy,1994-12-23,26.6748104095459
spy,1994-12-27,26.819595336914062
spy,1994-12-28,26.683876037597656
spy,1994-12-29,26.701963424682617
spy,1994-12-30,26.38527488708496
spy,1995-01-03,26.511943817138672
spy,1995-01-04,26.63861846923828
spy,1995-01-05,26.63861846923828
spy,1995-01-06,26.665773391723633
spy,1995-01-09,26.692920684814453
spy,1995-01-10,26.72007179260254
spy,1995-01-11,26.738182067871094
spy,1995-01-12,26.747222900390625
spy,1995-01-13,27.06391716003418
spy,1995-01-16,27.226770401000977
spy,1995-01-17,27.2358341217041
spy,1995-01-18,27.208677291870117
spy,1995-01-19,27.05484962463379
spy,1995-01-20,26.955320358276367
spy,1995-01-23,27.03675079345703
spy,1995-01-24,27.072935104370117
spy,1995-01-25,27.145322799682617
spy,1995-01-26,27.172483444213867
spy,1995-01-27,27.28106689453125
spy,1995-01-30,27.163433074951172
spy,1995-01-31,27.272024154663086
spy,1995-02-01,27.26298713684082
spy,1995-02-02,27.42584228515625
spy,1995-02-03,27.814912796020508
spy,1995-02-06,27.932565689086914
spy,1995-02-07,27.968719482421875
spy,1995-02-08,27.968719482421875
spy,1995-02-09,27.968719482421875
spy,1995-02-10,28.004934310913086
spy,1995-02-13,28.014001846313477
spy,1995-02-14,28.050186157226562
spy,1995-02-15,28.20401382446289
spy,1995-02-16,28.16781234741211
spy,1995-02-17,28.059236526489258
spy,1995-02-21,28.050186157226562
spy,1995-02-22,28.25829315185547
spy,1995-02-23,28.30354118347168
spy,1995-02-24,28.375938415527344
spy,1995-02-27,28.14971160888672
spy,1995-02-28,28.38497543334961
spy,1995-03-01,28.20401382446289
spy,1995-03-02,28.240205764770508
spy,1995-03-03,28.249263763427734
spy,1995-03-06,28.267356872558594
spy,1995-03-07,28.050186157226562
spy,1995-03-08,28.12257194519043
spy,1995-03-09,28.1135196685791
spy,1995-03-10,28.529748916625977
spy,1995-03-13,28.502605438232422
spy,1995-03-14,28.710737228393555
spy,1995-03-15,28.65643882751465
spy,1995-03-16,28.828351974487305
spy,1995-03-17,28.857023239135742
spy,1995-03-20,28.857023239135742
spy,1995-03-21,28.784259796142578
spy,1995-03-22,28.811534881591797
spy,1995-03-23,28.829729080200195
spy,1995-03-24,29.23911476135254
spy,1995-03-27,29.357378005981445
spy,1995-03-28,29.357378005981445
spy,1995-03-29,29.348278045654297
spy,1995-03-30,29.293704986572266
spy,1995-03-31,29.175445556640625
spy,1995-04-03,29.24821662902832
spy,1995-04-04,29.439268112182617
spy,1995-04-05,29.439268112182617
spy,1995-04-06,29.548429489135742
spy,1995-04-07,29.521148681640625
spy,1995-04-10,29.575719833374023
spy,1995-04-11,29.475637435913086
spy,1995-04-12,29.575719833374023
spy,1995-04-13,29.739484786987305
spy,1995-04-17,29.566631317138672
spy,1995-04-18,29.466548919677734
spy,1995-04-19,29.439268112182617
spy,1995-04-20,29.484758377075195
spy,1995-04-21,29.63032341003418
spy,1995-04-24,29.976011276245117
spy,1995-04-25,29.89411735534668
spy,1995-04-26,29.921438217163086
spy,1995-04-27,29.994203567504883
spy,1995-04-28,30.039684295654297
spy,1995-05-01,29.95781135559082
spy,1995-05-02,30.02152442932129
spy,1995-05-03,30.439990997314453
spy,1995-05-04,30.421775817871094
spy,1995-05-05,30.385391235351562
spy,1995-05-08,30.603731155395508
spy,1995-05-09,30.576444625854492
spy,1995-05-10,30.612829208374023
spy,1995-05-11,30.694713592529297
spy,1995-05-12,30.712894439697266
spy,1995-05-15,30.858470916748047
spy,1995-05-16,30.876670837402344
spy,1995-05-17,30.75839614868164
spy,1995-05-18,30.312620162963867
spy,1995-05-19,30.330814361572266
spy,1995-05-22,30.66742706298828
spy,1995-05-23,30.949445724487305
spy,1995-05-24,30.93122100830078
spy,1995-05-25,30.95852279663086
spy,1995-05-26,30.603731155395508
spy,1995-05-30,30.594650268554688
spy,1995-05-31,31.231462478637695
spy,1995-06-01,31.14955711364746
spy,1995-06-02,31.1768741607666
spy,1995-06-05,31.36791229248047
spy,1995-06-06,31.31333351135254
spy,1995-06-07,31.14955711364746
spy,1995-06-08,31.07680892944336
spy,1995-06-09,30.894840240478516
spy,1995-06-12,31.067699432373047
spy,1995-06-13,31.404293060302734
spy,1995-06-14,31.37701416015625
spy,1995-06-15,31.51347541809082
spy,1995-06-16,31.607032775878906
spy,1995-06-19,31.963918685913086
spy,1995-06-20,31.88155746459961
spy,1995-06-21,31.863256454467773
spy,1995-06-22,32.28419876098633
spy,1995-06-23,32.22014236450195
spy,1995-06-26,31.83580780029297
spy,1995-06-27,31.77176856994629
spy,1995-06-28,31.93647003173828
spy,1995-06-29,31.88155746459961
spy,1995-06-30,31.863256454467773
spy,1995-07-03,31.982200622558594
spy,1995-07-05,32.10118103027344
spy,1995-07-06,32.51297378540039
spy,1995-07-07,32.65938949584961
spy,1995-07-10,32.67768859863281
spy,1995-07-11,32.5221061706543
spy,1995-07-12,32.92475891113281
spy,1995-07-13,32.8515625
spy,1995-07-14,32.82411193847656
spy,1995-07-17,33.00710678100586
spy,1995-07-18,32.72343063354492
spy,1995-07-19,32.36654281616211
spy,1995-07-20,32.48550796508789
spy,1995-07-21,32.44892120361328
spy,1995-07-24,32.68683624267578
spy,1995-07-25,32.93391036987305
spy,1995-07-26,32.9064826965332
spy,1995-07-27,33.18096923828125
spy,1995-07-28,32.970516204833984
spy,1995-07-31,32.88814163208008
spy,1995-08-01,32.83323287963867
spy,1995-08-02,32.760047912597656
spy,1995-08-03,32.750885009765625
spy,1995-08-04,32.78749465942383
spy,1995-08-07,32.86069869995117
spy,1995-08-08,32.86069869995117
spy,1995-08-09,32.8515625
spy,1995-08-10,32.77834701538086
spy,1995-08-11,32.59532165527344
spy,1995-08-14,32.88814163208008
spy,1995-08-15,32.82411193847656
spy,1995-08-16,32.915611267089844
spy,1995-08-17,32.86069869995117
spy,1995-08-18,32.897300720214844
spy,1995-08-21,32.805782318115234
spy,1995-08-22,32.86984634399414
spy,1995-08-23,32.750885009765625
spy,1995-08-24,32.78749465942383
spy,1995-08-25,32.970516204833984
spy,1995-08-28,32.8515625
spy,1995-08-29,32.93391036987305
spy,1995-08-30,33.00710678100586
spy,1995-08-31,33.03456115722656
spy,1995-09-01,33.18096923828125
spy,1995-09-05,33.49209213256836
spy,1995-09-06,33.55615997314453
spy,1995-09-07,33.57447814941406
spy,1995-09-08,33.70256423950195
spy,1995-09-11,33.79409408569336
spy,1995-09-12,33.94965744018555
spy,1995-09-13,34.10523223876953
spy,1995-09-14,34.41633224487305
spy,1995-09-15,34.40685272216797
spy,1995-09-18,34.27803421020508
spy,1995-09-19,34.443641662597656
spy,1995-09-20,34.60924530029297
spy,1995-09-21,34.324058532714844
spy,1995-09-22,34.333255767822266
spy,1995-09-25,34.27803421020508
spy,1995-09-26,34.268836975097656
spy,1995-09-27,34.24126052856445
spy,1995-09-28,34.498870849609375
spy,1995-09-29,34.4344367980957
spy,1995-10-02,34.25965881347656
spy,1995-10-03,34.29646682739258
spy,1995-10-04,34.25965881347656
spy,1995-10-05,34.3608512878418
spy,1995-10-06,34.388458251953125
spy,1995-10-09,34.103267669677734
spy,1995-10-10,34.084877014160156
spy,1995-10-11,34.19526290893555
spy,1995-10-12,34.40685272216797
spy,1995-10-13,34.51723861694336
spy,1995-10-16,34.351661682128906
spy,1995-10-17,34.5816535949707
spy,1995-10-18,34.68282699584961
spy,1995-10-19,34.848445892333984
spy,1995-10-20,34.6368408203125
spy,1995-10-23,34.5632438659668
spy,1995-10-24,34.60003662109375
spy,1995-10-25,34.31484603881836
spy,1995-10-26,34.002052307128906
spy,1995-10-27,34.25965881347656
spy,1995-10-30,34.4804573059082
spy,1995-10-31,34.333255767822266
spy,1995-11-01,34.60924530029297
spy,1995-11-02,34.830039978027344
spy,1995-11-03,34.87603759765625
spy,1995-11-06,34.756446838378906
spy,1995-11-07,34.62765121459961
spy,1995-11-08,34.940433502197266
spy,1995-11-09,35.06923294067383
spy,1995-11-10,35.05083084106445
spy,1995-11-13,35.01403045654297
spy,1995-11-14,34.784027099609375
spy,1995-11-15,35.13362503051758
spy,1995-11-16,35.326820373535156
spy,1995-11-17,35.43722152709961
spy,1995-11-20,35.25322341918945
spy,1995-11-21,35.53841781616211
spy,1995-11-22,35.42802429199219
spy,1995-11-24,35.52001953125
spy,1995-11-27,35.529205322265625
spy,1995-11-28,35.90641784667969
spy,1995-11-29,35.943214416503906
spy,1995-11-30,35.86039733886719
spy,1995-12-01,35.90641784667969
spy,1995-12-04,36.34798049926758
spy,1995-12-05,36.58718490600586
spy,1995-12-06,36.66997146606445
spy,1995-12-07,36.47677993774414
spy,1995-12-08,36.59635925292969
spy,1995-12-11,36.752769470214844
spy,1995-12-12,36.642391204833984
spy,1995-12-13,36.872352600097656
spy,1995-12-14,36.605587005615234
spy,1995-12-15,36.618988037109375
spy,1995-12-18,35.915504455566406
spy,1995-12-19,36.29499816894531
spy,1995-12-20,35.94327926635742
spy,1995-12-21,36.12840270996094
spy,1995-12-22,36.25798416137695
spy,1995-12-26,36.4338493347168
spy,1995-12-27,36.41533279418945
spy,1995-12-28,36.378299713134766
spy,1995-12-29,36.42459487915039
spy,1996-01-02,36.81337356567383
spy,1996-01-03,36.91519546508789
spy,1996-01-04,36.56343460083008
spy,1996-01-05,36.489402770996094
spy,1996-01-08,36.62824249267578
spy,1996-01-09,35.998802185058594
spy,1996-01-10,35.52669906616211
spy,1996-01-11,35.7396125793457
spy,1996-01-12,35.68404769897461
spy,1996-01-15,35.610023498535156
spy,1996-01-16,36.04508590698242
spy,1996-01-17,35.93400573730469
spy,1996-01-18,36.05432891845703
spy,1996-01-19,36.29499816894531
spy,1996-01-22,36.304264068603516
spy,1996-01-23,36.3875617980957
spy,1996-01-24,36.68376922607422
spy,1996-01-25,36.55419921875
spy,1996-01-26,36.86892318725586
spy,1996-01-29,37.01701354980469
spy,1996-01-30,37.33175277709961
spy,1996-01-31,37.720516204833984
spy,1996-02-01,37.85936737060547
spy,1996-02-02,37.701995849609375
spy,1996-02-05,38.00746536254883
spy,1996-02-06,38.36848068237305
spy,1996-02-07,38.590633392333984
spy,1996-02-08,39.007164001464844
spy,1996-02-09,38.997920989990234
spy,1996-02-12,39.29413986206055
spy,1996-02-13,39.21082305908203
spy,1996-02-14,38.86832809448242
spy,1996-02-15,38.627655029296875
spy,1996-02-16,38.47028350830078
spy,1996-02-20,38.09077835083008
spy,1996-02-21,38.56285858154297
spy,1996-02-22,39.17378234863281
spy,1996-02-23,39.062713623046875
spy,1996-02-26,38.50733184814453
spy,1996-02-27,38.38698196411133
spy,1996-02-28,38.211124420166016
spy,1996-02-29,37.840850830078125
spy,1996-03-01,38.442527770996094
spy,1996-03-04,38.664676666259766
spy,1996-03-05,39.02569580078125
spy,1996-03-06,38.68320846557617
spy,1996-03-07,38.87759780883789
spy,1996-03-08,37.61869812011719
spy,1996-03-11,38.053741455078125
spy,1996-03-12,37.757537841796875
spy,1996-03-13,38.0167236328125
spy,1996-03-14,38.183349609375
spy,1996-03-15,38.15767288208008
spy,1996-03-18,38.89220428466797
spy,1996-03-19,38.80851364135742
spy,1996-03-20,38.76201629638672
spy,1996-03-21,38.66905212402344
spy,1996-03-22,38.77132797241211
spy,1996-03-25,38.696937561035156
spy,1996-03-26,38.882911682128906
spy,1996-03-27,38.52958679199219
spy,1996-03-28,38.67836380004883
spy,1996-03-29,38.492408752441406
spy,1996-04-01,38.93867492675781
spy,1996-04-02,39.013057708740234
spy,1996-04-03,39.013057708740234
spy,1996-04-04,38.98518371582031
spy,1996-04-08,38.315731048583984
spy,1996-04-09,38.16697692871094
spy,1996-04-10,37.48826217651367
spy,1996-04-11,37.44176483154297
spy,1996-04-12,37.91594314575195
spy,1996-04-15,38.2320671081543
spy,1996-04-16,38.34364318847656
spy,1996-04-17,38.25063705444336
spy,1996-04-18,38.30644226074219
spy,1996-04-19,38.399410247802734
spy,1996-04-22,38.696937561035156
spy,1996-04-23,38.81782531738281
spy,1996-04-24,38.67836380004883
spy,1996-04-25,38.85501480102539
spy,1996-04-26,38.93867492675781
spy,1996-04-29,38.93867492675781
spy,1996-04-30,38.91079330444336
spy,1996-05-01,38.99448776245117
spy,1996-05-02,38.32502365112305
spy,1996-05-03,38.26926803588867
spy,1996-05-06,38.2320671081543
spy,1996-05-07,38.07398986816406
spy,1996-05-08,38.548179626464844
spy,1996-05-09,38.52030944824219
spy,1996-05-10,38.901493072509766
spy,1996-05-13,39.48725509643555
spy,1996-05-14,39.729000091552734
spy,1996-05-15,39.6824951171875
spy,1996-05-16,39.76618194580078
spy,1996-05-17,39.98003005981445
spy,1996-05-20,40.24967575073242
spy,1996-05-21,40.193878173828125
spy,1996-05-22,40.5750846862793
spy,1996-05-23,40.40773010253906
spy,1996-05-24,40.565773010253906
spy,1996-05-28,40.156654357910156
spy,1996-05-29,39.88703536987305
spy,1996-05-30,40.09157943725586
spy,1996-05-31,39.79408645629883
spy,1996-06-03,39.90564727783203
spy,1996-06-04,40.184574127197266
spy,1996-06-05,40.53786849975586
spy,1996-06-06,40.2403564453125
spy,1996-06-07,40.2403564453125
spy,1996-06-10,40.11019515991211
spy,1996-06-11,40.07301330566406
spy,1996-06-12,39.99863815307617
spy,1996-06-13,39.99863815307617
spy,1996-06-14,39.83126449584961
spy,1996-06-17,39.803375244140625
spy,1996-06-18,39.47795486450195
spy,1996-06-19,39.654605865478516
spy,1996-06-20,39.6267204284668
spy,1996-06-21,39.967533111572266
spy,1996-06-24,40.04231643676758
spy,1996-06-25,39.995582580566406
spy,1996-06-26,39.72451400756836
spy,1996-06-27,40.004940032958984
spy,1996-06-28,40.145137786865234
spy,1996-07-01,40.49097442626953
spy,1996-07-02,40.3414192199707
spy,1996-07-03,40.25729751586914
spy,1996-07-05,39.22911834716797
spy,1996-07-08,39.070220947265625
spy,1996-07-09,39.22911834716797
spy,1996-07-10,39.388031005859375
spy,1996-07-11,38.59355545043945
spy,1996-07-12,38.621578216552734
spy,1996-07-15,37.48126220703125
spy,1996-07-16,37.57472229003906
spy,1996-07-17,38.02338790893555
spy,1996-07-18,38.54680633544922
spy,1996-07-19,38.26639938354492
spy,1996-07-22,37.98598861694336
spy,1996-07-23,37.49995803833008
spy,1996-07-24,37.57472229003906
spy,1996-07-25,37.911216735839844
spy,1996-07-26,38.116825103759766
spy,1996-07-29,37.69621658325195
spy,1996-07-30,38.060752868652344
spy,1996-07-31,38.34117126464844
spy,1996-08-01,38.976768493652344
spy,1996-08-02,39.81801223754883
spy,1996-08-05,39.58432388305664
spy,1996-08-06,39.705841064453125
spy,1996-08-07,39.80864715576172
spy,1996-08-08,39.743202209472656
spy,1996-08-09,39.61235046386719
spy,1996-08-12,39.902095794677734
spy,1996-08-13,39.58432388305664
spy,1996-08-14,39.72451400756836
spy,1996-08-15,39.64974594116211
spy,1996-08-16,39.98623275756836
spy,1996-08-19,40.004940032958984
spy,1996-08-20,39.976890563964844
spy,1996-08-21,39.83667755126953
spy,1996-08-22,40.2105598449707
spy,1996-08-23,39.995582580566406
spy,1996-08-26,39.79929733276367
spy,1996-08-27,39.9488639831543
spy,1996-08-28,39.88341522216797
spy,1996-08-29,39.49085235595703
spy,1996-08-30,39.07958984375
spy,1996-09-03,39.33193588256836
spy,1996-09-04,39.36934280395508
spy,1996-09-05,38.89265060424805
spy,1996-09-06,39.444114685058594
spy,1996-09-09,39.91147232055664
spy,1996-09-10,39.89277648925781
spy,1996-09-11,40.11709213256836
spy,1996-09-12,40.39750289916992
spy,1996-09-13,41.014400482177734
spy,1996-09-16,41.1639518737793
spy,1996-09-17,41.07049560546875
spy,1996-09-18,40.96768569946289
spy,1996-09-19,41.12657165527344
spy,1996-09-20,41.27244567871094
spy,1996-09-23,41.26305389404297
spy,1996-09-24,41.25365447998047
spy,1996-09-25,41.281856536865234
spy,1996-09-26,41.26305389404297
spy,1996-09-27,41.300621032714844
spy,1996-09-30,41.26305389404297
spy,1996-10-01,41.488548278808594
spy,1996-10-02,41.77039337158203
spy,1996-10-03,41.732791900634766
spy,1996-10-04,42.2964973449707
spy,1996-10-07,42.34349822998047
spy,1996-10-08,42.17437744140625
spy,1996-10-09,41.84556579589844
spy,1996-10-10,41.76097869873047
spy,1996-10-11,42.27772521972656
spy,1996-10-14,42.334083557128906
spy,1996-10-15,42.27772521972656
spy,1996-10-16,42.48440170288086
spy,1996-10-17,42.59714889526367
spy,1996-10-18,42.82261657714844
spy,1996-10-21,42.766258239746094
spy,1996-10-22,42.46560287475586
spy,1996-10-23,42.60655212402344
spy,1996-10-24,42.24013900756836
spy,1996-10-25,42.27772521972656
spy,1996-10-28,41.99589538574219
spy,1996-10-29,42.334083557128906
spy,1996-10-30,42.19316101074219
spy,1996-10-31,42.59714889526367
spy,1996-11-01,42.446834564208984
spy,1996-11-04,42.728675842285156
spy,1996-11-05,42.97295379638672
spy,1996-11-06,43.799705505371094
spy,1996-11-07,43.90303421020508
spy,1996-11-08,44.14732360839844
spy,1996-11-11,44.100372314453125
spy,1996-11-12,43.96883773803711
spy,1996-11-13,44.1661376953125
spy,1996-11-14,44.457401275634766
spy,1996-11-15,44.51374053955078
spy,1996-11-18,44.52312469482422
spy,1996-11-19,44.84254837036133
spy,1996-11-20,44.91773986816406
spy,1996-11-21,44.851932525634766
spy,1996-11-22,45.19956588745117
spy,1996-11-25,45.77267837524414
spy,1996-11-26,45.622337341308594
spy,1996-11-27,45.53779983520508
spy,1996-11-29,45.70691680908203
spy,1996-12-02,45.72570037841797
spy,1996-12-03,44.94589614868164
spy,1996-12-04,45.068058013916016
spy,1996-12-05,44.94589614868164
spy,1996-12-06,44.6828498840332
spy,1996-12-09,45.340511322021484
spy,1996-12-10,45.124427795410156
spy,1996-12-11,44.711055755615234
spy,1996-12-12,43.96883773803711
spy,1996-12-13,44.08155822753906
spy,1996-12-16,43.51785659790039
spy,1996-12-17,43.865478515625
spy,1996-12-18,44.213104248046875
spy,1996-12-19,45.124427795410156
spy,1996-12-20,45.22344207763672
spy,1996-12-23,45.11015701293945
spy,1996-12-24,45.44059371948242
spy,1996-12-26,45.7899169921875
spy,1996-12-27,45.846553802490234
spy,1996-12-30,45.45002746582031
spy,1996-12-31,44.619205474853516
spy,1997-01-02,44.73249053955078
spy,1997-01-03,45.374488830566406
spy,1997-01-06,44.977970123291016
spy,1997-01-07,45.52556610107422
spy,1997-01-08,45.1290283203125
spy,1997-01-09,45.506683349609375
spy,1997-01-10,45.997615814208984
spy,1997-01-13,45.9315299987793
spy,1997-01-14,46.5074348449707
spy,1997-01-15,46.3941535949707
spy,1997-01-16,46.582977294921875
spy,1997-01-17,46.86620330810547
spy,1997-01-20,46.9228630065918
spy,1997-01-21,47.30052185058594
spy,1997-01-22,47.640377044677734
spy,1997-01-23,46.979522705078125
spy,1997-01-24,46.375274658203125
spy,1997-01-27,46.24309158325195
spy,1997-01-28,46.375274658203125
spy,1997-01-29,46.82844543457031
spy,1997-01-30,47.43268585205078
spy,1997-01-31,47.37601852416992
spy,1997-02-03,47.51765060424805
spy,1997-02-04,47.81032180786133
spy,1997-02-05,46.91341018676758
spy,1997-02-06,47.224971771240234
spy,1997-02-07,47.86697769165039
spy,1997-02-10,47.41381072998047
spy,1997-02-11,47.96137619018555
spy,1997-02-12,48.64116287231445
spy,1997-02-13,49.169864654541016
spy,1997-02-14,49.05656814575195
spy,1997-02-18,49.471981048583984
spy,1997-02-19,49.141536712646484
spy,1997-02-20,48.546756744384766
spy,1997-02-21,48.56563186645508
spy,1997-02-24,49.141536712646484
spy,1997-02-25,49.1793098449707
spy,1997-02-26,48.69779586791992
spy,1997-02-27,47.970829010009766
spy,1997-02-28,47.829219818115234
spy,1997-03-03,48.150203704833984
spy,1997-03-04,47.88585662841797
spy,1997-03-05,48.69779586791992
spy,1997-03-06,48.414573669433594
spy,1997-03-07,48.848854064941406
spy,1997-03-10,49.358680725097656
spy,1997-03-11,49.094356536865234
spy,1997-03-12,48.660030364990234
spy,1997-03-13,47.90474319458008
spy,1997-03-14,48.150203704833984
spy,1997-03-17,48.28239822387695
spy,1997-03-18,47.763145446777344
spy,1997-03-19,47.602622985839844
spy,1997-03-20,47.35717010498047
spy,1997-03-21,47.57642364501953
spy,1997-03-24,48.23982620239258
spy,1997-03-25,47.7659797668457
spy,1997-03-26,47.97446060180664
spy,1997-03-27,46.704498291015625
spy,1997-03-31,45.718849182128906
spy,1997-04-01,46.012657165527344
spy,1997-04-02,45.188106536865234
spy,1997-04-03,45.434532165527344
spy,1997-04-04,46.00319290161133
spy,1997-04-07,46.18324661254883
spy,1997-04-08,46.514976501464844
spy,1997-04-09,46.135868072509766
spy,1997-04-10,45.96525955200195
spy,1997-04-11,44.50574493408203
spy,1997-04-14,45.102821350097656
spy,1997-04-15,45.870487213134766
spy,1997-04-16,46.40122604370117
spy,1997-04-17,46.211673736572266
spy,1997-04-18,46.439144134521484
spy,1997-04-21,46.135868072509766
spy,1997-04-22,47.14992904663086
spy,1997-04-23,47.19733810424805
spy,1997-04-24,46.960391998291016
spy,1997-04-25,46.42018127441406
spy,1997-04-28,46.875091552734375
spy,1997-04-29,48.353553771972656
spy,1997-04-30,48.581024169921875
spy,1997-05-01,48.524147033691406
spy,1997-05-02,49.39609909057617
spy,1997-05-05,50.571258544921875
spy,1997-05-06,50.533355712890625
spy,1997-05-07,49.43397903442383
spy,1997-05-08,49.77518844604492
spy,1997-05-09,50.11637878417969
spy,1997-05-12,50.95033645629883
spy,1997-05-13,50.74187469482422
spy,1997-05-14,50.836612701416016
spy,1997-05-15,51.17781448364258
spy,1997-05-16,50.476524353027344
spy,1997-05-19,50.628143310546875
spy,1997-05-20,51.234683990478516
spy,1997-05-21,51.12096405029297
spy,1997-05-22,50.95033645629883
spy,1997-05-23,51.42425537109375
spy,1997-05-27,51.63273239135742
spy,1997-05-28,51.623268127441406
spy,1997-05-29,51.31999206542969
spy,1997-05-30,51.65168380737305
spy,1997-06-02,51.42425537109375
spy,1997-06-03,51.25364303588867
spy,1997-06-04,51.19676971435547
spy,1997-06-05,51.3863410949707
spy,1997-06-06,52.39091873168945
spy,1997-06-09,52.65632247924805
spy,1997-06-10,52.81745529174805
spy,1997-06-11,52.94064712524414
spy,1997-06-12,53.96418762207031
spy,1997-06-13,54.4190559387207
spy,1997-06-16,54.43804168701172
spy,1997-06-17,54.362213134765625
spy,1997-06-18,54.17266845703125
spy,1997-06-19,54.731842041015625
spy,1997-06-20,54.54537582397461
spy,1997-06-23,53.222877502441406
spy,1997-06-24,54.57392120361328
spy,1997-06-25,54.19332504272461
spy,1997-06-26,53.926910400390625
spy,1997-06-27,54.13623046875
spy,1997-06-30,53.77466583251953
spy,1997-07-01,54.40264129638672
spy,1997-07-02,55.29695510864258
spy,1997-07-03,56.05811309814453
spy,1997-07-07,55.48726272583008
spy,1997-07-08,56.06763458251953
spy,1997-07-09,55.449241638183594
spy,1997-07-10,55.696590423583984
spy,1997-07-11,55.88688278198242
spy,1997-07-14,56.05811309814453
spy,1997-07-15,56.343605041503906
spy,1997-07-16,57.0856819152832
spy,1997-07-17,56.80024719238281
spy,1997-07-18,55.5919189453125
spy,1997-07-21,55.6014289855957
spy,1997-07-22,57.07615661621094
spy,1997-07-23,57.0285758972168
spy,1997-07-24,57.294960021972656
spy,1997-07-25,57.25690460205078
spy,1997-07-28,57.21885681152344
spy,1997-07-29,57.409149169921875
spy,1997-07-30,58.09416198730469
spy,1997-07-31,58.0370979309082
spy,1997-08-01,57.808738708496094
spy,1997-08-04,57.96098327636719
spy,1997-08-05,57.99903869628906
spy,1997-08-06,58.474761962890625
spy,1997-08-07,58.0370979309082
spy,1997-08-08,56.85731887817383
spy,1997-08-11,57.275970458984375
spy,1997-08-12,56.36260223388672
spy,1997-08-13,56.19132995605469
spy,1997-08-14,56.40065383911133
spy,1997-08-15,54.66908264160156
spy,1997-08-18,55.88688278198242
spy,1997-08-19,56.5338249206543
spy,1997-08-20,57.390140533447266
spy,1997-08-21,56.38165283203125
spy,1997-08-22,56.36260223388672
spy,1997-08-25,56.15327072143555
spy,1997-08-26,55.325538635253906
spy,1997-08-27,55.65855026245117
spy,1997-08-28,54.81174087524414
spy,1997-08-29,55.03055953979492
spy,1997-09-02,56.819271087646484
spy,1997-09-03,56.51483154296875
spy,1997-09-04,56.8763542175293
spy,1997-09-05,56.714599609375
spy,1997-09-08,56.96195983886719
spy,1997-09-09,56.99052810668945
spy,1997-09-10,55.810752868652344
spy,1997-09-11,55.52532958984375
spy,1997-09-12,56.41966247558594
spy,1997-09-15,56.324562072753906
spy,1997-09-16,57.73267364501953
spy,1997-09-17,57.73267364501953
spy,1997-09-18,57.980003356933594
spy,1997-09-19,58.07810974121094
spy,1997-09-22,58.40276336669922
spy,1997-09-23,58.135398864746094
spy,1997-09-24,57.657928466796875
spy,1997-09-25,57.2568359375
spy,1997-09-26,57.734317779541016
spy,1997-09-29,58.28817367553711
spy,1997-09-30,57.67705154418945
spy,1997-10-01,58.44098663330078
spy,1997-10-02,58.765655517578125
spy,1997-10-03,59.061676025390625
spy,1997-10-06,59.45317459106445
spy,1997-10-07,60.007057189941406
spy,1997-10-08,59.58687973022461
spy,1997-10-09,59.37678527832031
spy,1997-10-10,59.20489501953125
spy,1997-10-13,59.26221466064453
spy,1997-10-14,59.28132629394531
spy,1997-10-15,59.14761734008789
spy,1997-10-16,58.211822509765625
spy,1997-10-17,57.61971664428711
spy,1997-10-20,58.44098663330078
spy,1997-10-21,59.57732391357422
spy,1997-10-22,59.185855865478516
spy,1997-10-23,58.020774841308594
spy,1997-10-24,57.44782638549805
spy,1997-10-27,53.28438949584961
spy,1997-10-28,56.359230041503906
spy,1997-10-29,56.20646286010742
spy,1997-10-30,54.965091705322266
spy,1997-10-31,56.26373291015625
spy,1997-11-03,57.44782638549805
spy,1997-11-04,57.44782638549805
spy,1997-11-05,57.638797760009766
spy,1997-11-06,57.41917419433594
spy,1997-11-07,56.79847717285156
spy,1997-11-10,56.45475769042969
spy,1997-11-11,56.47384262084961
spy,1997-11-12,55.30885314941406
spy,1997-11-13,56.11099624633789
spy,1997-11-14,56.87489318847656
spy,1997-11-17,57.92529296875
spy,1997-11-18,57.56242752075195
spy,1997-11-19,57.848907470703125
spy,1997-11-20,58.72743606567383
spy,1997-11-21,59.128509521484375
spy,1997-11-24,58.05900192260742
spy,1997-11-25,58.211822509765625
spy,1997-11-26,58.383705139160156
spy,1997-11-28,58.44098663330078
spy,1997-12-01,59.94970703125
spy,1997-12-02,59.58687973022461
spy,1997-12-03,59.75876998901367
spy,1997-12-04,59.70149612426758
spy,1997-12-05,60.46538162231445
spy,1997-12-08,60.29350280761719
spy,1997-12-09,59.93064498901367
spy,1997-12-10,59.41496658325195
spy,1997-12-11,58.40276336669922
spy,1997-12-12,58.51736831665039
spy,1997-12-15,59.10940933227539
spy,1997-12-16,59.472267150878906
spy,1997-12-17,59.166725158691406
spy,1997-12-18,58.59376907348633
spy,1997-12-19,58.1557731628418
spy,1997-12-22,58.52971267700195
spy,1997-12-23,57.484683990478516
spy,1997-12-24,57.312129974365234
spy,1997-12-26,57.5422477722168
spy,1997-12-29,58.67350769042969
spy,1997-12-30,59.59390640258789
spy,1997-12-31,59.55552291870117
spy,1998-01-02,59.86233139038086
spy,1998-01-05,59.996551513671875
spy,1998-01-06,59.037845611572266
spy,1998-01-07,59.19121551513672
spy,1998-01-08,58.67350769042969
spy,1998-01-09,56.64104080200195
spy,1998-01-12,57.67644119262695
spy,1998-01-13,58.48176193237305
spy,1998-01-14,58.750186920166016
spy,1998-01-15,58.26129913330078
spy,1998-01-16,59.09537124633789
spy,1998-01-20,60.05406188964844
spy,1998-01-21,59.478858947753906
spy,1998-01-22,58.95157241821289
spy,1998-01-23,58.86526107788086
spy,1998-01-26,58.8269157409668
spy,1998-01-27,59.42131423950195
spy,1998-01-28,59.95822525024414
spy,1998-01-29,60.28416442871094
spy,1998-01-30,60.32252502441406
spy,1998-02-02,61.31958770751953
spy,1998-02-03,61.77974319458008
spy,1998-02-04,61.70307922363281
spy,1998-02-05,61.664695739746094
spy,1998-02-06,62.35494613647461
spy,1998-02-09,62.144065856933594
spy,1998-02-10,62.73847961425781
spy,1998-02-11,62.68095397949219
spy,1998-02-12,62.94940948486328
spy,1998-02-13,62.58509063720703
spy,1998-02-17,62.89189529418945
spy,1998-02-18,63.46713638305664
spy,1998-02-19,63.13157272338867
spy,1998-02-20,63.6013298034668
spy,1998-02-23,63.8505859375
spy,1998-02-24,63.352054595947266
spy,1998-02-25,64.13819885253906
spy,1998-02-26,64.50251007080078
spy,1998-02-27,64.50251007080078
spy,1998-03-02,64.36830139160156
spy,1998-03-03,64.73260498046875
spy,1998-03-04,64.3107681274414
spy,1998-03-05,63.71641540527344
spy,1998-03-06,65.00100708007812
spy,1998-03-09,64.77098083496094
spy,1998-03-10,65.3845443725586
spy,1998-03-11,65.69134521484375
spy,1998-03-12,65.95978546142578
spy,1998-03-13,65.71050262451172
spy,1998-03-16,66.41997528076172
spy,1998-03-17,66.61166381835938
spy,1998-03-18,66.86101531982422
spy,1998-03-19,67.0335464477539
spy,1998-03-20,67.61073303222656
spy,1998-03-23,67.4568862915039
spy,1998-03-24,68.03378295898438
spy,1998-03-25,67.78379821777344
spy,1998-03-26,67.745361328125
spy,1998-03-27,67.4568862915039
spy,1998-03-30,67.41844177246094
spy,1998-03-31,67.649169921875
spy,1998-04-01,68.1972427368164
spy,1998-04-02,68.93756866455078
spy,1998-04-03,69.2836685180664
spy,1998-04-06,68.72605895996094
spy,1998-04-07,68.2645263671875
spy,1998-04-08,67.87999725341797
spy,1998-04-09,68.41837310791016
spy,1998-04-13,68.22607421875
spy,1998-04-14,68.8029556274414
spy,1998-04-15,68.99524688720703
spy,1998-04-16,68.1875991821289
spy,1998-04-17,69.09143829345703
spy,1998-04-20,69.07212829589844
spy,1998-04-21,69.39910125732422
spy,1998-04-22,69.59136199951172
spy,1998-04-23,68.91837310791016
spy,1998-04-24,68.1875991821289
spy,1998-04-27,66.89924621582031
spy,1998-04-28,66.80305480957031
spy,1998-04-29,67.26463317871094
spy,1998-04-30,68.51454162597656
spy,1998-05-01,69.2836685180664
spy,1998-05-04,69.1106185913086
spy,1998-05-05,68.62989807128906
spy,1998-05-06,67.82225799560547
spy,1998-05-07,67.2838363647461
spy,1998-05-08,68.37989807128906
spy,1998-05-11,68.14918518066406
spy,1998-05-12,68.87985229492188
spy,1998-05-13,69.05294036865234
spy,1998-05-14,68.70681762695312
spy,1998-05-15,68.32223510742188
spy,1998-05-18,68.05300903320312
spy,1998-05-19,68.51454162597656
spy,1998-05-20,69.16831970214844
spy,1998-05-21,68.72605895996094
spy,1998-05-22,68.45684051513672
spy,1998-05-26,67.3607406616211
spy,1998-05-27,67.4568862915039
spy,1998-05-28,67.7645263671875
spy,1998-05-29,67.09154510498047
spy,1998-06-01,67.39923095703125
spy,1998-06-02,67.4568862915039
spy,1998-06-03,66.38004302978516
spy,1998-06-04,67.61073303222656
spy,1998-06-05,68.91837310791016
spy,1998-06-08,68.84144592285156
spy,1998-06-09,69.05294036865234
spy,1998-06-10,68.61067962646484
spy,1998-06-11,67.32229614257812
spy,1998-06-12,67.95685577392578
spy,1998-06-15,66.16849517822266
spy,1998-06-16,67.18769073486328
spy,1998-06-17,68.59140014648438
spy,1998-06-18,68.28372192382812
spy,1998-06-19,67.94161987304688
spy,1998-06-22,68.26956176757812
spy,1998-06-23,69.07979583740234
spy,1998-06-24,70.00567626953125
spy,1998-06-25,69.88998413085938
spy,1998-06-26,70.17935943603516
spy,1998-06-29,70.43012237548828
spy,1998-06-30,69.94786071777344
spy,1998-07-01,70.7580337524414
spy,1998-07-02,70.8930892944336
spy,1998-07-06,71.60684204101562
spy,1998-07-07,71.4718246459961
spy,1998-07-08,71.9926528930664
spy,1998-07-09,71.51033782958984
spy,1998-07-10,71.89618682861328
spy,1998-07-13,71.91551208496094
spy,1998-07-14,72.72571563720703
spy,1998-07-15,72.59068298339844
spy,1998-07-16,73.09223937988281
spy,1998-07-17,73.18865966796875
spy,1998-07-20,73.18865966796875
spy,1998-07-21,71.91551208496094
spy,1998-07-22,71.91551208496094
spy,1998-07-23,70.48799896240234
spy,1998-07-24,70.43012237548828
spy,1998-07-27,70.93168640136719
spy,1998-07-28,69.73565673828125
spy,1998-07-29,69.46556091308594
spy,1998-07-30,70.50726318359375
spy,1998-07-31,69.00259399414062
spy,1998-08-03,68.7132568359375
spy,1998-08-04,66.0511474609375
spy,1998-08-05,66.9577865600586
spy,1998-08-06,67.24716186523438
spy,1998-08-07,67.36289978027344
spy,1998-08-10,66.97711181640625
spy,1998-08-11,65.9739990234375
spy,1998-08-12,67.09281158447266
spy,1998-08-13,66.28262329101562
spy,1998-08-14,65.51097869873047
spy,1998-08-17,66.89994812011719
spy,1998-08-18,68.13453674316406
spy,1998-08-19,67.96090698242188
spy,1998-08-20,67.55583190917969
spy,1998-08-21,67.01569366455078
spy,1998-08-24,67.44007873535156
spy,1998-08-25,67.59441375732422
spy,1998-08-26,67.20856475830078
spy,1998-08-27,64.044921875
spy,1998-08-28,63.81341552734375
spy,1998-08-31,59.26084518432617
spy,1998-09-01,61.768611907958984
spy,1998-09-02,61.3249397277832
spy,1998-09-03,60.842674255371094
spy,1998-09-04,60.34111404418945
spy,1998-09-08,63.58190155029297
spy,1998-09-09,62.03866958618164
spy,1998-09-10,60.80406951904297
spy,1998-09-11,62.771766662597656
spy,1998-09-14,63.85202407836914
spy,1998-09-15,64.23780822753906
spy,1998-09-16,64.8165512084961
spy,1998-09-17,62.964630126953125
spy,1998-09-18,63.24513626098633
spy,1998-09-21,63.20640182495117
spy,1998-09-22,63.72906494140625
spy,1998-09-23,66.28443908691406
spy,1998-09-24,64.65829467773438
spy,1998-09-25,64.58086395263672
spy,1998-09-28,65.1616439819336
spy,1998-09-29,65.00675964355469
spy,1998-09-30,63.032196044921875
spy,1998-10-01,61.21244430541992
spy,1998-10-02,62.393314361572266
spy,1998-10-05,61.13500213623047
spy,1998-10-06,61.07693862915039
spy,1998-10-07,60.16708755493164
spy,1998-10-08,59.837989807128906
spy,1998-10-09,61.03819274902344
spy,1998-10-12,61.92870330810547
spy,1998-10-13,61.71572494506836
spy,1998-10-14,62.29655075073242
spy,1998-10-15,65.64558410644531
spy,1998-10-16,65.66494750976562
spy,1998-10-19,65.89727020263672
spy,1998-10-20,66.28443908691406
spy,1998-10-21,66.0521011352539
spy,1998-10-22,67.0394058227539
spy,1998-10-23,66.18763732910156
spy,1998-10-26,66.671630859375
spy,1998-10-27,66.28443908691406
spy,1998-10-28,66.16827392578125
spy,1998-10-29,67.77505493164062
spy,1998-10-30,68.14286804199219
spy,1998-11-02,69.30441284179688
spy,1998-11-03,68.80104064941406
spy,1998-11-04,69.53668975830078
spy,1998-11-05,70.48529052734375
spy,1998-11-06,70.69825744628906
spy,1998-11-09,70.19493103027344
spy,1998-11-10,70.00128173828125
spy,1998-11-11,69.53668975830078
spy,1998-11-12,69.45928192138672
spy,1998-11-13,70.13683319091797
spy,1998-11-16,70.65953063964844
spy,1998-11-17,70.65953063964844
spy,1998-11-18,71.08540344238281
spy,1998-11-19,71.70489501953125
spy,1998-11-20,72.2469253540039
spy,1998-11-23,73.95049285888672
spy,1998-11-24,73.48587036132812
spy,1998-11-25,73.48587036132812
spy,1998-11-27,74.0279541015625
spy,1998-11-30,71.93717193603516
spy,1998-12-01,72.86640930175781
spy,1998-12-02,72.65345001220703
spy,1998-12-03,71.45321655273438
spy,1998-12-04,73.33102416992188
spy,1998-12-07,73.67945861816406
spy,1998-12-08,73.35041046142578
spy,1998-12-09,73.48587036132812
spy,1998-12-10,72.4114761352539
spy,1998-12-11,72.55668640136719
spy,1998-12-14,70.46592712402344
spy,1998-12-15,72.2856674194336
spy,1998-12-16,72.18888854980469
spy,1998-12-17,73.34070587158203
spy,1998-12-18,73.65232849121094
spy,1998-12-21,74.68177795410156
spy,1998-12-22,75.01193237304688
spy,1998-12-23,76.58521270751953
spy,1998-12-24,76.2550048828125
spy,1998-12-28,76.06080627441406
spy,1998-12-29,77.26502990722656
spy,1998-12-30,76.64349365234375
spy,1998-12-31,76.64349365234375
spy,1999-01-04,76.46865844726562
spy,1999-01-05,77.34268951416016
spy,1999-01-06,79.20732116699219
spy,1999-01-07,78.8188705444336
spy,1999-01-08,79.40157318115234
spy,1999-01-11,78.6440658569336
spy,1999-01-12,77.2261734008789
spy,1999-01-13,76.68235778808594
spy,1999-01-14,75.34214782714844
spy,1999-01-15,77.30388641357422
spy,1999-01-19,77.80886840820312
spy,1999-01-20,78.43041229248047
spy,1999-01-21,76.35213470458984
spy,1999-01-22,76.1773681640625
spy,1999-01-25,76.95426177978516
spy,1999-01-26,78.35271453857422
spy,1999-01-27,77.4398422241211
spy,1999-01-28,78.74118041992188
spy,1999-01-29,79.34326934814453
spy,1999-02-01,78.87715148925781
spy,1999-02-02,78.39154815673828
spy,1999-02-03,79.18791198730469
spy,1999-02-04,78.0030746459961
spy,1999-02-05,77.109619140625
spy,1999-02-08,77.26502990722656
spy,1999-02-09,75.53636932373047
spy,1999-02-10,76.02192687988281
spy,1999-02-11,77.77001953125
spy,1999-02-12,76.83773803710938
spy,1999-02-16,76.37156677246094
spy,1999-02-17,76.29386138916016
spy,1999-02-18,76.89600372314453
spy,1999-02-19,77.2261734008789
spy,1999-02-22,79.2850112915039
spy,1999-02-23,79.24620819091797
spy,1999-02-24,77.84774780273438
spy,1999-02-25,77.109619140625
spy,1999-02-26,76.79888153076172
spy,1999-03-01,77.01252746582031
spy,1999-03-02,76.33269500732422
spy,1999-03-03,76.74057006835938
spy,1999-03-04,77.71176147460938
spy,1999-03-05,79.2752914428711
spy,1999-03-08,79.79002380371094
spy,1999-03-09,79.59578704833984
spy,1999-03-10,80.29500579833984
spy,1999-03-11,81.1884994506836
spy,1999-03-12,80.41154479980469
spy,1999-03-15,81.55752563476562
spy,1999-03-16,81.24677276611328
spy,1999-03-17,80.89716339111328
spy,1999-03-18,82.19845581054688
spy,1999-03-19,80.80132293701172
spy,1999-03-22,80.95703887939453
spy,1999-03-23,78.62064361572266
spy,1999-03-24,79.0684585571289
spy,1999-03-25,80.68448638916016
spy,1999-03-26,80.10040283203125
spy,1999-03-29,81.71638488769531
spy,1999-03-30,81.28804779052734
spy,1999-03-31,79.9835433959961
spy,1999-04-01,80.5871353149414
spy,1999-04-05,82.4952163696289
spy,1999-04-06,82.30054473876953
spy,1999-04-07,82.96251678466797
spy,1999-04-08,84.0138931274414
spy,1999-04-09,84.03336334228516
spy,1999-04-12,84.92900085449219
spy,1999-04-13,84.38380432128906
spy,1999-04-14,82.96251678466797
spy,1999-04-15,82.65097045898438
spy,1999-04-16,81.95003509521484
spy,1999-04-19,80.68448638916016
spy,1999-04-20,81.69693756103516
spy,1999-04-21,84.03336334228516
spy,1999-04-22,84.83160400390625
spy,1999-04-23,84.6174545288086
spy,1999-04-26,85.10423278808594
spy,1999-04-27,85.5130844116211
spy,1999-04-28,84.34489440917969
spy,1999-04-29,83.702392578125
spy,1999-04-30,83.0208969116211
spy,1999-05-03,84.53961181640625
spy,1999-05-04,83.3324203491211
spy,1999-05-05,83.99439239501953
spy,1999-05-06,83.47846221923828
spy,1999-05-07,84.11122131347656
spy,1999-05-10,83.69261169433594
spy,1999-05-11,84.53961181640625
spy,1999-05-12,85.2015609741211
spy,1999-05-13,85.571533203125
spy,1999-05-14,83.3519287109375
spy,1999-05-17,83.60501098632812
spy,1999-05-18,83.44924926757812
spy,1999-05-19,84.05282592773438
spy,1999-05-20,83.54660034179688
spy,1999-05-21,83.07929992675781
spy,1999-05-24,81.69693756103516
spy,1999-05-25,80.3729476928711
spy,1999-05-26,81.26860046386719
spy,1999-05-27,80.10040283203125
spy,1999-05-28,81.12256622314453
spy,1999-06-01,80.84021759033203
spy,1999-06-02,80.91814422607422
spy,1999-06-03,81.3659439086914
spy,1999-06-04,83.00144958496094
spy,1999-06-07,83.21561431884766
spy,1999-06-08,82.39784240722656
spy,1999-06-09,82.31998443603516
spy,1999-06-10,81.56062316894531
spy,1999-06-11,80.87919616699219
spy,1999-06-14,80.95703887939453
spy,1999-06-15,81.5022201538086
spy,1999-06-16,83.05988311767578
spy,1999-06-17,83.83866882324219
spy,1999-06-18,83.93555450439453
spy,1999-06-21,84.13081359863281
spy,1999-06-22,83.5449447631836
spy,1999-06-23,83.13482666015625
spy,1999-06-24,82.5098876953125
spy,1999-06-25,82.30486297607422
spy,1999-06-28,83.31059265136719
spy,1999-06-29,84.09176635742188
spy,1999-06-30,85.61502838134766
spy,1999-07-01,86.25944519042969
spy,1999-07-02,87.1187744140625
spy,1999-07-06,87.09922790527344
spy,1999-07-07,87.21640014648438
spy,1999-07-08,87.28470611572266
spy,1999-07-09,87.80225372314453
spy,1999-07-12,87.41166687011719
spy,1999-07-13,87.09922790527344
spy,1999-07-14,87.58743286132812
spy,1999-07-15,88.14399719238281
spy,1999-07-16,88.62246704101562
spy,1999-07-19,88.03656768798828
spy,1999-07-20,86.23014068603516
spy,1999-07-21,86.1325454711914
spy,1999-07-22,84.9998550415039
spy,1999-07-23,84.83386993408203
spy,1999-07-26,84.20890808105469
spy,1999-07-27,84.91195678710938
spy,1999-07-28,85.1854019165039
spy,1999-07-29,83.99409484863281
spy,1999-07-30,82.95907592773438
spy,1999-08-02,83.15438842773438
spy,1999-08-03,82.7637939453125
spy,1999-08-04,81.63108825683594
spy,1999-08-05,82.37322235107422
spy,1999-08-06,81.47486114501953
spy,1999-08-09,81.29913330078125
spy,1999-08-10,80.40080261230469
spy,1999-08-11,81.37722778320312
spy,1999-08-12,81.32842254638672
spy,1999-08-13,83.21292877197266
spy,1999-08-16,83.58397674560547
spy,1999-08-17,84.13081359863281
spy,1999-08-18,83.52545166015625
spy,1999-08-19,82.8419189453125
spy,1999-08-20,83.68164825439453
spy,1999-08-23,85.28305053710938
spy,1999-08-24,85.595458984375
spy,1999-08-25,86.4742660522461
spy,1999-08-26,85.43924713134766
spy,1999-08-27,84.40418243408203
spy,1999-08-30,82.8419189453125
spy,1999-08-31,82.52942657470703
spy,1999-09-01,83.5449447631836
spy,1999-09-02,82.55876159667969
spy,1999-09-03,84.97057342529297
spy,1999-09-07,84.65807342529297
spy,1999-09-08,84.24796295166016
spy,1999-09-09,84.20890808105469
spy,1999-09-10,84.91195678710938
spy,1999-09-13,84.3358383178711
spy,1999-09-14,83.77930450439453
spy,1999-09-15,82.4512939453125
spy,1999-09-16,82.77350616455078
spy,1999-09-17,83.81938171386719
spy,1999-09-20,83.7018814086914
spy,1999-09-21,81.93933868408203
spy,1999-09-22,81.85123443603516
spy,1999-09-23,80.1375961303711
spy,1999-09-24,80.05931091308594
spy,1999-09-27,80.58808898925781
spy,1999-09-28,80.4313735961914
spy,1999-09-29,79.47174835205078
spy,1999-09-30,80.68594360351562
spy,1999-10-01,80.50970458984375
spy,1999-10-04,81.93933868408203
spy,1999-10-05,81.86102294921875
spy,1999-10-06,83.1144027709961
spy,1999-10-07,82.64435577392578
spy,1999-10-08,83.89775085449219
spy,1999-10-11,83.76068115234375
spy,1999-10-12,82.46813201904297
spy,1999-10-13,80.33348846435547
spy,1999-10-14,80.31389617919922
spy,1999-10-15,78.25756072998047
spy,1999-10-18,78.82550048828125
spy,1999-10-19,79.58928680419922
spy,1999-10-20,80.37262725830078
spy,1999-10-21,80.84268188476562
spy,1999-10-22,81.52809143066406
spy,1999-10-25,81.1168212890625
spy,1999-10-26,80.09844207763672
spy,1999-10-27,81.54767608642578
spy,1999-10-28,84.32862091064453
spy,1999-10-29,85.85615539550781
spy,1999-11-01,84.95526885986328
spy,1999-11-02,84.34817504882812
spy,1999-11-03,84.91610717773438
spy,1999-11-04,85.5623779296875
spy,1999-11-05,86.40447998046875
spy,1999-11-08,86.4828109741211
spy,1999-11-09,85.67009735107422
spy,1999-11-10,86.30652618408203
spy,1999-11-11,86.79613494873047
spy,1999-11-12,87.57950592041016
spy,1999-11-15,87.78512573242188
spy,1999-11-16,88.51956176757812
spy,1999-11-17,88.75459289550781
spy,1999-11-18,89.38127899169922
spy,1999-11-19,89.30290985107422
spy,1999-11-22,89.28333282470703
spy,1999-11-23,88.49996948242188
spy,1999-11-24,88.969970703125
spy,1999-11-26,88.63710021972656
spy,1999-11-29,88.32371520996094
spy,1999-11-30,87.28578186035156
spy,1999-12-01,87.99078369140625
spy,1999-12-02,88.51956176757812
spy,1999-12-03,90.14501190185547
spy,1999-12-06,89.47914123535156
spy,1999-12-07,88.75459289550781
spy,1999-12-08,88.18665313720703
spy,1999-12-09,88.61748504638672
spy,1999-12-10,88.91124725341797
spy,1999-12-13,89.06790924072266
spy,1999-12-14,88.20623016357422
spy,1999-12-15,88.67622375488281
spy,1999-12-16,89.06790924072266
spy,1999-12-17,89.639892578125
spy,1999-12-20,88.99200439453125
spy,1999-12-21,90.34661865234375
spy,1999-12-22,90.58222961425781
spy,1999-12-23,92.02523040771484
spy,1999-12-27,91.8976058959961
spy,1999-12-28,91.8387222290039
spy,1999-12-29,92.2313461303711
spy,1999-12-30,92.12336730957031
spy,1999-12-31,92.27061462402344
spy,2000-01-03,91.36756896972656
spy,2000-01-04,87.79450225830078
spy,2000-01-05,87.95153045654297
spy,2000-01-06,86.53804016113281
spy,2000-01-07,91.5638656616211
spy,2000-01-10,91.8779525756836
spy,2000-01-11,90.77857208251953
spy,2000-01-12,89.87545013427734
spy,2000-01-13,91.09269714355469
spy,2000-01-14,92.32947540283203
spy,2000-01-18,91.60310363769531
spy,2000-01-19,92.3491439819336
spy,2000-01-20,90.93565368652344
spy,2000-01-21,90.73929595947266
spy,2000-01-24,88.16751098632812
spy,2000-01-25,89.16878509521484
spy,2000-01-26,88.46195983886719
spy,2000-01-27,88.108642578125
spy,2000-01-28,85.36013793945312
spy,2000-01-31,87.67671203613281
spy,2000-02-01,88.54051971435547
spy,2000-02-02,88.61903381347656
spy,2000-02-03,89.95402526855469
spy,2000-02-04,89.58097076416016
spy,2000-02-07,89.44361114501953
spy,2000-02-08,90.66078186035156
spy,2000-02-09,88.75646209716797
spy,2000-02-10,88.93315887451172
spy,2000-02-11,87.12698364257812
spy,2000-02-14,87.63742065429688
spy,2000-02-15,88.62882995605469
spy,2000-02-16,87.32330322265625
spy,2000-02-17,86.87178802490234
spy,2000-02-18,85.00676727294922
spy,2000-02-22,84.79083251953125
spy,2000-02-23,85.79202270507812
spy,2000-02-24,84.0644302368164
spy,2000-02-25,83.76009368896484
spy,2000-02-28,85.51720428466797
spy,2000-02-29,86.34172058105469
spy,2000-03-01,86.9699478149414
spy,2000-03-02,87.02885437011719
spy,2000-03-03,88.65828704833984
spy,2000-03-06,87.79450225830078
spy,2000-03-07,86.0963363647461
spy,2000-03-08,85.98834228515625
spy,2000-03-09,88.50122833251953
spy,2000-03-10,88.03006744384766
spy,2000-03-13,87.068115234375
spy,2000-03-14,85.83126831054688
spy,2000-03-15,87.8337631225586
spy,2000-03-16,91.93682861328125
spy,2000-03-17,92.54447937011719
spy,2000-03-20,92.0721206665039
spy,2000-03-21,93.96155548095703
spy,2000-03-22,94.53235626220703
spy,2000-03-23,96.14628601074219
spy,2000-03-24,96.717041015625
spy,2000-03-27,95.69355010986328
spy,2000-03-28,95.1424789428711
spy,2000-03-29,95.24090576171875
spy,2000-03-30,93.64669799804688
spy,2000-03-31,94.70950317382812
spy,2000-04-03,95.26058959960938
spy,2000-04-04,94.55206298828125
spy,2000-04-05,93.96155548095703
spy,2000-04-06,94.77837371826172
spy,2000-04-07,95.37865447998047
spy,2000-04-10,95.00473022460938
spy,2000-04-11,94.72917938232422
spy,2000-04-12,92.1311264038086
spy,2000-04-13,90.8518295288086
spy,2000-04-14,85.65582275390625
spy,2000-04-17,88.64747619628906
spy,2000-04-18,90.98961639404297
spy,2000-04-19,90.1432876586914
spy,2000-04-20,90.57626342773438
spy,2000-04-24,89.59224700927734
spy,2000-04-25,93.31204223632812
spy,2000-04-26,92.25909423828125
spy,2000-04-27,91.95399475097656
spy,2000-04-28,91.38321685791016
spy,2000-05-01,92.62322998046875
spy,2000-05-02,90.7730941772461
spy,2000-05-03,88.64747619628906
spy,2000-05-04,89.31661224365234
spy,2000-05-05,90.399169921875
spy,2000-05-08,89.72010040283203
spy,2000-05-09,89.00175476074219
spy,2000-05-10,86.99417877197266
spy,2000-05-11,88.98204040527344
spy,2000-05-12,89.94644927978516
spy,2000-05-15,91.50133514404297
spy,2000-05-16,92.38701629638672
spy,2000-05-17,91.422607421875
spy,2000-05-18,90.3007583618164
spy,2000-05-19,88.88363647460938
spy,2000-05-22,88.21446228027344
spy,2000-05-23,86.91544342041016
spy,2000-05-24,88.33258056640625
spy,2000-05-25,86.8170394897461
spy,2000-05-26,86.91544342041016
spy,2000-05-30,89.74964904785156
spy,2000-05-31,89.94644927978516
spy,2000-06-01,91.52100372314453
spy,2000-06-02,93.1152114868164
spy,2000-06-05,92.66254425048828
spy,2000-06-06,92.24922943115234
spy,2000-06-07,92.8889389038086
spy,2000-06-08,92.52481842041016
spy,2000-06-09,92.32794952392578
spy,2000-06-12,91.24546813964844
spy,2000-06-13,92.9577865600586
spy,2000-06-14,93.1152114868164
spy,2000-06-15,93.31204223632812
spy,2000-06-16,92.54539489746094
spy,2000-06-19,93.72906494140625
spy,2000-06-20,93.3936996459961
spy,2000-06-21,93.3542251586914
spy,2000-06-22,91.93375396728516
spy,2000-06-23,91.14464569091797
spy,2000-06-26,92.31848907470703
spy,2000-06-27,91.63788604736328
spy,2000-06-28,91.8943099975586
spy,2000-06-29,91.0262451171875
spy,2000-06-30,91.71675109863281
spy,2000-07-03,92.9793701171875
spy,2000-07-05,91.30245971679688
spy,2000-07-06,92.01268005371094
spy,2000-07-07,93.49235534667969
spy,2000-07-10,93.3344955444336
spy,2000-07-11,93.53177642822266
spy,2000-07-12,94.14334106445312
spy,2000-07-13,94.55762481689453
spy,2000-07-14,95.4848861694336
spy,2000-07-17,95.32703399658203
spy,2000-07-18,94.54778289794922
spy,2000-07-19,93.78825378417969
spy,2000-07-20,95.0903091430664
spy,2000-07-21,93.23583221435547
spy,2000-07-24,92.7032241821289
spy,2000-07-25,92.99907684326172
spy,2000-07-26,92.09162139892578
spy,2000-07-27,91.77596282958984
spy,2000-07-28,89.7044906616211
spy,2000-07-31,90.27661895751953
spy,2000-08-01,90.82901000976562
spy,2000-08-02,91.28270721435547
spy,2000-08-03,91.9140625
spy,2000-08-04,92.40724182128906
spy,2000-08-07,93.5120849609375
spy,2000-08-08,93.86710357666016
spy,2000-08-09,93.07801055908203
spy,2000-08-10,92.624267578125
spy,2000-08-11,93.05825805664062
spy,2000-08-14,94.2419662475586
spy,2000-08-15,94.1630859375
spy,2000-08-16,93.82767486572266
spy,2000-08-17,94.81407165527344
spy,2000-08-18,94.49846649169922
spy,2000-08-21,95.01139831542969
spy,2000-08-22,94.85354614257812
spy,2000-08-23,95.22837829589844
spy,2000-08-24,95.52433776855469
spy,2000-08-25,95.4848861694336
spy,2000-08-28,95.8104019165039
spy,2000-08-29,95.83011627197266
spy,2000-08-30,94.91276550292969
spy,2000-08-31,96.17532348632812
spy,2000-09-01,96.27397918701172
spy,2000-09-05,95.50460052490234
spy,2000-09-06,94.4195327758789
spy,2000-09-07,95.22837829589844
spy,2000-09-08,94.577392578125
spy,2000-09-11,94.43928527832031
spy,2000-09-12,93.74883270263672
spy,2000-09-13,93.99539184570312
spy,2000-09-14,94.4688949584961
spy,2000-09-15,92.40206909179688
spy,2000-09-18,91.5516357421875
spy,2000-09-19,92.38233184814453
spy,2000-09-20,91.6999740600586
spy,2000-09-21,90.30564880371094
spy,2000-09-22,91.94718933105469
spy,2000-09-25,91.29450988769531
spy,2000-09-26,90.12762451171875
spy,2000-09-27,90.60227966308594
spy,2000-09-28,91.7691650390625
spy,2000-09-29,90.89897918701172
spy,2000-10-02,91.03740692138672
spy,2000-10-03,90.18695831298828
spy,2000-10-04,90.9384994506836
spy,2000-10-05,91.25494384765625
spy,2000-10-06,89.27720642089844
spy,2000-10-09,88.604736328125
spy,2000-10-10,87.14118194580078
spy,2000-10-11,86.40939331054688
spy,2000-10-12,84.25361633300781
spy,2000-10-13,87.06202697753906
spy,2000-10-16,87.45759582519531
spy,2000-10-17,85.28207397460938
spy,2000-10-18,84.96561431884766
spy,2000-10-19,88.16963195800781
spy,2000-10-20,88.5454330444336
spy,2000-10-23,88.9409408569336
spy,2000-10-24,88.34762573242188
spy,2000-10-25,86.27095794677734
spy,2000-10-26,86.50830078125
spy,2000-10-27,88.14984893798828
spy,2000-10-30,88.9409408569336
spy,2000-10-31,90.47374725341797
spy,2000-11-01,90.16717529296875
spy,2000-11-02,90.31552124023438
spy,2000-11-03,90.36497497558594
spy,2000-11-06,90.99785614013672
spy,2000-11-07,90.97808074951172
spy,2000-11-08,88.96076202392578
spy,2000-11-09,88.62451934814453
spy,2000-11-10,86.46870422363281
spy,2000-11-13,85.79627990722656
spy,2000-11-14,88.05094909667969
spy,2000-11-15,88.32781982421875
spy,2000-11-16,86.94339752197266
spy,2000-11-17,86.47859954833984
spy,2000-11-20,85.24250793457031
spy,2000-11-21,85.67759704589844
spy,2000-11-22,83.63063049316406
spy,2000-11-24,85.34142303466797
spy,2000-11-27,86.09293365478516
spy,2000-11-28,84.60963439941406
spy,2000-11-29,84.45143127441406
spy,2000-11-30,83.7195816040039
spy,2000-12-01,83.68004608154297
spy,2000-12-04,84.39205169677734
spy,2000-12-05,87.16093444824219
spy,2000-12-06,85.76663970947266
spy,2000-12-07,84.58987426757812
spy,2000-12-08,84.78762817382812
spy,2000-12-11,87.7344970703125
spy,2000-12-12,87.35872650146484
spy,2000-12-13,86.1622314453125
spy,2000-12-14,85.06448364257812
spy,2000-12-15,83.14321899414062
spy,2000-12-18,84.25411987304688
spy,2000-12-19,82.53812408447266
spy,2000-12-20,80.14755249023438
spy,2000-12-21,80.70303344726562
spy,2000-12-22,83.12335205078125
spy,2000-12-26,84.01609802246094
spy,2000-12-27,84.63106536865234
spy,2000-12-28,84.88899230957031
spy,2000-12-29,83.28205108642578
spy,2001-01-02,81.77430725097656
spy,2001-01-03,85.70235443115234
spy,2001-01-04,84.77987670898438
spy,2001-01-05,82.01239776611328
spy,2001-01-08,82.64720916748047
spy,2001-01-09,82.42896270751953
spy,2001-01-10,83.87718200683594
spy,2001-01-11,83.95655822753906
spy,2001-01-12,83.79786682128906
spy,2001-01-16,84.3335189819336
spy,2001-01-17,84.72034454345703
spy,2001-01-18,85.56344604492188
spy,2001-01-19,85.0774154663086
spy,2001-01-22,85.6427993774414
spy,2001-01-23,86.31733703613281
spy,2001-01-24,86.5751953125
spy,2001-01-25,86.35700988769531
spy,2001-01-26,86.2578353881836
spy,2001-01-29,86.71806335449219
spy,2001-01-30,87.47989654541016
spy,2001-01-31,86.98473358154297
spy,2001-02-01,87.56241607666016
spy,2001-02-02,85.57538604736328
spy,2001-02-05,86.203857421875
spy,2001-02-06,85.94990539550781
spy,2001-02-07,85.50553131103516
spy,2001-02-08,84.50885009765625
spy,2001-02-09,83.69627380371094
spy,2001-02-12,84.65486907958984
spy,2001-02-13,83.96288299560547
spy,2001-02-14,83.83596801757812
spy,2001-02-15,84.64852142333984
spy,2001-02-16,82.7821044921875
spy,2001-02-20,81.50609588623047
spy,2001-02-21,79.74761199951172
spy,2001-02-22,79.86823272705078
spy,2001-02-23,79.32861328125
spy,2001-02-26,81.01730346679688
spy,2001-02-27,80.26818084716797
spy,2001-02-28,78.68745422363281
spy,2001-03-01,79.1000747680664
spy,2001-03-02,78.47160339355469
spy,2001-03-05,79.18895721435547
spy,2001-03-06,80.03965759277344
spy,2001-03-07,80.61099243164062
spy,2001-03-08,80.69986724853516
spy,2001-03-09,78.31290435791016
spy,2001-03-12,74.96098327636719
spy,2001-03-13,76.19252014160156
spy,2001-03-14,74.68804168701172
spy,2001-03-15,74.70706939697266
spy,2001-03-16,73.20861053466797
spy,2001-03-19,74.69812774658203
spy,2001-03-20,72.6929931640625
spy,2001-03-21,71.4581298828125
spy,2001-03-22,70.7325210571289
spy,2001-03-23,72.87125396728516
spy,2001-03-26,73.80061340332031
spy,2001-03-27,75.30923461914062
spy,2001-03-28,73.22771453857422
spy,2001-03-29,73.50778198242188
spy,2001-03-30,74.27802276611328
spy,2001-04-02,72.6929931640625
spy,2001-04-03,70.2677993774414
spy,2001-04-04,70.56063842773438
spy,2001-04-05,73.23409271240234
spy,2001-04-06,72.1201400756836
spy,2001-04-09,72.92218780517578
spy,2001-04-10,74.25261688232422
spy,2001-04-11,74.30348205566406
spy,2001-04-12,75.65294647216797
spy,2001-04-16,74.85728454589844
spy,2001-04-17,75.91394805908203
spy,2001-04-18,78.93114471435547
spy,2001-04-19,79.98143768310547
spy,2001-04-20,79.2494125366211
spy,2001-04-23,77.81084442138672
spy,2001-04-24,77.39071655273438
spy,2001-04-25,78.40281677246094
spy,2001-04-26,78.75292205810547
spy,2001-04-27,80.0641860961914
spy,2001-04-30,80.62435150146484
spy,2001-05-01,80.8725814819336
spy,2001-05-02,80.72621154785156
spy,2001-05-03,79.70135498046875
spy,2001-05-04,81.0572280883789
spy,2001-05-07,80.35702514648438
spy,2001-05-08,80.31878662109375
spy,2001-05-09,79.98143768310547
spy,2001-05-10,80.21700286865234
spy,2001-05-11,79.66316223144531
spy,2001-05-14,79.82231140136719
spy,2001-05-15,80.1915054321289
spy,2001-05-16,82.08202362060547
spy,2001-05-17,82.20932006835938
spy,2001-05-18,82.58490753173828
spy,2001-05-21,83.80067443847656
spy,2001-05-22,83.69243621826172
spy,2001-05-23,82.27298736572266
spy,2001-05-24,82.514892578125
spy,2001-05-25,81.54100799560547
spy,2001-05-29,80.89167785644531
spy,2001-05-30,79.75865173339844
spy,2001-05-31,80.1723861694336
spy,2001-06-01,80.6689224243164
spy,2001-06-04,81.0572280883789
spy,2001-06-05,81.98650360107422
spy,2001-06-06,81.30545806884766
spy,2001-06-07,81.5982666015625
spy,2001-06-08,80.84076690673828
spy,2001-06-11,80.26786804199219
spy,2001-06-12,80.12781524658203
spy,2001-06-13,79.44037628173828
spy,2001-06-14,77.65806579589844
spy,2001-06-15,77.78318786621094
spy,2001-06-18,77.40653228759766
spy,2001-06-19,77.744873046875
spy,2001-06-20,78.15340423583984
spy,2001-06-21,79.04072570800781
spy,2001-06-22,78.42154693603516
spy,2001-06-25,77.70020294189453
spy,2001-06-26,77.59168243408203
spy,2001-06-27,77.5469741821289
spy,2001-06-28,77.97467041015625
spy,2001-06-29,78.26195526123047
spy,2001-07-02,79.23860931396484
spy,2001-07-03,79.219482421875
spy,2001-07-05,77.67462158203125
spy,2001-07-06,75.99575805664062
spy,2001-07-09,76.41072845458984
spy,2001-07-10,75.49149322509766
spy,2001-07-11,75.56808471679688
spy,2001-07-12,77.36186981201172
spy,2001-07-13,78.03215789794922
spy,2001-07-16,77.05545806884766
spy,2001-07-17,77.77680206298828
spy,2001-07-18,77.24699401855469
spy,2001-07-19,77.92362976074219
spy,2001-07-20,77.45763397216797
spy,2001-07-23,75.93193054199219
spy,2001-07-24,75.19786071777344
spy,2001-07-25,76.0277099609375
spy,2001-07-26,76.82566833496094
spy,2001-07-27,77.11927795410156
spy,2001-07-30,77.14484405517578
spy,2001-07-31,77.46400451660156
spy,2001-08-01,77.94912719726562
spy,2001-08-02,78.268310546875
spy,2001-08-03,77.84066009521484
spy,2001-08-06,76.79373931884766
spy,2001-08-07,77.09376525878906
spy,2001-08-08,75.66385650634766
spy,2001-08-09,75.88728332519531
spy,2001-08-10,76.1490249633789
spy,2001-08-13,76.1681137084961
spy,2001-08-14,76.13622283935547
spy,2001-08-15,75.47872161865234
spy,2001-08-16,75.7404556274414
spy,2001-08-17,74.527587890625
spy,2001-08-20,75.21701049804688
spy,2001-08-21,73.93389892578125
spy,2001-08-22,74.699951171875
spy,2001-08-23,74.43182373046875
spy,2001-08-24,75.97663879394531
spy,2001-08-27,75.52342224121094
spy,2001-08-28,74.41907501220703
spy,2001-08-29,73.75515747070312
spy,2001-08-30,72.33808135986328
spy,2001-08-31,72.86786651611328
spy,2001-09-04,72.4018783569336
spy,2001-09-05,72.58064270019531
spy,2001-09-06,70.71027374267578
spy,2001-09-07,69.401611328125
spy,2001-09-10,70.25064086914062
spy,2001-09-17,66.58008575439453
spy,2001-09-18,66.42053985595703
spy,2001-09-19,65.07996368408203
spy,2001-09-20,63.01171875
spy,2001-09-21,62.3318977355957
spy,2001-09-24,64.52326202392578
spy,2001-09-25,65.19601440429688
spy,2001-09-26,64.9653549194336
spy,2001-09-27,65.52919006347656
spy,2001-09-28,66.91963958740234
spy,2001-10-01,66.81072235107422
spy,2001-10-02,67.65008544921875
spy,2001-10-03,68.78418731689453
spy,2001-10-04,68.84184265136719
spy,2001-10-05,68.70736694335938
spy,2001-10-08,68.25878143310547
spy,2001-10-09,67.8935775756836
spy,2001-10-10,69.40572357177734
spy,2001-10-11,70.48220825195312
spy,2001-10-12,70.16180419921875
spy,2001-10-15,70.0336685180664
spy,2001-10-16,70.47575378417969
spy,2001-10-17,68.97643280029297
spy,2001-10-18,68.82905578613281
spy,2001-10-19,68.78418731689453
spy,2001-10-22,70.142578125
spy,2001-10-23,69.78377532958984
spy,2001-10-24,69.59796142578125
spy,2001-10-25,70.84738159179688
spy,2001-10-26,70.6872329711914
spy,2001-10-29,68.84829711914062
spy,2001-10-30,68.02174377441406
spy,2001-10-31,67.79106140136719
spy,2001-11-01,69.5274887084961
spy,2001-11-02,70.00161743164062
spy,2001-11-05,70.91789245605469
spy,2001-11-06,72.01995086669922
spy,2001-11-07,71.92385864257812
spy,2001-11-08,72.14813232421875
spy,2001-11-09,72.22502899169922
spy,2001-11-12,71.78289794921875
spy,2001-11-13,73.39757537841797
spy,2001-11-14,73.46810150146484
spy,2001-11-15,73.60261535644531
spy,2001-11-16,73.27587890625
spy,2001-11-19,74.17930603027344
spy,2001-11-20,73.55779266357422
spy,2001-11-21,73.07083129882812
spy,2001-11-23,74.12163543701172
spy,2001-11-26,74.28182983398438
spy,2001-11-27,73.96145629882812
spy,2001-11-28,72.62226867675781
spy,2001-11-29,73.60261535644531
spy,2001-11-30,73.07723236083984
spy,2001-12-03,72.64148712158203
spy,2001-12-04,73.87169647216797
spy,2001-12-05,75.22372436523438
spy,2001-12-06,75.18527221679688
spy,2001-12-07,74.68547821044922
spy,2001-12-10,73.28865814208984
spy,2001-12-11,73.14131164550781
spy,2001-12-12,73.2245864868164
spy,2001-12-13,71.80208587646484
spy,2001-12-14,72.48779296875
spy,2001-12-17,73.23738861083984
spy,2001-12-18,73.67310333251953
spy,2001-12-19,74.19212341308594
spy,2001-12-20,73.4616928100586
spy,2001-12-21,73.90721893310547
spy,2001-12-24,73.76579284667969
spy,2001-12-26,74.17086791992188
spy,2001-12-27,74.62089538574219
spy,2001-12-28,74.5822982788086
spy,2001-12-31,73.48927307128906
spy,2002-01-02,74.2801742553711
spy,2002-01-03,75.1224136352539
spy,2002-01-04,75.62396240234375
spy,2002-01-07,75.09026336669922
spy,2002-01-08,74.91667938232422
spy,2002-01-09,74.30586242675781
spy,2002-01-10,74.6337661743164
spy,2002-01-11,73.90081787109375
spy,2002-01-14,73.43791198730469
spy,2002-01-15,74.03582000732422
spy,2002-01-16,72.5377426147461
spy,2002-01-17,73.08424377441406
spy,2002-01-18,72.74991607666016
spy,2002-01-22,72.24840545654297
spy,2002-01-23,72.80133819580078
spy,2002-01-24,73.02638244628906
spy,2002-01-25,73.00711059570312
spy,2002-01-28,73.20642852783203
spy,2002-01-29,70.90465545654297
spy,2002-01-30,71.92691040039062
spy,2002-01-31,72.76920318603516
spy,2002-02-01,72.42845153808594
spy,2002-02-04,70.62816619873047
spy,2002-02-05,70.19095611572266
spy,2002-02-06,69.88877868652344
spy,2002-02-07,69.45159149169922
spy,2002-02-08,70.78246307373047
spy,2002-02-11,71.65043640136719
spy,2002-02-12,71.42543029785156
spy,2002-02-13,72.18412017822266
spy,2002-02-14,72.0490951538086
spy,2002-02-15,71.29684448242188
spy,2002-02-19,69.9273910522461
spy,2002-02-20,71.10395812988281
spy,2002-02-21,69.6315689086914
spy,2002-02-22,70.49314880371094
spy,2002-02-25,71.6568832397461
spy,2002-02-26,71.50902557373047
spy,2002-02-27,71.7854995727539
spy,2002-02-28,71.4640121459961
spy,2002-03-01,73.12924194335938
spy,2002-03-04,74.42159271240234
spy,2002-03-05,74.18367767333984
spy,2002-03-06,75.06454467773438
spy,2002-03-07,74.90379333496094
spy,2002-03-08,75.21881866455078
spy,2002-03-11,75.37957763671875
spy,2002-03-12,75.33457946777344
spy,2002-03-13,74.6080322265625
spy,2002-03-14,74.50518035888672
spy,2002-03-15,75.21509552001953
spy,2002-03-18,75.22798919677734
spy,2002-03-19,75.7309341430664
spy,2002-03-20,74.30592346191406
spy,2002-03-21,74.33818817138672
spy,2002-03-22,74.17696380615234
spy,2002-03-25,73.25492095947266
spy,2002-03-26,73.68045043945312
spy,2002-03-27,73.87389373779297
spy,2002-03-28,73.84168243408203
spy,2002-04-01,73.87389373779297
spy,2002-04-02,73.46770477294922
spy,2002-04-03,72.95187377929688
spy,2002-04-04,72.64878845214844
spy,2002-04-05,72.66170501708984
spy,2002-04-08,72.81643676757812
spy,2002-04-09,72.30706024169922
spy,2002-04-10,73.12596893310547
spy,2002-04-11,71.3076400756836
spy,2002-04-12,71.84281158447266
spy,2002-04-15,71.29472351074219
spy,2002-04-16,72.99055480957031
spy,2002-04-17,72.83580017089844
spy,2002-04-18,72.51983642578125
spy,2002-04-19,72.78424072265625
spy,2002-04-22,71.572021484375
spy,2002-04-23,71.26248168945312
spy,2002-04-24,70.54681396484375
spy,2002-04-25,70.58546447753906
spy,2002-04-26,69.24432373046875
spy,2002-04-29,68.90254974365234
spy,2002-04-30,69.54732513427734
spy,2002-05-01,70.39848327636719
spy,2002-05-02,70.1276626586914
spy,2002-05-03,69.36683654785156
spy,2002-05-06,68.0063247680664
spy,2002-05-07,67.76771545410156
spy,2002-05-08,70.28888702392578
spy,2002-05-09,69.47640228271484
spy,2002-05-10,68.1675033569336
spy,2002-05-13,69.55377960205078
spy,2002-05-14,71.069091796875
spy,2002-05-15,70.79179382324219
spy,2002-05-16,71.15931701660156
spy,2002-05-17,71.50752258300781
spy,2002-05-20,70.73377227783203
spy,2002-05-21,70.08897399902344
spy,2002-05-22,70.24372100830078
spy,2002-05-23,70.99166870117188
spy,2002-05-24,70.08252716064453
spy,2002-05-28,69.70209503173828
spy,2002-05-29,69.1862564086914
spy,2002-05-30,68.99282836914062
spy,2002-05-31,69.13470458984375
spy,2002-06-03,67.29702758789062
spy,2002-06-04,67.4646224975586
spy,2002-06-05,68.0965576171875
spy,2002-06-06,66.71028137207031
spy,2002-06-07,66.63289642333984
spy,2002-06-10,66.89082336425781
spy,2002-06-11,65.7430648803711
spy,2002-06-12,66.1428451538086
spy,2002-06-13,65.47869110107422
spy,2002-06-14,65.38201141357422
spy,2002-06-17,67.13583374023438
spy,2002-06-18,67.68392181396484
spy,2002-06-19,66.10416412353516
spy,2002-06-20,65.25949096679688
spy,2002-06-21,64.23909759521484
spy,2002-06-24,64.57555389404297
spy,2002-06-25,63.12614059448242
spy,2002-06-26,63.22968292236328
spy,2002-06-27,64.33614349365234
spy,2002-06-28,64.0320816040039
spy,2002-07-01,62.7832145690918
spy,2002-07-02,61.45030212402344
spy,2002-07-03,61.799686431884766
spy,2002-07-05,64.25847625732422
spy,2002-07-08,63.45613098144531
spy,2002-07-09,61.857940673828125
spy,2002-07-10,59.60618209838867
spy,2002-07-11,60.09151077270508
spy,2002-07-12,59.43149185180664
spy,2002-07-15,59.748565673828125
spy,2002-07-16,58.5968017578125
spy,2002-07-17,58.71329879760742
spy,2002-07-18,56.81095504760742
spy,2002-07-19,54.811588287353516
spy,2002-07-22,53.187469482421875
spy,2002-07-23,51.73160171508789
spy,2002-07-24,54.8180046081543
spy,2002-07-25,54.352176666259766
spy,2002-07-26,55.3874397277832
spy,2002-07-29,58.08562088012695
spy,2002-07-30,58.842708587646484
spy,2002-07-31,58.98508071899414
spy,2002-08-01,57.445064544677734
spy,2002-08-02,56.157432556152344
spy,2002-08-05,54.20335388183594
spy,2002-08-06,56.02803039550781
spy,2002-08-07,57.00505828857422
spy,2002-08-08,58.84914016723633
spy,2002-08-09,59.069183349609375
spy,2002-08-12,58.63561248779297
spy,2002-08-13,57.56801223754883
spy,2002-08-14,59.67091751098633
spy,2002-08-15,60.49913024902344
spy,2002-08-16,60.317970275878906
spy,2002-08-19,61.72854995727539
spy,2002-08-20,61.07499313354492
spy,2002-08-21,61.954994201660156
spy,2002-08-22,62.55678939819336
spy,2002-08-23,61.21088409423828
spy,2002-08-26,61.6379508972168
spy,2002-08-27,60.926185607910156
spy,2002-08-28,59.59328079223633
spy,2002-08-29,59.61915588378906
spy,2002-08-30,59.38620376586914
spy,2002-09-03,57.121543884277344
spy,2002-09-04,57.936824798583984
spy,2002-09-05,57.445064544677734
spy,2002-09-06,58.234474182128906
spy,2002-09-09,58.661529541015625
spy,2002-09-10,59.33443832397461
spy,2002-09-11,58.96562957763672
spy,2002-09-12,57.87861251831055
spy,2002-09-13,58.02094268798828
spy,2002-09-16,58.16328048706055
spy,2002-09-17,56.830379486083984
spy,2002-09-18,56.26096725463867
spy,2002-09-19,54.80510330200195
spy,2002-09-20,54.82331466674805
spy,2002-09-23,54.37485122680664
spy,2002-09-24,53.49741744995117
spy,2002-09-25,54.82331466674805
spy,2002-09-26,55.72022247314453
spy,2002-09-27,53.783390045166016
spy,2002-09-30,53.15943145751953
spy,2002-10-01,55.71370315551758
spy,2002-10-02,54.0433464050293
spy,2002-10-03,53.49741744995117
spy,2002-10-04,52.51596450805664
spy,2002-10-07,51.43056106567383
spy,2002-10-08,52.23649215698242
spy,2002-10-09,50.7611083984375
spy,2002-10-10,52.40547561645508
spy,2002-10-11,54.69981002807617
spy,2002-10-14,55.00529098510742
spy,2002-10-15,57.650604248046875
spy,2002-10-16,56.25321578979492
spy,2002-10-17,57.371089935302734
spy,2002-10-18,57.61159133911133
spy,2002-10-21,58.605987548828125
spy,2002-10-22,58.18355178833008
spy,2002-10-23,58.625526428222656
spy,2002-10-24,57.42958068847656
spy,2002-10-25,58.625526428222656
spy,2002-10-28,58.24205780029297
spy,2002-10-29,57.566097259521484
spy,2002-10-30,58.125057220458984
spy,2002-10-31,57.5335807800293
spy,2002-11-01,58.670997619628906
spy,2002-11-04,59.2299690246582
spy,2002-11-05,59.69792175292969
spy,2002-11-06,60.47137451171875
spy,2002-11-07,58.98951721191406
spy,2002-11-08,58.26804733276367
spy,2002-11-11,57.36460494995117
spy,2002-11-12,57.819580078125
spy,2002-11-13,57.8780517578125
spy,2002-11-14,58.969974517822266
spy,2002-11-15,59.40547180175781
spy,2002-11-18,58.80752182006836
spy,2002-11-19,58.729488372802734
spy,2002-11-20,60.03593063354492
spy,2002-11-21,61.15380859375
spy,2002-11-22,60.71835708618164
spy,2002-11-25,60.75735855102539
spy,2002-11-26,59.60041809082031
spy,2002-11-27,61.277320861816406
spy,2002-11-29,61.082313537597656
spy,2002-12-02,61.17982864379883
spy,2002-12-03,60.36088943481445
spy,2002-12-04,60.087890625
spy,2002-12-05,59.42495346069336
spy,2002-12-06,59.81491470336914
spy,2002-12-09,58.17055130004883
spy,2002-12-10,58.95048904418945
spy,2002-12-11,59.00249481201172
spy,2002-12-12,58.99598693847656
spy,2002-12-13,58.0665168762207
spy,2002-12-16,59.567901611328125
spy,2002-12-17,59.04796600341797
spy,2002-12-18,58.36552810668945
spy,2002-12-19,57.94956970214844
spy,2002-12-20,58.776458740234375
spy,2002-12-23,58.79603958129883
spy,2002-12-24,58.35841369628906
spy,2002-12-26,58.38454055786133
spy,2002-12-27,57.07175064086914
spy,2002-12-30,57.54854202270508
spy,2002-12-31,57.62691116333008
spy,2003-01-02,59.48183059692383
spy,2003-01-03,59.66471862792969
spy,2003-01-06,60.716304779052734
spy,2003-01-07,60.56606674194336
spy,2003-01-08,59.6908073425293
spy,2003-01-09,60.618316650390625
spy,2003-01-10,60.7816047668457
spy,2003-01-13,60.76201248168945
spy,2003-01-14,60.957942962646484
spy,2003-01-15,60.350547790527344
spy,2003-01-16,60.102298736572266
spy,2003-01-17,59.21405792236328
spy,2003-01-21,58.29313278198242
spy,2003-01-22,57.58770751953125
spy,2003-01-23,57.9404411315918
spy,2003-01-24,56.41858673095703
spy,2003-01-27,55.64788818359375
spy,2003-01-28,56.05937576293945
spy,2003-01-29,56.48391342163086
spy,2003-01-30,55.14495086669922
spy,2003-01-31,56.20960235595703
spy,2003-02-03,56.32060241699219
spy,2003-02-04,55.76546096801758
spy,2003-02-05,55.41926956176758
spy,2003-02-06,55.15800857543945
spy,2003-02-07,54.48527526855469
spy,2003-02-10,54.87065887451172
spy,2003-02-11,54.49178695678711
spy,2003-02-12,53.62313461303711
spy,2003-02-13,53.78642654418945
spy,2003-02-14,54.96208190917969
spy,2003-02-18,55.928733825683594
spy,2003-02-19,55.63484191894531
spy,2003-02-20,55.079627990722656
spy,2003-02-21,55.63484191894531
spy,2003-02-24,54.73347091674805
spy,2003-02-25,55.171085357666016
spy,2003-02-26,54.367713928222656
spy,2003-02-27,55.0861701965332
spy,2003-02-28,55.45195388793945
spy,2003-03-03,54.92287826538086
spy,2003-03-04,54.04768753051758
spy,2003-03-05,54.504886627197266
spy,2003-03-06,54.04768753051758
spy,2003-03-07,54.41996765136719
spy,2003-03-10,53.113670349121094
spy,2003-03-11,52.59114456176758
spy,2003-03-12,52.94387435913086
spy,2003-03-13,54.77267837524414
spy,2003-03-14,54.949012756347656
spy,2003-03-17,56.67985916137695
spy,2003-03-18,57.012935638427734
spy,2003-03-19,57.45056915283203
spy,2003-03-20,57.57461929321289
spy,2003-03-21,58.80357360839844
spy,2003-03-24,56.84938049316406
spy,2003-03-25,57.393653869628906
spy,2003-03-26,57.1051139831543
spy,2003-03-27,57.15102005004883
spy,2003-03-28,56.86250686645508
spy,2003-03-31,55.57060623168945
spy,2003-04-01,56.423118591308594
spy,2003-04-02,57.78714370727539
spy,2003-04-03,57.51167297363281
spy,2003-04-04,57.852691650390625
spy,2003-04-07,57.74122619628906
spy,2003-04-08,57.83301544189453
spy,2003-04-09,57.07233810424805
spy,2003-04-10,57.38710021972656
spy,2003-04-11,57.15102005004883
spy,2003-04-14,58.33143615722656
spy,2003-04-15,58.8757438659668
spy,2003-04-16,57.872406005859375
spy,2003-04-17,58.731468200683594
spy,2003-04-21,58.79047393798828
spy,2003-04-22,59.89873123168945
spy,2003-04-23,60.449607849121094
spy,2003-04-24,59.911865234375
spy,2003-04-25,59.17082977294922
spy,2003-04-28,60.19382858276367
spy,2003-04-29,60.403717041015625
spy,2003-04-30,60.27250671386719
spy,2003-05-01,60.26600646972656
spy,2003-05-02,61.125030517578125
spy,2003-05-05,61.00701141357422
spy,2003-05-06,61.584083557128906
spy,2003-05-07,61.24310302734375
spy,2003-05-08,60.62662887573242
spy,2003-05-09,61.466060638427734
spy,2003-05-12,62.22019958496094
spy,2003-05-13,62.10868835449219
spy,2003-05-14,61.97754669189453
spy,2003-05-15,62.37101364135742
spy,2003-05-16,62.2136344909668
spy,2003-05-19,60.757808685302734
spy,2003-05-20,60.633201599121094
spy,2003-05-21,60.757808685302734
spy,2003-05-22,61.361114501953125
spy,2003-05-23,61.48573684692383
spy,2003-05-27,62.56117248535156
spy,2003-05-28,62.73823165893555
spy,2003-05-29,62.574310302734375
spy,2003-05-30,63.57762908935547
spy,2003-06-02,63.83993911743164
spy,2003-06-03,64.10228729248047
spy,2003-06-04,65.02691650390625
spy,2003-06-05,65.34823608398438
spy,2003-06-06,65.09249877929688
spy,2003-06-09,64.43014526367188
spy,2003-06-10,65.08589935302734
spy,2003-06-11,65.77452850341797
spy,2003-06-12,65.97781372070312
spy,2003-06-13,65.28926849365234
spy,2003-06-16,66.66639709472656
spy,2003-06-17,66.66639709472656
spy,2003-06-18,66.60737609863281
spy,2003-06-19,65.59086608886719
spy,2003-06-20,65.44611358642578
spy,2003-06-23,64.77481079101562
spy,2003-06-24,64.84059143066406
spy,2003-06-25,64.18907165527344
spy,2003-06-26,65.02489471435547
spy,2003-06-27,64.27458190917969
spy,2003-06-30,64.25482940673828
spy,2003-07-01,64.84718322753906
spy,2003-07-02,65.66327667236328
spy,2003-07-03,64.98540496826172
spy,2003-07-07,66.275390625
spy,2003-07-08,66.57152557373047
spy,2003-07-09,66.19638061523438
spy,2003-07-10,65.35392761230469
spy,2003-07-11,65.97260284423828
spy,2003-07-14,66.29511260986328
spy,2003-07-15,66.15032958984375
spy,2003-07-16,65.76200866699219
spy,2003-07-17,64.82743835449219
spy,2003-07-18,65.49214935302734
spy,2003-07-21,64.68267059326172
spy,2003-07-22,65.2684097290039
spy,2003-07-23,65.3144760131836
spy,2003-07-24,64.82086181640625
spy,2003-07-25,65.96604919433594
spy,2003-07-28,65.72248077392578
spy,2003-07-29,65.41979217529297
spy,2003-07-30,65.26182556152344
spy,2003-07-31,65.4132308959961
spy,2003-08-01,64.83403015136719
spy,2003-08-04,64.83403015136719
spy,2003-08-05,63.4584846496582
spy,2003-08-06,63.82708740234375
spy,2003-08-07,64.49833679199219
spy,2003-08-08,64.68267059326172
spy,2003-08-11,64.92619323730469
spy,2003-08-12,65.51849365234375
spy,2003-08-13,65.1828384399414
spy,2003-08-14,65.36051177978516
spy,2003-08-15,65.56458282470703
spy,2003-08-18,66.13057708740234
spy,2003-08-19,66.38065338134766
spy,2003-08-20,66.11082458496094
spy,2003-08-21,66.3214111328125
spy,2003-08-22,65.66327667236328
spy,2003-08-25,65.76856994628906
spy,2003-08-26,65.8870620727539
spy,2003-08-27,65.90681457519531
spy,2003-08-28,66.31484985351562
spy,2003-08-29,66.76242065429688
spy,2003-09-02,67.65746307373047
spy,2003-09-03,68.02601623535156
spy,2003-09-04,68.0589599609375
spy,2003-09-05,67.67720794677734
spy,2003-09-08,68.23661804199219
spy,2003-09-09,67.7890853881836
spy,2003-09-10,67.10466003417969
spy,2003-09-11,67.30207824707031
spy,2003-09-12,67.42708587646484
spy,2003-09-15,67.19019317626953
spy,2003-09-16,68.17082977294922
spy,2003-09-17,68.03919982910156
spy,2003-09-18,68.84212493896484
spy,2003-09-19,68.4919662475586
spy,2003-09-22,67.75203704833984
spy,2003-09-23,68.00968933105469
spy,2003-09-24,66.80066680908203
spy,2003-09-25,66.25228118896484
spy,2003-09-26,66.03428649902344
spy,2003-09-29,66.6817398071289
spy,2003-09-30,66.03428649902344
spy,2003-10-01,67.4415283203125
spy,2003-10-02,67.68595123291016
spy,2003-10-03,68.30699157714844
spy,2003-10-06,68.61746978759766
spy,2003-10-07,68.88177490234375
spy,2003-10-08,68.70999145507812
spy,2003-10-09,68.89498138427734
spy,2003-10-10,69.0865707397461
spy,2003-10-13,69.30461120605469
spy,2003-10-14,69.54902648925781
spy,2003-10-15,69.36405944824219
spy,2003-10-16,69.64153289794922
spy,2003-10-17,68.88177490234375
spy,2003-10-20,69.3970718383789
spy,2003-10-21,69.27815246582031
spy,2003-10-22,68.40609741210938
spy,2003-10-23,68.2805404663086
spy,2003-10-24,68.43252563476562
spy,2003-10-27,68.4655532836914
spy,2003-10-28,69.3970718383789
spy,2003-10-29,69.4896011352539
spy,2003-10-30,69.63491821289062
spy,2003-10-31,69.56888580322266
spy,2003-11-03,70.02471160888672
spy,2003-11-04,69.87278747558594
spy,2003-11-05,69.92564392089844
spy,2003-11-06,70.29560852050781
spy,2003-11-07,69.7737045288086
spy,2003-11-10,69.4896011352539
spy,2003-11-11,69.46977996826172
spy,2003-11-12,70.24935913085938
spy,2003-11-13,70.2691879272461
spy,2003-11-14,69.67459869384766
spy,2003-11-17,69.32442474365234
spy,2003-11-18,68.60432434082031
spy,2003-11-19,69.18569946289062
spy,2003-11-20,68.56464385986328
spy,2003-11-21,68.84870910644531
spy,2003-11-24,69.76044464111328
spy,2003-11-25,70.02471160888672
spy,2003-11-26,70.2757797241211
spy,2003-11-28,70.32865905761719
spy,2003-12-01,71.08839416503906
spy,2003-12-02,70.9100570678711
spy,2003-12-03,70.79773712158203
spy,2003-12-04,71.08839416503906
spy,2003-12-05,70.5929183959961
spy,2003-12-08,71.06859588623047
spy,2003-12-09,70.5202407836914
spy,2003-12-10,70.51360321044922
spy,2003-12-11,71.30646514892578
spy,2003-12-12,71.44519805908203
spy,2003-12-15,71.08839416503906
spy,2003-12-16,71.4583740234375
spy,2003-12-17,71.6830062866211
spy,2003-12-18,72.48905944824219
spy,2003-12-19,72.28724670410156
spy,2003-12-22,72.791748046875
spy,2003-12-23,72.83821105957031
spy,2003-12-24,72.76517486572266
spy,2003-12-26,72.81829833984375
spy,2003-12-29,73.78743743896484
spy,2003-12-30,73.80072021484375
spy,2003-12-31,73.86708068847656
spy,2004-01-02,73.83390045166016
spy,2004-01-05,74.63709259033203
spy,2004-01-06,74.71007537841797
spy,2004-01-07,74.96233367919922
spy,2004-01-08,75.26105499267578
spy,2004-01-09,74.6039047241211
spy,2004-01-12,75.15481567382812
spy,2004-01-13,74.71673583984375
spy,2004-01-14,75.34072875976562
spy,2004-01-15,75.52656555175781
spy,2004-01-16,75.82527160644531
spy,2004-01-20,75.80538177490234
spy,2004-01-21,76.40275573730469
spy,2004-01-22,76.20362854003906
spy,2004-01-23,75.95805358886719
spy,2004-01-26,76.91390991210938
spy,2004-01-27,76.12396240234375
spy,2004-01-28,75.25443267822266
spy,2004-01-29,75.32743835449219
spy,2004-01-30,75.32743835449219
spy,2004-02-02,75.6527099609375
spy,2004-02-03,75.52656555175781
spy,2004-02-04,74.90926361083984
spy,2004-02-05,75.1282958984375
spy,2004-02-06,75.97130584716797
spy,2004-02-09,75.99121856689453
spy,2004-02-10,76.23680877685547
spy,2004-02-11,77.04666137695312
spy,2004-02-12,76.76785278320312
spy,2004-02-13,76.42268371582031
spy,2004-02-17,77.113037109375
spy,2004-02-18,76.77450561523438
spy,2004-02-19,76.48910522460938
spy,2004-02-20,76.25675201416016
spy,2004-02-23,76.06425476074219
spy,2004-02-24,75.9314956665039
spy,2004-02-25,76.2501220703125
spy,2004-02-26,76.29656982421875
spy,2004-02-27,76.34966278076172
spy,2004-03-01,77.10641479492188
spy,2004-03-02,76.655029296875
spy,2004-03-03,76.79440307617188
spy,2004-03-04,76.99357604980469
spy,2004-03-05,77.25239562988281
spy,2004-03-08,76.30986785888672
spy,2004-03-09,76.00452423095703
spy,2004-03-10,74.73002624511719
spy,2004-03-11,73.7608871459961
spy,2004-03-12,74.73002624511719
spy,2004-03-15,73.81394958496094
spy,2004-03-16,74.20563507080078
spy,2004-03-17,75.03538513183594
spy,2004-03-18,75.05524444580078
spy,2004-03-19,73.97948455810547
spy,2004-03-22,73.04026794433594
spy,2004-03-23,72.91370391845703
spy,2004-03-24,72.97367858886719
spy,2004-03-25,73.93954467773438
spy,2004-03-26,73.9594497680664
spy,2004-03-29,74.99864959716797
spy,2004-03-30,75.25178527832031
spy,2004-03-31,75.33834838867188
spy,2004-04-01,75.79133605957031
spy,2004-04-02,76.36421966552734
spy,2004-04-05,76.78385162353516
spy,2004-04-06,76.53739166259766
spy,2004-04-07,76.3575439453125
spy,2004-04-08,76.18434143066406
spy,2004-04-12,76.48412322998047
spy,2004-04-13,75.41165161132812
spy,2004-04-14,75.53156280517578
spy,2004-04-15,75.24510955810547
spy,2004-04-16,75.82466125488281
spy,2004-04-19,75.82466125488281
spy,2004-04-20,74.55235290527344
spy,2004-04-21,75.05194091796875
spy,2004-04-22,76.10442352294922
spy,2004-04-23,76.17768859863281
spy,2004-04-26,76.07109832763672
spy,2004-04-27,76.13772583007812
spy,2004-04-28,75.15185546875
spy,2004-04-29,74.49241638183594
spy,2004-04-30,73.9128646850586
spy,2004-05-03,74.70553588867188
spy,2004-05-04,74.6456069946289
spy,2004-05-05,75.12520599365234
spy,2004-05-06,74.4791030883789
spy,2004-05-07,73.24678039550781
spy,2004-05-10,72.49403381347656
spy,2004-05-11,73.10685729980469
spy,2004-05-12,73.5731430053711
spy,2004-05-13,73.2667465209961
spy,2004-05-14,73.30006408691406
spy,2004-05-17,72.67388916015625
spy,2004-05-18,73.04026794433594
spy,2004-05-19,72.78713989257812
spy,2004-05-20,73.02027130126953
spy,2004-05-21,73.14681243896484
spy,2004-05-24,73.4532470703125
spy,2004-05-25,74.50572204589844
spy,2004-05-26,74.7655029296875
spy,2004-05-27,75.18519592285156
spy,2004-05-28,75.17850494384766
spy,2004-06-01,75.07859802246094
spy,2004-06-02,75.35840606689453
spy,2004-06-03,74.66561126708984
spy,2004-06-04,75.25848388671875
spy,2004-06-07,76.40415954589844
spy,2004-06-08,76.51073455810547
spy,2004-06-09,75.7979965209961
spy,2004-06-10,76.1710433959961
spy,2004-06-14,75.41828918457031
spy,2004-06-15,75.9511947631836
spy,2004-06-16,75.93789672851562
spy,2004-06-17,75.82466125488281
spy,2004-06-18,75.96771240234375
spy,2004-06-21,75.68022155761719
spy,2004-06-22,76.06132507324219
spy,2004-06-23,76.71649932861328
spy,2004-06-24,76.4758071899414
spy,2004-06-25,76.10810089111328
spy,2004-06-28,75.84740447998047
spy,2004-06-29,76.1615982055664
spy,2004-06-30,76.56941223144531
spy,2004-07-01,75.50640106201172
spy,2004-07-02,75.46632385253906
spy,2004-07-06,74.8044204711914
spy,2004-07-07,75.02506256103516
spy,2004-07-08,74.50357055664062
spy,2004-07-09,74.69744873046875
spy,2004-07-12,74.73088836669922
spy,2004-07-13,74.78436279296875
spy,2004-07-14,74.55709075927734
spy,2004-07-15,74.07571411132812
spy,2004-07-16,74.01556396484375
spy,2004-07-19,73.70133972167969
spy,2004-07-20,74.63731384277344
spy,2004-07-21,73.26007080078125
spy,2004-07-22,73.4606704711914
spy,2004-07-23,72.8455581665039
spy,2004-07-26,72.70516967773438
spy,2004-07-27,73.38710021972656
spy,2004-07-28,73.60771942138672
spy,2004-07-29,73.92193603515625
spy,2004-07-30,74.1024398803711
spy,2004-08-02,74.25621795654297
spy,2004-08-03,73.68123626708984
spy,2004-08-04,73.674560546875
spy,2004-08-05,72.47117614746094
spy,2004-08-06,71.43492126464844
spy,2004-08-09,71.53523254394531
spy,2004-08-10,72.45780181884766
spy,2004-08-11,72.3107681274414
spy,2004-08-12,71.52183532714844
spy,2004-08-13,71.66224670410156
spy,2004-08-16,72.40434265136719
spy,2004-08-17,72.8121566772461
spy,2004-08-18,73.56090545654297
spy,2004-08-19,73.34696197509766
spy,2004-08-20,73.86177825927734
spy,2004-08-23,73.674560546875
spy,2004-08-24,73.7748794555664
spy,2004-08-25,74.27628326416016
spy,2004-08-26,74.27628326416016
spy,2004-08-27,74.51029968261719
spy,2004-08-30,73.89521026611328
spy,2004-08-31,74.28296661376953
spy,2004-09-01,74.42333984375
spy,2004-09-02,75.26570129394531
spy,2004-09-03,74.95820617675781
spy,2004-09-07,75.45292663574219
spy,2004-09-08,75.26570129394531
spy,2004-09-09,75.19888305664062
spy,2004-09-10,75.5866470336914
spy,2004-09-13,75.83399200439453
spy,2004-09-14,75.98777770996094
spy,2004-09-15,75.41283416748047
spy,2004-09-16,75.64013671875
spy,2004-09-17,75.9616928100586
spy,2004-09-20,75.50516510009766
spy,2004-09-21,75.83413696289062
spy,2004-09-22,74.8875732421875
spy,2004-09-23,74.4847640991211
spy,2004-09-24,74.8271484375
spy,2004-09-27,74.35049438476562
spy,2004-09-28,74.70628356933594
spy,2004-09-29,75.08222961425781
spy,2004-09-30,75.0285415649414
spy,2004-10-01,76.2973403930664
spy,2004-10-04,76.42491912841797
spy,2004-10-05,76.46521759033203
spy,2004-10-06,76.98883819580078
spy,2004-10-07,76.16311645507812
spy,2004-10-08,75.53202819824219
spy,2004-10-11,75.84085845947266
spy,2004-10-12,75.54545593261719
spy,2004-10-13,74.88086700439453
spy,2004-10-14,74.27665710449219
spy,2004-10-15,74.69287872314453
spy,2004-10-18,74.97481536865234
spy,2004-10-19,74.3437728881836
spy,2004-10-20,74.19609832763672
spy,2004-10-21,74.67945098876953
spy,2004-10-22,73.84025573730469
spy,2004-10-25,73.7530288696289
spy,2004-10-26,74.88086700439453
spy,2004-10-27,75.78042602539062
spy,2004-10-28,76.00871276855469
spy,2004-10-29,75.9952392578125
spy,2004-11-01,76.20337677001953
spy,2004-11-02,76.2302474975586
spy,2004-11-03,77.19022369384766
spy,2004-11-04,78.24422454833984
spy,2004-11-05,78.73429870605469
spy,2004-11-08,78.62022399902344
spy,2004-11-09,78.46578216552734
spy,2004-11-10,78.52618408203125
spy,2004-11-11,79.12371063232422
spy,2004-11-12,79.748046875
spy,2004-11-15,79.94397735595703
spy,2004-11-16,79.37166595458984
spy,2004-11-17,79.84295654296875
spy,2004-11-18,79.95068359375
spy,2004-11-19,79.06192779541016
spy,2004-11-22,79.43899536132812
spy,2004-11-23,79.5601806640625
spy,2004-11-24,79.74871063232422
spy,2004-11-26,79.68810272216797
spy,2004-11-29,79.32452392578125
spy,2004-11-30,79.37837982177734
spy,2004-12-01,80.2806167602539
spy,2004-12-02,80.34799194335938
spy,2004-12-03,80.2940902709961
spy,2004-12-06,80.26717376708984
spy,2004-12-07,79.5197982788086
spy,2004-12-08,79.9843521118164
spy,2004-12-09,80.26717376708984
spy,2004-12-10,80.34799194335938
spy,2004-12-13,81.0482406616211
spy,2004-12-14,81.33100128173828
spy,2004-12-15,81.39163208007812
spy,2004-12-16,81.34445190429688
spy,2004-12-17,80.80193328857422
spy,2004-12-20,80.82221984863281
spy,2004-12-21,81.44459533691406
spy,2004-12-22,81.64078521728516
spy,2004-12-23,81.70166015625
spy,2004-12-27,81.53255462646484
spy,2004-12-28,81.97906494140625
spy,2004-12-29,82.10083770751953
spy,2004-12-30,81.94522094726562
spy,2004-12-31,81.76933288574219
spy,2005-01-03,81.38371276855469
spy,2005-01-04,80.38927459716797
spy,2005-01-05,79.83453369140625
spy,2005-01-06,80.24042510986328
spy,2005-01-07,80.12543487548828
spy,2005-01-10,80.50426483154297
spy,2005-01-11,79.94953918457031
spy,2005-01-12,80.21334838867188
spy,2005-01-13,79.5707015991211
spy,2005-01-14,79.99009704589844
spy,2005-01-18,80.82221984863281
spy,2005-01-19,79.97661590576172
spy,2005-01-20,79.48951721191406
spy,2005-01-21,79.00241088867188
spy,2005-01-24,78.84683990478516
spy,2005-01-25,79.0700912475586
spy,2005-01-26,79.30680084228516
spy,2005-01-27,79.4421615600586
spy,2005-01-28,79.4421615600586
spy,2005-01-31,79.9360122680664
spy,2005-02-01,80.44339752197266
spy,2005-02-02,80.68692016601562
spy,2005-02-03,80.47723388671875
spy,2005-02-04,81.33637237548828
spy,2005-02-07,81.22811126708984
spy,2005-02-08,81.32283782958984
spy,2005-02-09,80.71401977539062
spy,2005-02-10,81.00486755371094
spy,2005-02-11,81.70166015625
spy,2005-02-14,81.64078521728516
spy,2005-02-15,81.94522094726562
spy,2005-02-16,81.99934387207031
spy,2005-02-17,81.33637237548828
spy,2005-02-18,81.44459533691406
spy,2005-02-22,80.23370361328125
spy,2005-02-23,80.80868530273438
spy,2005-02-24,81.34312438964844
spy,2005-02-25,82.14817810058594
spy,2005-02-28,81.60698699951172
spy,2005-03-01,82.01289367675781
spy,2005-03-02,81.97227478027344
spy,2005-03-03,82.00608825683594
spy,2005-03-04,83.02765655517578
spy,2005-03-07,83.06822967529297
spy,2005-03-08,82.75703430175781
spy,2005-03-09,81.83696746826172
spy,2005-03-10,82.0196304321289
spy,2005-03-11,81.44459533691406
spy,2005-03-14,81.95195770263672
spy,2005-03-15,81.27550506591797
spy,2005-03-16,80.5854721069336
spy,2005-03-17,80.74783325195312
spy,2005-03-18,80.5080795288086
spy,2005-03-21,80.20925903320312
spy,2005-03-22,79.39422607421875
spy,2005-03-23,79.46214294433594
spy,2005-03-24,79.55725860595703
spy,2005-03-28,79.67268371582031
spy,2005-03-29,79.1429443359375
spy,2005-03-30,80.26359558105469
spy,2005-03-31,80.1141357421875
spy,2005-04-01,79.75418090820312
spy,2005-04-04,79.8900375366211
spy,2005-04-05,80.27037048339844
spy,2005-04-06,80.54883575439453
spy,2005-04-07,80.98348999023438
spy,2005-04-08,80.14131164550781
spy,2005-04-11,80.20243835449219
spy,2005-04-12,80.6167221069336
spy,2005-04-13,79.66593933105469
spy,2005-04-14,78.62677764892578
spy,2005-04-15,77.52652740478516
spy,2005-04-18,77.7642593383789
spy,2005-04-19,78.3823013305664
spy,2005-04-20,77.28887176513672
spy,2005-04-21,78.78977966308594
spy,2005-04-22,78.49092864990234
spy,2005-04-25,79.00708770751953
spy,2005-04-26,78.23961639404297
spy,2005-04-27,78.5452880859375
spy,2005-04-28,77.5605239868164
spy,2005-04-29,78.61320495605469
spy,2005-05-02,79.05467987060547
spy,2005-05-03,79.19043731689453
spy,2005-05-04,79.80175018310547
spy,2005-05-05,79.77458953857422
spy,2005-05-06,79.52327728271484
spy,2005-05-09,80.01908874511719
spy,2005-05-10,79.19043731689453
spy,2005-05-11,79.62512969970703
spy,2005-05-12,78.7490463256836
spy,2005-05-13,78.59283447265625
spy,2005-05-16,79.3263168334961
spy,2005-05-17,79.8560562133789
spy,2005-05-18,80.67782592773438
spy,2005-05-19,81.01746368408203
spy,2005-05-20,80.9020004272461
spy,2005-05-23,81.3502197265625
spy,2005-05-24,81.16007232666016
spy,2005-05-25,81.09893035888672
spy,2005-05-26,81.53361511230469
spy,2005-05-27,81.66947174072266
spy,2005-05-31,81.14649963378906
spy,2005-06-01,81.83924865722656
spy,2005-06-02,82.01580810546875
spy,2005-06-03,81.60150909423828
spy,2005-06-06,81.52679443359375
spy,2005-06-07,81.58790588378906
spy,2005-06-08,81.43853759765625
spy,2005-06-09,81.82563781738281
spy,2005-06-10,81.63548278808594
spy,2005-06-13,81.8935546875
spy,2005-06-14,82.08374786376953
spy,2005-06-15,82.2398910522461
spy,2005-06-16,82.45044708251953
spy,2005-06-17,82.75598907470703
spy,2005-06-20,82.78327178955078
spy,2005-06-21,82.83097076416016
spy,2005-06-22,82.899169921875
spy,2005-06-23,81.73314666748047
spy,2005-06-24,81.13302612304688
spy,2005-06-27,81.24899291992188
spy,2005-06-28,81.93085479736328
spy,2005-06-29,81.71263885498047
spy,2005-06-30,81.26940155029297
spy,2005-07-01,81.5080795288086
spy,2005-07-05,82.16271209716797
spy,2005-07-06,81.47396850585938
spy,2005-07-07,81.79448699951172
spy,2005-07-08,82.72869873046875
spy,2005-07-11,83.15147399902344
spy,2005-07-12,83.36969757080078
spy,2005-07-13,83.48561096191406
spy,2005-07-14,83.81294250488281
spy,2005-07-15,83.76517486572266
spy,2005-07-18,83.43104553222656
spy,2005-07-19,83.88792419433594
spy,2005-07-20,84.17432403564453
spy,2005-07-21,83.68334197998047
spy,2005-07-22,84.2425537109375
spy,2005-07-25,84.00382232666016
spy,2005-07-26,84.10612487792969
spy,2005-07-27,84.41300201416016
spy,2005-07-28,84.94488525390625
spy,2005-07-29,84.37887573242188
spy,2005-08-01,84.31754302978516
spy,2005-08-02,84.8221435546875
spy,2005-08-03,85.04715728759766
spy,2005-08-04,84.36526489257812
spy,2005-08-05,83.79244995117188
spy,2005-08-08,83.63562774658203
spy,2005-08-09,84.14022064208984
spy,2005-08-10,84.09933471679688
spy,2005-08-11,84.43344116210938
spy,2005-08-12,83.91517639160156
spy,2005-08-15,84.43344116210938
spy,2005-08-16,83.33560943603516
spy,2005-08-17,83.32875061035156
spy,2005-08-18,83.32196807861328
spy,2005-08-19,83.51290130615234
spy,2005-08-22,83.51290130615234
spy,2005-08-23,83.3560562133789
spy,2005-08-24,82.61276245117188
spy,2005-08-25,82.91280364990234
spy,2005-08-26,82.34680938720703
spy,2005-08-29,82.98100280761719
spy,2005-08-30,82.5445785522461
spy,2005-08-31,83.58788299560547
spy,2005-09-01,83.5265121459961
spy,2005-09-02,83.37651824951172
spy,2005-09-06,84.35165405273438
spy,2005-09-07,84.49484252929688
spy,2005-09-08,84.21525573730469
spy,2005-09-09,84.9653091430664
spy,2005-09-12,84.79488372802734
spy,2005-09-13,84.32435607910156
spy,2005-09-14,84.0174789428711
spy,2005-09-15,83.97657012939453
spy,2005-09-16,84.57373046875
spy,2005-09-19,84.29295349121094
spy,2005-09-20,83.58078002929688
spy,2005-09-21,82.80006408691406
spy,2005-09-22,83.09453582763672
spy,2005-09-23,83.16303253173828
spy,2005-09-26,83.25890350341797
spy,2005-09-27,83.23836517333984
spy,2005-09-28,83.32051086425781
spy,2005-09-29,83.99850463867188
spy,2005-09-30,84.2586898803711
spy,2005-10-03,83.95740509033203
spy,2005-10-04,83.01234436035156
spy,2005-10-05,81.92353820800781
spy,2005-10-06,81.6290283203125
spy,2005-10-07,81.90983581542969
spy,2005-10-10,81.21817779541016
spy,2005-10-11,81.10176849365234
spy,2005-10-12,80.46489715576172
spy,2005-10-13,80.41695404052734
spy,2005-10-14,81.26609802246094
spy,2005-10-17,81.56742858886719
spy,2005-10-18,80.68400573730469
spy,2005-10-19,82.02629852294922
spy,2005-10-20,80.581298828125
spy,2005-10-21,80.89630126953125
spy,2005-10-24,82.14949035644531
spy,2005-10-25,81.98515319824219
spy,2005-10-26,81.7454833984375
spy,2005-10-27,80.87576293945312
spy,2005-10-28,82.03993225097656
spy,2005-10-31,82.26591491699219
spy,2005-11-01,82.51246643066406
spy,2005-11-02,83.37533569335938
spy,2005-11-03,83.73143768310547
spy,2005-11-04,83.62181854248047
spy,2005-11-07,83.70407104492188
spy,2005-11-08,83.70407104492188
spy,2005-11-09,83.8135986328125
spy,2005-11-10,84.46415710449219
spy,2005-11-11,84.75176239013672
spy,2005-11-14,84.703857421875
spy,2005-11-15,84.39566802978516
spy,2005-11-16,84.56685638427734
spy,2005-11-17,85.35440826416016
spy,2005-11-18,85.68994903564453
spy,2005-11-21,86.12139129638672
spy,2005-11-22,86.49120330810547
spy,2005-11-23,86.9910659790039
spy,2005-11-25,87.0595703125
spy,2005-11-28,86.44326782226562
spy,2005-11-29,86.34738159179688
spy,2005-11-30,85.88175201416016
spy,2005-12-01,86.75826263427734
spy,2005-12-02,86.86782836914062
spy,2005-12-05,86.68294525146484
spy,2005-12-06,86.8472671508789
spy,2005-12-07,86.34053039550781
spy,2005-12-08,86.2857666015625
spy,2005-12-09,86.5117416381836
spy,2005-12-12,86.59390258789062
spy,2005-12-13,87.18285369873047
spy,2005-12-14,87.52525329589844
spy,2005-12-15,87.2718734741211
spy,2005-12-16,86.99095916748047
spy,2005-12-19,86.54351043701172
spy,2005-12-20,86.6261215209961
spy,2005-12-21,86.7638168334961
spy,2005-12-22,87.21817016601562
spy,2005-12-23,87.26632690429688
spy,2005-12-27,86.3782730102539
spy,2005-12-28,86.571044921875
spy,2005-12-29,86.18551635742188
spy,2005-12-30,85.7174072265625
spy,2006-01-03,87.22502136230469
spy,2006-01-04,87.63809967041016
spy,2006-01-05,87.69320678710938
spy,2006-01-06,88.42293548583984
spy,2006-01-09,88.650146484375
spy,2006-01-10,88.73959350585938
spy,2006-01-11,89.0218734741211
spy,2006-01-12,88.6707534790039
spy,2006-01-13,88.588134765625
spy,2006-01-17,88.3471908569336
spy,2006-01-18,87.99610900878906
spy,2006-01-19,88.33342742919922
spy,2006-01-20,86.72248077392578
spy,2006-01-23,87.03228759765625
spy,2006-01-24,87.12178039550781
spy,2006-01-25,87.19755554199219
spy,2006-01-26,87.67939758300781
spy,2006-01-27,88.49180603027344
spy,2006-01-30,88.42293548583984
spy,2006-01-31,87.77582550048828
spy,2006-02-01,88.38850402832031
spy,2006-02-02,87.36271667480469
spy,2006-02-03,86.92904663085938
spy,2006-02-06,87.15621948242188
spy,2006-02-07,86.38516998291016
spy,2006-02-08,87.17000579833984
spy,2006-02-09,87.02539825439453
spy,2006-02-10,87.18377685546875
spy,2006-02-13,87.02539825439453
spy,2006-02-14,87.94792938232422
spy,2006-02-15,88.25774383544922
spy,2006-02-16,88.91858673095703
spy,2006-02-17,88.67766571044922
spy,2006-02-21,88.45735168457031
spy,2006-02-22,88.99433898925781
spy,2006-02-23,88.86351013183594
spy,2006-02-24,89.09070587158203
spy,2006-02-27,89.12515258789062
spy,2006-02-28,88.27836608886719
spy,2006-03-01,89.06319427490234
spy,2006-03-02,89.05626678466797
spy,2006-03-03,88.64324188232422
spy,2006-03-06,88.23707580566406
spy,2006-03-07,88.09937286376953
spy,2006-03-08,88.28527069091797
spy,2006-03-09,87.69320678710938
spy,2006-03-10,88.52622985839844
spy,2006-03-13,88.6914291381836
spy,2006-03-14,89.62081146240234
spy,2006-03-15,90.02009582519531
spy,2006-03-16,90.20598602294922
spy,2006-03-17,90.28130340576172
spy,2006-03-20,90.13618469238281
spy,2006-03-21,89.5694351196289
spy,2006-03-22,90.11544036865234
spy,2006-03-23,89.92884063720703
spy,2006-03-24,89.99795532226562
spy,2006-03-27,89.86663818359375
spy,2006-03-28,89.31365966796875
spy,2006-03-29,89.87352752685547
spy,2006-03-30,89.71456909179688
spy,2006-03-31,89.73534393310547
spy,2006-04-03,89.66618347167969
spy,2006-04-04,90.23986053466797
spy,2006-04-05,90.55088806152344
spy,2006-04-06,90.45413970947266
spy,2006-04-07,89.53483581542969
spy,2006-04-10,89.67308807373047
spy,2006-04-11,88.9128189086914
spy,2006-04-12,89.07868194580078
spy,2006-04-13,88.96118927001953
spy,2006-04-17,88.92664337158203
spy,2006-04-18,90.33660888671875
spy,2006-04-19,90.5094223022461
spy,2006-04-20,90.63384246826172
spy,2006-04-21,90.64764404296875
spy,2006-04-24,90.48175811767578
spy,2006-04-25,90.10852813720703
spy,2006-04-26,90.1292724609375
spy,2006-04-27,90.56468200683594
spy,2006-04-28,90.86882019042969
spy,2006-05-01,90.1292724609375
spy,2006-05-02,90.806640625
spy,2006-05-03,90.46792602539062
spy,2006-05-04,90.79278564453125
spy,2006-05-05,91.59453582763672
spy,2006-05-08,91.48395538330078
spy,2006-05-09,91.66366577148438
spy,2006-05-10,91.61528015136719
spy,2006-05-11,90.5094223022461
spy,2006-05-12,89.32749938964844
spy,2006-05-15,89.50721740722656
spy,2006-05-16,89.3758773803711
spy,2006-05-17,87.6755599975586
spy,2006-05-18,87.23323822021484
spy,2006-05-19,87.8483657836914
spy,2006-05-22,87.17794036865234
spy,2006-05-23,86.51441192626953
spy,2006-05-24,87.20559692382812
spy,2006-05-25,88.28385162353516
spy,2006-05-26,88.73312377929688
spy,2006-05-30,87.15723419189453
spy,2006-05-31,88.13178253173828
spy,2006-06-01,88.9749984741211
spy,2006-06-02,89.16161346435547
spy,2006-06-05,87.86223602294922
spy,2006-06-06,87.64793395996094
spy,2006-06-07,86.9913330078125
spy,2006-06-08,86.91533660888672
spy,2006-06-09,86.63883972167969
spy,2006-06-12,85.6988296508789
spy,2006-06-13,84.70357513427734
spy,2006-06-14,85.36013793945312
spy,2006-06-15,87.1710205078125
spy,2006-06-16,86.53583526611328
spy,2006-06-19,85.85545349121094
spy,2006-06-20,86.14703369140625
spy,2006-06-21,86.78569793701172
spy,2006-06-22,86.40390014648438
spy,2006-06-23,86.3900375366211
spy,2006-06-26,86.77185821533203
spy,2006-06-27,86.0220718383789
spy,2006-06-28,86.60523986816406
spy,2006-06-29,88.35469818115234
spy,2006-06-30,88.36163330078125
spy,2006-07-03,88.72264099121094
spy,2006-07-05,88.21585083007812
spy,2006-07-06,88.47274017333984
spy,2006-07-07,87.89649963378906
spy,2006-07-10,88.06309509277344
spy,2006-07-11,88.45189666748047
spy,2006-07-12,87.50774383544922
spy,2006-07-13,86.08454895019531
spy,2006-07-14,85.75132751464844
spy,2006-07-17,85.62637329101562
spy,2006-07-18,86.06376647949219
spy,2006-07-19,87.2577896118164
spy,2006-07-20,86.6607894897461
spy,2006-07-21,86.04985046386719
spy,2006-07-24,87.61880493164062
spy,2006-07-25,87.93118286132812
spy,2006-07-26,88.04924011230469
spy,2006-07-27,87.9659194946289
spy,2006-07-28,88.84762573242188
spy,2006-07-31,88.75735473632812
spy,2006-08-01,88.31998443603516
spy,2006-08-02,88.9170150756836
spy,2006-08-03,89.15306091308594
spy,2006-08-04,89.00032806396484
spy,2006-08-07,88.79206848144531
spy,2006-08-08,88.45189666748047
spy,2006-08-09,88.15339660644531
spy,2006-08-10,88.42414093017578
spy,2006-08-11,88.17420959472656
spy,2006-08-14,88.24361419677734
spy,2006-08-15,89.29881286621094
spy,2006-08-16,90.0416488647461
spy,2006-08-17,90.27076721191406
spy,2006-08-18,90.72894287109375
spy,2006-08-21,90.34020233154297
spy,2006-08-22,90.33326721191406
spy,2006-08-23,90.0833511352539
spy,2006-08-24,90.00696563720703
spy,2006-08-25,90.11803436279297
spy,2006-08-28,90.54849243164062
spy,2006-08-29,90.65261840820312
spy,2006-08-30,90.7081298828125
spy,2006-08-31,90.69426727294922
spy,2006-09-01,91.23575592041016
spy,2006-09-05,91.4093246459961
spy,2006-09-06,90.60401153564453
spy,2006-09-07,90.18746185302734
spy,2006-09-08,90.44430541992188
spy,2006-09-11,90.53458404541016
spy,2006-09-12,91.42321014404297
spy,2006-09-13,91.79114532470703
spy,2006-09-14,91.79808807373047
spy,2006-09-15,92.0135726928711
spy,2006-09-18,92.13906860351562
spy,2006-09-19,91.90894317626953
spy,2006-09-20,92.39706420898438
spy,2006-09-21,91.9508056640625
spy,2006-09-22,91.67185974121094
spy,2006-09-25,92.37614440917969
spy,2006-09-26,93.1431655883789
spy,2006-09-27,93.25470733642578
spy,2006-09-28,93.21984100341797
spy,2006-09-29,93.1431655883789
spy,2006-10-02,92.79450988769531
spy,2006-10-03,92.9897232055664
spy,2006-10-04,94.07749938964844
spy,2006-10-05,94.25879669189453
spy,2006-10-06,94.14025115966797
spy,2006-10-09,94.196044921875
spy,2006-10-10,94.32156372070312
spy,2006-10-11,94.20997619628906
spy,2006-10-12,95.02579498291016
spy,2006-10-13,95.26983642578125
spy,2006-10-16,95.4162826538086
spy,2006-10-17,95.11647033691406
spy,2006-10-18,95.24195098876953
spy,2006-10-19,95.3954086303711
spy,2006-10-20,95.4162826538086
spy,2006-10-23,95.85555267333984
spy,2006-10-24,96.14146423339844
spy,2006-10-25,96.46916961669922
spy,2006-10-26,96.76901245117188
spy,2006-10-27,96.16238403320312
spy,2006-10-30,96.0926742553711
spy,2006-10-31,96.07872009277344
spy,2006-11-01,95.43026733398438
spy,2006-11-02,95.37442016601562
spy,2006-11-03,95.20708465576172
spy,2006-11-06,96.28096771240234
spy,2006-11-07,96.65045928955078
spy,2006-11-08,96.85964965820312
spy,2006-11-09,96.35063934326172
spy,2006-11-10,96.39247131347656
spy,2006-11-13,96.62952423095703
spy,2006-11-14,97.35472869873047
spy,2006-11-15,97.63365936279297
spy,2006-11-16,97.88470458984375
spy,2006-11-17,97.91254425048828
spy,2006-11-20,97.96837615966797
spy,2006-11-21,98.0659408569336
spy,2006-11-22,98.26118469238281
spy,2006-11-24,97.86376953125
spy,2006-11-27,96.51795959472656
spy,2006-11-28,96.93639373779297
spy,2006-11-29,97.94740295410156
spy,2006-11-30,97.98930358886719
spy,2006-12-01,97.7730941772461
spy,2006-12-04,98.51919555664062
spy,2006-12-05,98.94454956054688
spy,2006-12-06,98.86087036132812
spy,2006-12-07,98.4285659790039
spy,2006-12-08,98.60985565185547
spy,2006-12-11,98.89572143554688
spy,2006-12-12,98.81903076171875
spy,2006-12-13,98.92362976074219
spy,2006-12-14,99.79522705078125
spy,2006-12-15,99.80438232421875
spy,2006-12-18,99.53087615966797
spy,2006-12-19,99.72020721435547
spy,2006-12-20,99.6640853881836
spy,2006-12-21,99.29949188232422
spy,2006-12-22,98.68946838378906
spy,2006-12-26,99.27140045166016
spy,2006-12-27,99.92350006103516
spy,2006-12-28,99.71318817138672
spy,2006-12-29,99.29949188232422
spy,2007-01-03,99.12422180175781
spy,2007-01-04,99.33455657958984
spy,2007-01-05,98.54220581054688
spy,2007-01-08,98.99800109863281
spy,2007-01-09,98.91388702392578
spy,2007-01-10,99.24344635009766
spy,2007-01-11,99.67814636230469
spy,2007-01-12,100.43540954589844
spy,2007-01-16,100.23905181884766
spy,2007-01-17,100.28116607666016
spy,2007-01-18,99.94457244873047
spy,2007-01-19,100.1408920288086
spy,2007-01-22,99.8323745727539
spy,2007-01-23,100.12694549560547
spy,2007-01-24,100.93323516845703
spy,2007-01-25,99.74821472167969
spy,2007-01-26,99.6571044921875
spy,2007-01-29,99.60101318359375
spy,2007-01-30,100.1198501586914
spy,2007-01-31,100.79298400878906
spy,2007-02-01,101.39601135253906
spy,2007-02-02,101.53624725341797
spy,2007-02-05,101.56427001953125
spy,2007-02-06,101.59233856201172
spy,2007-02-07,101.81669616699219
spy,2007-02-08,101.68351745605469
spy,2007-02-09,100.92621612548828
spy,2007-02-12,100.5826416015625
spy,2007-02-13,101.4310073852539
spy,2007-02-14,102.09716033935547
spy,2007-02-15,102.23036193847656
spy,2007-02-16,102.1812515258789
spy,2007-02-20,102.39864349365234
spy,2007-02-21,102.35659790039062
spy,2007-02-22,102.27946472167969
spy,2007-02-23,101.87982177734375
spy,2007-02-26,101.78865814208984
spy,2007-02-27,97.81302642822266
spy,2007-02-28,98.81568145751953
spy,2007-03-01,98.52122497558594
spy,2007-03-02,97.2310791015625
spy,2007-03-05,96.30552673339844
spy,2007-03-06,97.95323944091797
spy,2007-03-07,97.85508728027344
spy,2007-03-08,98.68250274658203
spy,2007-03-09,98.71050262451172
spy,2007-03-12,98.85774230957031
spy,2007-03-13,96.93656158447266
spy,2007-03-14,97.65877532958984
spy,2007-03-15,97.7919692993164
spy,2007-03-16,97.51812744140625
spy,2007-03-19,98.69374084472656
spy,2007-03-20,99.23580932617188
spy,2007-03-21,100.86893463134766
spy,2007-03-22,100.7915267944336
spy,2007-03-23,100.93931579589844
spy,2007-03-26,100.80558776855469
spy,2007-03-27,100.5662841796875
spy,2007-03-28,99.83412170410156
spy,2007-03-29,99.93974304199219
spy,2007-03-30,99.96089172363281
spy,2007-04-02,100.07347106933594
spy,2007-04-03,101.15057373046875
spy,2007-04-04,101.26317596435547
spy,2007-04-05,101.53771209716797
spy,2007-04-09,101.6784896850586
spy,2007-04-10,101.79817199707031
spy,2007-04-11,101.3828353881836
spy,2007-04-12,101.83334350585938
spy,2007-04-13,102.2979965209961
spy,2007-04-16,103.26944732666016
spy,2007-04-17,103.54395294189453
spy,2007-04-18,103.67066192626953
spy,2007-04-19,103.64249420166016
spy,2007-04-20,104.62100982666016
spy,2007-04-23,104.22679138183594
spy,2007-04-24,104.26904296875
spy,2007-04-25,105.22642517089844
spy,2007-04-26,105.3460922241211
spy,2007-04-27,105.2615737915039
spy,2007-04-30,104.38867950439453
spy,2007-05-01,104.65619659423828
spy,2007-05-02,105.26862335205078
spy,2007-05-03,105.8388900756836
spy,2007-05-04,106.2400894165039
spy,2007-05-07,106.26119995117188
spy,2007-05-08,106.12046813964844
spy,2007-05-09,106.40902709960938
spy,2007-05-10,105.29682922363281
spy,2007-05-11,106.19783782958984
spy,2007-05-14,105.96553039550781
spy,2007-05-15,105.99374389648438
spy,2007-05-16,106.71878814697266
spy,2007-05-17,106.50762939453125
spy,2007-05-18,107.43682098388672
spy,2007-05-21,107.38048553466797
spy,2007-05-22,107.29595184326172
spy,2007-05-23,107.31008911132812
spy,2007-05-24,106.338623046875
spy,2007-05-25,106.78216552734375
spy,2007-05-29,107.1692886352539
spy,2007-05-30,108.04222106933594
spy,2007-05-31,107.92961883544922
spy,2007-06-01,108.4645767211914
spy,2007-06-04,108.47867584228516
spy,2007-06-05,108.04924774169922
spy,2007-06-06,106.88772583007812
spy,2007-06-07,104.95889282226562
spy,2007-06-08,106.3245849609375
spy,2007-06-11,106.50762939453125
spy,2007-06-12,105.3460922241211
spy,2007-06-13,106.92292022705078
spy,2007-06-14,107.60574340820312
spy,2007-06-15,108.21797180175781
spy,2007-06-18,108.09073638916016
spy,2007-06-19,108.3593521118164
spy,2007-06-20,106.85355377197266
spy,2007-06-21,107.44738006591797
spy,2007-06-22,106.43639373779297
spy,2007-06-25,105.9273910522461
spy,2007-06-26,104.83859252929688
spy,2007-06-27,106.330322265625
spy,2007-06-28,106.31620788574219
spy,2007-06-29,106.35149383544922
spy,2007-07-02,107.31307983398438
spy,2007-07-03,107.70191955566406
spy,2007-07-05,107.58879852294922
spy,2007-07-06,108.15438079833984
spy,2007-07-09,108.23921203613281
spy,2007-07-10,106.69798278808594
spy,2007-07-11,107.45442962646484
spy,2007-07-12,109.1512222290039
spy,2007-07-13,109.47640991210938
spy,2007-07-16,109.46228790283203
spy,2007-07-17,109.40572357177734
spy,2007-07-18,109.20779418945312
spy,2007-07-19,109.6319580078125
spy,2007-07-20,108.52198791503906
spy,2007-07-23,108.85427856445312
spy,2007-07-24,106.96668243408203
spy,2007-07-25,107.18582916259766
spy,2007-07-26,104.64772033691406
spy,2007-07-27,102.59039306640625
spy,2007-07-30,104.19526672363281
spy,2007-07-31,103.02166748046875
spy,2007-08-01,103.52367401123047
spy,2007-08-02,104.3508071899414
spy,2007-08-03,101.6642837524414
spy,2007-08-06,103.36811828613281
spy,2007-08-07,104.47099304199219
spy,2007-08-08,105.9273910522461
spy,2007-08-09,102.788330078125
spy,2007-08-10,102.30757141113281
spy,2007-08-13,102.67523956298828
spy,2007-08-14,101.10574340820312
spy,2007-08-15,99.71295166015625
spy,2007-08-16,100.46238708496094
spy,2007-08-17,102.30757141113281
spy,2007-08-20,102.25810241699219
spy,2007-08-21,102.4631576538086
spy,2007-08-22,103.67918395996094
spy,2007-08-23,103.58727264404297
spy,2007-08-24,104.86688995361328
spy,2007-08-27,103.8912124633789
spy,2007-08-28,101.60768127441406
spy,2007-08-29,103.60137939453125
spy,2007-08-30,103.32567596435547
spy,2007-08-31,104.34371948242188
spy,2007-09-04,105.39714050292969
spy,2007-09-05,104.48506927490234
spy,2007-09-06,104.72549438476562
spy,2007-09-07,103.26909637451172
spy,2007-09-10,103.07110595703125
spy,2007-09-11,104.27303314208984
spy,2007-09-12,104.54167175292969
spy,2007-09-13,105.2769775390625
spy,2007-09-14,105.26985931396484
spy,2007-09-17,104.70429992675781
spy,2007-09-18,107.78678131103516
spy,2007-09-19,108.42302703857422
spy,2007-09-20,107.65945434570312
spy,2007-09-21,107.94998931884766
spy,2007-09-24,107.75114440917969
spy,2007-09-25,107.53802490234375
spy,2007-09-26,108.10629272460938
spy,2007-09-27,108.74557495117188
spy,2007-09-28,108.38333892822266
spy,2007-10-01,109.60503387451172
spy,2007-10-02,109.45590209960938
spy,2007-10-03,109.23572540283203
spy,2007-10-04,109.40618896484375
spy,2007-10-05,110.70610809326172
spy,2007-10-08,110.1165771484375
spy,2007-10-09,111.15357208251953
spy,2007-10-10,110.96893310546875
spy,2007-10-11,110.4362564086914
spy,2007-10-12,111.04710388183594
spy,2007-10-15,110.10944366455078
spy,2007-10-16,109.23572540283203
spy,2007-10-17,109.56961822509766
spy,2007-10-18,109.17180633544922
spy,2007-10-19,106.3162841796875
spy,2007-10-22,106.93421173095703
spy,2007-10-23,107.80084228515625
spy,2007-10-24,107.60195922851562
spy,2007-10-25,107.85769653320312
spy,2007-10-26,109.12206268310547
spy,2007-10-29,109.48431396484375
spy,2007-10-30,108.72431945800781
spy,2007-10-31,109.85369873046875
spy,2007-11-01,107.28228759765625
spy,2007-11-02,107.40302276611328
spy,2007-11-05,106.5861587524414
spy,2007-11-06,108.0210189819336
spy,2007-11-07,105.06604766845703
spy,2007-11-08,104.53326416015625
spy,2007-11-09,103.09841918945312
spy,2007-11-12,102.07551574707031
spy,2007-11-13,105.18682098388672
spy,2007-11-14,104.89556884765625
spy,2007-11-15,103.38253021240234
spy,2007-11-16,103.56007385253906
spy,2007-11-19,102.11814880371094
spy,2007-11-20,102.74320220947266
spy,2007-11-21,100.640625
spy,2007-11-23,102.3809814453125
spy,2007-11-26,100.12210845947266
spy,2007-11-27,101.2728042602539
spy,2007-11-28,104.51197814941406
spy,2007-11-29,104.54750061035156
spy,2007-11-30,105.59877014160156
spy,2007-12-03,104.90267181396484
spy,2007-12-04,103.96504974365234
spy,2007-12-05,105.70537567138672
spy,2007-12-06,107.2183837890625
spy,2007-12-07,107.1970443725586
spy,2007-12-10,108.0281753540039
spy,2007-12-11,105.06604766845703
spy,2007-12-12,106.1031494140625
spy,2007-12-13,105.88290405273438
spy,2007-12-14,104.54036712646484
spy,2007-12-17,103.04871368408203
spy,2007-12-18,103.62406158447266
spy,2007-12-19,103.62406158447266
spy,2007-12-20,104.2775650024414
spy,2007-12-21,105.78076934814453
spy,2007-12-24,106.5662612915039
spy,2007-12-26,106.7947998046875
spy,2007-12-27,105.45225524902344
spy,2007-12-28,105.18805694580078
spy,2007-12-31,104.40966796875
spy,2008-01-02,103.49561309814453
spy,2008-01-03,103.44562530517578
spy,2008-01-04,100.91056823730469
spy,2008-01-07,100.82486724853516
spy,2008-01-08,99.19672393798828
spy,2008-01-09,100.23928833007812
spy,2008-01-10,100.89625549316406
spy,2008-01-11,100.08218383789062
spy,2008-01-14,100.88911437988281
spy,2008-01-15,98.66825103759766
spy,2008-01-16,97.8184814453125
spy,2008-01-17,95.2833251953125
spy,2008-01-18,94.3050308227539
spy,2008-01-22,93.34813690185547
spy,2008-01-23,95.59042358398438
spy,2008-01-24,96.39739227294922
spy,2008-01-25,95.00487518310547
spy,2008-01-28,96.575927734375
spy,2008-01-29,97.05439758300781
spy,2008-01-30,96.34026336669922
spy,2008-01-31,98.09693908691406
spy,2008-02-01,99.67516326904297
spy,2008-02-04,98.41835021972656
spy,2008-02-05,95.78324890136719
spy,2008-02-06,95.01203155517578
spy,2008-02-07,95.64042663574219
spy,2008-02-08,95.02630615234375
spy,2008-02-11,95.51187896728516
spy,2008-02-12,96.39739227294922
spy,2008-02-13,97.38285827636719
spy,2008-02-14,96.52592468261719
spy,2008-02-15,96.50450134277344
spy,2008-02-19,96.77586364746094
spy,2008-02-20,97.06147766113281
spy,2008-02-21,96.25456237792969
spy,2008-02-22,96.84730529785156
spy,2008-02-25,98.06843566894531
spy,2008-02-26,98.803955078125
spy,2008-02-27,98.7039794921875
spy,2008-02-28,97.73993682861328
spy,2008-02-29,95.56194305419922
spy,2008-03-03,95.3333740234375
spy,2008-03-04,94.96918487548828
spy,2008-03-05,95.56903076171875
spy,2008-03-06,93.59097290039062
spy,2008-03-07,92.62689208984375
spy,2008-03-10,91.40579986572266
spy,2008-03-11,94.690673828125
spy,2008-03-12,93.80516052246094
spy,2008-03-13,94.01227569580078
spy,2008-03-14,92.55550384521484
spy,2008-03-17,91.6199951171875
spy,2008-03-18,95.42619323730469
spy,2008-03-19,93.06253051757812
spy,2008-03-20,94.78630065917969
spy,2008-03-24,96.68087768554688
spy,2008-03-25,96.77415466308594
spy,2008-03-26,95.59002685546875
spy,2008-03-27,95.28865051269531
spy,2008-03-28,94.37725067138672
spy,2008-03-31,94.70733642578125
spy,2008-04-01,98.03728485107422
spy,2008-04-02,98.10179138183594
spy,2008-04-03,98.34577941894531
spy,2008-04-04,98.2381362915039
spy,2008-04-07,98.28836059570312
spy,2008-04-08,98.18791961669922
spy,2008-04-09,97.4774398803711
spy,2008-04-10,97.61378479003906
spy,2008-04-11,95.7192153930664
spy,2008-04-14,95.39630889892578
spy,2008-04-15,95.61873626708984
spy,2008-04-16,98.20945739746094
spy,2008-04-17,98.35297393798828
spy,2008-04-18,99.37918853759766
spy,2008-04-21,99.42943572998047
spy,2008-04-22,98.99169158935547
spy,2008-04-23,98.83379364013672
spy,2008-04-24,99.26436614990234
spy,2008-04-25,100.18296813964844
spy,2008-04-28,100.20449829101562
spy,2008-04-29,99.8097915649414
spy,2008-04-30,99.22129821777344
spy,2008-05-01,101.27375793457031
spy,2008-05-02,101.55365753173828
spy,2008-05-05,101.06568145751953
spy,2008-05-06,101.94120788574219
spy,2008-05-07,100.12555694580078
spy,2008-05-08,99.86721801757812
spy,2008-05-09,99.68059539794922
spy,2008-05-12,100.8001708984375
spy,2008-05-13,100.8144760131836
spy,2008-05-14,101.02259826660156
spy,2008-05-15,102.28564453125
spy,2008-05-16,102.37894439697266
spy,2008-05-19,102.65878295898438
spy,2008-05-20,101.82636260986328
spy,2008-05-21,100.10401153564453
spy,2008-05-22,100.11835479736328
spy,2008-05-23,98.77639770507812
spy,2008-05-27,99.50836944580078
spy,2008-05-28,99.9676513671875
spy,2008-05-29,100.47006225585938
spy,2008-05-30,100.72120666503906
spy,2008-06-02,99.68059539794922
spy,2008-06-03,99.09933471679688
spy,2008-06-04,99.04907989501953
spy,2008-06-05,101.02981567382812
spy,2008-06-06,97.80752563476562
spy,2008-06-09,98.04435729980469
spy,2008-06-10,97.55635833740234
spy,2008-06-11,96.12112426757812
spy,2008-06-12,96.48709869384766
spy,2008-06-13,97.70710754394531
spy,2008-06-16,97.76449584960938
spy,2008-06-17,97.29087829589844
spy,2008-06-18,96.34356689453125
spy,2008-06-19,96.4655990600586
spy,2008-06-20,94.8997573852539
spy,2008-06-23,94.80602264404297
spy,2008-06-24,94.61847686767578
spy,2008-06-25,95.06563568115234
spy,2008-06-26,92.48365020751953
spy,2008-06-27,91.978759765625
spy,2008-06-30,92.30333709716797
spy,2008-07-01,92.59185791015625
spy,2008-07-02,91.00511169433594
spy,2008-07-03,91.09886932373047
spy,2008-07-07,90.16847229003906
spy,2008-07-08,91.76963806152344
spy,2008-07-09,90.00261688232422
spy,2008-07-10,90.37045288085938
spy,2008-07-11,89.31742095947266
spy,2008-07-14,88.5096435546875
spy,2008-07-15,87.26193237304688
spy,2008-07-16,89.40396881103516
spy,2008-07-17,90.29829406738281
spy,2008-07-18,90.86087799072266
spy,2008-07-21,90.91138458251953
spy,2008-07-22,91.9427490234375
spy,2008-07-23,92.44036865234375
spy,2008-07-24,90.52188110351562
spy,2008-07-25,90.50025939941406
spy,2008-07-28,89.17316436767578
spy,2008-07-29,91.0772476196289
spy,2008-07-30,92.69999694824219
spy,2008-07-31,91.47392272949219
spy,2008-08-01,90.99069213867188
spy,2008-08-04,90.14685821533203
spy,2008-08-05,92.57740020751953
spy,2008-08-06,92.98853302001953
spy,2008-08-07,91.60372924804688
spy,2008-08-08,93.30584716796875
spy,2008-08-11,94.27229309082031
spy,2008-08-12,93.29143524169922
spy,2008-08-13,92.72885131835938
spy,2008-08-14,93.42848205566406
spy,2008-08-15,93.8828125
spy,2008-08-18,92.59902954101562
spy,2008-08-19,91.58930969238281
spy,2008-08-20,92.01485443115234
spy,2008-08-21,92.17351531982422
spy,2008-08-22,93.50778198242188
spy,2008-08-25,91.6109390258789
spy,2008-08-26,91.87781524658203
spy,2008-08-27,92.77214050292969
spy,2008-08-28,93.89727020263672
spy,2008-08-29,92.88751983642578
spy,2008-09-02,92.310546875
spy,2008-09-03,92.23119354248047
spy,2008-09-04,89.4544677734375
spy,2008-09-05,89.73574829101562
spy,2008-09-08,91.58930969238281
spy,2008-09-09,88.87026977539062
spy,2008-09-10,89.23089599609375
spy,2008-09-11,90.52188110351562
spy,2008-09-12,90.94021606445312
spy,2008-09-15,86.61279296875
spy,2008-09-16,88.06250762939453
spy,2008-09-17,84.10294342041016
spy,2008-09-18,86.59839630126953
spy,2008-09-19,90.03753662109375
spy,2008-09-22,87.9991683959961
spy,2008-09-23,85.99699401855469
spy,2008-09-24,86.27267456054688
spy,2008-09-25,87.62196350097656
spy,2008-09-26,87.66547393798828
spy,2008-09-29,80.79583740234375
spy,2008-09-30,84.13998413085938
spy,2008-10-01,84.19076538085938
spy,2008-10-02,81.13677978515625
spy,2008-10-03,80.04142761230469
spy,2008-10-06,75.96461486816406
spy,2008-10-07,72.56249237060547
spy,2008-10-08,70.73445129394531
spy,2008-10-09,65.79440307617188
spy,2008-10-10,64.19855499267578
spy,2008-10-13,73.52001190185547
spy,2008-10-14,72.4319076538086
spy,2008-10-15,65.3011474609375
spy,2008-10-16,68.02143096923828
spy,2008-10-17,67.61520385742188
spy,2008-10-20,71.67749786376953
spy,2008-10-21,69.53755187988281
spy,2008-10-22,65.75092315673828
spy,2008-10-23,66.51258087158203
spy,2008-10-24,63.139434814453125
spy,2008-10-27,60.897972106933594
spy,2008-10-28,68.0141830444336
spy,2008-10-29,67.5208969116211
spy,2008-10-30,69.8567123413086
spy,2008-10-31,70.24115753173828
spy,2008-11-03,70.4443130493164
spy,2008-11-04,72.83816528320312
spy,2008-11-05,69.77690887451172
spy,2008-11-06,65.91049194335938
spy,2008-11-07,68.08670806884766
spy,2008-11-10,67.1944808959961
spy,2008-11-11,65.11978149414062
spy,2008-11-12,62.25443649291992
spy,2008-11-13,66.1353759765625
spy,2008-11-14,62.83477783203125
spy,2008-11-17,62.00056838989258
spy,2008-11-18,63.168453216552734
spy,2008-11-19,59.12068557739258
spy,2008-11-20,54.731956481933594
spy,2008-11-21,57.68437576293945
spy,2008-11-24,61.68137741088867
spy,2008-11-25,62.13840103149414
spy,2008-11-26,64.53947448730469
spy,2008-11-28,65.35194396972656
spy,2008-12-01,59.56319046020508
spy,2008-12-02,61.85546875
spy,2008-12-03,63.34256362915039
spy,2008-12-04,61.87724685668945
spy,2008-12-05,63.7850456237793
spy,2008-12-08,66.0120620727539
spy,2008-12-09,64.9239730834961
spy,2008-12-10,65.36649322509766
spy,2008-12-11,63.79231643676758
spy,2008-12-12,64.55397033691406
spy,2008-12-15,63.65448760986328
spy,2008-12-16,66.6504135131836
spy,2008-12-17,66.00479888916016
spy,2008-12-18,64.77159881591797
spy,2008-12-19,64.49299621582031
spy,2008-12-22,63.66660690307617
spy,2008-12-23,63.008460998535156
spy,2008-12-24,63.37409973144531
spy,2008-12-26,63.73974609375
spy,2008-12-29,63.55695343017578
spy,2008-12-30,65.0633773803711
spy,2008-12-31,65.99211883544922
spy,2009-01-02,67.98125457763672
spy,2009-01-05,67.90081787109375
spy,2009-01-06,68.35424041748047
spy,2009-01-07,66.30660247802734
spy,2009-01-08,66.57717895507812
spy,2009-01-09,65.151123046875
spy,2009-01-12,63.5861701965332
spy,2009-01-13,63.703208923339844
spy,2009-01-14,61.69941711425781
spy,2009-01-15,61.72138214111328
spy,2009-01-16,62.204044342041016
spy,2009-01-20,58.92051315307617
spy,2009-01-21,61.465457916259766
spy,2009-01-22,60.51471710205078
spy,2009-01-23,60.77800369262695
spy,2009-01-26,61.19482421875
spy,2009-01-27,61.81645965576172
spy,2009-01-28,63.90794372558594
spy,2009-01-29,61.831058502197266
spy,2009-01-30,60.57320785522461
spy,2009-02-02,60.39041519165039
spy,2009-02-03,61.23871994018555
spy,2009-02-04,60.93888854980469
spy,2009-02-05,61.84568786621094
spy,2009-02-06,63.60812759399414
spy,2009-02-09,63.69584274291992
spy,2009-02-10,60.77800369262695
spy,2009-02-11,61.136348724365234
spy,2009-02-12,61.180206298828125
spy,2009-02-13,60.52204513549805
spy,2009-02-17,57.933250427246094
spy,2009-02-18,57.794288635253906
spy,2009-02-19,57.17271423339844
spy,2009-02-20,56.616905212402344
spy,2009-02-23,54.59122848510742
spy,2009-02-24,56.660804748535156
spy,2009-02-25,56.2147216796875
spy,2009-02-26,55.300601959228516
spy,2009-02-27,54.06471252441406
spy,2009-03-02,51.62949752807617
spy,2009-03-03,51.24190902709961
spy,2009-03-04,52.45584487915039
spy,2009-03-05,50.31316375732422
spy,2009-03-06,50.40090560913086
spy,2009-03-09,49.80855941772461
spy,2009-03-10,52.77761459350586
spy,2009-03-11,53.1213493347168
spy,2009-03-12,55.212860107421875
spy,2009-03-13,55.64432144165039
spy,2009-03-16,55.47611999511719
spy,2009-03-17,57.17271423339844
spy,2009-03-18,58.45247268676758
spy,2009-03-19,57.72850036621094
spy,2009-03-20,56.49920654296875
spy,2009-03-23,60.5575065612793
spy,2009-03-24,59.364349365234375
spy,2009-03-25,59.99038314819336
spy,2009-03-26,61.21302795410156
spy,2009-03-27,60.10820770263672
spy,2009-03-30,58.03122329711914
spy,2009-03-31,58.56886291503906
spy,2009-04-01,59.70313262939453
spy,2009-04-02,61.44871139526367
spy,2009-04-03,62.06000900268555
spy,2009-04-06,61.57392883300781
spy,2009-04-07,60.137691497802734
spy,2009-04-08,60.785831451416016
spy,2009-04-09,63.20166015625
spy,2009-04-13,63.216392517089844
spy,2009-04-14,62.12629318237305
spy,2009-04-15,62.78917694091797
spy,2009-04-16,63.70985794067383
spy,2009-04-17,64.13704681396484
spy,2009-04-20,61.44871139526367
spy,2009-04-21,62.649261474609375
spy,2009-04-22,62.266273498535156
spy,2009-04-23,62.87754821777344
spy,2009-04-24,63.82770919799805
spy,2009-04-27,63.22377395629883
spy,2009-04-28,63.02489471435547
spy,2009-04-29,64.36534881591797
spy,2009-04-30,64.38746643066406
spy,2009-05-01,64.733642578125
spy,2009-05-04,66.93584442138672
spy,2009-05-05,66.70753479003906
spy,2009-05-06,67.8638687133789
spy,2009-05-07,66.9211196899414
spy,2009-05-08,68.48255157470703
spy,2009-05-11,67.20101165771484
spy,2009-05-12,67.00214385986328
spy,2009-05-13,65.31550598144531
spy,2009-05-14,65.87523651123047
spy,2009-05-15,65.33756256103516
spy,2009-05-18,67.19366455078125
spy,2009-05-19,67.11261749267578
spy,2009-05-20,66.66331481933594
spy,2009-05-21,65.70584106445312
spy,2009-05-22,65.5658950805664
spy,2009-05-26,67.24520111083984
spy,2009-05-27,66.04466247558594
spy,2009-05-28,66.96534729003906
spy,2009-05-29,68.1511459350586
spy,2009-06-01,69.80093383789062
spy,2009-06-02,69.85987854003906
spy,2009-06-03,68.97604370117188
spy,2009-06-04,69.62419128417969
spy,2009-06-05,69.6389389038086
spy,2009-06-08,69.35163879394531
spy,2009-06-09,69.7052230834961
spy,2009-06-10,69.52845764160156
spy,2009-06-11,69.8377914428711
spy,2009-06-12,70.029296875
spy,2009-06-15,68.42362976074219
spy,2009-06-16,67.49562072753906
spy,2009-06-17,67.42932891845703
spy,2009-06-18,67.92279815673828
spy,2009-06-19,68.17312622070312
spy,2009-06-22,66.12885284423828
spy,2009-06-23,66.18067169189453
spy,2009-06-24,66.75102233886719
spy,2009-06-25,68.2027816772461
spy,2009-06-26,68.02500915527344
spy,2009-06-29,68.6620101928711
spy,2009-06-30,68.10651397705078
spy,2009-07-01,68.387939453125
spy,2009-07-02,66.52142333984375
spy,2009-07-06,66.51405334472656
spy,2009-07-07,65.22522735595703
spy,2009-07-08,65.18077087402344
spy,2009-07-09,65.30671691894531
spy,2009-07-10,65.1511459350586
spy,2009-07-13,66.73619079589844
spy,2009-07-14,67.11398315429688
spy,2009-07-15,69.07683563232422
spy,2009-07-16,68.9657211303711
spy,2009-07-17,69.72119140625
spy,2009-07-20,70.46189880371094
spy,2009-07-21,70.78781127929688
spy,2009-07-22,70.77300262451172
spy,2009-07-23,72.33584594726562
spy,2009-07-24,72.63214111328125
spy,2009-07-27,72.846923828125
spy,2009-07-28,72.50617218017578
spy,2009-07-29,72.32843017578125
spy,2009-07-30,73.08396911621094
spy,2009-07-31,73.18761444091797
spy,2009-08-03,74.39495849609375
spy,2009-08-04,74.58753204345703
spy,2009-08-05,74.37276458740234
spy,2009-08-06,73.98760986328125
spy,2009-08-07,74.95789337158203
spy,2009-08-10,74.80236053466797
spy,2009-08-11,73.86909484863281
spy,2009-08-12,74.66162109375
spy,2009-08-13,75.23194122314453
spy,2009-08-14,74.6541976928711
spy,2009-08-17,72.81729888916016
spy,2009-08-18,73.39502716064453
spy,2009-08-19,74.03944396972656
spy,2009-08-20,74.80236053466797
spy,2009-08-21,76.26895904541016
spy,2009-08-24,76.2614974975586
spy,2009-08-25,76.40965270996094
spy,2009-08-26,76.41705322265625
spy,2009-08-27,76.58739471435547
spy,2009-08-28,76.57257080078125
spy,2009-08-31,75.89116668701172
spy,2009-09-01,74.21721649169922
spy,2009-09-02,73.93571472167969
spy,2009-09-03,74.55048370361328
spy,2009-09-04,75.59490203857422
spy,2009-09-08,76.2466812133789
spy,2009-09-09,76.83181762695312
spy,2009-09-10,77.61693572998047
spy,2009-09-11,77.6021499633789
spy,2009-09-14,77.97991180419922
spy,2009-09-15,78.30581665039062
spy,2009-09-16,79.49092864990234
spy,2009-09-17,79.37239074707031
spy,2009-09-18,79.42301940917969
spy,2009-09-21,79.22205352783203
spy,2009-09-22,79.68346405029297
spy,2009-09-23,79.02114868164062
spy,2009-09-24,78.150390625
spy,2009-09-25,77.73362731933594
spy,2009-09-28,79.12531280517578
spy,2009-09-29,78.88715362548828
spy,2009-09-30,78.58204650878906
spy,2009-10-01,76.63219451904297
spy,2009-10-02,76.27496337890625
spy,2009-10-05,77.41361999511719
spy,2009-10-06,78.52252960205078
spy,2009-10-07,78.73832702636719
spy,2009-10-08,79.34114837646484
spy,2009-10-09,79.82488250732422
spy,2009-10-12,80.13745880126953
spy,2009-10-13,79.97372436523438
spy,2009-10-14,81.35057067871094
spy,2009-10-15,81.64823150634766
spy,2009-10-16,81.0379867553711
spy,2009-10-19,81.707763671875
spy,2009-10-20,81.27609252929688
spy,2009-10-21,80.54680633544922
spy,2009-10-22,81.36544036865234
spy,2009-10-23,80.43515014648438
spy,2009-10-26,79.5644302368164
spy,2009-10-27,79.19975280761719
spy,2009-10-28,77.70386505126953
spy,2009-10-29,79.37092590332031
spy,2009-10-30,77.07129669189453
spy,2009-11-02,77.63689422607422
spy,2009-11-03,77.88247680664062
spy,2009-11-04,78.08340454101562
spy,2009-11-05,79.5197982788086
spy,2009-11-06,79.72815704345703
spy,2009-11-09,81.54405212402344
spy,2009-11-10,81.55889892578125
spy,2009-11-11,81.9756851196289
spy,2009-11-12,81.14215087890625
spy,2009-11-13,81.58125305175781
spy,2009-11-16,82.76455688476562
spy,2009-11-17,82.861328125
spy,2009-11-18,82.80918884277344
spy,2009-11-19,81.73008728027344
spy,2009-11-20,81.4398422241211
spy,2009-11-23,82.47432708740234
spy,2009-11-24,82.60082244873047
spy,2009-11-25,82.89107513427734
spy,2009-11-27,81.54405212402344
spy,2009-11-30,81.81938171386719
spy,2009-12-01,82.83153533935547
spy,2009-12-02,82.79430389404297
spy,2009-12-03,82.14686584472656
spy,2009-12-04,82.6156997680664
spy,2009-12-07,82.48920440673828
spy,2009-12-08,81.57381439208984
spy,2009-12-09,81.87890625
spy,2009-12-10,82.34034729003906
spy,2009-12-11,82.69012451171875
spy,2009-12-14,83.2557601928711
spy,2009-12-15,82.86872863769531
spy,2009-12-16,82.99529266357422
spy,2009-12-17,81.9980239868164
spy,2009-12-18,82.46187591552734
spy,2009-12-21,83.29991912841797
spy,2009-12-22,83.59922790527344
spy,2009-12-23,83.76384735107422
spy,2009-12-24,84.16039276123047
spy,2009-12-28,84.3399658203125
spy,2009-12-29,84.22023010253906
spy,2009-12-30,84.19034576416016
spy,2009-12-31,83.38223266601562
spy,2010-01-04,84.79635620117188
spy,2010-01-05,85.02083587646484
spy,2010-01-06,85.08070373535156
spy,2010-01-07,85.43986511230469
spy,2010-01-08,85.72415924072266
spy,2010-01-11,85.84388732910156
spy,2010-01-12,85.04328155517578
spy,2010-01-13,85.76160430908203
spy,2010-01-14,85.99354553222656
spy,2010-01-15,85.0283432006836
spy,2010-01-19,86.0907974243164
spy,2010-01-20,85.21540832519531
spy,2010-01-21,83.57677459716797
spy,2010-01-22,81.71366882324219
spy,2010-01-25,82.13268280029297
spy,2010-01-26,81.78849029541016
spy,2010-01-27,82.1775894165039
spy,2010-01-28,81.23480224609375
spy,2010-01-29,80.35191345214844
spy,2010-02-01,81.60144805908203
spy,2010-02-02,82.58908081054688
spy,2010-02-03,82.1775894165039
spy,2010-02-04,79.64107513427734
spy,2010-02-05,79.80572509765625
spy,2010-02-08,79.2295913696289
spy,2010-02-09,80.22471618652344
spy,2010-02-10,80.06758117675781
spy,2010-02-11,80.90560913085938
spy,2010-02-12,80.83826446533203
spy,2010-02-16,82.1102523803711
spy,2010-02-17,82.49932098388672
spy,2010-02-18,82.98564910888672
spy,2010-02-19,83.15776824951172
spy,2010-02-22,83.17271423339844
spy,2010-02-23,82.16260528564453
spy,2010-02-24,82.91835021972656
spy,2010-02-25,82.80609130859375
spy,2010-02-26,82.85848236083984
spy,2010-03-01,83.71892547607422
spy,2010-03-02,83.95089721679688
spy,2010-03-03,84.02572631835938
spy,2010-03-04,84.28009033203125
spy,2010-03-05,85.4847640991211
spy,2010-03-08,85.49971008300781
spy,2010-03-09,85.64189147949219
spy,2010-03-10,86.02348327636719
spy,2010-03-11,86.3825912475586
spy,2010-03-12,86.39010620117188
spy,2010-03-15,86.41252136230469
spy,2010-03-16,87.10089874267578
spy,2010-03-17,87.6171875
spy,2010-03-18,87.57227325439453
spy,2010-03-19,87.12903594970703
spy,2010-03-22,87.59481811523438
spy,2010-03-23,88.21090698242188
spy,2010-03-24,87.78265380859375
spy,2010-03-25,87.63990783691406
spy,2010-03-26,87.5873031616211
spy,2010-03-29,88.14326477050781
spy,2010-03-30,88.20340728759766
spy,2010-03-31,87.90287017822266
spy,2010-04-01,88.50390625
spy,2010-04-05,89.2251968383789
spy,2010-04-06,89.43556213378906
spy,2010-04-07,88.92464447021484
spy,2010-04-08,89.232666015625
spy,2010-04-09,89.81869506835938
spy,2010-04-12,89.96144104003906
spy,2010-04-13,90.02906036376953
spy,2010-04-14,91.05083465576172
spy,2010-04-15,91.1259765625
spy,2010-04-16,89.67594909667969
spy,2010-04-19,90.01404571533203
spy,2010-04-20,90.81793975830078
spy,2010-04-21,90.65264892578125
spy,2010-04-22,90.92311096191406
spy,2010-04-23,91.51666259765625
spy,2010-04-26,91.1710433959961
spy,2010-04-27,89.01478576660156
spy,2010-04-28,89.69096374511719
spy,2010-04-29,90.80291748046875
spy,2010-04-30,89.26273345947266
spy,2010-05-03,90.41974639892578
spy,2010-05-04,88.29353332519531
spy,2010-05-05,87.76763916015625
spy,2010-05-06,84.85258483886719
spy,2010-05-07,83.59038543701172
spy,2010-05-10,87.27176666259766
spy,2010-05-11,87.02381134033203
spy,2010-05-12,88.24095916748047
spy,2010-05-13,87.1440658569336
spy,2010-05-14,85.56631469726562
spy,2010-05-17,85.61136627197266
spy,2010-05-18,84.44686126708984
spy,2010-05-19,83.96601867675781
spy,2010-05-20,80.79551696777344
spy,2010-05-21,81.9750747680664
spy,2010-05-24,80.92324829101562
spy,2010-05-25,81.00584411621094
spy,2010-05-26,80.51750946044922
spy,2010-05-27,83.2147216796875
spy,2010-05-28,82.17040252685547
spy,2010-06-01,80.78800964355469
spy,2010-06-02,82.89164733886719
spy,2010-06-03,83.1771469116211
spy,2010-06-04,80.25456237792969
spy,2010-06-07,79.25532531738281
spy,2010-06-08,80.10430145263672
spy,2010-06-09,79.67606353759766
spy,2010-06-10,82.0051040649414
spy,2010-06-11,82.40330505371094
spy,2010-06-14,82.27557373046875
spy,2010-06-15,84.14632415771484
spy,2010-06-16,84.11627960205078
spy,2010-06-17,84.25150299072266
spy,2010-06-18,84.34285736083984
spy,2010-06-21,84.1012954711914
spy,2010-06-22,82.71233367919922
spy,2010-06-23,82.45565795898438
spy,2010-06-24,81.08931732177734
spy,2010-06-25,81.4290542602539
spy,2010-06-28,81.1723403930664
spy,2010-06-29,78.6661605834961
spy,2010-06-30,77.91883087158203
spy,2010-07-01,77.57157897949219
spy,2010-07-02,77.14884185791016
spy,2010-07-06,77.65462493896484
spy,2010-07-07,80.10044860839844
spy,2010-07-08,80.89305114746094
spy,2010-07-09,81.49695587158203
spy,2010-07-12,81.54978942871094
spy,2010-07-13,82.78026580810547
spy,2010-07-14,82.77265167236328
spy,2010-07-15,82.79534149169922
spy,2010-07-16,80.5156021118164
spy,2010-07-19,80.99117279052734
spy,2010-07-20,81.88948822021484
spy,2010-07-21,80.82514190673828
spy,2010-07-22,82.62928771972656
spy,2010-07-23,83.34642028808594
spy,2010-07-26,84.2145004272461
spy,2010-07-27,84.20698547363281
spy,2010-07-28,83.66346740722656
spy,2010-07-29,83.2558364868164
spy,2010-07-30,83.24073028564453
spy,2010-08-02,85.12035369873047
spy,2010-08-03,84.71275329589844
spy,2010-08-04,85.27889251708984
spy,2010-08-05,85.1883316040039
spy,2010-08-06,84.84107971191406
spy,2010-08-09,85.29401397705078
spy,2010-08-10,84.83354187011719
spy,2010-08-11,82.50849914550781
spy,2010-08-12,82.00269317626953
spy,2010-08-13,81.76118469238281
spy,2010-08-16,81.72341918945312
spy,2010-08-17,82.72738647460938
spy,2010-08-18,82.87836456298828
spy,2010-08-19,81.43658447265625
spy,2010-08-20,81.1723403930664
spy,2010-08-23,80.86284637451172
spy,2010-08-24,79.66261291503906
spy,2010-08-25,79.97209930419922
spy,2010-08-26,79.43614196777344
spy,2010-08-27,80.66658782958984
spy,2010-08-30,79.49652099609375
spy,2010-08-31,79.49652099609375
spy,2010-09-01,81.87440490722656
spy,2010-09-02,82.63682556152344
spy,2010-09-03,83.7087631225586
spy,2010-09-07,82.76517486572266
spy,2010-09-08,83.34642028808594
spy,2010-09-09,83.7314224243164
spy,2010-09-10,84.1541519165039
spy,2010-09-13,85.09017181396484
spy,2010-09-14,85.0373764038086
spy,2010-09-15,85.3619613647461
spy,2010-09-16,85.33927917480469
spy,2010-09-17,85.37117004394531
spy,2010-09-20,86.67650604248047
spy,2010-09-21,86.50198364257812
spy,2010-09-22,86.07696533203125
spy,2010-09-23,85.37877655029297
spy,2010-09-24,87.13947296142578
spy,2010-09-27,86.72205352783203
spy,2010-09-28,87.025634765625
spy,2010-09-29,86.87386322021484
spy,2010-09-30,86.61579895019531
spy,2010-10-01,86.98011016845703
spy,2010-10-04,86.32743072509766
spy,2010-10-05,88.06535339355469
spy,2010-10-06,88.05774688720703
spy,2010-10-07,87.95150756835938
spy,2010-10-08,88.44482421875
spy,2010-10-11,88.52830505371094
spy,2010-10-12,88.80149841308594
spy,2010-10-13,89.49211120605469
spy,2010-10-14,89.14301300048828
spy,2010-10-15,89.32518768310547
spy,2010-10-18,89.76534271240234
spy,2010-10-19,88.58899688720703
spy,2010-10-20,89.45416259765625
spy,2010-10-21,89.65149688720703
spy,2010-10-22,89.81846618652344
spy,2010-10-25,90.08406829833984
spy,2010-10-26,90.0992431640625
spy,2010-10-27,89.84122467041016
spy,2010-10-28,89.85640716552734
spy,2010-10-29,89.92469787597656
spy,2010-11-01,89.95507049560547
spy,2010-11-02,90.66844177246094
spy,2010-11-03,91.03274536132812
spy,2010-11-04,92.78581237792969
spy,2010-11-05,93.13494110107422
spy,2010-11-08,92.96041870117188
spy,2010-11-09,92.29256439208984
spy,2010-11-10,92.6644287109375
spy,2010-11-11,92.3153076171875
spy,2010-11-12,91.22244262695312
spy,2010-11-15,91.09342956542969
spy,2010-11-16,89.67424774169922
spy,2010-11-17,89.71978759765625
spy,2010-11-18,91.04033660888672
spy,2010-11-19,91.29076385498047
spy,2010-11-22,91.21485900878906
spy,2010-11-23,89.89437103271484
spy,2010-11-24,91.22244262695312
spy,2010-11-26,90.15997314453125
spy,2010-11-29,90.43321228027344
spy,2010-11-30,89.92469787597656
spy,2010-12-01,91.83719635009766
spy,2010-12-02,93.01351165771484
spy,2010-12-03,93.26395416259766
spy,2010-12-06,93.16535186767578
spy,2010-12-07,93.21844482421875
spy,2010-12-08,93.5599594116211
spy,2010-12-09,93.92427062988281
spy,2010-12-10,94.47064208984375
spy,2010-12-13,94.5313720703125
spy,2010-12-14,94.61483001708984
spy,2010-12-15,94.1822509765625
spy,2010-12-16,94.72869110107422
spy,2010-12-17,94.83016204833984
spy,2010-12-20,95.05903625488281
spy,2010-12-21,95.6617431640625
spy,2010-12-22,95.95928192138672
spy,2010-12-23,95.82190704345703
spy,2010-12-27,95.8600845336914
spy,2010-12-28,95.99744415283203
spy,2010-12-29,96.06607818603516
spy,2010-12-30,95.91350555419922
spy,2010-12-31,95.93639373779297
spy,2011-01-03,96.92815399169922
spy,2011-01-04,96.87474060058594
spy,2011-01-05,97.37830352783203
spy,2011-01-06,97.18758392333984
spy,2011-01-07,96.99681091308594
spy,2011-01-10,96.87474060058594
spy,2011-01-11,97.21807861328125
spy,2011-01-12,98.09542846679688
spy,2011-01-13,97.93525695800781
spy,2011-01-14,98.64473724365234
spy,2011-01-18,98.8125991821289
spy,2011-01-19,97.84368133544922
spy,2011-01-20,97.71397399902344
spy,2011-01-21,97.93525695800781
spy,2011-01-24,98.49214935302734
spy,2011-01-25,98.54553985595703
spy,2011-01-26,98.92701721191406
spy,2011-01-27,99.17113494873047
spy,2011-01-28,97.43931579589844
spy,2011-01-31,98.17171478271484
spy,2011-02-01,99.74333190917969
spy,2011-02-02,99.5526123046875
spy,2011-02-03,99.77383422851562
spy,2011-02-04,100.05610656738281
spy,2011-02-07,100.68170928955078
spy,2011-02-08,101.13944244384766
spy,2011-02-09,100.91057586669922
spy,2011-02-10,100.94873809814453
spy,2011-02-11,101.55143737792969
spy,2011-02-14,101.7955322265625
spy,2011-02-15,101.47510528564453
spy,2011-02-16,102.11595916748047
spy,2011-02-17,102.42115783691406
spy,2011-02-18,102.634765625
spy,2011-02-22,100.57490539550781
spy,2011-02-23,99.95696258544922
spy,2011-02-24,99.8882827758789
spy,2011-02-25,100.95635986328125
spy,2011-02-28,101.5819320678711
spy,2011-03-01,99.8882827758789
spy,2011-03-02,100.1019058227539
spy,2011-03-03,101.8260726928711
spy,2011-03-04,101.06318664550781
spy,2011-03-07,100.26972961425781
spy,2011-03-08,101.1470718383789
spy,2011-03-09,101.00212860107422
spy,2011-03-10,99.13299560546875
spy,2011-03-11,99.81961822509766
spy,2011-03-14,99.2168960571289
spy,2011-03-15,98.08016204833984
spy,2011-03-16,96.2644271850586
spy,2011-03-17,97.53853607177734
spy,2011-03-18,97.8932876586914
spy,2011-03-21,99.41041564941406
spy,2011-03-22,99.06558990478516
spy,2011-03-23,99.3490982055664
spy,2011-03-24,100.29920959472656
spy,2011-03-25,100.60567474365234
spy,2011-03-28,100.36053466796875
spy,2011-03-29,101.03480529785156
spy,2011-03-30,101.73210906982422
spy,2011-03-31,101.59417724609375
spy,2011-04-01,102.02322387695312
spy,2011-04-04,102.10751342773438
spy,2011-04-05,102.09222412109375
spy,2011-04-06,102.41398620605469
spy,2011-04-07,102.15349578857422
spy,2011-04-08,101.80103302001953
spy,2011-04-11,101.49457550048828
spy,2011-04-12,100.73597717285156
spy,2011-04-13,100.72832489013672
spy,2011-04-14,100.80493927001953
spy,2011-04-15,101.17273712158203
spy,2011-04-18,100.0386962890625
spy,2011-04-19,100.61338806152344
spy,2011-04-20,101.98491668701172
spy,2011-04-21,102.5059814453125
spy,2011-04-25,102.3987045288086
spy,2011-04-26,103.27984619140625
spy,2011-04-27,103.9541244506836
spy,2011-04-28,104.29129028320312
spy,2011-04-29,104.53645324707031
spy,2011-05-02,104.37557220458984
spy,2011-05-03,104.00012969970703
spy,2011-05-04,103.31048583984375
spy,2011-05-05,102.37567901611328
spy,2011-05-06,102.82774353027344
spy,2011-05-09,103.2262191772461
spy,2011-05-10,104.10738372802734
spy,2011-05-11,103.01167297363281
spy,2011-05-12,103.50204467773438
spy,2011-05-13,102.70519256591797
spy,2011-05-16,102.05386352539062
spy,2011-05-17,102.03856658935547
spy,2011-05-18,102.95037078857422
spy,2011-05-19,103.19554901123047
spy,2011-05-20,102.37567901611328
spy,2011-05-23,101.18804931640625
spy,2011-05-24,101.103759765625
spy,2011-05-25,101.44091033935547
spy,2011-05-26,101.9083023071289
spy,2011-05-27,102.29905700683594
spy,2011-05-31,103.36414337158203
spy,2011-06-01,101.04248046875
spy,2011-06-02,100.9351806640625
spy,2011-06-03,99.9314193725586
spy,2011-06-06,98.87403869628906
spy,2011-06-07,98.81275177001953
spy,2011-06-08,98.39897918701172
spy,2011-06-09,99.14986419677734
spy,2011-06-10,97.77067565917969
spy,2011-06-13,97.84725952148438
spy,2011-06-14,99.08856201171875
spy,2011-06-15,97.32624816894531
spy,2011-06-16,97.54080963134766
spy,2011-06-17,97.83186340332031
spy,2011-06-20,98.33238220214844
spy,2011-06-21,99.67996978759766
spy,2011-06-22,99.0793228149414
spy,2011-06-23,98.79440307617188
spy,2011-06-24,97.6470718383789
spy,2011-06-27,98.51717376708984
spy,2011-06-28,99.8031234741211
spy,2011-06-29,100.6578598022461
spy,2011-06-30,101.62039947509766
spy,2011-07-01,103.1219253540039
spy,2011-07-05,103.03724670410156
spy,2011-07-06,103.16043853759766
spy,2011-07-07,104.23080444335938
spy,2011-07-08,103.49153900146484
spy,2011-07-11,101.62039947509766
spy,2011-07-12,101.1814956665039
spy,2011-07-13,101.52032470703125
spy,2011-07-14,100.81957244873047
spy,2011-07-15,101.40478515625
spy,2011-07-18,100.57317352294922
spy,2011-07-19,102.20561218261719
spy,2011-07-20,102.14401245117188
spy,2011-07-21,103.56087493896484
spy,2011-07-22,103.63015747070312
spy,2011-07-25,103.05266571044922
spy,2011-07-26,102.66765594482422
spy,2011-07-27,100.56546783447266
spy,2011-07-28,100.27283477783203
spy,2011-07-29,99.58751678466797
spy,2011-08-01,99.16400146484375
spy,2011-08-02,96.63062286376953
spy,2011-08-03,97.15424346923828
spy,2011-08-04,92.60340881347656
spy,2011-08-05,92.46479034423828
spy,2011-08-08,86.44319152832031
spy,2011-08-09,90.46273040771484
spy,2011-08-10,86.46626281738281
spy,2011-08-11,90.34722137451172
spy,2011-08-12,90.95552825927734
spy,2011-08-15,92.8805923461914
spy,2011-08-16,92.08747863769531
spy,2011-08-17,92.1490707397461
spy,2011-08-18,88.1757583618164
spy,2011-08-19,86.73578643798828
spy,2011-08-22,86.80509185791016
spy,2011-08-23,89.66189575195312
spy,2011-08-24,90.92475128173828
spy,2011-08-25,89.53871154785156
spy,2011-08-26,90.84005737304688
spy,2011-08-29,93.45042419433594
spy,2011-08-30,93.69682312011719
spy,2011-08-31,94.11259460449219
spy,2011-09-01,93.12699127197266
spy,2011-09-02,90.74763488769531
spy,2011-09-06,90.08540344238281
spy,2011-09-07,92.62649536132812
spy,2011-09-08,91.6639633178711
spy,2011-09-09,89.26146697998047
spy,2011-09-12,89.8390121459961
spy,2011-09-13,90.66291046142578
spy,2011-09-14,91.9180679321289
spy,2011-09-15,93.50434112548828
spy,2011-09-16,94.05776977539062
spy,2011-09-19,93.12117767333984
spy,2011-09-20,93.0128173828125
spy,2011-09-21,90.27281951904297
spy,2011-09-22,87.35481262207031
spy,2011-09-23,87.88117218017578
spy,2011-09-26,89.97093963623047
spy,2011-09-27,90.97718811035156
spy,2011-09-28,89.11954498291016
spy,2011-09-29,89.82389831542969
spy,2011-09-30,87.57925415039062
spy,2011-10-03,85.0869369506836
spy,2011-10-04,86.95232391357422
spy,2011-10-05,88.56226348876953
spy,2011-10-06,90.16445922851562
spy,2011-10-07,89.56072998046875
spy,2011-10-10,92.55615234375
spy,2011-10-11,92.64900970458984
spy,2011-10-12,93.46176147460938
spy,2011-10-13,93.27597045898438
spy,2011-10-14,94.87044525146484
spy,2011-10-17,93.05928802490234
spy,2011-10-18,94.87818908691406
spy,2011-10-19,93.7558822631836
spy,2011-10-20,94.16609954833984
spy,2011-10-21,95.95405578613281
spy,2011-10-24,97.13055419921875
spy,2011-10-25,95.24197387695312
spy,2011-10-26,96.20946502685547
spy,2011-10-27,99.56096649169922
spy,2011-10-28,99.53775787353516
spy,2011-10-31,97.13827514648438
spy,2011-11-01,94.42923736572266
spy,2011-11-02,95.96951293945312
spy,2011-11-03,97.71879577636719
spy,2011-11-04,97.122802734375
spy,2011-11-07,97.7265396118164
spy,2011-11-08,98.98046112060547
spy,2011-11-09,95.32713317871094
spy,2011-11-10,96.2249755859375
spy,2011-11-11,98.03614807128906
spy,2011-11-14,97.10736083984375
spy,2011-11-15,97.58724212646484
spy,2011-11-16,96.03919982910156
spy,2011-11-17,94.514404296875
spy,2011-11-18,94.4137954711914
spy,2011-11-21,92.61809539794922
spy,2011-11-22,92.25428009033203
spy,2011-11-23,90.21864318847656
spy,2011-11-25,90.04837799072266
spy,2011-11-28,92.65678405761719
spy,2011-11-29,92.91992950439453
spy,2011-11-30,96.74354553222656
spy,2011-12-01,96.72809600830078
spy,2011-12-02,96.64293670654297
spy,2011-12-05,97.69558715820312
spy,2011-12-06,97.7265396118164
spy,2011-12-07,98.09033203125
spy,2011-12-08,95.9385757446289
spy,2011-12-09,97.56400299072266
spy,2011-12-12,96.13983917236328
spy,2011-12-13,95.24197387695312
spy,2011-12-14,94.22799682617188
spy,2011-12-15,94.56861114501953
spy,2011-12-16,94.70879364013672
spy,2011-12-19,93.69618225097656
spy,2011-12-20,96.53147888183594
spy,2011-12-21,96.71837615966797
spy,2011-12-22,97.5751953125
spy,2011-12-23,98.4476089477539
spy,2011-12-27,98.52552032470703
spy,2011-12-28,97.23252868652344
spy,2011-12-29,98.2373046875
spy,2011-12-30,97.75435638427734
spy,2012-01-03,99.31220245361328
spy,2012-01-04,99.46796417236328
spy,2012-01-05,99.73281860351562
spy,2012-01-06,99.47576141357422
spy,2012-01-09,99.71724700927734
spy,2012-01-10,100.58184051513672
spy,2012-01-11,100.6363754272461
spy,2012-01-12,100.87782287597656
spy,2012-01-13,100.3559341430664
spy,2012-01-17,100.74539947509766
spy,2012-01-18,101.85931396484375
spy,2012-01-19,102.396728515625
spy,2012-01-20,102.77839660644531
spy,2012-01-23,102.51355743408203
spy,2012-01-24,102.396728515625
spy,2012-01-25,103.25352478027344
spy,2012-01-26,102.72386169433594
spy,2012-01-27,102.67715454101562
spy,2012-01-30,102.32659912109375
spy,2012-01-31,102.28768157958984
spy,2012-02-01,103.18343353271484
spy,2012-02-02,103.34700012207031
spy,2012-02-03,104.7957763671875
spy,2012-02-06,104.7257080078125
spy,2012-02-07,104.99051666259766
spy,2012-02-08,105.30209350585938
spy,2012-02-09,105.43453979492188
spy,2012-02-10,104.6556167602539
spy,2012-02-13,105.43453979492188
spy,2012-02-14,105.30209350585938
spy,2012-02-15,104.81137084960938
spy,2012-02-16,105.97196197509766
spy,2012-02-17,106.25238800048828
spy,2012-02-21,106.29908752441406
spy,2012-02-22,105.95638275146484
spy,2012-02-23,106.42376708984375
spy,2012-02-24,106.65739440917969
spy,2012-02-27,106.8365707397461
spy,2012-02-28,107.14813232421875
spy,2012-02-29,106.72752380371094
spy,2012-03-01,107.2805404663086
spy,2012-03-02,106.95340728759766
spy,2012-03-05,106.5171890258789
spy,2012-03-06,104.95936584472656
spy,2012-03-07,105.69160461425781
spy,2012-03-08,106.74305725097656
spy,2012-03-09,107.15592956542969
spy,2012-03-12,107.16370391845703
spy,2012-03-13,109.09539031982422
spy,2012-03-14,108.97862243652344
spy,2012-03-15,109.60948944091797
spy,2012-03-16,109.76128387451172
spy,2012-03-19,110.19156646728516
spy,2012-03-20,109.87081146240234
spy,2012-03-21,109.69087219238281
spy,2012-03-22,108.90072631835938
spy,2012-03-23,109.25277709960938
spy,2012-03-26,110.78618621826172
spy,2012-03-27,110.44195556640625
spy,2012-03-28,109.894287109375
spy,2012-03-29,109.70654296875
spy,2012-03-30,110.16028594970703
spy,2012-04-02,110.96611022949219
spy,2012-04-03,110.51234436035156
spy,2012-04-04,109.41706848144531
spy,2012-04-05,109.36227416992188
spy,2012-04-09,108.13401794433594
spy,2012-04-10,106.31896209716797
spy,2012-04-11,107.17960357666016
spy,2012-04-12,108.57994842529297
spy,2012-04-13,107.28909301757812
spy,2012-04-16,107.21871948242188
spy,2012-04-17,108.80681610107422
spy,2012-04-18,108.43914031982422
spy,2012-04-19,107.74291229248047
spy,2012-04-20,107.92281341552734
spy,2012-04-23,107.01528930664062
spy,2012-04-24,107.42213439941406
spy,2012-04-25,108.89286041259766
spy,2012-04-26,109.65177917480469
spy,2012-04-27,109.83174133300781
spy,2012-04-30,109.4249038696289
spy,2012-05-01,110.10549926757812
spy,2012-05-02,109.77693176269531
spy,2012-05-03,108.93984985351562
spy,2012-05-04,107.17960357666016
spy,2012-05-07,107.25788116455078
spy,2012-05-08,106.82752990722656
spy,2012-05-09,106.19391632080078
spy,2012-05-10,106.41292572021484
spy,2012-05-11,106.0921401977539
spy,2012-05-14,104.91862487792969
spy,2012-05-15,104.31624603271484
spy,2012-05-16,103.91727447509766
spy,2012-05-17,102.37603759765625
spy,2012-05-18,101.49987030029297
spy,2012-05-21,103.24445343017578
spy,2012-05-22,103.42439270019531
spy,2012-05-23,103.47916412353516
spy,2012-05-24,103.68257904052734
spy,2012-05-25,103.34615325927734
spy,2012-05-29,104.59791564941406
spy,2012-05-30,103.08013153076172
spy,2012-05-31,102.85330200195312
spy,2012-06-01,100.2637710571289
spy,2012-06-04,100.21685028076172
spy,2012-06-05,100.9756851196289
spy,2012-06-06,103.24445343017578
spy,2012-06-07,103.30702209472656
spy,2012-06-08,104.12848663330078
spy,2012-06-11,102.8063735961914
spy,2012-06-12,103.98765563964844
spy,2012-06-13,103.32267761230469
spy,2012-06-14,104.41796112060547
spy,2012-06-15,105.4858627319336
spy,2012-06-18,105.69032287597656
spy,2012-06-19,106.71263122558594
spy,2012-06-20,106.53960418701172
spy,2012-06-21,104.14900207519531
spy,2012-06-22,104.95112609863281
spy,2012-06-25,103.26825714111328
spy,2012-06-26,103.78728485107422
spy,2012-06-27,104.72306823730469
spy,2012-06-28,104.42423248291016
spy,2012-06-29,107.02721405029297
spy,2012-07-02,107.34956359863281
spy,2012-07-03,108.057373046875
spy,2012-07-05,107.56976318359375
spy,2012-07-06,106.54747772216797
spy,2012-07-09,106.41381072998047
spy,2012-07-10,105.4858627319336
spy,2012-07-11,105.5015869140625
spy,2012-07-12,104.9904556274414
spy,2012-07-13,106.751953125
spy,2012-07-16,106.50032043457031
spy,2012-07-17,107.2316665649414
spy,2012-07-18,108.02590942382812
spy,2012-07-19,108.30900573730469
spy,2012-07-20,107.31812286376953
spy,2012-07-23,106.23294830322266
spy,2012-07-24,105.32072448730469
spy,2012-07-25,105.34435272216797
spy,2012-07-26,107.08221435546875
spy,2012-07-27,109.05604553222656
spy,2012-07-30,109.05604553222656
spy,2012-07-31,108.29329681396484
spy,2012-08-01,108.19890594482422
spy,2012-08-02,107.45185852050781
spy,2012-08-03,109.58296203613281
spy,2012-08-06,109.79523468017578
spy,2012-08-07,110.34569549560547
spy,2012-08-08,110.47941589355469
spy,2012-08-09,110.57379150390625
spy,2012-08-10,110.75469970703125
spy,2012-08-13,110.69960021972656
spy,2012-08-14,110.71536254882812
spy,2012-08-15,110.84113311767578
spy,2012-08-16,111.65899658203125
spy,2012-08-17,111.80842590332031
spy,2012-08-20,111.81623840332031
spy,2012-08-21,111.47811889648438
spy,2012-08-22,111.52536010742188
spy,2012-08-23,110.61309814453125
spy,2012-08-24,111.28155517578125
spy,2012-08-27,111.3051528930664
spy,2012-08-28,111.19502258300781
spy,2012-08-29,111.28155517578125
spy,2012-08-30,110.47941589355469
spy,2012-08-31,111.00629425048828
spy,2012-09-04,110.90410614013672
spy,2012-09-05,110.80972290039062
spy,2012-09-06,113.05878448486328
spy,2012-09-07,113.49913787841797
spy,2012-09-10,112.85433197021484
spy,2012-09-11,113.16883850097656
spy,2012-09-12,113.54633331298828
spy,2012-09-13,115.27635192871094
spy,2012-09-14,115.78752136230469
spy,2012-09-17,115.39433288574219
spy,2012-09-18,115.29997253417969
spy,2012-09-19,115.36289978027344
spy,2012-09-20,115.3707504272461
spy,2012-09-21,115.32254791259766
spy,2012-09-24,115.14859008789062
spy,2012-09-25,113.92320251464844
spy,2012-09-26,113.28284454345703
spy,2012-09-27,114.35014343261719
spy,2012-09-28,113.82044982910156
spy,2012-10-01,114.12086486816406
spy,2012-10-02,114.23943328857422
spy,2012-10-03,114.70587921142578
spy,2012-10-04,115.52809143066406
spy,2012-10-05,115.53596496582031
spy,2012-10-08,115.14070892333984
spy,2012-10-09,114.00223541259766
spy,2012-10-10,113.27493286132812
spy,2012-10-11,113.3381576538086
spy,2012-10-12,112.96663665771484
spy,2012-10-15,113.90737915039062
spy,2012-10-16,115.06165313720703
spy,2012-10-17,115.5833969116211
spy,2012-10-18,115.28297424316406
spy,2012-10-19,113.36184692382812
spy,2012-10-22,113.37773895263672
spy,2012-10-23,111.80440521240234
spy,2012-10-24,111.48822021484375
spy,2012-10-25,111.81230926513672
spy,2012-10-26,111.74910736083984
spy,2012-10-31,111.74910736083984
spy,2012-11-01,112.9191665649414
spy,2012-11-02,111.91510009765625
spy,2012-11-05,112.14442443847656
spy,2012-11-06,113.02193450927734
spy,2012-11-07,110.46041107177734
spy,2012-11-08,109.13224792480469
spy,2012-11-09,109.22714233398438
spy,2012-11-12,109.3141098022461
spy,2012-11-13,108.93460845947266
spy,2012-11-14,107.46410369873047
spy,2012-11-15,107.28227996826172
spy,2012-11-16,107.81194305419922
spy,2012-11-19,109.99396514892578
spy,2012-11-20,110.04141998291016
spy,2012-11-21,110.24697875976562
spy,2012-11-23,111.74910736083984
spy,2012-11-26,111.51192474365234
spy,2012-11-27,110.94271087646484
spy,2012-11-28,111.83606719970703
spy,2012-11-29,112.35781860351562
spy,2012-11-30,112.38155364990234
spy,2012-12-03,111.82816314697266
spy,2012-12-04,111.6700210571289
spy,2012-12-05,111.86764526367188
spy,2012-12-06,112.24714660644531
spy,2012-12-07,112.58712768554688
spy,2012-12-10,112.63450622558594
spy,2012-12-11,113.40139770507812
spy,2012-12-12,113.45668029785156
spy,2012-12-13,112.76100158691406
spy,2012-12-14,112.342041015625
spy,2012-12-17,113.66228485107422
spy,2012-12-18,114.92724609375
spy,2012-12-19,114.07341766357422
spy,2012-12-20,114.7296142578125
spy,2012-12-21,113.68816375732422
spy,2012-12-24,113.3378677368164
spy,2012-12-26,112.86012268066406
spy,2012-12-27,112.70885467529297
spy,2012-12-28,111.49066925048828
spy,2012-12-31,113.3856430053711
spy,2013-01-02,116.2917251586914
spy,2013-01-03,116.02894592285156
spy,2013-01-04,116.53856658935547
spy,2013-01-07,116.22006225585938
spy,2013-01-08,115.88565063476562
spy,2013-01-09,116.18025207519531
spy,2013-01-10,117.10382843017578
spy,2013-01-11,117.09590911865234
spy,2013-01-14,117.01622009277344
spy,2013-01-15,117.09590911865234
spy,2013-01-16,117.07991790771484
spy,2013-01-17,117.83631134033203
spy,2013-01-18,118.09904479980469
spy,2013-01-22,118.73597717285156
spy,2013-01-23,118.92709350585938
spy,2013-01-24,118.9589614868164
spy,2013-01-25,119.62776184082031
spy,2013-01-28,119.48446655273438
spy,2013-01-29,119.9542007446289
spy,2013-01-30,119.48446655273438
spy,2013-01-31,119.18986511230469
spy,2013-02-01,120.41600799560547
spy,2013-02-04,119.06249237060547
spy,2013-02-05,120.26475524902344
spy,2013-02-06,120.35233306884766
spy,2013-02-07,120.19309997558594
spy,2013-02-08,120.86186218261719
spy,2013-02-11,120.83800506591797
spy,2013-02-12,121.03702545166016
spy,2013-02-13,121.14051055908203
spy,2013-02-14,121.25200653076172
spy,2013-02-15,121.10865020751953
spy,2013-02-19,122.01632690429688
spy,2013-02-20,120.49560546875
spy,2013-02-21,119.76310729980469
spy,2013-02-22,120.93354034423828
spy,2013-02-25,118.63255310058594
spy,2013-02-26,119.44465637207031
spy,2013-02-27,120.94942474365234
spy,2013-02-28,120.7105484008789
spy,2013-03-01,121.10865020751953
spy,2013-03-04,121.75357055664062
spy,2013-03-05,122.84434509277344
spy,2013-03-06,123.01158905029297
spy,2013-03-07,123.23455047607422
spy,2013-03-08,123.760009765625
spy,2013-03-11,124.22975158691406
spy,2013-03-12,123.95105743408203
spy,2013-03-13,124.12618255615234
spy,2013-03-14,124.78706359863281
spy,2013-03-15,124.6223373413086
spy,2013-03-18,123.93453979492188
spy,2013-03-19,123.64665222167969
spy,2013-03-20,124.51034545898438
spy,2013-03-21,123.44671630859375
spy,2013-03-22,124.43840789794922
spy,2013-03-25,123.91854095458984
spy,2013-03-26,124.91022491455078
spy,2013-03-27,124.91022491455078
spy,2013-03-28,125.29407501220703
spy,2013-04-01,124.79827880859375
spy,2013-04-02,125.4140396118164
spy,2013-04-03,124.14251708984375
spy,2013-04-04,124.64631652832031
spy,2013-04-05,124.0865478515625
spy,2013-04-08,124.92626953125
spy,2013-04-09,125.35809326171875
spy,2013-04-10,126.89359283447266
spy,2013-04-11,127.30941009521484
spy,2013-04-12,126.99759674072266
spy,2013-04-15,124.05448913574219
spy,2013-04-16,125.88589477539062
spy,2013-04-17,124.04650115966797
spy,2013-04-18,123.2707748413086
spy,2013-04-19,124.34239196777344
spy,2013-04-22,124.89425659179688
spy,2013-04-23,126.1817626953125
spy,2013-04-24,126.26181030273438
spy,2013-04-25,126.77365112304688
spy,2013-04-26,126.5497055053711
spy,2013-04-29,127.39739227294922
spy,2013-04-30,127.70128631591797
spy,2013-05-01,126.58170318603516
spy,2013-05-02,127.7573013305664
spy,2013-05-03,129.05291748046875
spy,2013-05-06,129.38075256347656
spy,2013-05-07,130.0364990234375
spy,2013-05-08,130.62835693359375
spy,2013-05-09,130.2604522705078
spy,2013-05-10,130.6842803955078
spy,2013-05-13,130.7882537841797
spy,2013-05-14,132.1398162841797
spy,2013-05-15,132.8516082763672
spy,2013-05-16,132.22781372070312
spy,2013-05-17,133.50733947753906
spy,2013-05-20,133.49932861328125
spy,2013-05-21,133.6912841796875
spy,2013-05-22,132.6996307373047
spy,2013-05-23,132.3157501220703
spy,2013-05-24,132.2038116455078
spy,2013-05-28,132.9955291748047
spy,2013-05-29,132.1317901611328
spy,2013-05-30,132.61965942382812
spy,2013-05-31,130.71629333496094
spy,2013-06-03,131.43606567382812
spy,2013-06-04,130.8042755126953
spy,2013-06-05,128.972900390625
spy,2013-06-06,130.14047241210938
spy,2013-06-07,131.79592895507812
spy,2013-06-10,131.79592895507812
spy,2013-06-11,130.4364013671875
spy,2013-06-12,129.35675048828125
spy,2013-06-13,131.32408142089844
spy,2013-06-14,130.50038146972656
spy,2013-06-17,131.508056640625
spy,2013-06-18,132.5477294921875
spy,2013-06-19,130.71629333496094
spy,2013-06-20,127.47732543945312
spy,2013-06-21,127.88658905029297
spy,2013-06-24,126.27056884765625
spy,2013-06-25,127.48458862304688
spy,2013-06-26,128.74681091308594
spy,2013-06-27,129.5025634765625
spy,2013-06-28,128.9720001220703
spy,2013-07-01,129.72767639160156
spy,2013-07-02,129.60708618164062
spy,2013-07-03,129.663330078125
spy,2013-07-05,131.062255859375
spy,2013-07-08,131.8099822998047
spy,2013-07-09,132.75865173339844
spy,2013-07-10,132.80686950683594
spy,2013-07-11,134.6157684326172
spy,2013-07-12,134.67201232910156
spy,2013-07-15,135.18655395507812
spy,2013-07-16,134.68011474609375
spy,2013-07-17,135.02574157714844
spy,2013-07-18,135.76548767089844
spy,2013-07-19,136.0066375732422
spy,2013-07-22,136.27195739746094
spy,2013-07-23,135.98252868652344
spy,2013-07-24,135.4840545654297
spy,2013-07-25,135.81365966796875
spy,2013-07-26,135.9584197998047
spy,2013-07-29,135.5403289794922
spy,2013-07-30,135.5403289794922
spy,2013-07-31,135.63681030273438
spy,2013-08-01,137.20449829101562
spy,2013-08-02,137.4376678466797
spy,2013-08-05,137.23667907714844
spy,2013-08-06,136.45684814453125
spy,2013-08-07,136.01470947265625
spy,2013-08-08,136.51316833496094
spy,2013-08-09,136.11915588378906
spy,2013-08-12,135.9584197998047
spy,2013-08-13,136.36045837402344
spy,2013-08-14,135.66094970703125
spy,2013-08-15,133.76361083984375
spy,2013-08-16,133.3213653564453
spy,2013-08-19,132.46922302246094
spy,2013-08-20,133.1204376220703
spy,2013-08-21,132.3003387451172
spy,2013-08-22,133.5062713623047
spy,2013-08-23,133.95652770996094
spy,2013-08-26,133.45806884765625
spy,2013-08-27,131.31149291992188
spy,2013-08-28,131.7777862548828
spy,2013-08-29,131.98681640625
spy,2013-08-30,131.5687255859375
spy,2013-09-03,132.16375732421875
spy,2013-09-04,133.2570343017578
spy,2013-09-05,133.42593383789062
spy,2013-09-06,133.49021911621094
spy,2013-09-09,134.76849365234375
spy,2013-09-10,135.76548767089844
spy,2013-09-11,136.1915283203125
spy,2013-09-12,135.8297882080078
spy,2013-09-13,136.1353302001953
spy,2013-09-16,136.92315673828125
spy,2013-09-17,137.53419494628906
spy,2013-09-18,139.1260223388672
spy,2013-09-19,138.89291381835938
spy,2013-09-20,137.9217529296875
spy,2013-09-23,137.28358459472656
spy,2013-09-24,136.96043395996094
spy,2013-09-25,136.5645294189453
spy,2013-09-26,137.0896759033203
spy,2013-09-27,136.45948791503906
spy,2013-09-30,135.73245239257812
spy,2013-10-01,136.8069305419922
spy,2013-10-02,136.67767333984375
spy,2013-10-03,135.41738891601562
spy,2013-10-04,136.443359375
spy,2013-10-07,135.26380920410156
spy,2013-10-08,133.68849182128906
spy,2013-10-09,133.785400390625
spy,2013-10-10,136.6695556640625
spy,2013-10-11,137.55015563964844
spy,2013-10-14,138.09950256347656
spy,2013-10-15,137.09779357910156
spy,2013-10-16,139.012451171875
spy,2013-10-17,139.9414825439453
spy,2013-10-18,140.88677978515625
spy,2013-10-21,140.89480590820312
spy,2013-10-22,141.7107696533203
spy,2013-10-23,141.03216552734375
spy,2013-10-24,141.500732421875
spy,2013-10-25,142.1470184326172
spy,2013-10-28,142.3732147216797
spy,2013-10-29,143.1326141357422
spy,2013-10-30,142.42172241210938
spy,2013-10-31,142.0177459716797
spy,2013-11-01,142.3571014404297
spy,2013-11-04,142.85794067382812
spy,2013-11-05,142.4055633544922
spy,2013-11-06,143.1326141357422
spy,2013-11-07,141.322998046875
spy,2013-11-08,143.2295684814453
spy,2013-11-11,143.2537841796875
spy,2013-11-12,142.96304321289062
spy,2013-11-13,144.11016845703125
spy,2013-11-14,144.8291778564453
spy,2013-11-15,145.4593505859375
spy,2013-11-18,144.9503173828125
spy,2013-11-19,144.6352996826172
spy,2013-11-20,144.18289184570312
spy,2013-11-21,145.3462371826172
spy,2013-11-22,146.07333374023438
spy,2013-11-25,145.9279022216797
spy,2013-11-26,145.96827697753906
spy,2013-11-27,146.32382202148438
spy,2013-11-29,146.22689819335938
spy,2013-12-02,145.84710693359375
spy,2013-12-03,145.21694946289062
spy,2013-12-04,145.20082092285156
spy,2013-12-05,144.56259155273438
spy,2013-12-06,146.17835998535156
spy,2013-12-09,146.5500030517578
spy,2013-12-10,146.02484130859375
spy,2013-12-11,144.38491821289062
spy,2013-12-12,143.90817260742188
spy,2013-12-13,143.89207458496094
spy,2013-12-16,144.788818359375
spy,2013-12-17,144.32833862304688
spy,2013-12-18,146.79237365722656
spy,2013-12-19,146.6227264404297
spy,2013-12-20,147.47557067871094
spy,2013-12-23,148.26345825195312
spy,2013-12-24,148.5884246826172
spy,2013-12-26,149.3437957763672
spy,2013-12-27,149.3356475830078
spy,2013-12-30,149.3113250732422
spy,2013-12-31,150.0179901123047
spy,2014-01-02,148.58023071289062
spy,2014-01-03,148.55593872070312
spy,2014-01-06,148.1254119873047
spy,2014-01-07,149.0351104736328
spy,2014-01-08,149.06759643554688
spy,2014-01-09,149.16510009765625
spy,2014-01-10,149.57127380371094
spy,2014-01-13,147.58119201660156
spy,2014-01-14,149.18943786621094
spy,2014-01-15,149.9935760498047
spy,2014-01-16,149.7986602783203
spy,2014-01-17,149.16510009765625
spy,2014-01-21,149.6037139892578
spy,2014-01-22,149.7012176513672
spy,2014-01-23,148.47462463378906
spy,2014-01-24,145.30682373046875
spy,2014-01-27,144.59202575683594
spy,2014-01-28,145.45306396484375
spy,2014-01-29,144.055908203125
spy,2014-01-30,145.58299255371094
spy,2014-01-31,144.7301025390625
spy,2014-02-03,141.47286987304688
spy,2014-02-04,142.4638671875
spy,2014-02-05,142.28515625
spy,2014-02-06,144.1615447998047
spy,2014-02-07,145.9485321044922
spy,2014-02-10,146.216552734375
spy,2014-02-11,147.8166961669922
spy,2014-02-12,147.88980102539062
spy,2014-02-13,148.6533660888672
spy,2014-02-14,149.4737548828125
spy,2014-02-18,149.65243530273438
spy,2014-02-19,148.66151428222656
spy,2014-02-20,149.53875732421875
spy,2014-02-21,149.36814880371094
spy,2014-02-24,150.1966552734375
spy,2014-02-25,150.13983154296875
spy,2014-02-26,150.14793395996094
spy,2014-02-27,150.93585205078125
spy,2014-02-28,151.3175811767578
spy,2014-03-03,150.25350952148438
spy,2014-03-04,152.3654022216797
spy,2014-03-05,152.50350952148438
spy,2014-03-06,152.85281372070312
spy,2014-03-07,152.91781616210938
spy,2014-03-10,152.8365936279297
spy,2014-03-11,152.08114624023438
spy,2014-03-12,152.12179565429688
spy,2014-03-13,150.41598510742188
spy,2014-03-14,149.9935760498047
spy,2014-03-17,151.35006713867188
spy,2014-03-18,152.430419921875
spy,2014-03-19,151.61814880371094
spy,2014-03-20,152.50350952148438
spy,2014-03-21,151.91204833984375
spy,2014-03-24,151.28382873535156
spy,2014-03-25,152.00180053710938
spy,2014-03-26,150.9084930419922
spy,2014-03-27,150.5903778076172
spy,2014-03-28,151.3327178955078
spy,2014-03-31,152.57289123535156
spy,2014-04-01,153.5845184326172
spy,2014-04-02,154.0985565185547
spy,2014-04-03,153.89456176757812
spy,2014-04-04,152.07516479492188
spy,2014-04-07,150.3946075439453
spy,2014-04-08,151.0146026611328
spy,2014-04-09,152.63815307617188
spy,2014-04-10,149.43185424804688
spy,2014-04-11,148.08558654785156
spy,2014-04-14,149.2523651123047
spy,2014-04-15,150.2803497314453
spy,2014-04-16,151.8549346923828
spy,2014-04-17,152.06704711914062
spy,2014-04-21,152.5973358154297
spy,2014-04-22,153.29080200195312
spy,2014-04-23,152.93186950683594
spy,2014-04-24,153.24188232421875
spy,2014-04-25,151.98545837402344
spy,2014-04-28,152.46682739257812
spy,2014-04-29,153.17654418945312
spy,2014-04-30,153.63343811035156
spy,2014-05-01,153.64979553222656
spy,2014-05-02,153.42950439453125
spy,2014-05-05,153.72325134277344
spy,2014-05-06,152.3851776123047
spy,2014-05-07,153.2826690673828
spy,2014-05-08,153.11947631835938
spy,2014-05-09,153.3480224609375
spy,2014-05-12,154.84095764160156
spy,2014-05-13,154.9796142578125
spy,2014-05-14,154.245361328125
spy,2014-05-15,152.8910675048828
spy,2014-05-16,153.42135620117188
spy,2014-05-19,153.9842529296875
spy,2014-05-20,153.01344299316406
spy,2014-05-21,154.30252075195312
spy,2014-05-22,154.6777801513672
spy,2014-05-23,155.29783630371094
spy,2014-05-27,156.25234985351562
spy,2014-05-28,156.13818359375
spy,2014-05-29,156.94580078125
spy,2014-05-30,157.19874572753906
spy,2014-06-02,157.37823486328125
spy,2014-06-03,157.29669189453125
spy,2014-06-04,157.6148681640625
spy,2014-06-05,158.64285278320312
spy,2014-06-06,159.4015655517578
spy,2014-06-09,159.56468200683594
spy,2014-06-10,159.5810089111328
spy,2014-06-11,159.02627563476562
spy,2014-06-12,157.900390625
spy,2014-06-13,158.38177490234375
spy,2014-06-16,158.5122833251953
spy,2014-06-17,158.95286560058594
spy,2014-06-18,160.1195526123047
spy,2014-06-19,160.2989959716797
spy,2014-06-20,160.62445068359375
spy,2014-06-23,160.5752410888672
spy,2014-06-24,159.60794067382812
spy,2014-06-25,160.32931518554688
spy,2014-06-26,160.21456909179688
spy,2014-06-27,160.52613830566406
spy,2014-06-30,160.44412231445312
spy,2014-07-01,161.51800537109375
spy,2014-07-02,161.68197631835938
spy,2014-07-03,162.4770965576172
spy,2014-07-07,161.91146850585938
spy,2014-07-08,160.87039184570312
spy,2014-07-09,161.59178161621094
spy,2014-07-10,160.9523162841797
spy,2014-07-11,161.17369079589844
spy,2014-07-14,161.9852752685547
spy,2014-07-15,161.68197631835938
spy,2014-07-16,162.28038024902344
spy,2014-07-17,160.4359130859375
spy,2014-07-18,162.07537841796875
spy,2014-07-21,161.77207946777344
spy,2014-07-22,162.4770965576172
spy,2014-07-23,162.83779907226562
spy,2014-07-24,162.8460235595703
spy,2014-07-25,162.08364868164062
spy,2014-07-28,162.14920043945312
spy,2014-07-29,161.45248413085938
spy,2014-07-30,161.47702026367188
spy,2014-07-31,158.28810119628906
spy,2014-08-01,157.80441284179688
spy,2014-08-04,158.94398498535156
spy,2014-08-05,157.4027862548828
spy,2014-08-06,157.45196533203125
spy,2014-08-07,156.59938049316406
spy,2014-08-08,158.41111755371094
spy,2014-08-11,158.87017822265625
spy,2014-08-12,158.64877319335938
spy,2014-08-13,159.72271728515625
spy,2014-08-14,160.47686767578125
spy,2014-08-15,160.44412231445312
spy,2014-08-18,161.78848266601562
spy,2014-08-19,162.6328582763672
spy,2014-08-20,163.0673828125
spy,2014-08-21,163.5428009033203
spy,2014-08-22,163.28872680664062
spy,2014-08-25,164.11666870117188
spy,2014-08-26,164.22320556640625
spy,2014-08-27,164.1575927734375
spy,2014-08-28,164.0675048828125
spy,2014-08-29,164.53475952148438
spy,2014-09-02,164.4527130126953
spy,2014-09-03,164.36253356933594
spy,2014-09-04,164.12490844726562
spy,2014-09-05,164.86256408691406
spy,2014-09-08,164.4364013671875
spy,2014-09-09,163.39527893066406
spy,2014-09-10,164.0100555419922
spy,2014-09-11,164.19857788085938
spy,2014-09-12,163.23953247070312
spy,2014-09-15,163.11654663085938
spy,2014-09-16,164.34617614746094
spy,2014-09-17,164.56753540039062
spy,2014-09-18,165.44471740722656
spy,2014-09-19,165.29559326171875
spy,2014-09-22,164.01904296875
spy,2014-09-23,163.08013916015625
spy,2014-09-24,164.35675048828125
spy,2014-09-25,161.70468139648438
spy,2014-09-26,162.989501953125
spy,2014-09-29,162.69302368164062
spy,2014-09-30,162.26473999023438
spy,2014-10-01,160.06568908691406
spy,2014-10-02,160.09048461914062
spy,2014-10-03,161.85299682617188
spy,2014-10-06,161.6634979248047
spy,2014-10-07,159.16807556152344
spy,2014-10-08,161.9517822265625
spy,2014-10-09,158.7397918701172
spy,2014-10-10,156.92787170410156
spy,2014-10-13,154.35008239746094
spy,2014-10-14,154.58883666992188
spy,2014-10-15,153.54287719726562
spy,2014-10-16,153.4111328125
spy,2014-10-17,155.22296142578125
spy,2014-10-20,156.7301788330078
spy,2014-10-21,159.835205078125
spy,2014-10-22,158.69857788085938
spy,2014-10-23,160.54345703125
spy,2014-10-24,161.77879333496094
spy,2014-10-27,161.5564727783203
spy,2014-10-28,163.40956115722656
spy,2014-10-29,163.1625213623047
spy,2014-10-30,164.2084503173828
spy,2014-10-31,166.08627319335938
spy,2014-11-03,166.17681884765625
spy,2014-11-04,165.60031127929688
spy,2014-11-05,166.64627075195312
spy,2014-11-06,167.31338500976562
spy,2014-11-07,167.4698486328125
spy,2014-11-10,167.99700927734375
spy,2014-11-11,168.16171264648438
spy,2014-11-12,167.98049926757812
spy,2014-11-13,168.16993713378906
spy,2014-11-14,168.21116638183594
spy,2014-11-17,168.3181610107422
spy,2014-11-18,169.2900390625
spy,2014-11-19,169.01824951171875
spy,2014-11-20,169.31472778320312
spy,2014-11-21,170.2206573486328
spy,2014-11-24,170.69834899902344
spy,2014-11-25,170.57485961914062
spy,2014-11-26,171.01133728027344
spy,2014-11-28,170.64891052246094
spy,2014-12-01,169.46298217773438
spy,2014-12-02,170.55836486816406
spy,2014-12-03,171.2172088623047
spy,2014-12-04,171.02783203125
spy,2014-12-05,171.307861328125
spy,2014-12-08,170.16302490234375
spy,2014-12-09,170.04771423339844
spy,2014-12-10,167.32164001464844
spy,2014-12-11,168.16993713378906
spy,2014-12-12,165.45201110839844
spy,2014-12-15,164.31556701660156
spy,2014-12-16,162.99777221679688
spy,2014-12-17,166.19329833984375
spy,2014-12-18,170.30303955078125
spy,2014-12-19,171.02764892578125
spy,2014-12-22,171.81439208984375
spy,2014-12-23,172.04623413085938
spy,2014-12-24,172.06288146972656
spy,2014-12-26,172.61766052246094
spy,2014-12-29,172.849609375
spy,2014-12-30,171.92208862304688
spy,2014-12-31,170.21609497070312
spy,2015-01-02,170.12498474121094
spy,2015-01-05,167.0526580810547
spy,2015-01-06,165.47906494140625
spy,2015-01-07,167.54116821289062
spy,2015-01-08,170.5142059326172
spy,2015-01-09,169.1477813720703
spy,2015-01-12,167.82273864746094
spy,2015-01-13,167.35073852539062
spy,2015-01-14,166.3403778076172
spy,2015-01-15,164.81661987304688
spy,2015-01-16,166.9780731201172
spy,2015-01-20,167.3341522216797
spy,2015-01-21,168.17884826660156
spy,2015-01-22,170.6798858642578
spy,2015-01-23,169.74403381347656
spy,2015-01-26,170.14157104492188
spy,2015-01-27,167.89730834960938
spy,2015-01-28,165.744140625
spy,2015-01-29,167.2761688232422
spy,2015-01-30,165.17271423339844
spy,2015-02-02,167.21824645996094
spy,2015-02-03,169.6363525390625
spy,2015-02-04,168.99046325683594
spy,2015-02-05,170.69639587402344
spy,2015-02-06,170.224365234375
spy,2015-02-09,169.46249389648438
spy,2015-02-10,171.267822265625
spy,2015-02-11,171.36720275878906
spy,2015-02-12,173.01522827148438
spy,2015-02-13,173.72740173339844
spy,2015-02-17,174.0006866455078
spy,2015-02-18,174.0172882080078
spy,2015-02-19,173.89306640625
spy,2015-02-20,174.93650817871094
spy,2015-02-23,174.91165161132812
spy,2015-02-24,175.40853881835938
spy,2015-02-25,175.25949096679688
spy,2015-02-26,175.05242919921875
spy,2015-02-27,174.4561767578125
spy,2015-03-02,175.55764770507812
spy,2015-03-03,174.83714294433594
spy,2015-03-04,174.10009765625
spy,2015-03-05,174.2905731201172
spy,2015-03-06,171.83926391601562
spy,2015-03-09,172.5514678955078
spy,2015-03-10,169.75233459472656
spy,2015-03-11,169.3548583984375
spy,2015-03-12,171.50799560546875
spy,2015-03-13,170.456298828125
spy,2015-03-16,172.7336883544922
spy,2015-03-17,172.22018432617188
spy,2015-03-18,174.2905731201172
spy,2015-03-19,173.49551391601562
spy,2015-03-20,175.02694702148438
spy,2015-03-23,174.68588256835938
spy,2015-03-24,173.704345703125
spy,2015-03-25,171.158935546875
spy,2015-03-26,170.7513427734375
spy,2015-03-27,171.14227294921875
spy,2015-03-30,173.23019409179688
spy,2015-03-31,171.71621704101562
spy,2015-04-01,171.1090087890625
spy,2015-04-02,171.7245635986328
spy,2015-04-06,172.88084411621094
spy,2015-04-07,172.42330932617188
spy,2015-04-08,173.005615234375
spy,2015-04-09,173.77084350585938
spy,2015-04-10,174.71914672851562
spy,2015-04-13,173.928955078125
spy,2015-04-14,174.2616424560547
spy,2015-04-15,175.0435333251953
spy,2015-04-16,174.9936981201172
spy,2015-04-17,172.98060607910156
spy,2015-04-20,174.5610809326172
spy,2015-04-21,174.35317993164062
spy,2015-04-22,175.20994567871094
spy,2015-04-23,175.65084838867188
spy,2015-04-24,176.05841064453125
spy,2015-04-27,175.326416015625
spy,2015-04-28,175.88375854492188
spy,2015-04-29,175.16004943847656
spy,2015-04-30,173.40489196777344
spy,2015-05-01,175.28482055664062
spy,2015-05-04,175.783935546875
spy,2015-05-05,173.77084350585938
spy,2015-05-06,173.0554962158203
spy,2015-05-07,173.74591064453125
spy,2015-05-08,176.03346252441406
spy,2015-05-11,175.1933135986328
spy,2015-05-12,174.66929626464844
spy,2015-05-13,174.70254516601562
spy,2015-05-14,176.5242919921875
spy,2015-05-15,176.71554565429688
spy,2015-05-18,177.26458740234375
spy,2015-05-19,177.20640563964844
spy,2015-05-20,177.08155822753906
spy,2015-05-21,177.59735107421875
spy,2015-05-22,177.1731414794922
spy,2015-05-26,175.2681884765625
spy,2015-05-27,176.931884765625
spy,2015-05-28,176.7322235107422
spy,2015-05-29,175.6342010498047
spy,2015-06-01,175.9918975830078
spy,2015-06-02,175.8172149658203
spy,2015-06-03,176.2830047607422
spy,2015-06-04,174.7940673828125
spy,2015-06-05,174.49461364746094
spy,2015-06-08,173.42147827148438
spy,2015-06-09,173.39654541015625
spy,2015-06-10,175.47610473632812
spy,2015-06-11,176.04180908203125
spy,2015-06-12,174.6941680908203
spy,2015-06-15,173.94558715820312
spy,2015-06-16,174.89381408691406
spy,2015-06-17,175.1767120361328
spy,2015-06-18,176.99844360351562
spy,2015-06-19,176.21267700195312
spy,2015-06-22,177.11538696289062
spy,2015-06-23,177.24082946777344
spy,2015-06-24,175.9535675048828
spy,2015-06-25,175.41859436035156
spy,2015-06-26,175.38514709472656
spy,2015-06-29,171.70726013183594
spy,2015-06-30,172.06671142578125
spy,2015-07-01,173.44589233398438
spy,2015-07-02,173.287109375
spy,2015-07-06,172.79385375976562
spy,2015-07-07,173.8805694580078
spy,2015-07-08,170.96331787109375
spy,2015-07-09,171.27259826660156
spy,2015-07-10,173.4291534423828
spy,2015-07-13,175.34336853027344
spy,2015-07-14,176.10397338867188
spy,2015-07-15,176.0454864501953
spy,2015-07-16,177.4581756591797
spy,2015-07-17,177.608642578125
spy,2015-07-20,177.7005615234375
spy,2015-07-21,176.99844360351562
spy,2015-07-22,176.68077087402344
spy,2015-07-23,175.68606567382812
spy,2015-07-24,173.86386108398438
spy,2015-07-27,172.85244750976562
spy,2015-07-28,174.97557067871094
spy,2015-07-29,176.17921447753906
spy,2015-07-30,176.22100830078125
spy,2015-07-31,175.9535675048828
spy,2015-08-03,175.3600616455078
spy,2015-08-04,175.01734924316406
spy,2015-08-05,175.59408569335938
spy,2015-08-06,174.15643310546875
spy,2015-08-07,173.822021484375
spy,2015-08-10,176.01206970214844
spy,2015-08-11,174.42388916015625
spy,2015-08-12,174.6328582763672
spy,2015-08-13,174.41551208496094
spy,2015-08-14,175.05075073242188
spy,2015-08-17,176.0287628173828
spy,2015-08-18,175.51890563964844
spy,2015-08-19,174.13133239746094
spy,2015-08-20,170.49520874023438
spy,2015-08-21,165.3629150390625
spy,2015-08-24,158.39999389648438
spy,2015-08-25,156.53598022460938
spy,2015-08-26,162.5459747314453
spy,2015-08-27,166.56661987304688
spy,2015-08-28,166.57493591308594
spy,2015-08-31,165.22914123535156
spy,2015-09-01,160.29747009277344
spy,2015-09-02,163.340087890625
spy,2015-09-03,163.45712280273438
spy,2015-09-04,160.9828643798828
spy,2015-09-08,165.02853393554688
spy,2015-09-09,162.82179260253906
spy,2015-09-10,163.70782470703125
spy,2015-09-11,164.45179748535156
spy,2015-09-14,163.84156799316406
spy,2015-09-15,165.8895263671875
spy,2015-09-16,167.32725524902344
spy,2015-09-17,166.95103454589844
spy,2015-09-18,164.2228240966797
spy,2015-09-21,165.07147216796875
spy,2015-09-22,162.92889404296875
spy,2015-09-23,162.6684112548828
spy,2015-09-24,162.0802764892578
spy,2015-09-25,162.03826904296875
spy,2015-09-28,157.97152709960938
spy,2015-09-29,158.06398010253906
spy,2015-09-30,161.01318359375
spy,2015-10-01,161.4333038330078
spy,2015-10-02,163.84474182128906
spy,2015-10-05,166.76031494140625
spy,2015-10-06,166.18898010253906
spy,2015-10-07,167.55018615722656
spy,2015-10-08,169.06260681152344
spy,2015-10-09,169.1634521484375
spy,2015-10-12,169.32308959960938
spy,2015-10-13,168.25592041015625
spy,2015-10-14,167.4492950439453
spy,2015-10-15,170.02047729492188
spy,2015-10-16,170.79348754882812
spy,2015-10-19,170.87744140625
spy,2015-10-20,170.65904235839844
spy,2015-10-21,169.60032653808594
spy,2015-10-22,172.4655303955078
spy,2015-10-23,174.35601806640625
spy,2015-10-26,173.92752075195312
spy,2015-10-27,173.59140014648438
spy,2015-10-28,175.56591796875
spy,2015-10-29,175.465087890625
spy,2015-10-30,174.70892333984375
spy,2015-11-02,176.77590942382812
spy,2015-11-03,177.28839111328125
spy,2015-11-04,176.75071716308594
spy,2015-11-05,176.57423400878906
spy,2015-11-06,176.48178100585938
spy,2015-11-09,174.8349609375
spy,2015-11-10,175.23825073242188
spy,2015-11-11,174.54931640625
spy,2015-11-12,172.1125946044922
spy,2015-11-13,170.1800537109375
spy,2015-11-16,172.7680206298828
spy,2015-11-17,172.6419677734375
spy,2015-11-18,175.38107299804688
spy,2015-11-19,175.22991943359375
spy,2015-11-20,175.86842346191406
spy,2015-11-23,175.66677856445312
spy,2015-11-24,175.9020538330078
spy,2015-11-25,175.87684631347656
spy,2015-11-27,176.0785369873047
spy,2015-11-30,175.34742736816406
spy,2015-12-01,177.01953125
spy,2015-12-02,175.21304321289062
spy,2015-12-03,172.75961303710938
spy,2015-12-04,176.12890625
spy,2015-12-07,175.06185913085938
spy,2015-12-08,173.88548278808594
spy,2015-12-09,172.53273010253906
spy,2015-12-10,172.97804260253906
spy,2015-12-11,169.6255645751953
spy,2015-12-14,170.4825439453125
spy,2015-12-15,172.2722930908203
spy,2015-12-16,174.79295349121094
spy,2015-12-17,172.12950134277344
spy,2015-12-18,169.06292724609375
spy,2015-12-21,170.4575653076172
spy,2015-12-22,172.00433349609375
spy,2015-12-23,174.1343536376953
spy,2015-12-24,173.84693908691406
spy,2015-12-28,173.44967651367188
spy,2015-12-29,175.30067443847656
spy,2015-12-30,174.05821228027344
spy,2015-12-31,172.31704711914062
spy,2016-01-04,169.9081573486328
spy,2016-01-05,170.19546508789062
spy,2016-01-06,168.04864501953125
spy,2016-01-07,164.01690673828125
spy,2016-01-08,162.21653747558594
spy,2016-01-11,162.37718200683594
spy,2016-01-12,163.68728637695312
spy,2016-01-13,159.6048126220703
spy,2016-01-14,162.22499084472656
spy,2016-01-15,158.74266052246094
spy,2016-01-19,158.95391845703125
spy,2016-01-20,156.9169464111328
spy,2016-01-21,157.79598999023438
spy,2016-01-22,161.03321838378906
spy,2016-01-25,158.59898376464844
spy,2016-01-26,160.7627716064453
spy,2016-01-27,159.0131378173828
spy,2016-01-28,159.84146118164062
spy,2016-01-29,163.7379608154297
spy,2016-02-01,163.6787872314453
spy,2016-02-02,160.7289581298828
spy,2016-02-03,161.69256591796875
spy,2016-02-04,161.94610595703125
spy,2016-02-05,158.8610076904297
spy,2016-02-08,156.7226104736328
spy,2016-02-09,156.73104858398438
spy,2016-02-10,156.59585571289062
spy,2016-02-11,154.5587615966797
spy,2016-02-12,157.74525451660156
spy,2016-02-16,160.4077606201172
spy,2016-02-17,163.02796936035156
spy,2016-02-18,162.36021423339844
spy,2016-02-19,162.28416442871094
spy,2016-02-22,164.63394165039062
spy,2016-02-23,162.5546875
spy,2016-02-24,163.29847717285156
spy,2016-02-25,165.2762908935547
spy,2016-02-26,164.89598083496094
spy,2016-02-29,163.60272216796875
spy,2016-03-01,167.44862365722656
spy,2016-03-02,168.20079040527344
spy,2016-03-03,168.86001586914062
spy,2016-03-04,169.40945434570312
spy,2016-03-07,169.54469299316406
spy,2016-03-08,167.6936492919922
spy,2016-03-09,168.52203369140625
spy,2016-03-10,168.6571807861328
spy,2016-03-11,171.37881469726562
spy,2016-03-14,171.15904235839844
spy,2016-03-15,170.88015747070312
spy,2016-03-16,171.86904907226562
spy,2016-03-17,172.95947265625
spy,2016-03-18,173.6391143798828
spy,2016-03-21,173.885498046875
spy,2016-03-22,173.7919921875
spy,2016-03-23,172.6451416015625
spy,2016-03-24,172.56858825683594
spy,2016-03-28,172.67054748535156
spy,2016-03-29,174.26779174804688
spy,2016-03-30,175.03245544433594
spy,2016-03-31,174.607666015625
spy,2016-04-01,175.7970428466797
spy,2016-04-04,175.2278594970703
spy,2016-04-05,173.47772216796875
spy,2016-04-06,175.3722381591797
spy,2016-04-07,173.2737274169922
spy,2016-04-08,173.74105834960938
spy,2016-04-11,173.333251953125
spy,2016-04-12,174.94747924804688
spy,2016-04-13,176.71463012695312
spy,2016-04-14,176.7230987548828
spy,2016-04-15,176.52769470214844
spy,2016-04-18,177.76812744140625
spy,2016-04-19,178.32882690429688
spy,2016-04-20,178.49874877929688
spy,2016-04-21,177.53871154785156
spy,2016-04-22,177.53871154785156
spy,2016-04-25,177.2328643798828
spy,2016-04-26,177.4962615966797
spy,2016-04-27,177.86155700683594
spy,2016-04-28,176.247314453125
spy,2016-04-29,175.2957763671875
spy,2016-05-02,176.68911743164062
spy,2016-05-03,175.15138244628906
spy,2016-05-04,174.17434692382812
spy,2016-05-05,174.1403350830078
spy,2016-05-06,174.77749633789062
spy,2016-05-09,174.92196655273438
spy,2016-05-10,177.09695434570312
spy,2016-05-11,175.44027709960938
spy,2016-05-12,175.49118041992188
spy,2016-05-13,173.96194458007812
spy,2016-05-16,175.67813110351562
spy,2016-05-17,174.0384521484375
spy,2016-05-18,174.0894012451172
spy,2016-05-19,173.4861602783203
spy,2016-05-20,174.5821533203125
spy,2016-05-23,174.34426879882812
spy,2016-05-24,176.60415649414062
spy,2016-05-25,177.8020782470703
spy,2016-05-26,177.85305786132812
spy,2016-05-27,178.61767578125
spy,2016-05-31,178.27784729003906
spy,2016-06-01,178.64321899414062
spy,2016-06-02,179.18685913085938
spy,2016-06-03,178.65170288085938
spy,2016-06-06,179.560791015625
spy,2016-06-07,179.841064453125
spy,2016-06-08,180.42735290527344
spy,2016-06-09,180.1809539794922
spy,2016-06-10,178.4732666015625
spy,2016-06-13,177.09695434570312
spy,2016-06-14,176.74859619140625
spy,2016-06-15,176.50218200683594
spy,2016-06-16,177.0289306640625
spy,2016-06-17,176.36965942382812
spy,2016-06-20,177.50546264648438
spy,2016-06-21,178.0093536376953
spy,2016-06-22,177.718994140625
spy,2016-06-23,180.03338623046875
spy,2016-06-24,173.56851196289062
spy,2016-06-27,170.4599609375
spy,2016-06-28,173.5343475341797
spy,2016-06-29,176.48919677734375
spy,2016-06-30,178.89756774902344
spy,2016-07-01,179.27330017089844
spy,2016-07-05,177.9837188720703
spy,2016-07-06,179.0513458251953
spy,2016-07-07,178.94024658203125
spy,2016-07-08,181.60472106933594
spy,2016-07-11,182.2452850341797
spy,2016-07-12,183.56895446777344
spy,2016-07-13,183.54331970214844
spy,2016-07-14,184.56817626953125
spy,2016-07-15,184.32046508789062
spy,2016-07-18,184.81582641601562
spy,2016-07-19,184.62789916992188
spy,2016-07-20,185.3965606689453
spy,2016-07-21,184.69622802734375
spy,2016-07-22,185.52467346191406
spy,2016-07-25,185.020751953125
spy,2016-07-26,185.10617065429688
spy,2016-07-27,184.90975952148438
spy,2016-07-28,185.12322998046875
spy,2016-07-29,185.42218017578125
spy,2016-08-01,185.26841735839844
spy,2016-08-02,184.0813751220703
spy,2016-08-03,184.61936950683594
spy,2016-08-04,184.81582641601562
spy,2016-08-05,186.32742309570312
spy,2016-08-08,186.21636962890625
spy,2016-08-09,186.32742309570312
spy,2016-08-10,185.86619567871094
spy,2016-08-11,186.72879028320312
spy,2016-08-12,186.56651306152344
spy,2016-08-15,187.10459899902344
spy,2016-08-16,186.13954162597656
spy,2016-08-17,186.48968505859375
spy,2016-08-18,186.90811157226562
spy,2016-08-19,186.6348114013672
spy,2016-08-22,186.62631225585938
spy,2016-08-23,187.0020751953125
spy,2016-08-24,186.04559326171875
spy,2016-08-25,185.91748046875
spy,2016-08-26,185.5673828125
spy,2016-08-29,186.48104858398438
spy,2016-08-30,186.1737060546875
spy,2016-08-31,185.64422607421875
spy,2016-09-01,185.65272521972656
spy,2016-09-02,186.48968505859375
spy,2016-09-06,187.05331420898438
spy,2016-09-07,187.03622436523438
spy,2016-09-08,186.60922241210938
spy,2016-09-09,182.1427764892578
spy,2016-09-12,184.7560272216797
spy,2016-09-13,182.10003662109375
spy,2016-09-14,182.03173828125
spy,2016-09-15,183.8507843017578
spy,2016-09-16,183.1400909423828
spy,2016-09-19,183.1743927001953
spy,2016-09-20,183.1829833984375
spy,2016-09-21,185.24298095703125
spy,2016-09-22,186.41024780273438
spy,2016-09-23,185.38888549804688
spy,2016-09-26,183.88681030273438
spy,2016-09-27,185.02842712402344
spy,2016-09-28,185.94680786132812
spy,2016-09-29,184.2644805908203
spy,2016-09-30,185.65496826171875
spy,2016-10-03,185.2086181640625
spy,2016-10-04,184.2644805908203
spy,2016-10-05,185.07986450195312
spy,2016-10-06,185.2086181640625
spy,2016-10-07,184.57347106933594
spy,2016-10-10,185.53480529785156
spy,2016-10-11,183.19155883789062
spy,2016-10-12,183.43191528320312
spy,2016-10-13,182.83108520507812
spy,2016-10-14,182.92550659179688
spy,2016-10-17,182.2904052734375
spy,2016-10-18,183.43191528320312
spy,2016-10-19,183.92115783691406
spy,2016-10-20,183.57786560058594
spy,2016-10-21,183.66368103027344
spy,2016-10-24,184.4447479248047
spy,2016-10-25,183.8267364501953
spy,2016-10-26,183.4576873779297
spy,2016-10-27,182.96844482421875
spy,2016-10-28,182.4276580810547
spy,2016-10-31,182.43626403808594
spy,2016-11-01,181.11447143554688
spy,2016-11-02,180.02439880371094
spy,2016-11-03,179.20037841796875
spy,2016-11-04,179.00296020507812
spy,2016-11-07,182.95126342773438
spy,2016-11-08,183.7752227783203
spy,2016-11-09,185.72360229492188
spy,2016-11-10,186.1871337890625
spy,2016-11-11,185.75794982910156
spy,2016-11-14,185.90390014648438
spy,2016-11-15,187.35443115234375
spy,2016-11-16,187.00254821777344
spy,2016-11-17,187.96385192871094
spy,2016-11-18,187.54330444335938
spy,2016-11-21,188.9595184326172
spy,2016-11-22,189.32858276367188
spy,2016-11-23,189.43157958984375
spy,2016-11-25,190.13540649414062
spy,2016-11-28,189.24273681640625
spy,2016-11-29,189.61181640625
spy,2016-11-30,189.15692138671875
spy,2016-12-01,188.46165466308594
spy,2016-12-02,188.5561065673828
spy,2016-12-05,189.68910217285156
spy,2016-12-06,190.28994750976562
spy,2016-12-07,192.7790069580078
spy,2016-12-08,193.25111389160156
spy,2016-12-09,194.4184112548828
spy,2016-12-12,194.19525146484375
spy,2016-12-13,195.4912872314453
spy,2016-12-14,193.87771606445312
spy,2016-12-15,194.67591857910156
spy,2016-12-16,194.2952117919922
spy,2016-12-19,194.71823120117188
spy,2016-12-20,195.46937561035156
spy,2016-12-21,194.9254608154297
spy,2016-12-22,194.5887908935547
spy,2016-12-23,194.87368774414062
spy,2016-12-27,195.35714721679688
spy,2016-12-28,193.74261474609375
spy,2016-12-29,193.69944763183594
spy,2016-12-30,192.99143981933594
spy,2017-01-03,194.46786499023438
spy,2017-01-04,195.62478637695312
spy,2017-01-05,195.46937561035156
spy,2017-01-06,196.168701171875
spy,2017-01-09,195.52117919921875
spy,2017-01-10,195.52117919921875
spy,2017-01-11,196.07373046875
spy,2017-01-12,195.58164978027344
spy,2017-01-13,196.03057861328125
spy,2017-01-17,195.33985900878906
spy,2017-01-18,195.7715606689453
spy,2017-01-19,195.04629516601562
spy,2017-01-20,195.762939453125
spy,2017-01-23,195.2535400390625
spy,2017-01-24,196.5054168701172
spy,2017-01-25,198.20631408691406
spy,2017-01-26,197.99903869628906
spy,2017-01-27,197.68826293945312
spy,2017-01-30,196.46231079101562
spy,2017-01-31,196.4450225830078
spy,2017-02-01,196.52267456054688
spy,2017-02-02,196.65219116210938
spy,2017-02-03,198.00772094726562
spy,2017-02-06,197.6537628173828
spy,2017-02-07,197.66236877441406
spy,2017-02-08,197.92140197753906
spy,2017-02-09,199.0955810546875
spy,2017-02-10,199.8812713623047
spy,2017-02-13,200.96913146972656
spy,2017-02-14,201.77206420898438
spy,2017-02-15,202.8253631591797
spy,2017-02-16,202.6527099609375
spy,2017-02-17,202.97213745117188
spy,2017-02-21,204.18087768554688
spy,2017-02-22,203.9995574951172
spy,2017-02-23,204.13766479492188
spy,2017-02-24,204.39671325683594
spy,2017-02-27,204.71620178222656
spy,2017-02-28,204.1636505126953
spy,2017-03-01,207.02139282226562
spy,2017-03-02,205.71768188476562
spy,2017-03-03,205.8472137451172
spy,2017-03-06,205.2341766357422
spy,2017-03-07,204.6212158203125
spy,2017-03-08,204.24134826660156
spy,2017-03-09,204.50035095214844
spy,2017-03-10,205.2169189453125
spy,2017-03-13,205.32058715820312
spy,2017-03-14,204.5348358154297
spy,2017-03-15,206.3048095703125
spy,2017-03-16,205.89901733398438
spy,2017-03-17,205.53746032714844
spy,2017-03-20,205.31195068359375
spy,2017-03-21,202.67584228515625
spy,2017-03-22,203.15281677246094
spy,2017-03-23,202.93597412109375
spy,2017-03-24,202.78860473632812
spy,2017-03-27,202.58045959472656
spy,2017-03-28,204.05462646484375
spy,2017-03-29,204.245361328125
spy,2017-03-30,204.89572143554688
spy,2017-03-31,204.4188232421875
spy,2017-04-03,204.06324768066406
spy,2017-04-04,204.19332885742188
spy,2017-04-05,203.58633422851562
spy,2017-04-06,204.1586456298828
spy,2017-04-07,203.95053100585938
spy,2017-04-10,204.07192993164062
spy,2017-04-11,203.82919311523438
spy,2017-04-12,202.93597412109375
spy,2017-04-13,201.617919921875
spy,2017-04-17,203.40431213378906
spy,2017-04-18,202.79725646972656
spy,2017-04-19,202.42442321777344
spy,2017-04-20,204.07192993164062
spy,2017-04-21,203.42161560058594
spy,2017-04-24,205.65879821777344
spy,2017-04-25,206.85543823242188
spy,2017-04-26,206.72540283203125
spy,2017-04-27,206.89878845214844
spy,2017-04-28,206.4479217529297
spy,2017-05-01,206.96817016601562
spy,2017-05-02,207.0462646484375
spy,2017-05-03,206.79478454589844
spy,2017-05-04,207.0375518798828
spy,2017-05-05,207.85269165039062
spy,2017-05-08,207.8179931640625
spy,2017-05-09,207.627197265625
spy,2017-05-10,208.00006103515625
spy,2017-05-11,207.57521057128906
spy,2017-05-12,207.22830200195312
spy,2017-05-15,208.37295532226562
spy,2017-05-16,208.18222045898438
spy,2017-05-17,204.4881591796875
spy,2017-05-18,205.31195068359375
spy,2017-05-19,206.64735412597656
spy,2017-05-22,207.69654846191406
spy,2017-05-23,208.15615844726562
spy,2017-05-24,208.6417694091797
spy,2017-05-25,209.63893127441406
spy,2017-05-26,209.5955810546875
spy,2017-05-30,209.4135284423828
spy,2017-05-31,209.3615264892578
spy,2017-06-01,211.02638244628906
spy,2017-06-02,211.7288055419922
spy,2017-06-05,211.57266235351562
spy,2017-06-06,210.89634704589844
spy,2017-06-07,211.2864990234375
spy,2017-06-08,211.3905792236328
spy,2017-06-09,211.06976318359375
spy,2017-06-12,211.02638244628906
spy,2017-06-13,212.0583038330078
spy,2017-06-14,211.7894744873047
spy,2017-06-15,211.38189697265625
spy,2017-06-16,211.42803955078125
spy,2017-06-19,213.1882781982422
spy,2017-06-20,211.75048828125
spy,2017-06-21,211.6982421875
spy,2017-06-22,211.60235595703125
spy,2017-06-23,211.85507202148438
spy,2017-06-26,211.9944305419922
spy,2017-06-27,210.28660583496094
spy,2017-06-28,212.16879272460938
spy,2017-06-29,210.30406188964844
spy,2017-06-30,210.6961669921875
spy,2017-07-03,211.05345153808594
spy,2017-07-05,211.54135131835938
spy,2017-07-06,209.60693359375
spy,2017-07-07,210.96627807617188
spy,2017-07-10,211.1928253173828
spy,2017-07-11,211.0360107421875
spy,2017-07-12,212.6219024658203
spy,2017-07-13,212.97914123535156
spy,2017-07-14,213.97244262695312
spy,2017-07-17,213.94635009765625
spy,2017-07-18,214.0596160888672
spy,2017-07-19,215.2185821533203
spy,2017-07-20,215.3143768310547
spy,2017-07-21,215.1226806640625
spy,2017-07-24,215.07044982910156
spy,2017-07-25,215.59324645996094
spy,2017-07-26,215.60195922851562
spy,2017-07-27,215.40151977539062
spy,2017-07-28,215.14886474609375
spy,2017-07-31,215.02684020996094
spy,2017-08-01,215.5060577392578
spy,2017-08-02,215.6106414794922
spy,2017-08-03,215.1924285888672
spy,2017-08-04,215.5845489501953
spy,2017-08-07,215.9853057861328
spy,2017-08-08,215.4538116455078
spy,2017-08-09,215.44512939453125
spy,2017-08-10,212.40403747558594
spy,2017-08-11,212.7177276611328
spy,2017-08-14,214.8264617919922
spy,2017-08-15,214.80027770996094
spy,2017-08-16,215.1749725341797
spy,2017-08-17,211.82022094726562
spy,2017-08-18,211.4890899658203
spy,2017-08-21,211.65463256835938
spy,2017-08-22,213.86793518066406
spy,2017-08-23,213.10108947753906
spy,2017-08-24,212.60446166992188
spy,2017-08-25,213.10108947753906
spy,2017-08-28,213.10984802246094
spy,2017-08-29,213.3538055419922
spy,2017-08-30,214.3645782470703
spy,2017-08-31,215.6542205810547
spy,2017-09-01,215.95919799804688
spy,2017-09-05,214.408203125
spy,2017-09-06,215.1400909423828
spy,2017-09-07,215.11398315429688
spy,2017-09-08,214.86134338378906
spy,2017-09-11,217.15298461914062
spy,2017-09-12,217.88490295410156
spy,2017-09-13,217.9894561767578
spy,2017-09-14,217.91981506347656
spy,2017-09-15,218.213134765625
spy,2017-09-18,218.67723083496094
spy,2017-09-19,218.8961944580078
spy,2017-09-20,218.9749755859375
spy,2017-09-21,218.3882598876953
spy,2017-09-22,218.4320831298828
spy,2017-09-25,217.98544311523438
spy,2017-09-26,218.11676025390625
spy,2017-09-27,218.96624755859375
spy,2017-09-28,219.2289581298828
spy,2017-09-29,219.99954223632812
spy,2017-10-02,220.95404052734375
spy,2017-10-03,221.42689514160156
spy,2017-10-04,221.68963623046875
spy,2017-10-05,223.0031280517578
spy,2017-10-06,222.74916076660156
spy,2017-10-09,222.38145446777344
spy,2017-10-10,222.96810913085938
spy,2017-10-11,223.31845092773438
spy,2017-10-12,222.98561096191406
spy,2017-10-13,223.2571258544922
spy,2017-10-16,223.55484008789062
spy,2017-10-17,223.71249389648438
spy,2017-10-18,223.93141174316406
spy,2017-10-19,223.99264526367188
spy,2017-10-20,225.14857482910156
spy,2017-10-23,224.27288818359375
spy,2017-10-24,224.6669464111328
spy,2017-10-25,223.55484008789062
spy,2017-10-26,223.84381103515625
spy,2017-10-27,225.6739959716797
spy,2017-10-30,224.83340454101562
spy,2017-10-31,225.18362426757812
spy,2017-11-01,225.48133850097656
spy,2017-11-02,225.56895446777344
spy,2017-11-03,226.32205200195312
spy,2017-11-06,226.6722869873047
spy,2017-11-07,226.51467895507812
spy,2017-11-08,226.89993286132812
spy,2017-11-09,226.07679748535156
spy,2017-11-10,226.00672912597656
spy,2017-11-13,226.21688842773438
spy,2017-11-14,225.69155883789062
spy,2017-11-15,224.56185913085938
spy,2017-11-16,226.47088623046875
spy,2017-11-17,225.8053741455078
spy,2017-11-20,226.190673828125
spy,2017-11-21,227.6705780029297
spy,2017-11-22,227.46917724609375
spy,2017-11-24,227.99462890625
spy,2017-11-27,227.88075256347656
spy,2017-11-28,230.192626953125
spy,2017-11-29,230.05242919921875
spy,2017-11-30,232.06655883789062
spy,2017-12-01,231.5849609375
spy,2017-12-04,231.30470275878906
spy,2017-12-05,230.4728240966797
spy,2017-12-06,230.5166473388672
spy,2017-12-07,231.24339294433594
spy,2017-12-08,232.50442504882812
spy,2017-12-11,233.20492553710938
spy,2017-12-12,233.6165313720703
spy,2017-12-13,233.5902557373047
spy,2017-12-14,232.63568115234375
spy,2017-12-15,234.57301330566406
spy,2017-12-18,236.06056213378906
spy,2017-12-19,235.15391540527344
spy,2017-12-20,235.03067016601562
spy,2017-12-21,235.51478576660156
spy,2017-12-22,235.45315551757812
spy,2017-12-26,235.1714630126953
spy,2017-12-27,235.28591918945312
spy,2017-12-28,235.77003479003906
spy,2017-12-29,234.88108825683594
spy,2018-01-02,236.56214904785156
spy,2018-01-03,238.05848693847656
spy,2018-01-04,239.0618438720703
spy,2018-01-05,240.65496826171875
spy,2018-01-08,241.09500122070312
spy,2018-01-09,241.64068603515625
spy,2018-01-10,241.27110290527344
spy,2018-01-11,243.03140258789062
spy,2018-01-12,244.61572265625
spy,2018-01-16,243.77951049804688
spy,2018-01-17,246.10313415527344
spy,2018-01-18,245.68948364257812
spy,2018-01-19,246.80723571777344
spy,2018-01-22,248.81405639648438
spy,2018-01-23,249.34225463867188
spy,2018-01-24,249.24539184570312
spy,2018-01-25,249.35092163085938
spy,2018-01-26,252.2379608154297
spy,2018-01-29,250.5655975341797
spy,2018-01-30,247.99549865722656
spy,2018-01-31,248.11871337890625
spy,2018-02-01,247.83712768554688
spy,2018-02-02,242.4417266845703
spy,2018-02-05,232.30215454101562
spy,2018-02-06,236.87893676757812
spy,2018-02-07,235.59402465820312
spy,2018-02-08,226.75717163085938
spy,2018-02-09,230.1634063720703
spy,2018-02-12,233.5431671142578
spy,2018-02-13,234.12408447265625
spy,2018-02-14,237.28387451171875
spy,2018-02-15,240.31161499023438
spy,2018-02-16,240.38206481933594
spy,2018-02-20,238.876953125
spy,2018-02-21,237.6887969970703
spy,2018-02-22,237.99681091308594
spy,2018-02-23,241.79034423828125
spy,2018-02-26,244.59805297851562
spy,2018-02-27,241.54388427734375
spy,2018-02-28,239.09703063964844
spy,2018-03-01,235.620361328125
spy,2018-03-02,236.83506774902344
spy,2018-03-05,239.57235717773438
spy,2018-03-06,240.1796417236328
spy,2018-03-07,240.0915985107422
spy,2018-03-08,241.2534942626953
spy,2018-03-09,245.45184326171875
spy,2018-03-12,245.1438446044922
spy,2018-03-13,243.55955505371094
spy,2018-03-14,242.30960083007812
spy,2018-03-15,242.04559326171875
spy,2018-03-16,242.30809020996094
spy,2018-03-19,239.0295867919922
spy,2018-03-20,239.43609619140625
spy,2018-03-21,238.97654724121094
spy,2018-03-22,233.0028076171875
spy,2018-03-23,228.03648376464844
spy,2018-03-26,234.27529907226562
spy,2018-03-27,230.2898712158203
spy,2018-03-28,229.60940551757812
spy,2018-03-29,232.54322814941406
spy,2018-04-02,227.52392578125
spy,2018-04-03,230.44012451171875
spy,2018-04-04,232.90560913085938
spy,2018-04-05,234.74368286132812
spy,2018-04-06,229.51219177246094
spy,2018-04-09,230.643310546875
spy,2018-04-10,234.31063842773438
spy,2018-04-11,233.08233642578125
spy,2018-04-12,234.99998474121094
spy,2018-04-13,234.31063842773438
spy,2018-04-16,236.23709106445312
spy,2018-04-17,238.76449584960938
spy,2018-04-18,238.94122314453125
spy,2018-04-19,237.61573791503906
spy,2018-04-20,235.60086059570312
spy,2018-04-23,235.5655059814453
spy,2018-04-24,232.39308166503906
spy,2018-04-25,232.96739196777344
spy,2018-04-26,235.33570861816406
spy,2018-04-27,235.556640625
spy,2018-04-30,233.74514770507812
spy,2018-05-01,234.16049194335938
spy,2018-05-02,232.58749389648438
spy,2018-05-03,232.0748748779297
spy,2018-05-04,235.07948303222656
spy,2018-05-07,235.87484741210938
spy,2018-05-08,235.87484741210938
spy,2018-05-09,238.1547088623047
spy,2018-05-10,240.38162231445312
spy,2018-05-11,241.1150360107422
spy,2018-05-14,241.22999572753906
spy,2018-05-15,239.56863403320312
spy,2018-05-16,240.5760040283203
spy,2018-05-17,240.37278747558594
spy,2018-05-18,239.77191162109375
spy,2018-05-21,241.5745849609375
spy,2018-05-22,240.90301513671875
spy,2018-05-23,241.56573486328125
spy,2018-05-24,241.07089233398438
spy,2018-05-25,240.49652099609375
spy,2018-05-29,237.73049926757812
spy,2018-05-30,240.90301513671875
spy,2018-05-31,239.42726135253906
spy,2018-06-01,241.77786254882812
spy,2018-06-04,242.9265899658203
spy,2018-06-05,243.10330200195312
spy,2018-06-06,245.13584899902344
spy,2018-06-07,245.109375
spy,2018-06-08,245.83407592773438
spy,2018-06-11,246.16091918945312
spy,2018-06-12,246.47906494140625
spy,2018-06-13,245.69264221191406
spy,2018-06-14,246.31124877929688
spy,2018-06-15,245.99696350097656
spy,2018-06-18,245.49105834960938
spy,2018-06-19,244.55007934570312
spy,2018-06-20,244.96722412109375
spy,2018-06-21,243.4315948486328
spy,2018-06-22,243.8754119873047
spy,2018-06-25,240.55557250976562
spy,2018-06-26,241.0881805419922
spy,2018-06-27,239.0909423828125
spy,2018-06-28,240.45790100097656
spy,2018-06-29,240.80419921875
spy,2018-07-02,241.31895446777344
spy,2018-07-03,240.4668426513672
spy,2018-07-05,242.4285125732422
spy,2018-07-06,244.47901916503906
spy,2018-07-09,246.680419921875
spy,2018-07-10,247.56813049316406
spy,2018-07-11,245.75721740722656
spy,2018-07-12,247.98529052734375
spy,2018-07-13,248.18055725097656
spy,2018-07-16,247.95863342285156
spy,2018-07-17,248.96168518066406
spy,2018-07-18,249.48550415039062
spy,2018-07-19,248.54452514648438
spy,2018-07-20,248.2604217529297
spy,2018-07-23,248.72215270996094
spy,2018-07-24,249.9736785888672
spy,2018-07-25,252.10401916503906
spy,2018-07-26,251.50938415527344
spy,2018-07-27,249.8050537109375
spy,2018-07-30,248.50018310546875
spy,2018-07-31,249.72515869140625
spy,2018-08-01,249.30792236328125
spy,2018-08-02,250.66600036621094
spy,2018-08-03,251.74012756347656
spy,2018-08-06,252.66326904296875
spy,2018-08-07,253.49761962890625
spy,2018-08-08,253.39114379882812
spy,2018-08-09,253.0449981689453
spy,2018-08-10,251.34957885742188
spy,2018-08-13,250.4086456298828
spy,2018-08-14,252.00640869140625
spy,2018-08-15,250.12460327148438
spy,2018-08-16,252.14842224121094
spy,2018-08-17,253.0360565185547
spy,2018-08-20,253.57754516601562
spy,2018-08-21,254.17234802246094
spy,2018-08-22,254.02142333984375
spy,2018-08-23,253.6841583251953
spy,2018-08-24,255.21078491210938
spy,2018-08-27,257.2259521484375
spy,2018-08-28,257.35015869140625
spy,2018-08-29,258.73480224609375
spy,2018-08-30,257.68743896484375
spy,2018-08-31,257.6962890625
spy,2018-09-04,257.25244140625
spy,2018-09-05,256.5600891113281
spy,2018-09-06,255.78782653808594
spy,2018-09-07,255.29075622558594
spy,2018-09-10,255.7345733642578
spy,2018-09-11,256.5777893066406
spy,2018-09-12,256.639892578125
spy,2018-09-13,258.1578369140625
spy,2018-09-14,258.2022399902344
spy,2018-09-17,256.835205078125
spy,2018-09-18,258.2287902832031
spy,2018-09-19,258.5041198730469
spy,2018-09-20,260.598876953125
spy,2018-09-21,260.36090087890625
spy,2018-09-24,259.4959411621094
spy,2018-09-25,259.25518798828125
spy,2018-09-26,258.4794616699219
spy,2018-09-27,259.2016906738281
spy,2018-09-28,259.2283935546875
spy,2018-10-01,260.1289978027344
spy,2018-10-02,259.9774169921875
spy,2018-10-03,260.1201171875
spy,2018-10-04,258.087158203125
spy,2018-10-05,256.642578125
spy,2018-10-08,256.642578125
spy,2018-10-09,256.2680358886719
spy,2018-10-10,248.15374755859375
spy,2018-10-11,242.68785095214844
spy,2018-10-12,246.058349609375
spy,2018-10-15,244.67625427246094
spy,2018-10-16,250.0263214111328
spy,2018-10-17,250.07095336914062
spy,2018-10-18,246.45960998535156
spy,2018-10-19,246.3258514404297
spy,2018-10-22,245.2201385498047
spy,2018-10-23,243.97183227539062
spy,2018-10-24,236.57980346679688
spy,2018-10-25,240.82418823242188
spy,2018-10-26,236.58871459960938
spy,2018-10-29,235.27796936035156
spy,2018-10-30,238.76441955566406
spy,2018-10-31,241.31468200683594
spy,2018-11-01,243.8826904296875
spy,2018-11-02,242.43812561035156
spy,2018-11-05,243.77569580078125
spy,2018-11-06,245.31826782226562
spy,2018-11-07,250.5702667236328
spy,2018-11-08,250.11550903320312
spy,2018-11-09,247.67230224609375
spy,2018-11-12,243.0445098876953
spy,2018-11-13,242.58973693847656
spy,2018-11-14,240.9312744140625
spy,2018-11-15,243.44577026367188
spy,2018-11-16,244.078857421875
spy,2018-11-19,239.9503631591797
spy,2018-11-20,235.5098114013672
spy,2018-11-21,236.31228637695312
spy,2018-11-23,234.73403930664062
spy,2018-11-26,238.52369689941406
spy,2018-11-27,239.32618713378906
spy,2018-11-28,244.8367919921875
spy,2018-11-29,244.30174255371094
spy,2018-11-30,245.7908477783203
spy,2018-12-03,249.04551696777344
spy,2018-12-04,240.97579956054688
spy,2018-12-06,240.61019897460938
spy,2018-12-07,235.0194549560547
spy,2018-12-10,235.46527099609375
spy,2018-12-11,235.5187225341797
spy,2018-12-12,236.70468139648438
spy,2018-12-13,236.62442016601562
spy,2018-12-14,232.25523376464844
spy,2018-12-17,227.69873046875
spy,2018-12-18,227.4490509033203
spy,2018-12-19,224.04281616210938
spy,2018-12-20,220.39584350585938
spy,2018-12-21,215.88009643554688
spy,2018-12-24,210.17587280273438
spy,2018-12-26,220.79495239257812
spy,2018-12-27,222.4901123046875
spy,2018-12-28,222.20306396484375
spy,2018-12-31,224.14930725097656
spy,2019-01-02,224.3825225830078
spy,2019-01-03,219.02813720703125
spy,2019-01-04,226.36463928222656
spy,2019-01-07,228.14944458007812
spy,2019-01-08,230.29299926757812
spy,2019-01-09,231.3692169189453
spy,2019-01-10,232.18545532226562
spy,2019-01-11,232.27516174316406
spy,2019-01-14,230.85800170898438
spy,2019-01-15,233.50387573242188
spy,2019-01-16,234.0688934326172
spy,2019-01-17,235.8446807861328
spy,2019-01-18,238.98377990722656
spy,2019-01-22,235.75502014160156
spy,2019-01-23,236.2483367919922
spy,2019-01-24,236.37384033203125
spy,2019-01-25,238.3739013671875
spy,2019-01-28,236.56224060058594
spy,2019-01-29,236.2483367919922
spy,2019-01-30,239.9883270263672
spy,2019-01-31,242.09596252441406
spy,2019-02-01,242.2125701904297
spy,2019-02-04,243.91665649414062
spy,2019-02-05,244.9391326904297
spy,2019-02-06,244.61624145507812
spy,2019-02-07,242.2843475341797
spy,2019-02-08,242.58035278320312
spy,2019-02-11,242.71484375
spy,2019-02-12,245.83604431152344
spy,2019-02-13,246.63424682617188
spy,2019-02-14,246.08714294433594
spy,2019-02-15,248.76881408691406
spy,2019-02-19,249.19921875
spy,2019-02-20,249.7015838623047
spy,2019-02-21,248.8136749267578
spy,2019-02-22,250.35633850097656
spy,2019-02-25,250.69712829589844
spy,2019-02-26,250.5177764892578
spy,2019-02-27,250.4102020263672
spy,2019-02-28,249.94375610351562
spy,2019-03-01,251.5043182373047
spy,2019-03-04,250.58944702148438
spy,2019-03-05,250.2487030029297
spy,2019-03-06,248.73291015625
spy,2019-03-07,246.65213012695312
spy,2019-03-08,246.15887451171875
spy,2019-03-11,249.728515625
spy,2019-03-12,250.6702117919922
spy,2019-03-13,252.32943725585938
spy,2019-03-14,252.16802978515625
spy,2019-03-15,253.4138946533203
spy,2019-03-18,254.33265686035156
spy,2019-03-19,254.39578247070312
spy,2019-03-20,253.63009643554688
spy,2019-03-21,256.4947204589844
spy,2019-03-22,251.55810546875
spy,2019-03-25,251.36907958984375
spy,2019-03-26,253.24273681640625
spy,2019-03-27,251.9185333251953
spy,2019-03-28,252.87335205078125
spy,2019-03-29,254.4678955078125
spy,2019-04-01,257.485595703125
spy,2019-04-02,257.61181640625
spy,2019-04-03,258.0171203613281
spy,2019-04-04,258.7017517089844
spy,2019-04-05,259.95391845703125
spy,2019-04-08,260.1520690917969
spy,2019-04-09,258.81890869140625
spy,2019-04-10,259.7016906738281
spy,2019-04-11,259.6296691894531
spy,2019-04-12,261.38629150390625
spy,2019-04-15,261.2150573730469
spy,2019-04-16,261.38629150390625
spy,2019-04-17,260.7467346191406
spy,2019-04-18,261.2601013183594
spy,2019-04-22,261.4853515625
spy,2019-04-23,263.83648681640625
spy,2019-04-24,263.2509765625
spy,2019-04-25,263.0888671875
spy,2019-04-26,264.31396484375
spy,2019-04-29,264.72833251953125
spy,2019-04-30,264.8634948730469
spy,2019-05-01,262.8727111816406
spy,2019-05-02,262.30511474609375
spy,2019-05-03,264.87249755859375
spy,2019-05-06,263.7824401855469
spy,2019-05-07,259.3773193359375
spy,2019-05-08,259.01708984375
spy,2019-05-09,258.23345947265625
spy,2019-05-10,259.530517578125
spy,2019-05-13,253.00848388671875
spy,2019-05-14,255.2965850830078
spy,2019-05-15,256.7920227050781
spy,2019-05-16,259.17022705078125
spy,2019-05-17,257.49462890625
spy,2019-05-20,255.7921142578125
spy,2019-05-21,258.09820556640625
spy,2019-05-22,257.3055419921875
spy,2019-05-23,254.1615447998047
spy,2019-05-24,254.73812866210938
spy,2019-05-28,252.368896484375
spy,2019-05-29,250.67530822753906
spy,2019-05-30,251.3599853515625
spy,2019-05-31,247.9728546142578
spy,2019-06-03,247.34234619140625
spy,2019-06-04,252.71119689941406
spy,2019-06-05,254.90020751953125
spy,2019-06-06,256.55780029296875
spy,2019-06-07,259.1252136230469
spy,2019-06-10,260.3143005371094
spy,2019-06-11,260.251220703125
spy,2019-06-12,259.79168701171875
spy,2019-06-13,260.8637390136719
spy,2019-06-14,260.57550048828125
spy,2019-06-17,260.674560546875
spy,2019-06-18,263.4041748046875
spy,2019-06-19,263.9986877441406
spy,2019-06-20,266.5210266113281
spy,2019-06-21,266.133544921875
spy,2019-06-24,265.8077392578125
spy,2019-06-25,263.2007141113281
spy,2019-06-26,262.9381408691406
spy,2019-06-27,263.87054443359375
spy,2019-06-28,265.2283630371094
spy,2019-07-01,267.63623046875
spy,2019-07-02,268.33331298828125
spy,2019-07-03,270.4786376953125
spy,2019-07-05,270.17083740234375
spy,2019-07-08,268.6863098144531
spy,2019-07-09,269.0212097167969
spy,2019-07-10,270.30657958984375
spy,2019-07-11,270.9402770996094
spy,2019-07-12,272.15325927734375
spy,2019-07-15,272.2437744140625
spy,2019-07-16,271.36578369140625
spy,2019-07-17,269.51904296875
spy,2019-07-18,270.50579833984375
spy,2019-07-19,269.0031433105469
spy,2019-07-22,269.6639404296875
spy,2019-07-23,271.592041015625
spy,2019-07-24,272.8683776855469
spy,2019-07-25,271.5649108886719
spy,2019-07-26,273.38433837890625
spy,2019-07-29,272.8864440917969
spy,2019-07-30,272.2165832519531
spy,2019-07-31,269.2384948730469
spy,2019-08-01,266.8939208984375
spy,2019-08-02,264.8843994140625
spy,2019-08-05,256.91845703125
spy,2019-08-06,260.5212707519531
spy,2019-08-07,260.6750793457031
spy,2019-08-08,265.78961181640625
spy,2019-08-09,263.97918701171875
spy,2019-08-12,260.7656555175781
spy,2019-08-13,264.8210144042969
spy,2019-08-14,256.9909362792969
spy,2019-08-15,257.66973876953125
spy,2019-08-16,261.4717712402344
spy,2019-08-19,264.6219177246094
spy,2019-08-20,262.59417724609375
spy,2019-08-21,264.7304992675781
spy,2019-08-22,264.6490783691406
spy,2019-08-23,257.850830078125
spy,2019-08-26,260.7023010253906
spy,2019-08-27,259.6792907714844
spy,2019-08-28,261.5079650878906
spy,2019-08-29,264.84814453125
spy,2019-08-30,264.7304992675781
spy,2019-09-03,263.1825866699219
spy,2019-09-04,266.1698303222656
spy,2019-09-05,269.591552734375
spy,2019-09-06,269.7997131347656
spy,2019-09-09,269.935546875
spy,2019-09-10,269.8721923828125
spy,2019-09-11,271.7911682128906
spy,2019-09-12,272.7326354980469
spy,2019-09-13,272.5516052246094
spy,2019-09-16,271.709716796875
spy,2019-09-17,272.3977355957031
spy,2019-09-18,272.56060791015625
spy,2019-09-19,272.5424499511719
spy,2019-09-20,271.2547912597656
spy,2019-09-23,271.1911926269531
spy,2019-09-24,269.0632019042969
spy,2019-09-25,270.6546325683594
spy,2019-09-26,270.0907897949219
spy,2019-09-27,268.63568115234375
spy,2019-09-30,269.881591796875
spy,2019-10-01,266.6714172363281
spy,2019-10-02,261.9607849121094
spy,2019-10-03,264.10693359375
spy,2019-10-04,267.6807556152344
spy,2019-10-07,266.5259704589844
spy,2019-10-08,262.38812255859375
spy,2019-10-09,264.8799743652344
spy,2019-10-10,266.6714172363281
spy,2019-10-11,269.43603515625
spy,2019-10-14,269.1358947753906
spy,2019-10-15,271.80047607421875
spy,2019-10-16,271.3639221191406
spy,2019-10-17,272.1641540527344
spy,2019-10-18,270.9729309082031
spy,2019-10-21,272.80987548828125
spy,2019-10-22,271.9186706542969
spy,2019-10-23,272.7098388671875
spy,2019-10-24,273.15533447265625
spy,2019-10-25,274.2739562988281
spy,2019-10-28,275.8199462890625
spy,2019-10-29,275.7381286621094
spy,2019-10-30,276.5838623046875
spy,2019-10-31,275.8472595214844
spy,2019-11-01,278.40264892578125
spy,2019-11-04,279.521240234375
spy,2019-11-05,279.2120056152344
spy,2019-11-06,279.275634765625
spy,2019-11-07,280.2578430175781
spy,2019-11-08,280.9489440917969
spy,2019-11-11,280.41241455078125
spy,2019-11-12,281.0035095214844
spy,2019-11-13,281.094482421875
spy,2019-11-14,281.5036315917969
spy,2019-11-15,283.540771484375
spy,2019-11-18,283.7499694824219
spy,2019-11-19,283.66802978515625
spy,2019-11-20,282.6131286621094
spy,2019-11-21,282.1584167480469
spy,2019-11-22,282.7859802246094
spy,2019-11-25,284.97760009765625
spy,2019-11-26,285.6233215332031
spy,2019-11-27,286.8963928222656
spy,2019-11-29,285.83251953125
spy,2019-12-02,283.4043273925781
spy,2019-12-03,281.5036315917969
spy,2019-12-04,283.2406921386719
spy,2019-12-05,283.7499694824219
spy,2019-12-06,286.3417053222656
spy,2019-12-09,285.4414367675781
spy,2019-12-10,285.1231384277344
spy,2019-12-11,285.9324645996094
spy,2019-12-12,288.39697265625
spy,2019-12-13,288.56976318359375
spy,2019-12-16,290.5522155761719
spy,2019-12-17,290.6158142089844
spy,2019-12-18,290.634033203125
spy,2019-12-19,291.8254089355469
spy,2019-12-20,293.1047668457031
spy,2019-12-23,293.5525207519531
spy,2019-12-24,293.56170654296875
spy,2019-12-26,295.12445068359375
spy,2019-12-27,295.05126953125
spy,2019-12-30,293.424560546875
spy,2019-12-31,294.1373596191406
spy,2020-01-02,296.88818359375
spy,2020-01-03,294.64007568359375
spy,2020-01-06,295.7641906738281
spy,2020-01-07,294.9324645996094
spy,2020-01-08,296.5043029785156
spy,2020-01-09,298.5148620605469
spy,2020-01-10,297.6559143066406
spy,2020-01-13,299.70294189453125
spy,2020-01-14,299.24603271484375
spy,2020-01-15,299.9222106933594
spy,2020-01-16,302.4170837402344
spy,2020-01-17,303.3582763671875
spy,2020-01-21,302.7643127441406
spy,2020-01-22,302.80096435546875
spy,2020-01-23,303.148193359375
spy,2020-01-24,300.4521484375
spy,2020-01-27,295.6361999511719
spy,2020-01-28,298.7342224121094
spy,2020-01-29,298.4874572753906
spy,2020-01-30,299.4561767578125
spy,2020-01-31,294.0186462402344
spy,2020-02-03,296.2027893066406
spy,2020-02-04,300.7173156738281
spy,2020-02-05,304.19000244140625
spy,2020-02-06,305.21356201171875
spy,2020-02-07,303.5867919921875
spy,2020-02-10,305.8531799316406
spy,2020-02-11,306.38330078125
spy,2020-02-12,308.35723876953125
spy,2020-02-13,308.0281982421875
spy,2020-02-14,308.5216979980469
spy,2020-02-18,307.7266845703125
spy,2020-02-19,309.19793701171875
spy,2020-02-20,307.9277038574219
spy,2020-02-21,304.756591796875
spy,2020-02-24,294.6492004394531
spy,2020-02-25,285.720703125
spy,2020-02-26,284.66973876953125
spy,2020-02-27,271.8847961425781
spy,2020-02-28,270.742431640625
spy,2020-03-02,282.46734619140625
spy,2020-03-03,274.37957763671875
spy,2020-03-04,285.9126281738281
spy,2020-03-05,276.408447265625
spy,2020-03-06,271.8390197753906
spy,2020-03-09,250.6099090576172
spy,2020-03-10,263.5776672363281
spy,2020-03-11,250.7287139892578
spy,2020-03-12,226.7397003173828
spy,2020-03-13,246.12286376953125
spy,2020-03-16,219.191162109375
spy,2020-03-17,231.0257110595703
spy,2020-03-18,219.32821655273438
spy,2020-03-19,219.79432678222656
spy,2020-03-20,210.3224639892578
spy,2020-03-23,204.9449005126953
spy,2020-03-24,223.51356506347656
spy,2020-03-25,226.8595733642578
spy,2020-03-26,240.10586547851562
spy,2020-03-27,232.95416259765625
spy,2020-03-30,240.51950073242188
spy,2020-03-31,236.9344940185547
spy,2020-04-01,226.2712860107422
spy,2020-04-02,231.4925537109375
spy,2020-04-03,228.1465606689453
spy,2020-04-06,243.4702606201172
spy,2020-04-07,243.71847534179688
spy,2020-04-08,251.89981079101562
spy,2020-04-09,255.7329864501953
spy,2020-04-13,253.39810180664062
spy,2020-04-14,260.87152099609375
spy,2020-04-15,255.3285369873047
spy,2020-04-16,256.56036376953125
spy,2020-04-17,263.49139404296875
spy,2020-04-20,258.8492431640625
spy,2020-04-21,250.98965454101562
spy,2020-04-22,256.56036376953125
spy,2020-04-23,256.54180908203125
spy,2020-04-24,260.11767578125
spy,2020-04-27,263.8681945800781
spy,2020-04-28,262.6549072265625
spy,2020-04-29,269.53070068359375
spy,2020-04-30,267.0212097167969
spy,2020-05-01,259.95220947265625
spy,2020-05-04,260.6692810058594
spy,2020-05-05,263.07769775390625
spy,2020-05-06,261.2944030761719
spy,2020-05-07,264.4473876953125
spy,2020-05-08,268.8229675292969
spy,2020-05-11,268.8780822753906
spy,2020-05-12,263.5189514160156
spy,2020-05-13,258.8583679199219
spy,2020-05-14,261.9561767578125
spy,2020-05-15,263.160400390625
spy,2020-05-18,271.1761474609375
spy,2020-05-19,268.3909606933594
spy,2020-05-20,272.9503173828125
spy,2020-05-21,271.06597900390625
spy,2020-05-22,271.5806884765625
spy,2020-05-26,274.9267272949219
spy,2020-05-27,279.017333984375
spy,2020-05-28,278.50262451171875
spy,2020-05-29,279.7434997558594
spy,2020-06-01,280.8741760253906
spy,2020-06-02,283.199951171875
spy,2020-06-03,286.96881103515625
spy,2020-06-04,286.2149658203125
spy,2020-06-05,293.55059814453125
spy,2020-06-08,297.098876953125
spy,2020-06-09,294.88348388671875
spy,2020-06-10,293.2380676269531
spy,2020-06-11,276.3331604003906
spy,2020-06-12,279.6424560546875
spy,2020-06-15,282.2530212402344
spy,2020-06-16,287.685791015625
spy,2020-06-17,286.4908142089844
spy,2020-06-18,286.60113525390625
spy,2020-06-19,284.9631652832031
spy,2020-06-22,286.79132080078125
spy,2020-06-23,288.111572265625
spy,2020-06-24,280.7622375488281
spy,2020-06-25,283.77215576171875
spy,2020-06-26,277.0321350097656
spy,2020-06-29,281.1038818359375
spy,2020-06-30,284.70465087890625
spy,2020-07-01,286.69903564453125
spy,2020-07-02,288.27783203125
spy,2020-07-06,292.7280578613281
spy,2020-07-07,289.7088623046875
spy,2020-07-08,291.9247131347656
spy,2020-07-09,290.2628479003906
spy,2020-07-10,293.2265625
spy,2020-07-13,290.6875305175781
spy,2020-07-14,294.4545593261719
spy,2020-07-15,297.1598205566406
spy,2020-07-16,296.1811218261719
spy,2020-07-17,297.0397033691406
spy,2020-07-20,299.4403381347656
spy,2020-07-21,300.0774230957031
spy,2020-07-22,301.78546142578125
spy,2020-07-23,298.1846923828125
spy,2020-07-24,296.2642517089844
spy,2020-07-27,298.4247741699219
spy,2020-07-28,296.5319519042969
spy,2020-07-29,300.1789855957031
spy,2020-07-30,299.10797119140625
spy,2020-07-31,301.47149658203125
spy,2020-08-03,303.5674133300781
spy,2020-08-04,304.7400207519531
spy,2020-08-05,306.6326904296875
spy,2020-08-06,308.68243408203125
spy,2020-08-07,308.90399169921875
spy,2020-08-10,309.8272705078125
spy,2020-08-11,307.26971435546875
spy,2020-08-12,311.5538024902344
spy,2020-08-13,310.9906311035156
spy,2020-08-14,310.9998474121094
spy,2020-08-17,311.9878234863281
spy,2020-08-18,312.66180419921875
spy,2020-08-19,311.3599548339844
spy,2020-08-20,312.32940673828125
spy,2020-08-21,313.4374084472656
spy,2020-08-24,316.61346435546875
spy,2020-08-25,317.7213439941406
spy,2020-08-26,320.90673828125
spy,2020-08-27,321.6084289550781
spy,2020-08-28,323.68585205078125
spy,2020-08-31,322.5132751464844
spy,2020-09-01,325.55084228515625
spy,2020-09-02,330.2596130371094
spy,2020-09-03,318.8939514160156
spy,2020-09-04,316.290283203125
spy,2020-09-08,307.6483459472656
spy,2020-09-09,313.7235412597656
spy,2020-09-10,308.276123046875
spy,2020-09-11,308.4331359863281
spy,2020-09-14,312.4955749511719
spy,2020-09-15,314.07440185546875
spy,2020-09-16,312.8280029296875
spy,2020-09-17,310.0765686035156
spy,2020-09-18,306.5068054199219
spy,2020-09-21,303.0954284667969
spy,2020-09-22,306.1823425292969
spy,2020-09-23,299.0816955566406
spy,2020-09-24,299.8788757324219
spy,2020-09-25,304.72698974609375
spy,2020-09-28,309.788330078125
spy,2020-09-29,308.10113525390625
spy,2020-09-30,310.43719482421875
spy,2020-10-01,312.4302673339844
spy,2020-10-02,309.4638366699219
spy,2020-10-05,314.9516296386719
spy,2020-10-06,310.4742431640625
spy,2020-10-07,315.8785705566406
spy,2020-10-08,318.6781005859375
spy,2020-10-09,321.5238952636719
spy,2020-10-12,326.6964111328125
spy,2020-10-13,324.5643615722656
spy,2020-10-14,322.5250549316406
spy,2020-10-15,322.12640380859375
spy,2020-10-16,321.9317321777344
spy,2020-10-19,317.0373229980469
spy,2020-10-20,318.3072509765625
spy,2020-10-21,317.7047424316406
spy,2020-10-22,319.4474792480469
spy,2020-10-23,320.5320739746094
spy,2020-10-26,314.6086730957031
spy,2020-10-27,313.5240478515625
spy,2020-10-28,302.8081359863281
spy,2020-10-29,305.8857116699219
spy,2020-10-30,302.6969299316406
spy,2020-11-02,306.08966064453125
spy,2020-11-03,311.4939270019531
spy,2020-11-04,318.4555969238281
spy,2020-11-05,324.6663513183594
spy,2020-11-06,324.5921936035156
spy,2020-11-09,328.6708984375
spy,2020-11-10,328.1889343261719
spy,2020-11-11,330.6269226074219
spy,2020-11-12,327.41943359375
spy,2020-11-13,331.95245361328125
spy,2020-11-16,336.0960693359375
spy,2020-11-17,334.2884216308594
spy,2020-11-18,330.26531982421875
spy,2020-11-19,331.6557922363281
spy,2020-11-20,329.3846435546875
spy,2020-11-23,331.3591613769531
spy,2020-11-24,336.6986083984375
spy,2020-11-25,336.1795654296875
spy,2020-11-27,337.1156921386719
spy,2020-11-30,335.623291015625
spy,2020-12-01,339.2941589355469
spy,2020-12-02,340.0078430175781
spy,2020-12-03,339.9152526855469
spy,2020-12-04,342.8445739746094
spy,2020-12-07,342.13995361328125
spy,2020-12-08,343.14117431640625
spy,2020-12-09,340.0635070800781
spy,2020-12-10,339.9523010253906
spy,2020-12-11,339.55364990234375
spy,2020-12-14,338.033447265625
spy,2020-12-15,342.60345458984375
spy,2020-12-16,343.14117431640625
spy,2020-12-17,345.05999755859375
spy,2020-12-18,343.68212890625
spy,2020-12-21,342.4533386230469
spy,2020-12-22,341.87615966796875
spy,2020-12-23,342.18341064453125
spy,2020-12-24,343.5145568847656
spy,2020-12-28,346.4657287597656
spy,2020-12-29,345.8047180175781
spy,2020-12-30,346.2981262207031
spy,2020-12-31,348.0576171875
spy,2021-01-04,343.319091796875
spy,2021-01-05,345.6837158203125
spy,2021-01-06,347.7503662109375
spy,2021-01-07,352.9170227050781
spy,2021-01-08,354.9279479980469
spy,2021-01-11,352.535400390625
spy,2021-01-12,352.6097717285156
spy,2021-01-13,353.5593566894531
spy,2021-01-14,352.3212585449219
spy,2021-01-15,349.7519226074219
spy,2021-01-19,352.4981384277344
spy,2021-01-20,357.37628173828125
spy,2021-01-21,357.70208740234375
spy,2021-01-22,356.43603515625
spy,2021-01-25,357.8417053222656
spy,2021-01-26,357.28314208984375
spy,2021-01-27,348.5509338378906
spy,2021-01-28,351.5486145019531
spy,2021-01-29,344.51080322265625
spy,2021-02-01,350.2452697753906
spy,2021-02-02,355.19781494140625
spy,2021-02-03,355.4771728515625
spy,2021-02-04,359.5173645019531
spy,2021-02-05,360.9324035644531
spy,2021-02-08,363.5390319824219
spy,2021-02-09,363.2969665527344
spy,2021-02-10,363.138671875
spy,2021-02-11,363.7251892089844
spy,2021-02-12,365.5218811035156
spy,2021-02-16,365.2054138183594
spy,2021-02-17,365.2891845703125
spy,2021-02-18,363.73443603515625
spy,2021-02-19,363.0921630859375
spy,2021-02-22,360.2993469238281
spy,2021-02-23,360.7368469238281
spy,2021-02-24,364.71197509765625
spy,2021-02-25,355.9239807128906
spy,2021-02-26,354.0899658203125
spy,2021-03-01,362.6732177734375
spy,2021-03-02,359.84320068359375
spy,2021-03-03,355.0768127441406
spy,2021-03-04,350.6828308105469
spy,2021-03-05,357.13421630859375
spy,2021-03-08,355.3561706542969
spy,2021-03-09,360.4296569824219
spy,2021-03-10,362.6732177734375
spy,2021-03-11,366.3504333496094
spy,2021-03-12,366.84381103515625
spy,2021-03-15,369.0315856933594
spy,2021-03-16,368.5660705566406
spy,2021-03-17,369.8228454589844
spy,2021-03-18,364.4420166015625
spy,2021-03-19,363.76776123046875
spy,2021-03-22,366.67242431640625
spy,2021-03-23,363.786376953125
spy,2021-03-24,361.9371032714844
spy,2021-03-25,363.9732360839844
spy,2021-03-26,369.83856201171875
spy,2021-03-29,369.65179443359375
spy,2021-03-30,368.6711120605469
spy,2021-03-31,370.1654968261719
spy,2021-04-01,374.16290283203125
spy,2021-04-05,379.53326416015625
spy,2021-04-06,379.30926513671875
spy,2021-04-07,379.7481384277344
spy,2021-04-08,381.55072021484375
spy,2021-04-09,384.3246765136719
spy,2021-04-12,384.4648132324219
spy,2021-04-13,385.6042175292969
spy,2021-04-14,384.2872619628906
spy,2021-04-15,388.4154968261719
spy,2021-04-16,389.71368408203125
spy,2021-04-19,387.79913330078125
spy,2021-04-20,384.9597473144531
spy,2021-04-21,388.602294921875
spy,2021-04-22,385.0531005859375
spy,2021-04-23,389.2279968261719
spy,2021-04-26,390.04058837890625
spy,2021-04-27,389.95654296875
spy,2021-04-28,389.8443908691406
spy,2021-04-29,392.32891845703125
spy,2021-04-30,389.75103759765625
spy,2021-05-03,390.59173583984375
spy,2021-05-04,388.1820068359375
spy,2021-05-05,388.3034362792969
spy,2021-05-06,391.40423583984375
spy,2021-05-07,394.2528991699219
spy,2021-05-10,390.3488464355469
spy,2021-05-11,386.86505126953125
spy,2021-05-12,378.6460266113281
spy,2021-05-13,383.19451904296875
spy,2021-05-14,389.0785827636719
spy,2021-05-17,388.0886535644531
spy,2021-05-18,384.7449951171875
spy,2021-05-19,383.7362365722656
spy,2021-05-20,387.8644104003906
spy,2021-05-21,387.54693603515625
spy,2021-05-24,391.4976501464844
spy,2021-05-25,390.6289978027344
spy,2021-05-26,391.40423583984375
spy,2021-05-27,391.6097412109375
spy,2021-05-28,392.31024169921875
spy,2021-06-01,391.96466064453125
spy,2021-06-02,392.5810546875
spy,2021-06-03,391.12396240234375
spy,2021-06-04,394.7012023925781
spy,2021-06-07,394.3182373046875
spy,2021-06-08,394.40234375
spy,2021-06-09,393.81390380859375
spy,2021-06-10,395.64453125
spy,2021-06-11,396.29833984375
spy,2021-06-14,397.1856689453125
spy,2021-06-15,396.45709228515625
spy,2021-06-16,394.2435302734375
spy,2021-06-17,394.11285400390625
spy,2021-06-18,388.79608154296875
spy,2021-06-21,394.362060546875
spy,2021-06-22,396.4703674316406
spy,2021-06-23,395.99249267578125
spy,2021-06-24,398.3350830078125
spy,2021-06-25,399.74993896484375
spy,2021-06-28,400.5559387207031
spy,2021-06-29,400.7713928222656
spy,2021-06-30,401.1086730957031
spy,2021-07-01,403.3295593261719
spy,2021-07-02,406.41241455078125
spy,2021-07-06,405.672119140625
spy,2021-07-07,407.105712890625
spy,2021-07-08,403.7886657714844
spy,2021-07-09,408.0989990234375
spy,2021-07-12,409.5608825683594
spy,2021-07-13,408.16461181640625
spy,2021-07-14,408.773681640625
spy,2021-07-15,407.3775329589844
spy,2021-07-16,404.1821594238281
spy,2021-07-19,398.2132873535156
spy,2021-07-20,403.9198913574219
spy,2021-07-21,407.19012451171875
spy,2021-07-22,408.0428466796875
spy,2021-07-23,412.2407531738281
spy,2021-07-26,413.25274658203125
spy,2021-07-27,411.3693542480469
spy,2021-07-28,411.2005920410156
spy,2021-07-29,412.9060363769531
spy,2021-07-30,410.90081787109375
spy,2021-08-02,410.0386962890625
spy,2021-08-03,413.3745422363281
spy,2021-08-04,411.3411560058594
spy,2021-08-05,413.94610595703125
spy,2021-08-06,414.6301574707031
spy,2021-08-09,414.2928466796875
spy,2021-08-10,414.8082580566406
spy,2021-08-11,415.8389892578125
spy,2021-08-12,417.0852966308594
spy,2021-08-13,417.8442687988281
spy,2021-08-16,418.828125
spy,2021-08-17,416.0826721191406
spy,2021-08-18,411.52862548828125
spy,2021-08-19,412.1657409667969
spy,2021-08-20,415.4454040527344
spy,2021-08-23,419.099853515625
spy,2021-08-24,419.76519775390625
spy,2021-08-25,420.64599609375
spy,2021-08-26,418.1628723144531
spy,2021-08-27,421.9015808105469
spy,2021-08-30,423.7569274902344
spy,2021-08-31,423.129150390625
spy,2021-09-01,423.3539733886719
spy,2021-09-02,424.6564636230469
spy,2021-09-03,424.553466796875
spy,2021-09-07,423.0354309082031
spy,2021-09-08,422.52008056640625
spy,2021-09-09,420.7115478515625
spy,2021-09-10,417.3945007324219
spy,2021-09-13,418.46270751953125
spy,2021-09-14,416.20440673828125
spy,2021-09-15,419.68084716796875
spy,2021-09-16,419.0155029296875
spy,2021-09-17,414.9338684082031
spy,2021-09-20,408.01519775390625
spy,2021-09-21,407.6297607421875
spy,2021-09-22,411.6061096191406
spy,2021-09-23,416.6072082519531
spy,2021-09-24,417.29339599609375
spy,2021-09-27,416.0995788574219
spy,2021-09-28,407.71435546875
spy,2021-09-29,408.4006042480469
spy,2021-09-30,403.4089660644531
spy,2021-10-01,408.20318603515625
spy,2021-10-04,402.93896484375
spy,2021-10-05,407.1315612792969
spy,2021-10-06,408.82354736328125
spy,2021-10-07,412.358154296875
spy,2021-10-08,411.6061096191406
spy,2021-10-11,408.62628173828125
spy,2021-10-12,407.6203918457031
spy,2021-10-13,409.08685302734375
spy,2021-10-14,415.96795654296875
spy,2021-10-15,419.1358642578125
spy,2021-10-18,420.3767395019531
spy,2021-10-19,423.6198425292969
spy,2021-10-20,425.2837829589844
spy,2021-10-21,426.3930358886719
spy,2021-10-22,425.95111083984375
spy,2021-10-25,428.2354736328125
spy,2021-10-26,428.620849609375
spy,2021-10-27,426.72198486328125
spy,2021-10-28,430.8393859863281
spy,2021-10-29,431.7135925292969
spy,2021-11-01,432.4562072753906
spy,2021-11-02,434.2046813964844
spy,2021-11-03,436.8556823730469
spy,2021-11-04,438.914306640625
spy,2021-11-05,440.4371337890625
spy,2021-11-08,440.8132019042969
spy,2021-11-09,439.35614013671875
spy,2021-11-10,435.8215637207031
spy,2021-11-11,435.9625549316406
spy,2021-11-12,439.252685546875
spy,2021-11-15,439.40313720703125
spy,2021-11-16,441.14227294921875
spy,2021-11-17,440.070556640625
spy,2021-11-18,441.56524658203125
spy,2021-11-19,440.7756042480469
spy,2021-11-22,439.53472900390625
spy,2021-11-23,440.11761474609375
spy,2021-11-24,441.29266357421875
spy,2021-11-26,431.45037841796875
spy,2021-11-29,436.74273681640625
spy,2021-11-30,428.2448425292969
spy,2021-12-01,423.48834228515625
spy,2021-12-02,429.97454833984375
spy,2021-12-03,426.23321533203125
spy,2021-12-06,431.28125
spy,2021-12-07,440.20220947265625
spy,2021-12-08,441.3677978515625
spy,2021-12-09,438.3878479003906
spy,2021-12-10,442.5146789550781
spy,2021-12-13,438.5947570800781
spy,2021-12-14,435.5771179199219
spy,2021-12-15,442.383056640625
spy,2021-12-16,438.4819030761719
spy,2021-12-17,433.8152160644531
spy,2021-12-20,429.2022399902344
spy,2021-12-21,436.824462890625
spy,2021-12-22,441.192138671875
spy,2021-12-23,443.9372863769531
spy,2021-12-27,450.21990966796875
spy,2021-12-28,449.85205078125
spy,2021-12-29,450.42755126953125
spy,2021-12-30,449.1822509765625
spy,2021-12-31,448.0502014160156
spy,2022-01-03,450.6443786621094
spy,2022-01-04,450.4935302734375
spy,2022-01-05,441.8429870605469
spy,2022-01-06,441.4279479980469
spy,2022-01-07,439.6827697753906
spy,2022-01-10,439.1356506347656
spy,2022-01-11,443.1354064941406
spy,2022-01-12,444.3334655761719
spy,2022-01-13,438.211181640625
spy,2022-01-14,438.3904724121094
spy,2022-01-18,430.6266784667969
spy,2022-01-19,426.1551818847656
spy,2022-01-20,421.4385986328125
spy,2022-01-21,413.1654968261719
spy,2022-01-24,414.9200439453125
spy,2022-01-25,409.8542785644531
spy,2022-01-26,408.82598876953125
spy,2022-01-27,406.8072814941406
spy,2022-01-28,416.9104919433594
spy,2022-01-31,424.41949462890625
spy,2022-02-01,427.2873229980469
spy,2022-02-02,431.4379577636719
spy,2022-02-03,421.29705810546875
spy,2022-02-04,423.278076171875
spy,2022-02-07,421.91961669921875
spy,2022-02-08,425.39117431640625
spy,2022-02-09,431.6172790527344
spy,2022-02-10,423.86297607421875
spy,2022-02-11,415.5048828125
spy,2022-02-14,414.1464538574219
spy,2022-02-15,420.8253479003906
spy,2022-02-16,421.29705810546875
spy,2022-02-17,412.2975158691406
spy,2022-02-18,409.6279296875
spy,2022-02-22,405.2319030761719
spy,2022-02-23,398.0436096191406
spy,2022-02-24,404.0338134765625
spy,2022-02-25,412.948486328125
spy,2022-02-28,411.8918762207031
spy,2022-03-01,405.61871337890625
spy,2022-03-02,413.08056640625
spy,2022-03-03,411.02398681640625
spy,2022-03-04,407.6846008300781
spy,2022-03-07,395.6664123535156
spy,2022-03-08,392.6665954589844
spy,2022-03-09,403.1943664550781
spy,2022-03-10,401.3736877441406
spy,2022-03-11,396.27020263671875
spy,2022-03-14,393.3741149902344
spy,2022-03-15,402.0245666503906
spy,2022-03-16,410.9390869140625
spy,2022-03-17,416.080322265625
spy,2022-03-18,420.6376037597656
spy,2022-03-21,420.5146179199219
spy,2022-03-22,425.4352111816406
spy,2022-03-23,419.9563293457031
spy,2022-03-24,426.2868347167969
spy,2022-03-25,428.3686218261719
spy,2022-03-28,431.4156494140625
spy,2022-03-29,436.7525634765625
spy,2022-03-30,434.05572509765625
spy,2022-03-31,427.37506103515625
spy,2022-04-01,428.5862731933594
spy,2022-04-04,432.25787353515625
spy,2022-04-05,426.7978515625
spy,2022-04-06,422.5301513671875
spy,2022-04-07,424.65924072265625
spy,2022-04-08,423.5237731933594
spy,2022-04-11,416.2847595214844
spy,2022-04-12,414.74224853515625
spy,2022-04-13,419.49261474609375
spy,2022-04-14,414.2691345214844
spy,2022-04-18,414.43951416015625
spy,2022-04-19,421.129638671875
spy,2022-04-20,420.8173828125
spy,2022-04-21,414.524658203125
spy,2022-04-22,403.1504211425781
spy,2022-04-25,405.4877624511719
spy,2022-04-26,393.7445373535156
spy,2022-04-27,394.8516540527344
spy,2022-04-28,404.8253479003906
spy,2022-04-29,389.8647766113281
spy,2022-05-02,392.21160888671875
spy,2022-05-03,394.00946044921875
spy,2022-05-04,406.0082702636719
spy,2022-05-05,391.5775451660156
spy,2022-05-06,389.240234375
spy,2022-05-09,376.77783203125
spy,2022-05-10,377.6483459472656
spy,2022-05-11,371.6489562988281
spy,2022-05-12,371.26104736328125
spy,2022-05-13,380.13702392578125
spy,2022-05-16,378.5946350097656
spy,2022-05-17,386.3824768066406
spy,2022-05-18,370.8067626953125
spy,2022-05-19,368.53570556640625
spy,2022-05-20,368.6966552734375
spy,2022-05-23,375.5950012207031
spy,2022-05-24,372.72784423828125
spy,2022-05-25,376.020751953125
spy,2022-05-26,383.5342102050781
spy,2022-05-27,392.9495544433594
spy,2022-05-31,390.74481201171875
spy,2022-06-01,387.58428955078125
spy,2022-06-02,394.9651794433594
spy,2022-06-03,388.4831848144531
spy,2022-06-06,389.6661071777344
spy,2022-06-07,393.4038391113281
spy,2022-06-08,389.12664794921875
spy,2022-06-09,379.87213134765625
spy,2022-06-10,368.8575134277344
spy,2022-06-13,354.8526611328125
spy,2022-06-14,353.7833557128906
spy,2022-06-15,358.8269958496094
spy,2022-06-16,346.9512634277344
spy,2022-06-17,347.6991882324219
spy,2022-06-21,356.4520568847656
spy,2022-06-22,355.8057861328125
spy,2022-06-23,359.2935791015625
spy,2022-06-24,370.7168884277344
spy,2022-06-27,369.3009338378906
spy,2022-06-28,361.75506591796875
spy,2022-06-29,361.46044921875
spy,2022-06-30,358.5238342285156
spy,2022-07-01,362.3157653808594
spy,2022-07-05,363.0000305175781
spy,2022-07-06,364.2259216308594
spy,2022-07-07,369.6810607910156
spy,2022-07-08,369.376953125
spy,2022-07-11,365.1573181152344
spy,2022-07-12,361.9261474609375
spy,2022-07-13,360.025390625
spy,2022-07-14,359.15106201171875
spy,2022-07-15,366.0126647949219
spy,2022-07-18,362.99053955078125
spy,2022-07-19,372.7982482910156
spy,2022-07-20,375.17413330078125
spy,2022-07-21,378.99462890625
spy,2022-07-22,375.478271484375
spy,2022-07-25,375.9344177246094
spy,2022-07-26,371.4866638183594
spy,2022-07-27,381.1329040527344
spy,2022-07-28,385.91326904296875
spy,2022-07-29,391.5393981933594
spy,2022-08-01,390.37994384765625
spy,2022-08-02,387.8044738769531
spy,2022-08-03,393.8772888183594
spy,2022-08-04,393.61114501953125
spy,2022-08-05,392.9459533691406
spy,2022-08-08,392.4897766113281
spy,2022-08-09,390.93115234375
spy,2022-08-10,399.14227294921875
spy,2022-08-11,399.14227294921875
spy,2022-08-12,405.8993225097656
spy,2022-08-15,407.57196044921875
spy,2022-08-16,408.37030029296875
spy,2022-08-17,405.4716796875
spy,2022-08-18,406.650146484375
spy,2022-08-19,401.185546875
spy,2022-08-22,392.83184814453125
spy,2022-08-23,391.8815002441406
spy,2022-08-24,393.1360168457031
spy,2022-08-25,398.68609619140625
spy,2022-08-26,385.1910095214844
spy,2022-08-29,382.64410400390625
spy,2022-08-30,378.443359375
spy,2022-08-31,375.5638427734375
spy,2022-09-01,376.7422180175781
spy,2022-09-02,372.7697448730469
spy,2022-09-06,371.3631591796875
spy,2022-09-07,378.0346984863281
spy,2022-09-08,380.50567626953125
spy,2022-09-09,386.4169006347656
spy,2022-09-12,390.5700378417969
spy,2022-09-13,373.5870666503906
spy,2022-09-14,375.01263427734375
spy,2022-09-15,370.75494384765625
spy,2022-09-16,367.9264831542969
spy,2022-09-19,370.7797546386719
spy,2022-09-20,366.52374267578125
spy,2022-09-21,360.1301574707031
spy,2022-09-22,357.10516357421875
spy,2022-09-23,351.1219482421875
spy,2022-09-26,347.6483154296875
spy,2022-09-27,346.76092529296875
spy,2022-09-28,353.5838928222656
spy,2022-09-29,346.1978759765625
spy,2022-09-30,340.844482421875
spy,2022-10-03,349.8432312011719
spy,2022-10-04,360.6836242675781
spy,2022-10-05,359.8439025878906
spy,2022-10-06,356.1318054199219
spy,2022-10-07,346.1978759765625
spy,2022-10-10,343.5545349121094
spy,2022-10-11,341.3788146972656
spy,2022-10-12,340.2528381347656
spy,2022-10-13,349.23248291015625
spy,2022-10-14,341.27386474609375
spy,2022-10-17,350.0435485839844
spy,2022-10-18,354.1564636230469
spy,2022-10-19,351.64678955078125
spy,2022-10-20,348.6980895996094
spy,2022-10-21,357.1719970703125
spy,2022-10-24,361.54254150390625
spy,2022-10-25,367.31585693359375
spy,2022-10-26,364.5483703613281
spy,2022-10-27,362.6017761230469
spy,2022-10-28,371.228271484375
spy,2022-10-31,368.5467834472656
spy,2022-11-01,366.9340515136719
spy,2022-11-02,357.7253723144531
spy,2022-11-03,354.0419616699219
spy,2022-11-04,359.1377258300781
spy,2022-11-07,362.5730895996094
spy,2022-11-08,364.5293273925781
spy,2022-11-09,357.0192565917969
spy,2022-11-10,376.63897705078125
spy,2022-11-11,380.2842102050781
spy,2022-11-14,377.0492858886719
spy,2022-11-15,380.26507568359375
spy,2022-11-16,377.36419677734375
spy,2022-11-17,376.20953369140625
spy,2022-11-18,377.9176940917969
spy,2022-11-21,376.5434875488281
spy,2022-11-22,381.6107177734375
spy,2022-11-23,384.0155029296875
spy,2022-11-25,383.9295654296875
spy,2022-11-28,377.80316162109375
spy,2022-11-29,377.1542663574219
spy,2022-11-30,389.034912109375
spy,2022-12-01,388.7486572265625
spy,2022-12-02,388.300048828125
spy,2022-12-05,381.3148498535156
spy,2022-12-06,375.81829833984375
spy,2022-12-07,375.178955078125
spy,2022-12-08,378.1180725097656
spy,2022-12-09,375.29339599609375
spy,2022-12-12,380.7041320800781
spy,2022-12-13,383.58599853515625
spy,2022-12-14,381.1335754394531
spy,2022-12-15,371.810302734375
spy,2022-12-16,367.4206848144531
spy,2022-12-19,364.3050842285156
spy,2022-12-20,364.80364990234375
spy,2022-12-21,370.2582702636719
spy,2022-12-22,364.9761657714844
spy,2022-12-23,367.0756530761719
spy,2022-12-27,365.6280517578125
spy,2022-12-28,361.0840759277344
spy,2022-12-29,367.5837707519531
spy,2022-12-30,366.615478515625
spy,2023-01-03,365.0719909667969
spy,2023-01-04,367.8904724121094
spy,2023-01-05,363.6915588378906
spy,2023-01-06,372.0318298339844
spy,2023-01-09,371.8208923339844
spy,2023-01-10,374.428466796875
spy,2023-01-11,379.1640930175781
spy,2023-01-12,380.5445861816406
spy,2023-01-13,382.0209045410156
spy,2023-01-17,381.3210754394531
spy,2023-01-18,375.30078125
spy,2023-01-19,372.5687255859375
spy,2023-01-20,379.50927734375
spy,2023-01-23,384.0628356933594
spy,2023-01-24,383.6506652832031
spy,2023-01-25,383.79443359375
spy,2023-01-26,388.012451171875
spy,2023-01-27,388.9040222167969
spy,2023-01-30,384.0245361328125
spy,2023-01-31,389.6709289550781
spy,2023-02-01,393.8122863769531
spy,2023-02-02,399.5450439453125
spy,2023-02-03,395.2981872558594
spy,2023-02-06,392.8823547363281
spy,2023-02-07,398.0207824707031
spy,2023-02-08,393.6684265136719
spy,2023-02-09,390.25567626953125
spy,2023-02-10,391.16644287109375
spy,2023-02-13,395.75836181640625
spy,2023-02-14,395.5762634277344
spy,2023-02-15,396.86077880859375
spy,2023-02-16,391.3965148925781
spy,2023-02-17,390.418701171875
spy,2023-02-21,382.5865478515625
spy,2023-02-22,382.0593566894531
spy,2023-02-23,384.09161376953125
spy,2023-02-24,379.9886169433594
spy,2023-02-27,381.28277587890625
spy,2023-02-28,379.87353515625
spy,2023-03-01,378.4163818359375
spy,2023-03-02,381.3594665527344
spy,2023-03-03,387.4756164550781
spy,2023-03-06,387.7440490722656
spy,2023-03-07,381.8004455566406
spy,2023-03-08,382.423583984375
spy,2023-03-09,375.36798095703125
spy,2023-03-10,369.9515686035156
spy,2023-03-13,369.4242858886719
spy,2023-03-14,375.53094482421875
spy,2023-03-15,373.1822509765625
spy,2023-03-16,379.7297668457031
spy,2023-03-17,375.2897033691406
spy,2023-03-20,378.89837646484375
spy,2023-03-21,383.8735046386719
spy,2023-03-22,377.3298034667969
spy,2023-03-23,378.3498229980469
spy,2023-03-24,380.8326110839844
spy,2023-03-27,381.5446472167969
spy,2023-03-28,380.6882019042969
spy,2023-03-29,386.2215270996094
spy,2023-03-30,388.4828796386719
spy,2023-03-31,393.95849609375
spy,2023-04-03,395.4596252441406
spy,2023-04-04,393.2655944824219
spy,2023-04-05,392.2359619140625
spy,2023-04-06,393.7659606933594
spy,2023-04-10,394.170166015625
spy,2023-04-11,394.2759704589844
spy,2023-04-12,392.6689453125
spy,2023-04-13,397.8846740722656
spy,2023-04-14,396.9127197265625
spy,2023-04-17,398.3369140625
spy,2023-04-18,398.5967712402344
spy,2023-04-19,398.5293884277344
spy,2023-04-20,396.35455322265625
spy,2023-04-21,396.6625061035156
spy,2023-04-24,397.0762939453125
spy,2023-04-25,390.7731628417969
spy,2023-04-26,389.1180725097656
spy,2023-04-27,396.8645935058594
spy,2023-04-28,400.2519836425781
spy,2023-05-01,399.84771728515625
spy,2023-05-02,395.3537902832031
spy,2023-05-03,392.64007568359375
spy,2023-05-04,389.8590393066406
spy,2023-05-05,397.0762939453125
spy,2023-05-08,397.1821594238281
spy,2023-05-09,395.4403991699219
spy,2023-05-10,397.2880554199219
spy,2023-05-11,396.59521484375
spy,2023-05-12,396.0755310058594
spy,2023-05-15,397.4419860839844
spy,2023-05-16,394.7859802246094
spy,2023-05-17,399.5783386230469
spy,2023-05-18,403.427490234375
spy,2023-05-19,402.840576171875
spy,2023-05-22,403.00408935546875
spy,2023-05-23,398.48126220703125
spy,2023-05-24,395.5943298339844
spy,2023-05-25,399.0201416015625
spy,2023-05-26,404.1877746582031
spy,2023-05-30,404.3417053222656
spy,2023-05-31,402.09954833984375
spy,2023-06-01,405.9198913574219
spy,2023-06-02,411.7900085449219
spy,2023-06-05,411.0008544921875
spy,2023-06-06,411.8958435058594
spy,2023-06-07,410.4715881347656
spy,2023-06-08,412.954345703125
spy,2023-06-09,413.6953430175781
spy,2023-06-12,417.4482727050781
spy,2023-06-13,420.2004699707031
spy,2023-06-14,420.7008972167969
spy,2023-06-15,425.9166259765625
spy,2023-06-16,424.4658508300781
spy,2023-06-20,422.26361083984375
spy,2023-06-21,420.10009765625
spy,2023-06-22,421.6165466308594
spy,2023-06-23,418.4291076660156
spy,2023-06-26,416.71954345703125
spy,2023-06-27,421.28814697265625
spy,2023-06-28,421.50067138671875
spy,2023-06-29,423.1619567871094
spy,2023-06-30,428.155517578125
spy,2023-07-03,428.6481018066406
spy,2023-07-05,428.01068115234375
spy,2023-07-06,424.6590270996094
spy,2023-07-07,423.5868835449219
spy,2023-07-10,424.6590270996094
spy,2023-07-11,427.36346435546875
spy,2023-07-12,430.80206298828125
spy,2023-07-13,434.2212829589844
spy,2023-07-14,433.9508361816406
spy,2023-07-17,435.45758056640625
spy,2023-07-18,438.6932678222656
spy,2023-07-19,439.6688537597656
spy,2023-07-20,436.7518310546875
spy,2023-07-21,436.7518310546875
spy,2023-07-24,438.70294189453125
spy,2023-07-25,439.900634765625
spy,2023-07-26,439.96832275390625
spy,2023-07-27,437.05126953125
spy,2023-07-28,441.33013916015625
spy,2023-07-31,442.17047119140625
spy,2023-08-01,440.9051818847656
spy,2023-08-02,434.7718200683594
spy,2023-08-03,433.52581787109375
spy,2023-08-04,431.5650634765625
spy,2023-08-07,435.3320007324219
spy,2023-08-08,433.4388732910156
spy,2023-08-09,430.541259765625
spy,2023-08-10,430.69580078125
spy,2023-08-11,430.4446105957031
spy,2023-08-14,432.8207092285156
spy,2023-08-15,427.7788391113281
spy,2023-08-16,424.6397399902344
spy,2023-08-17,421.4040222167969
spy,2023-08-18,421.60687255859375
spy,2023-08-21,424.3499755859375
spy,2023-08-22,423.2005920410156
spy,2023-08-23,427.9140930175781
spy,2023-08-24,421.98358154296875
spy,2023-08-25,424.95843505859375
spy,2023-08-28,427.6532287597656
spy,2023-08-29,433.8349304199219
spy,2023-08-30,435.621826171875
spy,2023-08-31,434.9843444824219
spy,2023-09-01,435.795654296875
spy,2023-09-05,433.91217041015625
spy,2023-09-06,430.9952087402344
spy,2023-09-07,429.6719055175781
spy,2023-09-08,430.31903076171875
spy,2023-09-11,433.14910888671875
spy,2023-09-12,430.7730407714844
spy,2023-09-13,431.2752990722656
spy,2023-09-14,434.9939880371094
spy,2023-09-15,429.7530517578125
spy,2023-09-18,430.00506591796875
spy,2023-09-19,429.1132507324219
spy,2023-09-20,425.16827392578125
spy,2023-09-21,418.1409912109375
spy,2023-09-22,417.20074462890625
spy,2023-09-25,418.9551696777344
spy,2023-09-26,412.8002014160156
spy,2023-09-27,412.9649353027344
spy,2023-09-28,415.35906982421875
spy,2023-09-29,414.3510437011719
spy,2023-10-02,414.1862487792969
spy,2023-10-03,408.6418762207031
spy,2023-10-04,411.61767578125
spy,2023-10-05,411.4625244140625
spy,2023-10-06,416.3477783203125
spy,2023-10-09,419.0133361816406
spy,2023-10-10,421.1942443847656
spy,2023-10-11,422.9195861816406
spy,2023-10-12,420.3412170410156
spy,2023-10-13,418.24755859375
spy,2023-10-16,422.6481628417969
spy,2023-10-17,422.6287536621094
spy,2023-10-18,416.9972229003906
spy,2023-10-19,413.333251953125
spy,2023-10-20,408.25421142578125
spy,2023-10-23,407.5466003417969
spy,2023-10-24,410.6192932128906
spy,2023-10-25,404.7259826660156
spy,2023-10-26,399.8795471191406
spy,2023-10-27,398.0669860839844
spy,2023-10-30,402.826171875
spy,2023-10-31,405.3560791015625
spy,2023-11-01,409.6790771484375
spy,2023-11-02,417.5303039550781
spy,2023-11-03,421.339599609375
spy,2023-11-06,422.30889892578125
spy,2023-11-07,423.5107727050781
spy,2023-11-08,423.82098388671875
spy,2023-11-09,420.51568603515625
spy,2023-11-10,427.0777587890625
spy,2023-11-13,426.670654296875
spy,2023-11-14,434.9483947753906
spy,2023-11-15,435.8692321777344
spy,2023-11-16,436.4023742675781
spy,2023-11-17,436.9451599121094
spy,2023-11-20,440.30859375
spy,2023-11-21,439.34893798828125
spy,2023-11-22,441.0451965332031
spy,2023-11-24,441.31658935546875
spy,2023-11-27,440.5218200683594
spy,2023-11-28,440.9579772949219
spy,2023-11-29,440.6477966308594
spy,2023-11-30,442.3828125
spy,2023-12-01,444.99993896484375
spy,2023-12-04,442.6639404296875
spy,2023-12-05,442.5766906738281
spy,2023-12-06,440.7931823730469
spy,2023-12-07,444.1566162109375
spy,2023-12-08,446.0661926269531
spy,2023-12-11,447.8011169433594
spy,2023-12-12,449.8463439941406
spy,2023-12-13,456.04986572265625
spy,2023-12-14,457.51336669921875
spy,2023-12-15,456.7601013183594
spy,2023-12-18,459.32940673828125
spy,2023-12-19,462.12255859375
spy,2023-12-20,455.7187805175781
spy,2023-12-21,460.0398864746094
spy,2023-12-22,460.9644470214844
spy,2023-12-26,462.9108581542969
spy,2023-12-27,463.7478332519531
spy,2023-12-28,463.92303466796875
spy,2023-12-29,462.58001708984375
spy,2024-01-02,459.9911804199219
spy,2024-01-03,456.2346496582031
spy,2024-01-04,454.7650146484375
spy,2024-01-05,455.3879089355469
spy,2024-01-08,461.8890075683594
spy,2024-01-09,461.18829345703125
spy,2024-01-10,463.7964782714844
spy,2024-01-11,463.5921325683594
spy,2024-01-12,463.91326904296875
spy,2024-01-16,462.2101135253906
spy,2024-01-17,459.6408996582031
spy,2024-01-18,463.7284240722656
spy,2024-01-19,469.50927734375
spy,2024-01-22,470.5020446777344
spy,2024-01-23,471.8741760253906
spy,2024-01-24,472.3900146484375
spy,2024-01-25,474.9593200683594
spy,2024-01-26,474.35589599609375
spy,2024-01-29,478.11248779296875
spy,2024-01-30,477.74273681640625
spy,2024-01-31,469.9472351074219
spy,2024-02-01,476.0980224609375
spy,2024-02-02,481.11004638671875
spy,2024-02-05,479.35821533203125
spy,2024-02-06,480.7499694824219
spy,2024-02-07,484.7596130371094
spy,2024-02-08,484.9737243652344
spy,2024-02-09,487.77655029296875
spy,2024-02-12,487.56243896484375
spy,2024-02-13,480.8472595214844
spy,2024-02-14,485.2170104980469
spy,2024-02-15,488.56488037109375
spy,2024-02-16,486.1318359375
spy,2024-02-20,483.4555358886719
spy,2024-02-21,483.8934326171875
spy,2024-02-22,493.9078369140625
spy,2024-02-23,494.24847412109375
spy,2024-02-26,492.4383239746094
spy,2024-02-27,493.3530578613281
spy,2024-02-28,492.7010803222656
spy,2024-02-29,494.4723205566406
spy,2024-03-01,499.114501953125
spy,2024-03-04,498.57928466796875
spy,2024-03-05,493.59637451171875
spy,2024-03-06,496.0975646972656
spy,2024-03-07,501.02203369140625
spy,2024-03-08,498.01483154296875
spy,2024-03-11,497.5865783691406
spy,2024-03-12,502.93927001953125
spy,2024-03-13,502.1510314941406
spy,2024-03-14,501.1582946777344
spy,2024-03-15,497.717041015625
spy,2024-03-18,500.675048828125
spy,2024-03-19,503.45745849609375
spy,2024-03-20,508.114013671875
spy,2024-03-21,509.793212890625
spy,2024-03-22,508.8266296386719
spy,2024-03-25,507.4208984375
spy,2024-03-26,506.48370361328125
spy,2024-03-27,510.7401123046875
spy,2024-03-28,510.6424865722656
spy,2024-04-01,509.754150390625
spy,2024-04-02,506.51300048828125
spy,2024-04-03,507.06939697265625
spy,2024-04-04,500.88006591796875
spy,2024-04-05,506.1127624511719
spy,2024-04-08,506.3958435058594
spy,2024-04-09,506.9815979003906
spy,2024-04-10,501.9051818847656
spy,2024-04-11,505.6929626464844
spy,2024-04-12,498.7128601074219
spy,2024-04-15,492.4648742675781
spy,2024-04-16,491.5667419433594
spy,2024-04-17,488.6575012207031
spy,2024-04-18,487.65203857421875
spy,2024-04-19,483.3956298828125
spy,2024-04-22,487.8472900390625
spy,2024-04-23,493.63641357421875
spy,2024-04-24,493.402099609375
spy,2024-04-25,491.5276794433594
spy,2024-04-26,496.1844177246094
spy,2024-04-29,497.9416198730469
spy,2024-04-30,490.0536193847656
spy,2024-05-01,488.4623107910156
spy,2024-05-02,493.0311584472656
spy,2024-05-03,499.14239501953125
spy,2024-05-06,504.2969055175781
spy,2024-05-07,504.8534240722656
spy,2024-05-08,504.9022216796875
spy,2024-05-09,507.8114318847656
spy,2024-05-10,508.465576171875
spy,2024-05-13,508.5337829589844
spy,2024-05-14,510.8669738769531
spy,2024-05-15,517.1930541992188
spy,2024-05-16,516.1289672851562
spy,2024-05-17,516.8709716796875
spy,2024-05-20,517.4664916992188
spy,2024-05-21,518.735595703125
spy,2024-05-22,517.241943359375
spy,2024-05-23,513.4638671875
spy,2024-05-24,516.861083984375
spy,2024-05-28,517.2224731445312
spy,2024-05-29,513.6004638671875
spy,2024-05-30,510.19342041015625
spy,2024-05-31,514.8403930664062
spy,2024-06-03,515.2601318359375
spy,2024-06-04,515.836181640625
spy,2024-06-05,521.9669189453125
spy,2024-06-06,521.9571533203125
spy,2024-06-07,521.322509765625
spy,2024-06-10,522.933349609375
spy,2024-06-11,524.1927490234375
spy,2024-06-12,528.4978637695312
spy,2024-06-13,529.5620727539062
spy,2024-06-14,529.88427734375
spy,2024-06-17,534.1015625
spy,2024-06-18,535.4585571289062
spy,2024-06-20,534.00390625
spy,2024-06-21,533.2880859375
spy,2024-06-24,531.5545043945312
spy,2024-06-25,533.6014404296875
spy,2024-06-26,534.2673950195312
spy,2024-06-27,535.1096801757812
spy,2024-06-28,533.0039672851562
spy,2024-07-01,534.1009521484375
spy,2024-07-02,537.6953125
spy,2024-07-03,540.0948486328125
spy,2024-07-05,543.2092895507812
spy,2024-07-08,543.8359985351562
spy,2024-07-09,544.3648681640625
spy,2024-07-10,549.7515258789062
spy,2024-07-11,545.0112915039062
spy,2024-07-12,548.4490356445312
spy,2024-07-15,549.957275390625
spy,2024-07-16,553.2186889648438
spy,2024-07-17,545.4618530273438
spy,2024-07-18,541.27001953125
spy,2024-07-19,537.6757202148438
spy,2024-07-22,543.2190551757812
spy,2024-07-23,542.3670654296875
spy,2024-07-24,530.0756225585938
spy,2024-07-25,527.3136596679688
spy,2024-07-26,533.2194213867188
spy,2024-07-29,533.5328369140625
spy,2024-07-30,530.829833984375
spy,2024-07-31,539.4581298828125
spy,2024-08-01,531.8189697265625
spy,2024-08-02,521.9172973632812
spy,2024-08-05,506.7171936035156
spy,2024-08-06,511.38885498046875
spy,2024-08-07,507.9707336425781
spy,2024-08-08,519.7137451171875
spy,2024-08-09,522.0054931640625
spy,2024-08-12,522.2797241210938
spy,2024-08-13,530.868896484375
spy,2024-08-14,532.543701171875
spy,2024-08-15,541.671630859375
spy,2024-08-16,542.8861083984375
spy,2024-08-19,548.0768432617188
spy,2024-08-20,547.185546875
spy,2024-08-21,549.0659790039062
spy,2024-08-22,544.756591796875
spy,2024-08-23,550.5448608398438
spy,2024-08-26,549.2325439453125
spy,2024-08-27,549.9866333007812
spy,2024-08-28,546.7938842773438
spy,2024-08-29,546.8427734375
spy,2024-08-30,552.0629272460938
spy,2024-09-03,540.7020874023438
spy,2024-09-04,539.5953369140625
spy,2024-09-05,538.282958984375
spy,2024-09-06,529.2234497070312
spy,2024-09-09,535.1488647460938
spy,2024-09-10,537.4799194335938
spy,2024-09-11,542.9937744140625
spy,2024-09-12,547.5675048828125
spy,2024-09-13,550.4274291992188
spy,2024-09-16,551.2402954101562
spy,2024-09-17,551.4655151367188
spy,2024-09-18,549.8299560546875
spy,2024-09-19,559.2124633789062
spy,2024-09-20,558.245849609375
spy,2024-09-23,559.6408081054688
spy,2024-09-24,561.2421264648438
spy,2024-09-25,560.0042724609375
spy,2024-09-26,562.2245483398438
spy,2024-09-27,561.4091796875
spy,2024-09-30,563.6588134765625
spy,2024-10-01,558.6092529296875
spy,2024-10-02,558.8450927734375
spy,2024-10-03,557.8233642578125
spy,2024-10-04,562.8925170898438
spy,2024-10-07,557.8037109375
spy,2024-10-08,563.0791625976562
spy,2024-10-09,566.9793701171875
spy,2024-10-10,565.9871826171875
spy,2024-10-11,569.3762817382812
spy,2024-10-14,574.032958984375
spy,2024-10-15,569.5728759765625
spy,2024-10-16,572.0484619140625
spy,2024-10-17,572.0975952148438
spy,2024-10-18,574.2982177734375
spy,2024-10-21,573.3550415039062
spy,2024-10-22,573.0504760742188
spy,2024-10-23,567.8143920898438
spy,2024-10-24,569.0423583984375
spy,2024-10-25,568.8457641601562
spy,2024-10-28,570.6043701171875
spy,2024-10-29,571.52783203125
spy,2024-10-30,569.798828125
spy,2024-10-31,558.62890625
spy,2024-11-01,560.9866943359375
spy,2024-11-04,559.7783203125
spy,2024-11-05,566.547119140625
spy,2024-11-06,580.6345825195312
spy,2024-11-07,585.1241455078125
spy,2024-11-08,587.6587524414062
spy,2024-11-11,588.2186889648438
spy,2024-11-12,586.3914184570312
spy,2024-11-13,586.6763305664062
spy,2024-11-14,582.9039306640625
spy,2024-11-15,575.4376831054688
spy,2024-11-18,577.7955322265625
spy,2024-11-19,579.9075927734375
spy,2024-11-20,580.1041259765625
spy,2024-11-21,583.2183227539062
spy,2024-11-22,585.0259399414062
spy,2024-11-25,587.0103149414062
spy,2024-11-26,590.075439453125
spy,2024-11-27,588.2874755859375
spy,2024-11-29,591.9419555664062
spy,2024-12-02,593.0029296875
spy,2024-12-03,593.278076171875
spy,2024-12-04,596.9619750976562
spy,2024-12-05,595.9796142578125
spy,2024-12-06,597.109375
spy,2024-12-09,594.0344848632812
spy,2024-12-10,592.1875610351562
spy,2024-12-11,596.7655639648438
spy,2024-12-12,593.690673828125
spy,2024-12-13,593.57275390625
spy,2024-12-16,596.1072998046875
spy,2024-12-17,593.6513061523438
spy,2024-12-18,575.9584350585938
spy,2024-12-19,575.7815551757812
spy,2024-12-20,582.697265625
spy,2024-12-23,586.1866455078125
spy,2024-12-24,592.7021484375
spy,2024-12-26,592.7415771484375
spy,2024-12-27,586.5020751953125
spy,2024-12-30,579.8091430664062
spy,2024-12-31,577.69970703125
spy,2025-01-02,576.2803344726562
spy,2025-01-03,583.4857788085938
spy,2025-01-06,586.8470458984375
spy,2025-01-07,580.2132568359375
spy,2025-01-08,581.0609130859375
spy,2025-01-10,572.1896362304688
spy,2025-01-13,573.0768432617188
spy,2025-01-14,573.8652954101562
spy,2025-01-15,584.3040161132812
spy,2025-01-16,583.1802978515625
spy,2025-01-17,589.035400390625
spy,2025-01-21,594.4270629882812
spy,2025-01-22,597.7686157226562
spy,2025-01-23,601.03125
spy,2025-01-24,599.2766723632812
spy,2025-01-27,590.7997436523438
spy,2025-01-28,595.8760986328125
spy,2025-01-29,593.204833984375
spy,2025-01-30,596.388671875
spy,2025-01-31,593.2147216796875
spy,2025-02-03,589.2225952148438
spy,2025-02-04,593.1752319335938
spy,2025-02-05,595.580322265625
spy,2025-02-06,597.6502685546875
spy,2025-02-07,592.1796875
spy,2025-02-10,596.2013549804688
spy,2025-02-11,596.6548461914062
spy,2025-02-12,594.732666015625
spy,2025-02-13,601.0115356445312
spy,2025-02-14,600.9819946289062
spy,2025-02-18,602.7463989257812
spy,2025-02-19,604.1658325195312
spy,2025-02-20,601.6522827148438
spy,2025-02-21,591.3616333007812
spy,2025-02-24,588.6705932617188
spy,2025-02-25,585.7431030273438
spy,2025-02-26,586.0386962890625
spy,2025-02-27,576.6844482421875
spy,2025-02-28,585.6839599609375
spy,2025-03-03,575.4227905273438
spy,2025-03-04,568.6116333007812
spy,2025-03-05,574.722900390625
spy,2025-03-06,564.5209350585938
spy,2025-03-07,567.6849975585938
spy,2025-03-10,552.5643920898438
spy,2025-03-11,547.9710083007812
spy,2025-03-12,550.8787841796875
spy,2025-03-13,543.535400390625
spy,2025-03-14,554.7623901367188
spy,2025-03-17,559.0404663085938
spy,2025-03-18,552.998046875
spy,2025-03-19,559.0206909179688
spy,2025-03-20,557.4041748046875
spy,2025-03-21,557.5880737304688
spy,2025-03-24,567.5735473632812
spy,2025-03-25,568.93798828125
spy,2025-03-26,562.1458740234375
spy,2025-03-27,560.6528930664062
spy,2025-03-28,549.3623657226562
spy,2025-03-31,553.0501098632812
spy,2025-04-01,554.6121826171875
spy,2025-04-02,558.1219482421875
spy,2025-04-03,530.6173095703125
spy,2025-04-04,499.5533447265625
spy,2025-04-07,498.6635437011719
spy,2025-04-08,490.85308837890625
spy,2025-04-09,542.4021606445312
spy,2025-04-10,518.6346435546875
spy,2025-04-11,527.8886108398438
spy,2025-04-14,533.0098266601562
spy,2025-04-15,531.516845703125
spy,2025-04-16,519.7023315429688
spy,2025-04-17,520.44384765625
spy,2025-04-21,508.05584716796875
spy,2025-04-22,521.2744140625
spy,2025-04-23,529.3516845703125
spy,2025-04-24,540.4940185546875
spy,2025-04-25,544.3992919921875
spy,2025-04-28,544.60693359375
spy,2025-04-29,548.0375366210938
spy,2025-04-30,548.2550048828125
spy,2025-05-01,552.1405639648438
spy,2025-05-02,560.3366088867188
spy,2025-05-05,557.1234130859375
spy,2025-05-06,552.466796875
spy,2025-05-07,554.7901611328125
spy,2025-05-08,558.6558227539062
spy,2025-05-09,557.9440307617188
spy,2025-05-12,576.3826293945312
spy,2025-05-13,580.1889038085938
spy,2025-05-14,580.930419921875
spy,2025-05-15,583.7679443359375
spy,2025-05-16,587.465576171875
spy,2025-05-19,588.1082153320312
spy,2025-05-20,586.130859375
spy,2025-05-21,576.2540893554688
spy,2025-05-22,576.4814453125
spy,2025-05-23,572.5465698242188
spy,2025-05-27,584.4501342773438
spy,2025-05-28,581.06884765625
spy,2025-05-29,583.362548828125
spy,2025-05-30,582.7101440429688
spy,2025-06-02,585.9925537109375
spy,2025-06-03,589.3341064453125
spy,2025-06-04,589.1759643554688
spy,2025-06-05,586.3285522460938
spy,2025-06-06,592.3495483398438
spy,2025-06-09,592.8834228515625
spy,2025-06-10,596.2449951171875
spy,2025-06-11,594.5443725585938
spy,2025-06-12,596.9072265625
spy,2025-06-13,590.2338256835938
spy,2025-06-16,595.8494873046875
spy,2025-06-17,590.7578735351562
spy,2025-06-18,590.6688232421875
spy,2025-06-20,589.2816162109375
spy,2025-06-23,595.1022338867188
spy,2025-06-24,601.6764526367188
spy,2025-06-25,602.0136108398438
spy,2025-06-26,606.7236328125
spy,2025-06-27,609.738037109375
spy,2025-06-30,612.6533813476562
spy,2025-07-01,612.455078125
spy,2025-07-02,615.2315063476562
spy,2025-07-03,620.0803833007812
spy,2025-07-07,615.4595336914062
spy,2025-07-08,615.1224365234375
spy,2025-07-09,618.8110961914062
spy,2025-07-10,620.5563354492188
spy,2025-07-11,618.3748168945312
spy,2025-07-14,619.5547485351562
spy,2025-07-15,616.9072875976562
spy,2025-07-16,618.9697265625
spy,2025-07-17,622.7576293945312
spy,2025-07-18,622.301513671875
spy,2025-07-21,623.4815063476562
spy,2025-07-22,623.5707397460938
spy,2025-07-23,628.8757934570312
spy,2025-07-24,629.083984375
spy,2025-07-25,631.741455078125
spy,2025-07-28,631.5828247070312
spy,2025-07-29,629.9168701171875
spy,2025-07-30,629.1236572265625
spy,2025-07-31,626.7637329101562
spy,2025-08-01,616.49072265625
spy,2025-08-04,625.8612670898438
spy,2025-08-05,622.6881713867188
spy,2025-08-06,627.457763671875
spy,2025-08-07,626.9321899414062
spy,2025-08-08,631.8207397460938
spy,2025-08-11,630.5713500976562
spy,2025-08-12,637.2844848632812
spy,2025-08-13,639.4659423828125
spy,2025-08-14,639.525390625
spy,2025-08-15,638.0281372070312
spy,2025-08-18,637.8892822265625
spy,2025-08-19,634.4286499023438
spy,2025-08-20,632.742919921875
spy,2025-08-21,630.2044677734375
spy,2025-08-22,639.8824462890625
spy,2025-08-25,637.0662231445312
spy,2025-08-26,639.733642578125
spy,2025-08-27,641.1912841796875
spy,2025-08-28,643.4619750976562
spy,2025-08-29,639.6245727539062
spy,2025-09-02,634.884765625
spy,2025-09-03,638.3255615234375
spy,2025-09-04,643.6602783203125
spy,2025-09-05,641.796142578125
spy,2025-09-08,643.3727416992188
spy,2025-09-09,644.8601684570312
spy,2025-09-10,646.724365234375
spy,2025-09-11,652.0988159179688
spy,2025-09-12,651.880615234375
spy,2025-09-15,655.3511352539062
spy,2025-09-16,654.4488525390625
spy,2025-09-17,653.6357421875
spy,2025-09-18,656.6898193359375
spy,2025-09-19,659.9423217773438
spy,2025-09-22,663.0645141601562
spy,2025-09-23,659.4551391601562
spy,2025-09-24,657.3569946289062
spy,2025-09-25,654.3242797851562
spy,2025-09-26,658.072998046875
spy,2025-09-29,659.9224243164062
spy,2025-09-30,662.4082641601562
spy,2025-10-01,664.6654663085938
spy,2025-10-02,665.4309692382812
spy,2025-10-03,665.421142578125
spy,2025-10-06,667.8074951171875
spy,2025-10-07,665.3316040039062
spy,2025-10-08,669.2990112304688
spy,2025-10-09,667.3600463867188
spy,2025-10-10,649.32275390625
spy,2025-10-13,659.2860107421875
spy,2025-10-14,658.4805908203125
spy,2025-10-15,661.4039916992188
spy,2025-10-16,656.899658203125
spy,2025-10-17,660.62841796875
spy,2025-10-20,667.499267578125
spy,2025-10-21,667.4892578125
spy,2025-10-22,664.0191040039062
spy,2025-10-23,667.9566650390625
spy,2025-10-24,673.4155883789062
spy,2025-10-27,681.3603515625
spy,2025-10-28,683.1700439453125
spy,2025-10-29,683.4981689453125
spy,2025-10-30,675.98095703125
spy,2025-10-31,678.1983642578125
spy,2025-11-03,679.4711303710938
spy,2025-11-04,671.4169921875
spy,2025-11-05,673.7437133789062
spy,2025-11-06,666.514892578125
spy,2025-11-07,667.1710815429688
spy,2025-11-10,677.5819091796875
spy,2025-11-11,679.1329956054688
spy,2025-11-12,679.5108642578125
spy,2025-11-13,668.2350463867188
spy,2025-11-14,668.125732421875
spy,2025-11-17,661.901123046875
spy,2025-11-18,656.3428344726562
spy,2025-11-19,658.87841796875
spy,2025-11-20,648.8355712890625
spy,2025-11-21,655.2987670898438
spy,2025-11-24,664.9437866210938
spy,2025-11-25,671.1981811523438
spy,2025-11-26,675.8318481445312
spy,2025-11-28,679.5208129882812
spy,2025-12-01,676.4185180664062
spy,2025-12-02,677.67138671875
spy,2025-12-03,680.0180053710938
spy,2025-12-04,680.51513671875
spy,2025-12-05,681.8078002929688
spy,2025-12-08,679.7594604492188
spy,2025-12-09,679.1727294921875
spy,2025-12-10,683.6771850585938
spy,2025-12-11,685.26806640625
spy,2025-12-12,677.9000244140625
spy,2025-12-15,676.8758544921875
spy,2025-12-16,675.0264282226562
spy,2025-12-17,667.5986938476562
spy,2025-12-18,672.6399536132812
spy,2025-12-19,678.7363891601562
spy,2025-12-22,682.96484375
spy,2025-12-23,686.0863037109375
spy,2025-12-24,688.4996948242188
spy,2025-12-26,688.4298706054688
spy,2025-12-29,685.9765625
spy,2025-12-30,685.138916015625
spy,2025-12-31,680.062744140625
spy,2026-01-02,681.309326171875
spy,2026-01-05,685.846923828125
spy,2026-01-06,689.92578125
spy,2026-01-07,687.701904296875
spy,2026-01-08,687.632080078125
spy,2026-01-09,692.1796264648438
spy,2026-01-12,693.2666625976562
spy,2026-01-13,691.8804931640625
spy,2026-01-14,688.479736328125
spy,2026-01-15,690.3546142578125
spy,2026-01-16,689.7761840820312
spy,2026-01-20,675.7345581054688
spy,2026-01-21,683.5332641601562
spy,2026-01-22,687.103515625
spy,2026-01-23,687.352783203125
spy,2026-01-26,690.84326171875
spy,2026-01-27,693.5957641601562
spy,2026-01-28,693.5259399414062
spy,2026-01-29,692.1497192382812
spy,2026-01-30,690.0853271484375
spy,2026-02-02,693.5159912109375
spy,2026-02-03,687.6520385742188
spy,2026-02-04,684.3211059570312
spy,2026-02-05,675.7744750976562
spy,2026-02-06,688.739013671875
spy,2026-02-09,692.0599975585938
spy,2026-02-10,690.2349243164062
spy,2026-02-11,690.075439453125
spy,2026-02-12,679.41455078125
spy,2026-02-13,679.8931884765625
spy,2026-02-17,680.9901733398438
spy,2026-02-18,684.4208374023438
spy,2026-02-19,682.61572265625
spy,2026-02-20,687.5523071289062
spy,2026-02-23,680.531494140625
spy,2026-02-24,685.4779052734375
spy,2026-02-25,691.26220703125
spy,2026-02-26,687.422607421875
spy,2026-02-27,684.1216430664062
spy,2026-03-02,684.5106201171875
spy,2026-03-03,678.4771118164062
spy,2026-03-04,683.2639770507812
spy,2026-03-05,679.4544067382812
spy,2026-03-06,670.5487060546875
spy,2026-03-09,676.4227294921875
spy,2026-03-10,675.3356323242188
spy,2026-03-11,674.4879760742188
spy,2026-03-12,664.2459106445312
spy,2026-03-13,660.4862060546875
spy,2026-03-16,667.2078857421875
spy,2026-03-17,668.9630126953125
spy,2026-03-18,659.6285400390625
spy,2026-03-19,658.0029907226562
spy,2026-03-20,648.5700073242188
spy,2026-03-23,655.3800048828125
spy,2026-03-24,653.1799926757812
spy,2026-03-25,656.8200073242188
spy,2026-03-26,645.0900268554688
spy,2026-03-27,634.0900268554688
spy,2026-03-30,631.969970703125
spy,2026-03-31,650.3400268554688
spy,2026-04-01,655.239990234375
spy,2026-04-02,655.8300170898438
spy,2026-04-06,658.9299926757812
spy,2026-04-07,659.219970703125
spy,2026-04-08,676.010009765625
spy,2026-04-09,679.9099731445312
