Item_Id,Date,Price
spy,1993-01-29,24.175371170043945
spy,1993-02-01,24.34732437133789
spy,1993-02-02,24.39890480041504
spy,1993-02-03,24.65682601928711
spy,1993-02-04,24.759971618652344
spy,1993-02-05,24.74281120300293
spy,1993-02-08,24.74281120300293
spy,1993-02-09,24.57086753845215
spy,1993-02-10,24.60523223876953
spy,1993-02-11,24.72559928894043
spy,1993-02-12,24.536455154418945
spy,1993-02-16,23.9174747467041
spy,1993-02-17,23.900266647338867
spy,1993-02-18,23.883081436157227
spy,1993-02-19,23.96904182434082
spy,1993-02-22,24.055015563964844
spy,1993-02-23,24.037837982177734
spy,1993-02-24,24.34732437133789
spy,1993-02-25,24.39890480041504
spy,1993-02-26,24.43330192565918
spy,1993-03-01,24.364521026611328
spy,1993-03-02,24.72559928894043
spy,1993-03-03,24.828760147094727
spy,1993-03-04,24.69121551513672
spy,1993-03-05,24.6224422454834
spy,1993-03-08,25.172657012939453
spy,1993-03-09,25.08669662475586
spy,1993-03-10,25.13828468322754
spy,1993-03-11,25.069480895996094
spy,1993-03-12,24.811565399169922
spy,1993-03-15,24.931934356689453
spy,1993-03-16,24.931934356689453
spy,1993-03-17,24.777189254760742
spy,1993-03-18,24.931934356689453
spy,1993-03-19,24.894210815429688
spy,1993-03-22,24.75600242614746
spy,1993-03-23,24.807825088500977
spy,1993-03-24,24.807825088500977
spy,1993-03-25,24.96331214904785
spy,1993-03-26,24.825088500976562
spy,1993-03-29,24.928747177124023
spy,1993-03-30,24.99786949157715
spy,1993-03-31,24.980575561523438
spy,1993-04-01,24.894210815429688
spy,1993-04-02,24.375940322875977
spy,1993-04-05,24.496858596801758
spy,1993-04-06,24.42775535583496
spy,1993-04-07,24.51414680480957
spy,1993-04-08,24.479583740234375
spy,1993-04-12,24.825088500976562
spy,1993-04-13,24.87691307067871
spy,1993-04-14,24.84237289428711
spy,1993-04-15,24.84237289428711
spy,1993-04-16,24.84237289428711
spy,1993-04-19,24.738737106323242
spy,1993-04-20,24.6177978515625
spy,1993-04-21,24.600515365600586
spy,1993-04-22,24.289554595947266
spy,1993-04-23,24.1859073638916
spy,1993-04-26,23.995880126953125
spy,1993-04-27,24.254993438720703
spy,1993-04-28,24.20316505432129
spy,1993-04-29,24.30684471130371
spy,1993-04-30,24.341384887695312
spy,1993-05-03,24.496858596801758
spy,1993-05-04,24.583250045776367
spy,1993-05-05,24.65233612060547
spy,1993-05-06,24.56597137451172
spy,1993-05-07,24.51414680480957
spy,1993-05-10,24.56597137451172
spy,1993-05-11,24.669635772705078
spy,1993-05-12,24.63506507873535
spy,1993-05-13,24.341384887695312
spy,1993-05-14,24.324115753173828
spy,1993-05-17,24.410497665405273
spy,1993-05-18,24.39322280883789
spy,1993-05-19,24.894210815429688
spy,1993-05-20,24.96331214904785
spy,1993-05-21,24.738737106323242
spy,1993-05-24,24.84237289428711
spy,1993-05-25,24.894210815429688
spy,1993-05-26,25.205177307128906
spy,1993-05-27,25.118789672851562
spy,1993-05-28,24.99786949157715
spy,1993-06-01,25.23972511291504
spy,1993-06-02,25.205177307128906
spy,1993-06-03,25.118789672851562
spy,1993-06-04,25.03241729736328
spy,1993-06-07,24.946025848388672
spy,1993-06-08,24.72144317626953
spy,1993-06-09,24.807825088500977
spy,1993-06-10,24.825088500976562
spy,1993-06-11,24.928747177124023
spy,1993-06-14,24.894210815429688
spy,1993-06-15,24.84237289428711
spy,1993-06-16,24.894210815429688
spy,1993-06-17,24.980575561523438
spy,1993-06-18,24.774864196777344
spy,1993-06-21,24.827068328857422
spy,1993-06-22,24.844480514526367
spy,1993-06-23,24.6182918548584
spy,1993-06-24,24.94886016845703
spy,1993-06-25,24.93145179748535
spy,1993-06-28,25.209823608398438
spy,1993-06-29,25.08803939819336
spy,1993-06-30,25.08803939819336
spy,1993-07-01,25.0184383392334
spy,1993-07-02,24.87925910949707
spy,1993-07-06,24.6182918548584
spy,1993-07-07,24.687883377075195
spy,1993-07-08,24.96626091003418
spy,1993-07-09,25.035829544067383
spy,1993-07-12,25.0184383392334
spy,1993-07-13,25.001047134399414
spy,1993-07-14,25.08803939819336
spy,1993-07-15,24.9836483001709
spy,1993-07-16,24.91405487060547
spy,1993-07-19,24.896652221679688
spy,1993-07-20,24.96626091003418
spy,1993-07-21,24.94886016845703
spy,1993-07-22,24.774864196777344
spy,1993-07-23,24.896652221679688
spy,1993-07-26,25.035829544067383
spy,1993-07-27,25.0184383392334
spy,1993-07-28,24.96626091003418
spy,1993-07-29,25.105440139770508
spy,1993-07-30,24.96626091003418
spy,1993-08-02,25.035829544067383
spy,1993-08-03,25.053239822387695
spy,1993-08-04,25.053239822387695
spy,1993-08-05,25.001047134399414
spy,1993-08-06,25.035829544067383
spy,1993-08-09,25.175024032592773
spy,1993-08-10,25.15762710571289
spy,1993-08-11,25.15762710571289
spy,1993-08-12,25.08803939819336
spy,1993-08-13,25.12282943725586
spy,1993-08-16,25.26201057434082
spy,1993-08-17,25.3490047454834
spy,1993-08-18,25.488197326660156
spy,1993-08-19,25.488197326660156
spy,1993-08-20,25.505592346191406
spy,1993-08-23,25.453393936157227
spy,1993-08-24,25.731761932373047
spy,1993-08-25,25.74917221069336
spy,1993-08-26,25.766555786132812
spy,1993-08-27,25.74917221069336
spy,1993-08-30,25.853548049926758
spy,1993-08-31,25.92315101623535
spy,1993-09-01,25.88835334777832
spy,1993-09-02,25.801359176635742
spy,1993-09-03,25.818744659423828
spy,1993-09-07,25.644773483276367
spy,1993-09-08,25.55777931213379
spy,1993-09-09,25.609983444213867
spy,1993-09-10,25.836151123046875
spy,1993-09-13,25.853548049926758
spy,1993-09-14,25.74917221069336
spy,1993-09-15,25.818744659423828
spy,1993-09-16,25.71436882019043
spy,1993-09-17,25.664506912231445
spy,1993-09-20,25.454425811767578
spy,1993-09-21,25.366897583007812
spy,1993-09-22,25.57697868347168
spy,1993-09-23,25.71702003479004
spy,1993-09-24,25.647008895874023
spy,1993-09-27,25.927101135253906
spy,1993-09-28,25.874574661254883
spy,1993-09-29,25.78704833984375
spy,1993-09-30,25.73453140258789
spy,1993-10-01,25.857078552246094
spy,1993-10-04,25.892091751098633
spy,1993-10-05,25.857078552246094
spy,1993-10-06,25.839569091796875
spy,1993-10-07,25.769554138183594
spy,1993-10-08,25.804546356201172
spy,1993-10-11,25.857078552246094
spy,1993-10-12,25.892091751098633
spy,1993-10-13,25.892091751098633
spy,1993-10-14,26.224716186523438
spy,1993-10-15,26.364770889282227
spy,1993-10-18,26.294740676879883
spy,1993-10-19,26.102176666259766
spy,1993-10-20,26.137187957763672
spy,1993-10-21,26.102176666259766
spy,1993-10-22,25.979623794555664
spy,1993-10-25,26.049652099609375
spy,1993-10-26,26.032150268554688
spy,1993-10-27,26.049652099609375
spy,1993-10-28,26.242218017578125
spy,1993-10-29,26.242218017578125
spy,1993-11-01,26.312257766723633
spy,1993-11-02,26.294740676879883
spy,1993-11-03,25.962112426757812
spy,1993-11-04,25.682003021240234
spy,1993-11-05,25.804546356201172
spy,1993-11-08,25.839569091796875
spy,1993-11-09,25.857078552246094
spy,1993-11-10,26.049652099609375
spy,1993-11-11,25.979623794555664
spy,1993-11-12,26.102176666259766
spy,1993-11-15,26.08466148376465
spy,1993-11-16,26.20720100402832
spy,1993-11-17,26.067150115966797
spy,1993-11-18,25.997121810913086
spy,1993-11-19,25.94462776184082
spy,1993-11-22,25.78704833984375
spy,1993-11-23,25.927101135253906
spy,1993-11-24,26.032150268554688
spy,1993-11-26,26.049652099609375
spy,1993-11-29,25.94462776184082
spy,1993-11-30,25.962112426757812
spy,1993-12-01,25.997121810913086
spy,1993-12-02,26.067150115966797
spy,1993-12-03,26.17218780517578
spy,1993-12-06,26.259735107421875
spy,1993-12-07,26.242218017578125
spy,1993-12-08,26.242218017578125
spy,1993-12-09,26.154699325561523
spy,1993-12-10,26.102176666259766
spy,1993-12-13,26.259735107421875
spy,1993-12-14,26.067150115966797
spy,1993-12-15,26.032150268554688
spy,1993-12-16,26.11968231201172
spy,1993-12-17,26.263227462768555
spy,1993-12-20,26.2984676361084
spy,1993-12-21,26.210351943969727
spy,1993-12-22,26.38662338256836
spy,1993-12-23,26.368988037109375
spy,1993-12-27,26.509981155395508
spy,1993-12-28,26.562875747680664
spy,1993-12-29,26.527618408203125
spy,1993-12-30,26.421850204467773
spy,1993-12-31,26.280858993530273
spy,1994-01-03,26.210351943969727
spy,1994-01-04,26.316120147705078
spy,1994-01-05,26.368988037109375
spy,1994-01-06,26.368988037109375
spy,1994-01-07,26.527618408203125
spy,1994-01-10,26.844907760620117
spy,1994-01-11,26.792015075683594
spy,1994-01-12,26.703876495361328
spy,1994-01-13,26.633384704589844
spy,1994-01-14,26.73912811279297
spy,1994-01-17,26.73912811279297
spy,1994-01-18,26.77438735961914
spy,1994-01-19,26.703876495361328
spy,1994-01-20,26.77438735961914
spy,1994-01-21,26.721515655517578
spy,1994-01-24,26.615747451782227
spy,1994-01-25,26.615747451782227
spy,1994-01-26,26.686248779296875
spy,1994-01-27,26.933013916015625
spy,1994-01-28,27.0035457611084
spy,1994-01-31,27.197410583496094
spy,1994-02-01,27.05641746520996
spy,1994-02-02,27.232683181762695
spy,1994-02-03,27.109291076660156
spy,1994-02-04,26.49236488342285
spy,1994-02-07,26.615747451782227
spy,1994-02-08,26.633384704589844
spy,1994-02-09,26.73912811279297
spy,1994-02-10,26.509981155395508
spy,1994-02-11,26.598125457763672
spy,1994-02-14,26.633384704589844
spy,1994-02-15,26.77438735961914
spy,1994-02-16,26.75676918029785
spy,1994-02-17,26.598125457763672
spy,1994-02-18,26.439498901367188
spy,1994-02-22,26.703876495361328
spy,1994-02-23,26.633384704589844
spy,1994-02-24,26.280858993530273
spy,1994-02-25,26.40422821044922
spy,1994-02-28,26.40422821044922
spy,1994-03-01,26.2984676361084
spy,1994-03-02,26.33371353149414
spy,1994-03-03,26.263227462768555
spy,1994-03-04,26.33371353149414
spy,1994-03-07,26.47473907470703
spy,1994-03-08,26.368988037109375
spy,1994-03-09,26.49236488342285
spy,1994-03-10,26.280858993530273
spy,1994-03-11,26.421850204467773
spy,1994-03-14,26.45711326599121
spy,1994-03-15,26.439498901367188
spy,1994-03-16,26.651010513305664
spy,1994-03-17,26.651010513305664
spy,1994-03-18,26.645183563232422
spy,1994-03-21,26.574268341064453
spy,1994-03-22,26.645183563232422
spy,1994-03-23,26.62746238708496
spy,1994-03-24,26.308368682861328
spy,1994-03-25,26.06015396118164
spy,1994-03-28,26.095611572265625
spy,1994-03-29,25.58151626586914
spy,1994-03-30,25.22694969177246
spy,1994-03-31,25.29786491394043
spy,1994-04-04,24.907848358154297
spy,1994-04-05,25.421960830688477
spy,1994-04-06,25.421960830688477
spy,1994-04-07,25.54605484008789
spy,1994-04-08,25.351049423217773
spy,1994-04-11,25.45741081237793
spy,1994-04-12,25.421960830688477
spy,1994-04-13,25.28898811340332
spy,1994-04-14,25.29786491394043
spy,1994-04-15,25.29786491394043
spy,1994-04-18,25.12944793701172
spy,1994-04-19,25.164905548095703
spy,1994-04-20,25.138322830200195
spy,1994-04-21,25.475147247314453
spy,1994-04-22,25.448543548583984
spy,1994-04-25,25.714466094970703
spy,1994-04-26,25.687883377075195
spy,1994-04-28,25.501726150512695
spy,1994-04-29,25.58151626586914
spy,1994-05-02,25.741064071655273
spy,1994-05-03,25.714466094970703
spy,1994-05-04,25.670162200927734
spy,1994-05-05,25.634689331054688
spy,1994-05-06,25.38650131225586
spy,1994-05-09,25.164905548095703
spy,1994-05-10,25.359905242919922
spy,1994-05-11,25.12944793701172
spy,1994-05-12,25.25354766845703
spy,1994-05-13,25.25354766845703
spy,1994-05-16,25.262414932250977
spy,1994-05-17,25.634689331054688
spy,1994-05-18,25.820842742919922
spy,1994-05-19,25.944923400878906
spy,1994-05-20,25.847427368164062
spy,1994-05-23,25.8031063079834
spy,1994-05-24,25.90948486328125
spy,1994-05-25,25.98038101196289
spy,1994-05-26,25.998125076293945
spy,1994-05-27,26.024723052978516
spy,1994-05-31,25.989253997802734
spy,1994-06-01,26.104473114013672
spy,1994-06-02,26.077877044677734
spy,1994-06-03,26.228578567504883
spy,1994-06-06,26.219709396362305
spy,1994-06-07,26.18426513671875
spy,1994-06-08,25.97152328491211
spy,1994-06-09,26.11334991455078
spy,1994-06-10,26.15768051147461
spy,1994-06-13,26.1931209564209
spy,1994-06-14,26.397003173828125
spy,1994-06-15,26.29063606262207
spy,1994-06-16,26.343807220458984
spy,1994-06-17,26.196788787841797
spy,1994-06-20,25.973703384399414
spy,1994-06-21,25.750646591186523
spy,1994-06-22,25.848800659179688
spy,1994-06-23,25.697107315063477
spy,1994-06-24,25.1617431640625
spy,1994-06-27,25.59896469116211
spy,1994-06-28,25.47403335571289
spy,1994-06-29,25.55434226989746
spy,1994-06-30,25.393735885620117
spy,1994-07-01,25.44727325439453
spy,1994-07-05,25.58111000061035
spy,1994-07-06,25.54543113708496
spy,1994-07-07,25.652488708496094
spy,1994-07-08,25.6435604095459
spy,1994-07-11,25.55434226989746
spy,1994-07-12,25.590038299560547
spy,1994-07-13,25.63463020324707
spy,1994-07-14,25.911245346069336
spy,1994-07-15,25.920175552368164
spy,1994-07-18,25.964780807495117
spy,1994-07-19,25.911245346069336
spy,1994-07-20,25.79524803161621
spy,1994-07-21,25.848800659179688
spy,1994-07-22,25.893407821655273
spy,1994-07-25,25.92909049987793
spy,1994-07-26,25.902334213256836
spy,1994-07-27,25.902334213256836
spy,1994-07-28,25.95585060119629
spy,1994-07-29,26.21462059020996
spy,1994-08-01,26.339542388916016
spy,1994-08-02,26.375221252441406
spy,1994-08-03,26.38413429260254
spy,1994-08-04,26.232444763183594
spy,1994-08-05,26.14323616027832
spy,1994-08-08,26.205699920654297
spy,1994-08-09,26.250295639038086
spy,1994-08-10,26.348453521728516
spy,1994-08-11,26.250295639038086
spy,1994-08-12,26.455514907836914
spy,1994-08-15,26.44659996032715
spy,1994-08-16,26.63397789001465
spy,1994-08-17,26.616127014160156
spy,1994-08-18,26.52690315246582
spy,1994-08-19,26.50905990600586
spy,1994-08-22,26.4822940826416
spy,1994-08-23,26.63397789001465
spy,1994-08-24,26.919498443603516
spy,1994-08-25,26.848121643066406
spy,1994-08-26,27.23180389404297
spy,1994-08-29,27.213956832885742
spy,1994-08-30,27.28533363342285
spy,1994-08-31,27.213956832885742
spy,1994-09-01,27.124711990356445
spy,1994-09-02,27.008726119995117
spy,1994-09-06,27.017642974853516
spy,1994-09-07,26.990890502929688
spy,1994-09-08,27.124711990356445
spy,1994-09-09,26.839189529418945
spy,1994-09-12,26.7589054107666
spy,1994-09-13,26.839189529418945
spy,1994-09-14,26.86595344543457
spy,1994-09-15,27.205013275146484
spy,1994-09-16,27.01140785217285
spy,1994-09-19,27.03833770751953
spy,1994-09-20,26.526653289794922
spy,1994-09-21,26.526653289794922
spy,1994-09-22,26.46381950378418
spy,1994-09-23,26.374065399169922
spy,1994-09-26,26.508697509765625
spy,1994-09-27,26.49075698852539
spy,1994-09-28,26.69721794128418
spy,1994-09-29,26.562559127807617
spy,1994-09-30,26.526653289794922
spy,1994-10-03,26.46381950378418
spy,1994-10-04,26.068836212158203
spy,1994-10-05,26.077810287475586
spy,1994-10-06,25.99703025817871
spy,1994-10-07,26.11372184753418
spy,1994-10-10,26.391998291015625
spy,1994-10-11,26.786983489990234
spy,1994-10-12,26.82289695739746
spy,1994-10-13,26.912673950195312
spy,1994-10-14,27.029361724853516
spy,1994-10-17,26.97549057006836
spy,1994-10-18,26.912673950195312
spy,1994-10-19,27.03833770751953
spy,1994-10-20,26.858797073364258
spy,1994-10-21,26.75107765197754
spy,1994-10-24,26.526653289794922
spy,1994-10-25,26.553590774536133
spy,1994-10-26,26.652347564697266
spy,1994-10-27,26.813926696777344
spy,1994-10-28,27.37946319580078
spy,1994-10-31,27.280712127685547
spy,1994-11-01,26.97549057006836
spy,1994-11-02,26.82289695739746
spy,1994-11-03,26.96651840209961
spy,1994-11-04,26.61642074584961
spy,1994-11-07,26.69721794128418
spy,1994-11-08,26.903696060180664
spy,1994-11-09,26.948570251464844
spy,1994-11-10,26.760055541992188
spy,1994-11-11,26.66132354736328
spy,1994-11-14,26.912673950195312
spy,1994-11-15,26.82289695739746
spy,1994-11-16,26.912673950195312
spy,1994-11-17,26.733123779296875
spy,1994-11-18,26.69721794128418
spy,1994-11-21,26.427913665771484
spy,1994-11-22,25.853391647338867
spy,1994-11-23,25.99703025817871
spy,1994-11-25,26.1226863861084
spy,1994-11-28,26.239402770996094
spy,1994-11-29,26.230419158935547
spy,1994-11-30,26.194515228271484
spy,1994-12-01,25.934179306030273
spy,1994-12-02,26.176565170288086
spy,1994-12-05,26.203487396240234
spy,1994-12-06,26.2214412689209
spy,1994-12-07,26.032936096191406
spy,1994-12-08,25.781564712524414
spy,1994-12-09,25.880325317382812
spy,1994-12-12,26.050884246826172
spy,1994-12-13,26.149627685546875
spy,1994-12-14,26.284292221069336
spy,1994-12-15,26.36507225036621
spy,1994-12-16,26.493860244750977
spy,1994-12-19,26.53005027770996
spy,1994-12-20,26.448617935180664
spy,1994-12-21,26.729108810424805
spy,1994-12-22,26.647672653198242
spy,1994-12-23,26.674821853637695
spy,1994-12-27,26.81960678100586
spy,1994-12-28,26.683860778808594
spy,1994-12-29,26.701969146728516
spy,1994-12-30,26.385271072387695
spy,1995-01-03,26.511959075927734
spy,1995-01-04,26.638628005981445
spy,1995-01-05,26.638628005981445
spy,1995-01-06,26.665781021118164
spy,1995-01-09,26.69292640686035
spy,1995-01-10,26.720067977905273
spy,1995-01-11,26.738155364990234
spy,1995-01-12,26.74721908569336
spy,1995-01-13,27.063907623291016
spy,1995-01-16,27.226776123046875
spy,1995-01-17,27.235820770263672
spy,1995-01-18,27.208683013916016
spy,1995-01-19,27.054855346679688
spy,1995-01-20,26.955337524414062
spy,1995-01-23,27.036762237548828
spy,1995-01-24,27.072961807250977
spy,1995-01-25,27.14534568786621
spy,1995-01-26,27.172494888305664
spy,1995-01-27,27.28107261657715
spy,1995-01-30,27.16344451904297
spy,1995-01-31,27.272014617919922
spy,1995-02-01,27.26297378540039
spy,1995-02-02,27.42584991455078
spy,1995-02-03,27.81492042541504
spy,1995-02-06,27.93256187438965
spy,1995-02-07,27.968753814697266
spy,1995-02-08,27.968753814697266
spy,1995-02-09,27.968753814697266
spy,1995-02-10,28.00494384765625
spy,1995-02-13,28.013986587524414
spy,1995-02-14,28.050189971923828
spy,1995-02-15,28.204010009765625
spy,1995-02-16,28.16782569885254
spy,1995-02-17,28.059247970581055
spy,1995-02-21,28.050189971923828
spy,1995-02-22,28.258316040039062
spy,1995-02-23,28.30354881286621
spy,1995-02-24,28.375947952270508
spy,1995-02-27,28.149721145629883
spy,1995-02-28,28.384977340698242
spy,1995-03-01,28.204010009765625
spy,1995-03-02,28.240205764770508
spy,1995-03-03,28.24925994873047
spy,1995-03-06,28.267349243164062
spy,1995-03-07,28.050189971923828
spy,1995-03-08,28.122575759887695
spy,1995-03-09,28.11351203918457
spy,1995-03-10,28.52973747253418
spy,1995-03-13,28.502613067626953
spy,1995-03-14,28.710712432861328
spy,1995-03-15,28.656442642211914
spy,1995-03-16,28.828351974487305
spy,1995-03-17,28.857030868530273
spy,1995-03-20,28.857030868530273
spy,1995-03-21,28.784255981445312
spy,1995-03-22,28.81155014038086
spy,1995-03-23,28.829734802246094
spy,1995-03-24,29.239112854003906
spy,1995-03-27,29.357372283935547
spy,1995-03-28,29.357372283935547
spy,1995-03-29,29.34828758239746
spy,1995-03-30,29.293703079223633
spy,1995-03-31,29.17543601989746
spy,1995-04-03,29.248231887817383
spy,1995-04-04,29.43924903869629
spy,1995-04-05,29.43924903869629
spy,1995-04-06,29.54842185974121
spy,1995-04-07,29.521127700805664
spy,1995-04-10,29.575712203979492
spy,1995-04-11,29.47565460205078
spy,1995-04-12,29.575712203979492
spy,1995-04-13,29.7394962310791
spy,1995-04-17,29.566633224487305
spy,1995-04-18,29.466562271118164
spy,1995-04-19,29.43924903869629
spy,1995-04-20,29.484752655029297
spy,1995-04-21,29.630313873291016
spy,1995-04-24,29.97600746154785
spy,1995-04-25,29.894147872924805
spy,1995-04-26,29.921430587768555
spy,1995-04-27,29.99420738220215
spy,1995-04-28,30.039691925048828
spy,1995-05-01,29.957813262939453
spy,1995-05-02,30.02150535583496
spy,1995-05-03,30.439970016479492
spy,1995-05-04,30.42177963256836
spy,1995-05-05,30.385374069213867
spy,1995-05-08,30.603729248046875
spy,1995-05-09,30.57645034790039
spy,1995-05-10,30.612817764282227
spy,1995-05-11,30.694698333740234
spy,1995-05-12,30.7128963470459
spy,1995-05-15,30.85846710205078
spy,1995-05-16,30.876657485961914
spy,1995-05-17,30.758390426635742
spy,1995-05-18,30.312620162963867
spy,1995-05-19,30.330806732177734
spy,1995-05-22,30.66741371154785
spy,1995-05-23,30.949438095092773
spy,1995-05-24,30.93123435974121
spy,1995-05-25,30.958534240722656
spy,1995-05-26,30.603729248046875
spy,1995-05-30,30.594623565673828
spy,1995-05-31,31.231449127197266
spy,1995-06-01,31.149566650390625
spy,1995-06-02,31.17687225341797
spy,1995-06-05,31.367919921875
spy,1995-06-06,31.313335418701172
spy,1995-06-07,31.149566650390625
spy,1995-06-08,31.07678985595703
spy,1995-06-09,30.894868850708008
spy,1995-06-12,31.06768226623535
spy,1995-06-13,31.404300689697266
spy,1995-06-14,31.377010345458984
spy,1995-06-15,31.513477325439453
spy,1995-06-16,31.607046127319336
spy,1995-06-19,31.963924407958984
spy,1995-06-20,31.88157081604004
spy,1995-06-21,31.86324691772461
spy,1995-06-22,32.28419876098633
spy,1995-06-23,32.22014236450195
spy,1995-06-26,31.835796356201172
spy,1995-06-27,31.771778106689453
spy,1995-06-28,31.936452865600586
spy,1995-06-29,31.88157081604004
spy,1995-06-30,31.86324691772461
spy,1995-07-03,31.982229232788086
spy,1995-07-05,32.101192474365234
spy,1995-07-06,32.51296615600586
spy,1995-07-07,32.65937042236328
spy,1995-07-10,32.67768859863281
spy,1995-07-11,32.5221061706543
spy,1995-07-12,32.92475891113281
spy,1995-07-13,32.85154724121094
spy,1995-07-14,32.82408905029297
spy,1995-07-17,33.007110595703125
spy,1995-07-18,32.723445892333984
spy,1995-07-19,32.366573333740234
spy,1995-07-20,32.48551940917969
spy,1995-07-21,32.448890686035156
spy,1995-07-24,32.68682861328125
spy,1995-07-25,32.933921813964844
spy,1995-07-26,32.90645217895508
spy,1995-07-27,33.18098831176758
spy,1995-07-28,32.970497131347656
spy,1995-07-31,32.88815689086914
spy,1995-08-01,32.833255767822266
spy,1995-08-02,32.760032653808594
spy,1995-08-03,32.750892639160156
spy,1995-08-04,32.7874755859375
spy,1995-08-07,32.86069869995117
spy,1995-08-08,32.86069869995117
spy,1995-08-09,32.85154724121094
spy,1995-08-10,32.77834701538086
spy,1995-08-11,32.59532928466797
spy,1995-08-14,32.88815689086914
spy,1995-08-15,32.82408905029297
spy,1995-08-16,32.91560745239258
spy,1995-08-17,32.86069869995117
spy,1995-08-18,32.897308349609375
spy,1995-08-21,32.8057861328125
spy,1995-08-22,32.86985397338867
spy,1995-08-23,32.750892639160156
spy,1995-08-24,32.7874755859375
spy,1995-08-25,32.970497131347656
spy,1995-08-28,32.85154724121094
spy,1995-08-29,32.933921813964844
spy,1995-08-30,33.007110595703125
spy,1995-08-31,33.034568786621094
spy,1995-09-01,33.18098831176758
spy,1995-09-05,33.49211883544922
spy,1995-09-06,33.556182861328125
spy,1995-09-07,33.57447052001953
spy,1995-09-08,33.702579498291016
spy,1995-09-11,33.794090270996094
spy,1995-09-12,33.94966125488281
spy,1995-09-13,34.105220794677734
spy,1995-09-14,34.41633224487305
spy,1995-09-15,34.4068489074707
spy,1995-09-18,34.2780647277832
spy,1995-09-19,34.443660736083984
spy,1995-09-20,34.6092414855957
spy,1995-09-21,34.324039459228516
spy,1995-09-22,34.33325958251953
spy,1995-09-25,34.2780647277832
spy,1995-09-26,34.26884460449219
spy,1995-09-27,34.24125289916992
spy,1995-09-28,34.49886703491211
spy,1995-09-29,34.43445587158203
spy,1995-10-02,34.25967788696289
spy,1995-10-03,34.296451568603516
spy,1995-10-04,34.25967788696289
spy,1995-10-05,34.360862731933594
spy,1995-10-06,34.388458251953125
spy,1995-10-09,34.10325241088867
spy,1995-10-10,34.084869384765625
spy,1995-10-11,34.19526290893555
spy,1995-10-12,34.4068489074707
spy,1995-10-13,34.51724624633789
spy,1995-10-16,34.35165023803711
spy,1995-10-17,34.581642150878906
spy,1995-10-18,34.6828498840332
spy,1995-10-19,34.848426818847656
spy,1995-10-20,34.636837005615234
spy,1995-10-23,34.56325912475586
spy,1995-10-24,34.60004425048828
spy,1995-10-25,34.314849853515625
spy,1995-10-26,34.00205612182617
spy,1995-10-27,34.25967788696289
spy,1995-10-30,34.48044967651367
spy,1995-10-31,34.33325958251953
spy,1995-11-01,34.6092414855957
spy,1995-11-02,34.830047607421875
spy,1995-11-03,34.876033782958984
spy,1995-11-06,34.75643539428711
spy,1995-11-07,34.62763595581055
spy,1995-11-08,34.94043731689453
spy,1995-11-09,35.06922912597656
spy,1995-11-10,35.05083465576172
spy,1995-11-13,35.014034271240234
spy,1995-11-14,34.78403854370117
spy,1995-11-15,35.13362121582031
spy,1995-11-16,35.326805114746094
spy,1995-11-17,35.43722152709961
spy,1995-11-20,35.253231048583984
spy,1995-11-21,35.538421630859375
spy,1995-11-22,35.42802047729492
spy,1995-11-24,35.52001190185547
spy,1995-11-27,35.52922058105469
spy,1995-11-28,35.90638732910156
spy,1995-11-29,35.94319534301758
spy,1995-11-30,35.860389709472656
spy,1995-12-01,35.90638732910156
spy,1995-12-04,36.34797668457031
spy,1995-12-05,36.58718490600586
spy,1995-12-06,36.66999435424805
spy,1995-12-07,36.476776123046875
spy,1995-12-08,36.59638595581055
spy,1995-12-11,36.75278854370117
spy,1995-12-12,36.64238357543945
spy,1995-12-13,36.87236404418945
spy,1995-12-14,36.60557174682617
spy,1995-12-15,36.61898422241211
spy,1995-12-18,35.915489196777344
spy,1995-12-19,36.295013427734375
spy,1995-12-20,35.94327926635742
spy,1995-12-21,36.12838363647461
spy,1995-12-22,36.25797653198242
spy,1995-12-26,36.43385314941406
spy,1995-12-27,36.415340423583984
spy,1995-12-28,36.3783073425293
spy,1995-12-29,36.424598693847656
spy,1996-01-02,36.813377380371094
spy,1996-01-03,36.91518783569336
spy,1996-01-04,36.56342697143555
spy,1996-01-05,36.489376068115234
spy,1996-01-08,36.62825012207031
spy,1996-01-09,35.99879455566406
spy,1996-01-10,35.52669906616211
spy,1996-01-11,35.739601135253906
spy,1996-01-12,35.6840934753418
spy,1996-01-15,35.61001205444336
spy,1996-01-16,36.04507827758789
spy,1996-01-17,35.93398666381836
spy,1996-01-18,36.054344177246094
spy,1996-01-19,36.295013427734375
spy,1996-01-22,36.304256439208984
spy,1996-01-23,36.387550354003906
spy,1996-01-24,36.683773040771484
spy,1996-01-25,36.55418014526367
spy,1996-01-26,36.8688850402832
spy,1996-01-29,37.01701354980469
spy,1996-01-30,37.33172607421875
spy,1996-01-31,37.720523834228516
spy,1996-02-01,37.8593635559082
spy,1996-02-02,37.702003479003906
spy,1996-02-05,38.00747299194336
spy,1996-02-06,38.36846160888672
spy,1996-02-07,38.59062957763672
spy,1996-02-08,39.00718688964844
spy,1996-02-09,38.99793243408203
spy,1996-02-12,39.29413604736328
spy,1996-02-13,39.21083450317383
spy,1996-02-14,38.86832046508789
spy,1996-02-15,38.62767028808594
spy,1996-02-16,38.47029495239258
spy,1996-02-20,38.09077453613281
spy,1996-02-21,38.562862396240234
spy,1996-02-22,39.17378234863281
spy,1996-02-23,39.062713623046875
spy,1996-02-26,38.507328033447266
spy,1996-02-27,38.38698959350586
spy,1996-02-28,38.21110534667969
spy,1996-02-29,37.840843200683594
spy,1996-03-01,38.44252014160156
spy,1996-03-04,38.66468811035156
spy,1996-03-05,39.025691986083984
spy,1996-03-06,38.683197021484375
spy,1996-03-07,38.87757873535156
spy,1996-03-08,37.61869430541992
spy,1996-03-11,38.053733825683594
spy,1996-03-12,37.75753402709961
spy,1996-03-13,38.0167121887207
spy,1996-03-14,38.183345794677734
spy,1996-03-15,38.157684326171875
spy,1996-03-18,38.89219284057617
spy,1996-03-19,38.808502197265625
spy,1996-03-20,38.76203536987305
spy,1996-03-21,38.66904067993164
spy,1996-03-22,38.771324157714844
spy,1996-03-25,38.69695281982422
spy,1996-03-26,38.88290786743164
spy,1996-03-27,38.52959060668945
spy,1996-03-28,38.67835235595703
spy,1996-03-29,38.492401123046875
spy,1996-04-01,38.93869400024414
spy,1996-04-02,39.01305389404297
spy,1996-04-03,39.01305389404297
spy,1996-04-04,38.98520278930664
spy,1996-04-08,38.315738677978516
spy,1996-04-09,38.1669921875
spy,1996-04-10,37.48825454711914
spy,1996-04-11,37.4417610168457
spy,1996-04-12,37.91594314575195
spy,1996-04-15,38.23204803466797
spy,1996-04-16,38.343631744384766
spy,1996-04-17,38.25064468383789
spy,1996-04-18,38.30644226074219
spy,1996-04-19,38.39943313598633
spy,1996-04-22,38.69695281982422
spy,1996-04-23,38.81781005859375
spy,1996-04-24,38.67835235595703
spy,1996-04-25,38.855003356933594
spy,1996-04-26,38.93869400024414
spy,1996-04-29,38.93869400024414
spy,1996-04-30,38.91078567504883
spy,1996-05-01,38.99446487426758
spy,1996-05-02,38.32503128051758
spy,1996-05-03,38.26923370361328
spy,1996-05-06,38.23204803466797
spy,1996-05-07,38.07400894165039
spy,1996-05-08,38.54818344116211
spy,1996-05-09,38.52030944824219
spy,1996-05-10,38.9015007019043
spy,1996-05-13,39.48723220825195
spy,1996-05-14,39.72897720336914
spy,1996-05-15,39.68250274658203
spy,1996-05-16,39.76617431640625
spy,1996-05-17,39.98003005981445
spy,1996-05-20,40.249656677246094
spy,1996-05-21,40.19388198852539
spy,1996-05-22,40.5750846862793
spy,1996-05-23,40.407711029052734
spy,1996-05-24,40.56578063964844
spy,1996-05-28,40.15668487548828
spy,1996-05-29,39.88705062866211
spy,1996-05-30,40.091590881347656
spy,1996-05-31,39.79408264160156
spy,1996-06-03,39.9056396484375
spy,1996-06-04,40.1845703125
spy,1996-06-05,40.53789138793945
spy,1996-06-06,40.24036407470703
spy,1996-06-07,40.24036407470703
spy,1996-06-10,40.110198974609375
spy,1996-06-11,40.073020935058594
spy,1996-06-12,39.99862289428711
spy,1996-06-13,39.99862289428711
spy,1996-06-14,39.83126449584961
spy,1996-06-17,39.803375244140625
spy,1996-06-18,39.477943420410156
spy,1996-06-19,39.65461349487305
spy,1996-06-20,39.62672805786133
spy,1996-06-21,39.9675407409668
spy,1996-06-24,40.04230880737305
spy,1996-06-25,39.995567321777344
spy,1996-06-26,39.724517822265625
spy,1996-06-27,40.004920959472656
spy,1996-06-28,40.145137786865234
spy,1996-07-01,40.490966796875
spy,1996-07-02,40.3414192199707
spy,1996-07-03,40.25731658935547
spy,1996-07-05,39.22914505004883
spy,1996-07-08,39.070220947265625
spy,1996-07-09,39.22914505004883
spy,1996-07-10,39.38803482055664
spy,1996-07-11,38.59353256225586
spy,1996-07-12,38.62158966064453
spy,1996-07-15,37.48123550415039
spy,1996-07-16,37.574710845947266
spy,1996-07-17,38.02339172363281
spy,1996-07-18,38.54680252075195
spy,1996-07-19,38.26639175415039
spy,1996-07-22,37.98600387573242
spy,1996-07-23,37.49993896484375
spy,1996-07-24,37.574710845947266
spy,1996-07-25,37.911216735839844
spy,1996-07-26,38.11688232421875
spy,1996-07-29,37.69622039794922
spy,1996-07-30,38.06075668334961
spy,1996-07-31,38.341163635253906
spy,1996-08-01,38.97676467895508
spy,1996-08-02,39.81800079345703
spy,1996-08-05,39.584320068359375
spy,1996-08-06,39.705833435058594
spy,1996-08-07,39.808631896972656
spy,1996-08-08,39.743221282958984
spy,1996-08-09,39.61236572265625
spy,1996-08-12,39.902099609375
spy,1996-08-13,39.584320068359375
spy,1996-08-14,39.724517822265625
spy,1996-08-15,39.64976119995117
spy,1996-08-16,39.986244201660156
spy,1996-08-19,40.004920959472656
spy,1996-08-20,39.97690200805664
spy,1996-08-21,39.8366813659668
spy,1996-08-22,40.210575103759766
spy,1996-08-23,39.995567321777344
spy,1996-08-26,39.7993049621582
spy,1996-08-27,39.948856353759766
spy,1996-08-28,39.8834342956543
spy,1996-08-29,39.49085235595703
spy,1996-08-30,39.07957458496094
spy,1996-09-03,39.33194351196289
spy,1996-09-04,39.36933135986328
spy,1996-09-05,38.89264678955078
spy,1996-09-06,39.444122314453125
spy,1996-09-09,39.911468505859375
spy,1996-09-10,39.89277267456055
spy,1996-09-11,40.117069244384766
spy,1996-09-12,40.39748764038086
spy,1996-09-13,41.0143928527832
spy,1996-09-16,41.1639404296875
spy,1996-09-17,41.07048416137695
spy,1996-09-18,40.9676628112793
spy,1996-09-19,41.126583099365234
spy,1996-09-20,41.27244567871094
spy,1996-09-23,41.263057708740234
spy,1996-09-24,41.253658294677734
spy,1996-09-25,41.28184509277344
spy,1996-09-26,41.263057708740234
spy,1996-09-27,41.30063247680664
spy,1996-09-30,41.263057708740234
spy,1996-10-01,41.488548278808594
spy,1996-10-02,41.770389556884766
spy,1996-10-03,41.73279571533203
spy,1996-10-04,42.29652404785156
spy,1996-10-07,42.343505859375
spy,1996-10-08,42.174373626708984
spy,1996-10-09,41.845550537109375
spy,1996-10-10,41.76099395751953
spy,1996-10-11,42.2777099609375
spy,1996-10-14,42.334102630615234
spy,1996-10-15,42.2777099609375
spy,1996-10-16,42.484413146972656
spy,1996-10-17,42.597145080566406
spy,1996-10-18,42.822628021240234
spy,1996-10-21,42.766273498535156
spy,1996-10-22,42.465614318847656
spy,1996-10-23,42.606544494628906
spy,1996-10-24,42.24012756347656
spy,1996-10-25,42.2777099609375
spy,1996-10-28,41.9958610534668
spy,1996-10-29,42.334102630615234
spy,1996-10-30,42.19318389892578
spy,1996-10-31,42.597145080566406
spy,1996-11-01,42.44683837890625
spy,1996-11-04,42.72865676879883
spy,1996-11-05,42.97294235229492
spy,1996-11-06,43.79972457885742
spy,1996-11-07,43.90305709838867
spy,1996-11-08,44.14734649658203
spy,1996-11-11,44.10037612915039
spy,1996-11-12,43.96882629394531
spy,1996-11-13,44.16610336303711
spy,1996-11-14,44.457374572753906
spy,1996-11-15,44.51375198364258
spy,1996-11-18,44.52313995361328
spy,1996-11-19,44.842552185058594
spy,1996-11-20,44.91774368286133
spy,1996-11-21,44.851951599121094
spy,1996-11-22,45.19959259033203
spy,1996-11-25,45.772674560546875
spy,1996-11-26,45.622344970703125
spy,1996-11-27,45.53782272338867
spy,1996-11-29,45.7068977355957
spy,1996-12-02,45.725685119628906
spy,1996-12-03,44.9459228515625
spy,1996-12-04,45.06804275512695
spy,1996-12-05,44.9459228515625
spy,1996-12-06,44.682857513427734
spy,1996-12-09,45.340492248535156
spy,1996-12-10,45.12441635131836
spy,1996-12-11,44.71106719970703
spy,1996-12-12,43.96882629394531
spy,1996-12-13,44.08155822753906
spy,1996-12-16,43.51786804199219
spy,1996-12-17,43.865482330322266
spy,1996-12-18,44.213096618652344
spy,1996-12-19,45.12441635131836
spy,1996-12-20,45.22343063354492
spy,1996-12-23,45.110130310058594
spy,1996-12-24,45.44060134887695
spy,1996-12-26,45.789913177490234
spy,1996-12-27,45.8465576171875
spy,1996-12-30,45.45002746582031
spy,1996-12-31,44.61918640136719
spy,1997-01-02,44.732505798339844
spy,1997-01-03,45.37448501586914
spy,1997-01-06,44.97797393798828
spy,1997-01-07,45.525569915771484
spy,1997-01-08,45.129024505615234
spy,1997-01-09,45.506656646728516
spy,1997-01-10,45.997589111328125
spy,1997-01-13,45.9315071105957
spy,1997-01-14,46.507442474365234
spy,1997-01-15,46.39414978027344
spy,1997-01-16,46.58298873901367
spy,1997-01-17,46.86619567871094
spy,1997-01-20,46.9228630065918
spy,1997-01-21,47.300498962402344
spy,1997-01-22,47.64038848876953
spy,1997-01-23,46.979522705078125
spy,1997-01-24,46.37525939941406
spy,1997-01-27,46.243072509765625
spy,1997-01-28,46.37525939941406
spy,1997-01-29,46.828468322753906
spy,1997-01-30,47.43267822265625
spy,1997-01-31,47.37604522705078
spy,1997-02-03,47.51766586303711
spy,1997-02-04,47.81031036376953
spy,1997-02-05,46.91341781616211
spy,1997-02-06,47.22495651245117
spy,1997-02-07,47.86695098876953
spy,1997-02-10,47.41377639770508
spy,1997-02-11,47.96139144897461
spy,1997-02-12,48.64115905761719
spy,1997-02-13,49.16987991333008
spy,1997-02-14,49.056583404541016
spy,1997-02-18,49.471988677978516
spy,1997-02-19,49.141563415527344
spy,1997-02-20,48.546749114990234
spy,1997-02-21,48.56562423706055
spy,1997-02-24,49.141563415527344
spy,1997-02-25,49.179290771484375
spy,1997-02-26,48.69779968261719
spy,1997-02-27,47.97083282470703
spy,1997-02-28,47.82921600341797
spy,1997-03-03,48.150238037109375
spy,1997-03-04,47.885860443115234
spy,1997-03-05,48.69779968261719
spy,1997-03-06,48.41455841064453
spy,1997-03-07,48.848854064941406
spy,1997-03-10,49.35869216918945
spy,1997-03-11,49.09433364868164
spy,1997-03-12,48.6600456237793
spy,1997-03-13,47.904754638671875
spy,1997-03-14,48.150238037109375
spy,1997-03-17,48.28241729736328
spy,1997-03-18,47.76313781738281
spy,1997-03-19,47.60264587402344
spy,1997-03-20,47.35715866088867
spy,1997-03-21,47.5764274597168
spy,1997-03-24,48.23983383178711
spy,1997-03-25,47.76595687866211
spy,1997-03-26,47.97446060180664
spy,1997-03-27,46.70449447631836
spy,1997-03-31,45.718849182128906
spy,1997-04-01,46.01264190673828
spy,1997-04-02,45.188133239746094
spy,1997-04-03,45.434532165527344
spy,1997-04-04,46.00318908691406
spy,1997-04-07,46.18323516845703
spy,1997-04-08,46.514949798583984
spy,1997-04-09,46.13587188720703
spy,1997-04-10,45.96525573730469
spy,1997-04-11,44.505767822265625
spy,1997-04-14,45.10283660888672
spy,1997-04-15,45.870479583740234
spy,1997-04-16,46.40122985839844
spy,1997-04-17,46.211708068847656
spy,1997-04-18,46.43915557861328
spy,1997-04-21,46.13587188720703
spy,1997-04-22,47.149932861328125
spy,1997-04-23,47.19733428955078
spy,1997-04-24,46.960384368896484
spy,1997-04-25,46.42015838623047
spy,1997-04-28,46.87509536743164
spy,1997-04-29,48.353538513183594
spy,1997-04-30,48.581031799316406
spy,1997-05-01,48.524169921875
spy,1997-05-02,49.39611053466797
spy,1997-05-05,50.57127380371094
spy,1997-05-06,50.53335952758789
spy,1997-05-07,49.433998107910156
spy,1997-05-08,49.77518081665039
spy,1997-05-09,50.116371154785156
spy,1997-05-12,50.95036315917969
spy,1997-05-13,50.741859436035156
spy,1997-05-14,50.83664321899414
spy,1997-05-15,51.177833557128906
spy,1997-05-16,50.47649002075195
spy,1997-05-19,50.62812423706055
spy,1997-05-20,51.23470687866211
spy,1997-05-21,51.120967864990234
spy,1997-05-22,50.95036315917969
spy,1997-05-23,51.42422866821289
spy,1997-05-27,51.63274383544922
spy,1997-05-28,51.62326431274414
spy,1997-05-29,51.319969177246094
spy,1997-05-30,51.651668548583984
spy,1997-06-02,51.42422866821289
spy,1997-06-03,51.25363540649414
spy,1997-06-04,51.19678497314453
spy,1997-06-05,51.3863410949707
spy,1997-06-06,52.39095687866211
spy,1997-06-09,52.656280517578125
spy,1997-06-10,52.817413330078125
spy,1997-06-11,52.94059753417969
spy,1997-06-12,53.96417236328125
spy,1997-06-13,54.419090270996094
spy,1997-06-16,54.43803787231445
spy,1997-06-17,54.36220932006836
spy,1997-06-18,54.172672271728516
spy,1997-06-19,54.73183822631836
spy,1997-06-20,54.545372009277344
spy,1997-06-23,53.22288513183594
spy,1997-06-24,54.57389831542969
spy,1997-06-25,54.19331359863281
spy,1997-06-26,53.92692184448242
spy,1997-06-27,54.13625717163086
spy,1997-06-30,53.77469253540039
spy,1997-07-01,54.402652740478516
spy,1997-07-02,55.2969970703125
spy,1997-07-03,56.058109283447266
spy,1997-07-07,55.48727798461914
spy,1997-07-08,56.06764221191406
spy,1997-07-09,55.449195861816406
spy,1997-07-10,55.69658279418945
spy,1997-07-11,55.88688659667969
spy,1997-07-14,56.058109283447266
spy,1997-07-15,56.34355545043945
spy,1997-07-16,57.085689544677734
spy,1997-07-17,56.80023956298828
spy,1997-07-18,55.59193420410156
spy,1997-07-21,55.6014404296875
spy,1997-07-22,57.07616424560547
spy,1997-07-23,57.02859115600586
spy,1997-07-24,57.29498291015625
spy,1997-07-25,57.25696563720703
spy,1997-07-28,57.2188835144043
spy,1997-07-29,57.4091796875
spy,1997-07-30,58.09416961669922
spy,1997-07-31,58.03710174560547
spy,1997-08-01,57.80875015258789
spy,1997-08-04,57.960960388183594
spy,1997-08-05,57.999053955078125
spy,1997-08-06,58.47474670410156
spy,1997-08-07,58.03710174560547
spy,1997-08-08,56.857322692871094
spy,1997-08-11,57.275936126708984
spy,1997-08-12,56.362579345703125
spy,1997-08-13,56.19133758544922
spy,1997-08-14,56.40065383911133
spy,1997-08-15,54.66903305053711
spy,1997-08-18,55.88688659667969
spy,1997-08-19,56.53384780883789
spy,1997-08-20,57.390106201171875
spy,1997-08-21,56.38161849975586
spy,1997-08-22,56.362579345703125
spy,1997-08-25,56.15325927734375
spy,1997-08-26,55.32550048828125
spy,1997-08-27,55.65855026245117
spy,1997-08-28,54.8117561340332
spy,1997-08-29,55.030582427978516
spy,1997-09-02,56.81926727294922
spy,1997-09-03,56.51478958129883
spy,1997-09-04,56.87636947631836
spy,1997-09-05,56.71463394165039
spy,1997-09-08,56.96199417114258
spy,1997-09-09,56.990516662597656
spy,1997-09-10,55.810752868652344
spy,1997-09-11,55.52534484863281
spy,1997-09-12,56.4196662902832
spy,1997-09-15,56.32450866699219
spy,1997-09-16,57.732662200927734
spy,1997-09-17,57.732662200927734
spy,1997-09-18,57.980018615722656
spy,1997-09-19,58.078125
spy,1997-09-22,58.402793884277344
spy,1997-09-23,58.13538360595703
spy,1997-09-24,57.657955169677734
spy,1997-09-25,57.2568473815918
spy,1997-09-26,57.73435974121094
spy,1997-09-29,58.2881965637207
spy,1997-09-30,57.67702865600586
spy,1997-10-01,58.440956115722656
spy,1997-10-02,58.765647888183594
spy,1997-10-03,59.06166076660156
spy,1997-10-06,59.453208923339844
spy,1997-10-07,60.007049560546875
spy,1997-10-08,59.586875915527344
spy,1997-10-09,59.37681198120117
spy,1997-10-10,59.204933166503906
spy,1997-10-13,59.26218795776367
spy,1997-10-14,59.28129196166992
spy,1997-10-15,59.14763259887695
spy,1997-10-16,58.21177673339844
spy,1997-10-17,57.61977767944336
spy,1997-10-20,58.440956115722656
spy,1997-10-21,59.57732009887695
spy,1997-10-22,59.185787200927734
spy,1997-10-23,58.020790100097656
spy,1997-10-24,57.447853088378906
spy,1997-10-27,53.28443145751953
spy,1997-10-28,56.3592529296875
spy,1997-10-29,56.20646286010742
spy,1997-10-30,54.965087890625
spy,1997-10-31,56.26372146606445
spy,1997-11-03,57.447853088378906
spy,1997-11-04,57.447853088378906
spy,1997-11-05,57.63884735107422
spy,1997-11-06,57.41923522949219
spy,1997-11-07,56.79849624633789
spy,1997-11-10,56.45475387573242
spy,1997-11-11,56.47380447387695
spy,1997-11-12,55.30885696411133
spy,1997-11-13,56.11095428466797
spy,1997-11-14,56.874874114990234
spy,1997-11-17,57.92530822753906
spy,1997-11-18,57.56245803833008
spy,1997-11-19,57.84891128540039
spy,1997-11-20,58.727455139160156
spy,1997-11-21,59.12851333618164
spy,1997-11-24,58.05900192260742
spy,1997-11-25,58.21177673339844
spy,1997-11-26,58.3836555480957
spy,1997-11-28,58.440956115722656
spy,1997-12-01,59.94971466064453
spy,1997-12-02,59.586875915527344
spy,1997-12-03,59.75874710083008
spy,1997-12-04,59.70146179199219
spy,1997-12-05,60.465415954589844
spy,1997-12-08,60.29350280761719
spy,1997-12-09,59.93064880371094
spy,1997-12-10,59.41495132446289
spy,1997-12-11,58.402793884277344
spy,1997-12-12,58.51738739013672
spy,1997-12-15,59.10943603515625
spy,1997-12-16,59.472286224365234
spy,1997-12-17,59.16668701171875
spy,1997-12-18,58.593753814697266
spy,1997-12-19,58.15581512451172
spy,1997-12-22,58.52968978881836
spy,1997-12-23,57.48470687866211
spy,1997-12-24,57.31214904785156
spy,1997-12-26,57.5422477722168
spy,1997-12-29,58.67350387573242
spy,1997-12-30,59.59385681152344
spy,1997-12-31,59.55555725097656
spy,1998-01-02,59.862327575683594
spy,1998-01-05,59.996543884277344
spy,1998-01-06,59.03782653808594
spy,1998-01-07,59.191226959228516
spy,1998-01-08,58.67350387573242
spy,1998-01-09,56.641021728515625
spy,1998-01-12,57.67643737792969
spy,1998-01-13,58.481781005859375
spy,1998-01-14,58.75019454956055
spy,1998-01-15,58.26124572753906
spy,1998-01-16,59.0953369140625
spy,1998-01-20,60.05406188964844
spy,1998-01-21,59.478851318359375
spy,1998-01-22,58.95154571533203
spy,1998-01-23,58.86526107788086
spy,1998-01-26,58.82692337036133
spy,1998-01-27,59.42133331298828
spy,1998-01-28,59.95823669433594
spy,1998-01-29,60.28416061401367
spy,1998-01-30,60.32252502441406
spy,1998-02-02,61.3195686340332
spy,1998-02-03,61.77976608276367
spy,1998-02-04,61.70305633544922
spy,1998-02-05,61.66474914550781
spy,1998-02-06,62.35499572753906
spy,1998-02-09,62.14409637451172
spy,1998-02-10,62.73849868774414
spy,1998-02-11,62.68097686767578
spy,1998-02-12,62.949405670166016
spy,1998-02-13,62.58509063720703
spy,1998-02-17,62.89188003540039
spy,1998-02-18,63.467140197753906
spy,1998-02-19,63.131568908691406
spy,1998-02-20,63.60130310058594
spy,1998-02-23,63.850616455078125
spy,1998-02-24,63.3520622253418
spy,1998-02-25,64.13822937011719
spy,1998-02-26,64.5025634765625
spy,1998-02-27,64.5025634765625
spy,1998-03-02,64.36829376220703
spy,1998-03-03,64.73260498046875
spy,1998-03-04,64.310791015625
spy,1998-03-05,63.716346740722656
spy,1998-03-06,65.00105285644531
spy,1998-03-09,64.77095031738281
spy,1998-03-10,65.3845443725586
spy,1998-03-11,65.69133758544922
spy,1998-03-12,65.95977020263672
spy,1998-03-13,65.71051788330078
spy,1998-03-16,66.41996765136719
spy,1998-03-17,66.61172485351562
spy,1998-03-18,66.86094665527344
spy,1998-03-19,67.03353118896484
spy,1998-03-20,67.61071014404297
spy,1998-03-23,67.4569091796875
spy,1998-03-24,68.03379821777344
spy,1998-03-25,67.78379821777344
spy,1998-03-26,67.7453384399414
spy,1998-03-27,67.4569091796875
spy,1998-03-30,67.41844940185547
spy,1998-03-31,67.649169921875
spy,1998-04-01,68.19725799560547
spy,1998-04-02,68.93753814697266
spy,1998-04-03,69.2836685180664
spy,1998-04-06,68.7260513305664
spy,1998-04-07,68.26457977294922
spy,1998-04-08,67.87991333007812
spy,1998-04-09,68.41834259033203
spy,1998-04-13,68.22606658935547
spy,1998-04-14,68.80294799804688
spy,1998-04-15,68.99528503417969
spy,1998-04-16,68.18761444091797
spy,1998-04-17,69.09139251708984
spy,1998-04-20,69.07217407226562
spy,1998-04-21,69.39909362792969
spy,1998-04-22,69.59136962890625
spy,1998-04-23,68.9183578491211
spy,1998-04-24,68.18761444091797
spy,1998-04-27,66.89926147460938
spy,1998-04-28,66.80310821533203
spy,1998-04-29,67.26461029052734
spy,1998-04-30,68.5145263671875
spy,1998-05-01,69.2836685180664
spy,1998-05-04,69.110595703125
spy,1998-05-05,68.62989044189453
spy,1998-05-06,67.82221221923828
spy,1998-05-07,67.28382873535156
spy,1998-05-08,68.37989044189453
spy,1998-05-11,68.14916229248047
spy,1998-05-12,68.8798828125
spy,1998-05-13,69.0529556274414
spy,1998-05-14,68.70682525634766
spy,1998-05-15,68.32219696044922
spy,1998-05-18,68.05300903320312
spy,1998-05-19,68.5145263671875
spy,1998-05-20,69.16829681396484
spy,1998-05-21,68.7260513305664
spy,1998-05-22,68.45686340332031
spy,1998-05-26,67.36075592041016
spy,1998-05-27,67.4569091796875
spy,1998-05-28,67.76458740234375
spy,1998-05-29,67.09153747558594
spy,1998-06-01,67.39920043945312
spy,1998-06-02,67.4569091796875
spy,1998-06-03,66.38008117675781
spy,1998-06-04,67.61071014404297
spy,1998-06-05,68.9183578491211
spy,1998-06-08,68.84139251708984
spy,1998-06-09,69.0529556274414
spy,1998-06-10,68.61066436767578
spy,1998-06-11,67.32227325439453
spy,1998-06-12,67.95687866210938
spy,1998-06-15,66.16851043701172
spy,1998-06-16,67.18770599365234
spy,1998-06-17,68.59144592285156
spy,1998-06-18,68.28374481201172
spy,1998-06-19,67.94161224365234
spy,1998-06-22,68.26957702636719
spy,1998-06-23,69.07976531982422
spy,1998-06-24,70.00572967529297
spy,1998-06-25,69.88995361328125
spy,1998-06-26,70.17935943603516
spy,1998-06-29,70.43009185791016
spy,1998-06-30,69.94789123535156
spy,1998-07-01,70.758056640625
spy,1998-07-02,70.8930892944336
spy,1998-07-06,71.60682678222656
spy,1998-07-07,71.47183227539062
spy,1998-07-08,71.99263763427734
spy,1998-07-09,71.51041412353516
spy,1998-07-10,71.89624786376953
spy,1998-07-13,71.91545867919922
spy,1998-07-14,72.7256851196289
spy,1998-07-15,72.59065246582031
spy,1998-07-16,73.09223175048828
spy,1998-07-17,73.18865203857422
spy,1998-07-20,73.18865203857422
spy,1998-07-21,71.91545867919922
spy,1998-07-22,71.91545867919922
spy,1998-07-23,70.48796844482422
spy,1998-07-24,70.43009185791016
spy,1998-07-27,70.93167114257812
spy,1998-07-28,69.73564910888672
spy,1998-07-29,69.46559143066406
spy,1998-07-30,70.50723266601562
spy,1998-07-31,69.00259399414062
spy,1998-08-03,68.7132568359375
spy,1998-08-04,66.05116271972656
spy,1998-08-05,66.95782470703125
spy,1998-08-06,67.24716186523438
spy,1998-08-07,67.36290740966797
spy,1998-08-10,66.97709655761719
spy,1998-08-11,65.9739761352539
spy,1998-08-12,67.09283447265625
spy,1998-08-13,66.28263092041016
spy,1998-08-14,65.510986328125
spy,1998-08-17,66.89990997314453
spy,1998-08-18,68.13452911376953
spy,1998-08-19,67.96089172363281
spy,1998-08-20,67.55583953857422
spy,1998-08-21,67.01567077636719
spy,1998-08-24,67.4400863647461
spy,1998-08-25,67.59439086914062
spy,1998-08-26,67.20857238769531
spy,1998-08-27,64.04491424560547
spy,1998-08-28,63.81343078613281
spy,1998-08-31,59.260841369628906
spy,1998-09-01,61.76863098144531
spy,1998-09-02,61.324928283691406
spy,1998-09-03,60.84267044067383
spy,1998-09-04,60.34110641479492
spy,1998-09-08,63.58197021484375
spy,1998-09-09,62.038692474365234
spy,1998-09-10,60.804054260253906
spy,1998-09-11,62.77172088623047
spy,1998-09-14,63.85200119018555
spy,1998-09-15,64.23783111572266
spy,1998-09-16,64.81657409667969
spy,1998-09-17,62.96462631225586
spy,1998-09-18,63.24510955810547
spy,1998-09-21,63.20640182495117
spy,1998-09-22,63.72909164428711
spy,1998-09-23,66.28443145751953
spy,1998-09-24,64.65828704833984
spy,1998-09-25,64.58087158203125
spy,1998-09-28,65.16162109375
spy,1998-09-29,65.00676727294922
spy,1998-09-30,63.03215789794922
spy,1998-10-01,61.21244812011719
spy,1998-10-02,62.393306732177734
spy,1998-10-05,61.13500213623047
spy,1998-10-06,61.076927185058594
spy,1998-10-07,60.16703796386719
spy,1998-10-08,59.837955474853516
spy,1998-10-09,61.03818130493164
spy,1998-10-12,61.92868423461914
spy,1998-10-13,61.71577835083008
spy,1998-10-14,62.296504974365234
spy,1998-10-15,65.64562225341797
spy,1998-10-16,65.66494750976562
spy,1998-10-19,65.89727020263672
spy,1998-10-20,66.28443145751953
spy,1998-10-21,66.0521011352539
spy,1998-10-22,67.0394287109375
spy,1998-10-23,66.18765258789062
spy,1998-10-26,66.67161560058594
spy,1998-10-27,66.28443145751953
spy,1998-10-28,66.16828918457031
spy,1998-10-29,67.77505493164062
spy,1998-10-30,68.14289093017578
spy,1998-11-02,69.30441284179688
spy,1998-11-03,68.80106353759766
spy,1998-11-04,69.53669738769531
spy,1998-11-05,70.48526000976562
spy,1998-11-06,70.6982192993164
spy,1998-11-09,70.19490814208984
spy,1998-11-10,70.00132751464844
spy,1998-11-11,69.53669738769531
spy,1998-11-12,69.45927429199219
spy,1998-11-13,70.1368179321289
spy,1998-11-16,70.6595230102539
spy,1998-11-17,70.6595230102539
spy,1998-11-18,71.08541107177734
spy,1998-11-19,71.70488739013672
spy,1998-11-20,72.24694061279297
spy,1998-11-23,73.95050048828125
spy,1998-11-24,73.48587799072266
spy,1998-11-25,73.48587799072266
spy,1998-11-27,74.0279541015625
spy,1998-11-30,71.93721008300781
spy,1998-12-01,72.86640167236328
spy,1998-12-02,72.65342712402344
spy,1998-12-03,71.45323181152344
spy,1998-12-04,73.3310317993164
spy,1998-12-07,73.67949676513672
spy,1998-12-08,73.35038757324219
spy,1998-12-09,73.48587799072266
spy,1998-12-10,72.4114761352539
spy,1998-12-11,72.55664825439453
spy,1998-12-14,70.4659423828125
spy,1998-12-15,72.28565216064453
spy,1998-12-16,72.18885803222656
spy,1998-12-17,73.34071350097656
spy,1998-12-18,73.6523208618164
spy,1998-12-21,74.68177032470703
spy,1998-12-22,75.01194763183594
spy,1998-12-23,76.58522033691406
spy,1998-12-24,76.25504302978516
spy,1998-12-28,76.06078338623047
spy,1998-12-29,77.26506042480469
spy,1998-12-30,76.64347076416016
spy,1998-12-31,76.64347076416016
spy,1999-01-04,76.46864318847656
spy,1999-01-05,77.34272003173828
spy,1999-01-06,79.20735168457031
spy,1999-01-07,78.81885528564453
spy,1999-01-08,79.4015884399414
spy,1999-01-11,78.64403533935547
spy,1999-01-12,77.22620391845703
spy,1999-01-13,76.68228912353516
spy,1999-01-14,75.34211730957031
spy,1999-01-15,77.30389404296875
spy,1999-01-19,77.80888366699219
spy,1999-01-20,78.4303970336914
spy,1999-01-21,76.35212707519531
spy,1999-01-22,76.17737579345703
spy,1999-01-25,76.95427703857422
spy,1999-01-26,78.35269165039062
spy,1999-01-27,77.4397964477539
spy,1999-01-28,78.74118041992188
spy,1999-01-29,79.34332275390625
spy,1999-02-01,78.87712097167969
spy,1999-02-02,78.39155578613281
spy,1999-02-03,79.1878890991211
spy,1999-02-04,78.00308990478516
spy,1999-02-05,77.10965728759766
spy,1999-02-08,77.26506042480469
spy,1999-02-09,75.53634643554688
spy,1999-02-10,76.02193450927734
spy,1999-02-11,77.7700424194336
spy,1999-02-12,76.83771514892578
spy,1999-02-16,76.3715591430664
spy,1999-02-17,76.29388427734375
spy,1999-02-18,76.89600372314453
spy,1999-02-19,77.22620391845703
spy,1999-02-22,79.28501892089844
spy,1999-02-23,79.24620056152344
spy,1999-02-24,77.84771728515625
spy,1999-02-25,77.10965728759766
spy,1999-02-26,76.79888153076172
spy,1999-03-01,77.0125503540039
spy,1999-03-02,76.33271026611328
spy,1999-03-03,76.74059295654297
spy,1999-03-04,77.71176147460938
spy,1999-03-05,79.2752914428711
spy,1999-03-08,79.79000854492188
spy,1999-03-09,79.59580993652344
spy,1999-03-10,80.29500579833984
spy,1999-03-11,81.18849182128906
spy,1999-03-12,80.41154479980469
spy,1999-03-15,81.5575180053711
spy,1999-03-16,81.24674224853516
spy,1999-03-17,80.8971176147461
spy,1999-03-18,82.19847106933594
spy,1999-03-19,80.8012924194336
spy,1999-03-22,80.95706939697266
spy,1999-03-23,78.62064361572266
spy,1999-03-24,79.06842803955078
spy,1999-03-25,80.68449401855469
spy,1999-03-26,80.10037231445312
spy,1999-03-29,81.71641540527344
spy,1999-03-30,81.28807830810547
spy,1999-03-31,79.98355102539062
spy,1999-04-01,80.5871353149414
spy,1999-04-05,82.49518585205078
spy,1999-04-06,82.30052185058594
spy,1999-04-07,82.96249389648438
spy,1999-04-08,84.01390075683594
spy,1999-04-09,84.0333480834961
spy,1999-04-12,84.92896270751953
spy,1999-04-13,84.38381958007812
spy,1999-04-14,82.96249389648438
spy,1999-04-15,82.6510009765625
spy,1999-04-16,81.95004272460938
spy,1999-04-19,80.68449401855469
spy,1999-04-20,81.69696044921875
spy,1999-04-21,84.0333480834961
spy,1999-04-22,84.8316421508789
spy,1999-04-23,84.61744689941406
spy,1999-04-26,85.10424041748047
spy,1999-04-27,85.51309967041016
spy,1999-04-28,84.34487915039062
spy,1999-04-29,83.70234680175781
spy,1999-04-30,83.02094268798828
spy,1999-05-03,84.53955078125
spy,1999-05-04,83.33245086669922
spy,1999-05-05,83.99441528320312
spy,1999-05-06,83.47845458984375
spy,1999-05-07,84.11126708984375
spy,1999-05-10,83.692626953125
spy,1999-05-11,84.53955078125
spy,1999-05-12,85.20159912109375
spy,1999-05-13,85.57152557373047
spy,1999-05-14,83.35189819335938
spy,1999-05-17,83.60504913330078
spy,1999-05-18,83.44924926757812
spy,1999-05-19,84.0528564453125
spy,1999-05-20,83.54657745361328
spy,1999-05-21,83.079345703125
spy,1999-05-24,81.69696044921875
spy,1999-05-25,80.37295532226562
spy,1999-05-26,81.26860046386719
spy,1999-05-27,80.10037231445312
spy,1999-05-28,81.1225357055664
spy,1999-06-01,80.84024810791016
spy,1999-06-02,80.91812896728516
spy,1999-06-03,81.36592102050781
spy,1999-06-04,83.00144958496094
spy,1999-06-07,83.21560668945312
spy,1999-06-08,82.39785766601562
spy,1999-06-09,82.31998443603516
spy,1999-06-10,81.5606460571289
spy,1999-06-11,80.87915802001953
spy,1999-06-14,80.95706939697266
spy,1999-06-15,81.50223541259766
spy,1999-06-16,83.05982971191406
spy,1999-06-17,83.83866882324219
spy,1999-06-18,83.93551635742188
spy,1999-06-21,84.13079833984375
spy,1999-06-22,83.54492950439453
spy,1999-06-23,83.13483428955078
spy,1999-06-24,82.5098876953125
spy,1999-06-25,82.30486297607422
spy,1999-06-28,83.31058502197266
spy,1999-06-29,84.09175872802734
spy,1999-06-30,85.61505126953125
spy,1999-07-01,86.25949096679688
spy,1999-07-02,87.11872100830078
spy,1999-07-06,87.09920501708984
spy,1999-07-07,87.21636962890625
spy,1999-07-08,87.28474426269531
spy,1999-07-09,87.80223083496094
spy,1999-07-12,87.4117202758789
spy,1999-07-13,87.09920501708984
spy,1999-07-14,87.5874252319336
spy,1999-07-15,88.14401245117188
spy,1999-07-16,88.62245178222656
spy,1999-07-19,88.03662109375
spy,1999-07-20,86.23018646240234
spy,1999-07-21,86.13253021240234
spy,1999-07-22,84.99987030029297
spy,1999-07-23,84.83384704589844
spy,1999-07-26,84.20890045166016
spy,1999-07-27,84.91197967529297
spy,1999-07-28,85.18534088134766
spy,1999-07-29,83.99413299560547
spy,1999-07-30,82.95909118652344
spy,1999-08-02,83.15434265136719
spy,1999-08-03,82.76378631591797
spy,1999-08-04,81.6311264038086
spy,1999-08-05,82.37322235107422
spy,1999-08-06,81.47484588623047
spy,1999-08-09,81.29910278320312
spy,1999-08-10,80.40076446533203
spy,1999-08-11,81.37724304199219
spy,1999-08-12,81.32838439941406
spy,1999-08-13,83.21294403076172
spy,1999-08-16,83.58401489257812
spy,1999-08-17,84.13079833984375
spy,1999-08-18,83.5253677368164
spy,1999-08-19,82.84190368652344
spy,1999-08-20,83.68163299560547
spy,1999-08-23,85.28304290771484
spy,1999-08-24,85.5954818725586
spy,1999-08-25,86.47425842285156
spy,1999-08-26,85.43927001953125
spy,1999-08-27,84.40421295166016
spy,1999-08-30,82.84190368652344
spy,1999-08-31,82.52943420410156
spy,1999-09-01,83.54492950439453
spy,1999-09-02,82.55876159667969
spy,1999-09-03,84.9705581665039
spy,1999-09-07,84.65809631347656
spy,1999-09-08,84.24797058105469
spy,1999-09-09,84.20890045166016
spy,1999-09-10,84.91197967529297
spy,1999-09-13,84.33580780029297
spy,1999-09-14,83.77931213378906
spy,1999-09-15,82.45130920410156
spy,1999-09-16,82.77354431152344
spy,1999-09-17,83.81941986083984
spy,1999-09-20,83.70189666748047
spy,1999-09-21,81.9393310546875
spy,1999-09-22,81.8512191772461
spy,1999-09-23,80.13761901855469
spy,1999-09-24,80.05927276611328
spy,1999-09-27,80.58808898925781
spy,1999-09-28,80.43136596679688
spy,1999-09-29,79.47173309326172
spy,1999-09-30,80.68598175048828
spy,1999-10-01,80.50968170166016
spy,1999-10-04,81.9393310546875
spy,1999-10-05,81.86100006103516
spy,1999-10-06,83.11439514160156
spy,1999-10-07,82.64437866210938
spy,1999-10-08,83.89776611328125
spy,1999-10-11,83.76062774658203
spy,1999-10-12,82.4681396484375
spy,1999-10-13,80.33345031738281
spy,1999-10-14,80.31389617919922
spy,1999-10-15,78.25755310058594
spy,1999-10-18,78.82552337646484
spy,1999-10-19,79.58927917480469
spy,1999-10-20,80.37260437011719
spy,1999-10-21,80.84260559082031
spy,1999-10-22,81.528076171875
spy,1999-10-25,81.11675262451172
spy,1999-10-26,80.09846496582031
spy,1999-10-27,81.54768371582031
spy,1999-10-28,84.32859802246094
spy,1999-10-29,85.85616302490234
spy,1999-11-01,84.95527648925781
spy,1999-11-02,84.34817504882812
spy,1999-11-03,84.9161148071289
spy,1999-11-04,85.56237030029297
spy,1999-11-05,86.40444946289062
spy,1999-11-08,86.48283386230469
spy,1999-11-09,85.67008972167969
spy,1999-11-10,86.30655670166016
spy,1999-11-11,86.79615020751953
spy,1999-11-12,87.57954406738281
spy,1999-11-15,87.78514099121094
spy,1999-11-16,88.51958465576172
spy,1999-11-17,88.75457763671875
spy,1999-11-18,89.38125610351562
spy,1999-11-19,89.30294799804688
spy,1999-11-22,89.2833023071289
spy,1999-11-23,88.49994659423828
spy,1999-11-24,88.9699935913086
spy,1999-11-26,88.63707733154297
spy,1999-11-29,88.32367706298828
spy,1999-11-30,87.2857666015625
spy,1999-12-01,87.99080657958984
spy,1999-12-02,88.51958465576172
spy,1999-12-03,90.14501953125
spy,1999-12-06,89.47913360595703
spy,1999-12-07,88.75457763671875
spy,1999-12-08,88.18663024902344
spy,1999-12-09,88.6174545288086
spy,1999-12-10,88.91127014160156
spy,1999-12-13,89.06792449951172
spy,1999-12-14,88.2061767578125
spy,1999-12-15,88.67623138427734
spy,1999-12-16,89.06792449951172
spy,1999-12-17,89.63990783691406
spy,1999-12-20,88.99207305908203
spy,1999-12-21,90.3466796875
spy,1999-12-22,90.5822525024414
spy,1999-12-23,92.02521514892578
spy,1999-12-27,91.89761352539062
spy,1999-12-28,91.83875274658203
spy,1999-12-29,92.23130798339844
spy,1999-12-30,92.12335968017578
spy,1999-12-31,92.27058410644531
spy,2000-01-03,91.36752319335938
spy,2000-01-04,87.79454040527344
spy,2000-01-05,87.95154571533203
spy,2000-01-06,86.53804779052734
spy,2000-01-07,91.56383514404297
spy,2000-01-10,91.87796020507812
spy,2000-01-11,90.77857208251953
spy,2000-01-12,89.87550354003906
spy,2000-01-13,91.09266662597656
spy,2000-01-14,92.3294677734375
spy,2000-01-18,91.60311126708984
spy,2000-01-19,92.34911346435547
spy,2000-01-20,90.93563079833984
spy,2000-01-21,90.73932647705078
spy,2000-01-24,88.16749572753906
spy,2000-01-25,89.16873168945312
spy,2000-01-26,88.46197509765625
spy,2000-01-27,88.10860443115234
spy,2000-01-28,85.36009216308594
spy,2000-01-31,87.67672729492188
spy,2000-02-01,88.54048156738281
spy,2000-02-02,88.61905670166016
spy,2000-02-03,89.9540786743164
spy,2000-02-04,89.58103942871094
spy,2000-02-07,89.44361877441406
spy,2000-02-08,90.66077423095703
spy,2000-02-09,88.75643920898438
spy,2000-02-10,88.93316650390625
spy,2000-02-11,87.12699890136719
spy,2000-02-14,87.63745880126953
spy,2000-02-15,88.6288833618164
spy,2000-02-16,87.3233642578125
spy,2000-02-17,86.87184143066406
spy,2000-02-18,85.00674438476562
spy,2000-02-22,84.79081726074219
spy,2000-02-23,85.79203033447266
spy,2000-02-24,84.06439971923828
spy,2000-02-25,83.76010131835938
spy,2000-02-28,85.51722717285156
spy,2000-02-29,86.3416976928711
spy,2000-03-01,86.96993255615234
spy,2000-03-02,87.02884674072266
spy,2000-03-03,88.65831756591797
spy,2000-03-06,87.79454040527344
spy,2000-03-07,86.09630584716797
spy,2000-03-08,85.98837280273438
spy,2000-03-09,88.50125122070312
spy,2000-03-10,88.03006744384766
spy,2000-03-13,87.0680923461914
spy,2000-03-14,85.83126068115234
spy,2000-03-15,87.83379364013672
spy,2000-03-16,91.9368896484375
spy,2000-03-17,92.54446411132812
spy,2000-03-20,92.07215881347656
spy,2000-03-21,93.96158599853516
spy,2000-03-22,94.5323486328125
spy,2000-03-23,96.14633178710938
spy,2000-03-24,96.7170181274414
spy,2000-03-27,95.693603515625
spy,2000-03-28,95.14250183105469
spy,2000-03-29,95.24089050292969
spy,2000-03-30,93.64668273925781
spy,2000-03-31,94.70947265625
spy,2000-04-03,95.26056671142578
spy,2000-04-04,94.55207061767578
spy,2000-04-05,93.96158599853516
spy,2000-04-06,94.77836608886719
spy,2000-04-07,95.378662109375
spy,2000-04-10,95.00474548339844
spy,2000-04-11,94.72917175292969
spy,2000-04-12,92.13117218017578
spy,2000-04-13,90.85187530517578
spy,2000-04-14,85.65579986572266
spy,2000-04-17,88.64742279052734
spy,2000-04-18,90.98961639404297
spy,2000-04-19,90.14330291748047
spy,2000-04-20,90.57628631591797
spy,2000-04-24,89.5921859741211
spy,2000-04-25,93.31208038330078
spy,2000-04-26,92.25910186767578
spy,2000-04-27,91.95401763916016
spy,2000-04-28,91.38323211669922
spy,2000-05-01,92.62323760986328
spy,2000-05-02,90.77308654785156
spy,2000-05-03,88.64742279052734
spy,2000-05-04,89.31664276123047
spy,2000-05-05,90.3991470336914
spy,2000-05-08,89.72007751464844
spy,2000-05-09,89.00171661376953
spy,2000-05-10,86.99418640136719
spy,2000-05-11,88.98202514648438
spy,2000-05-12,89.94648742675781
spy,2000-05-15,91.50133514404297
spy,2000-05-16,92.38700866699219
spy,2000-05-17,91.4225845336914
spy,2000-05-18,90.30074310302734
spy,2000-05-19,88.8836441040039
spy,2000-05-22,88.21448516845703
spy,2000-05-23,86.91543579101562
spy,2000-05-24,88.33253479003906
spy,2000-05-25,86.81704711914062
spy,2000-05-26,86.91543579101562
spy,2000-05-30,89.74964904785156
spy,2000-05-31,89.94648742675781
spy,2000-06-01,91.52100372314453
spy,2000-06-02,93.11526489257812
spy,2000-06-05,92.66255950927734
spy,2000-06-06,92.24925231933594
spy,2000-06-07,92.88893127441406
spy,2000-06-08,92.52481079101562
spy,2000-06-09,92.32799530029297
spy,2000-06-12,91.24542999267578
spy,2000-06-13,92.95781707763672
spy,2000-06-14,93.11526489257812
spy,2000-06-15,93.31208038330078
spy,2000-06-16,92.54537200927734
spy,2000-06-19,93.72904968261719
spy,2000-06-20,93.39368438720703
spy,2000-06-21,93.35424041748047
spy,2000-06-22,91.93379974365234
spy,2000-06-23,91.14462280273438
spy,2000-06-26,92.3185043334961
spy,2000-06-27,91.63780975341797
spy,2000-06-28,91.894287109375
spy,2000-06-29,91.0262680053711
spy,2000-06-30,91.71678161621094
spy,2000-07-03,92.97942352294922
spy,2000-07-05,91.30245971679688
spy,2000-07-06,92.0126953125
spy,2000-07-07,93.49230194091797
spy,2000-07-10,93.33448028564453
spy,2000-07-11,93.53175354003906
spy,2000-07-12,94.14335632324219
spy,2000-07-13,94.55763244628906
spy,2000-07-14,95.4848403930664
spy,2000-07-17,95.32703399658203
spy,2000-07-18,94.54781341552734
spy,2000-07-19,93.7882080078125
spy,2000-07-20,95.0903091430664
spy,2000-07-21,93.23582458496094
spy,2000-07-24,92.70320892333984
spy,2000-07-25,92.99909973144531
spy,2000-07-26,92.09163665771484
spy,2000-07-27,91.77593994140625
spy,2000-07-28,89.70455169677734
spy,2000-07-31,90.27660369873047
spy,2000-08-01,90.82904052734375
spy,2000-08-02,91.28276824951172
spy,2000-08-03,91.9140625
spy,2000-08-04,92.40724182128906
spy,2000-08-07,93.51206970214844
spy,2000-08-08,93.86714172363281
spy,2000-08-09,93.07799530029297
spy,2000-08-10,92.624267578125
spy,2000-08-11,93.05824279785156
spy,2000-08-14,94.24195861816406
spy,2000-08-15,94.1630630493164
spy,2000-08-16,93.82767486572266
spy,2000-08-17,94.81411743164062
spy,2000-08-18,94.49844360351562
spy,2000-08-21,95.01138305664062
spy,2000-08-22,94.85362243652344
spy,2000-08-23,95.22840881347656
spy,2000-08-24,95.52432250976562
spy,2000-08-25,95.4848403930664
spy,2000-08-28,95.81039428710938
spy,2000-08-29,95.83004760742188
spy,2000-08-30,94.91281127929688
spy,2000-08-31,96.17536926269531
spy,2000-09-01,96.27397918701172
spy,2000-09-05,95.504638671875
spy,2000-09-06,94.4195327758789
spy,2000-09-07,95.22840881347656
spy,2000-09-08,94.57740783691406
spy,2000-09-11,94.4393081665039
spy,2000-09-12,93.7488021850586
spy,2000-09-13,93.99536895751953
spy,2000-09-14,94.46888732910156
spy,2000-09-15,92.40208435058594
spy,2000-09-18,91.5516128540039
spy,2000-09-19,92.38229370117188
spy,2000-09-20,91.69996643066406
spy,2000-09-21,90.30562591552734
spy,2000-09-22,91.94718170166016
spy,2000-09-25,91.2945785522461
spy,2000-09-26,90.12763214111328
spy,2000-09-27,90.60228729248047
spy,2000-09-28,91.76919555664062
spy,2000-09-29,90.8989486694336
spy,2000-10-02,91.03742218017578
spy,2000-10-03,90.18697357177734
spy,2000-10-04,90.93851470947266
spy,2000-10-05,91.25494384765625
spy,2000-10-06,89.27717590332031
spy,2000-10-09,88.6047592163086
spy,2000-10-10,87.14119720458984
spy,2000-10-11,86.40937042236328
spy,2000-10-12,84.25362396240234
spy,2000-10-13,87.06209564208984
spy,2000-10-16,87.45761108398438
spy,2000-10-17,85.28202056884766
spy,2000-10-18,84.96561431884766
spy,2000-10-19,88.16961669921875
spy,2000-10-20,88.54537963867188
spy,2000-10-23,88.94099426269531
spy,2000-10-24,88.3476333618164
spy,2000-10-25,86.27092742919922
spy,2000-10-26,86.5082778930664
spy,2000-10-27,88.14983367919922
spy,2000-10-30,88.94099426269531
spy,2000-10-31,90.4737548828125
spy,2000-11-01,90.16716003417969
spy,2000-11-02,90.31551361083984
spy,2000-11-03,90.36492156982422
spy,2000-11-06,90.99784088134766
spy,2000-11-07,90.9781265258789
spy,2000-11-08,88.96070098876953
spy,2000-11-09,88.62450408935547
spy,2000-11-10,86.46869659423828
spy,2000-11-13,85.7962646484375
spy,2000-11-14,88.05095672607422
spy,2000-11-15,88.32781982421875
spy,2000-11-16,86.94343566894531
spy,2000-11-17,86.47862243652344
spy,2000-11-20,85.24253845214844
spy,2000-11-21,85.67760467529297
spy,2000-11-22,83.63062286376953
spy,2000-11-24,85.34136962890625
spy,2000-11-27,86.09295654296875
spy,2000-11-28,84.60960388183594
spy,2000-11-29,84.4513931274414
spy,2000-11-30,83.71961212158203
spy,2000-12-01,83.68002319335938
spy,2000-12-04,84.39207458496094
spy,2000-12-05,87.16097259521484
spy,2000-12-06,85.76661682128906
spy,2000-12-07,84.5898208618164
spy,2000-12-08,84.78762817382812
spy,2000-12-11,87.73451232910156
spy,2000-12-12,87.3587417602539
spy,2000-12-13,86.16215515136719
spy,2000-12-14,85.06450653076172
spy,2000-12-15,83.14318084716797
spy,2000-12-18,84.25411987304688
spy,2000-12-19,82.53809356689453
spy,2000-12-20,80.1475601196289
spy,2000-12-21,80.70301818847656
spy,2000-12-22,83.1233139038086
spy,2000-12-26,84.01607513427734
spy,2000-12-27,84.63105010986328
spy,2000-12-28,84.88898468017578
spy,2000-12-29,83.28205871582031
spy,2001-01-02,81.77429962158203
spy,2001-01-03,85.70237731933594
spy,2001-01-04,84.77986145019531
spy,2001-01-05,82.0123519897461
spy,2001-01-08,82.64722442626953
spy,2001-01-09,82.42896270751953
spy,2001-01-10,83.877197265625
spy,2001-01-11,83.95654296875
spy,2001-01-12,83.7978744506836
spy,2001-01-16,84.33353424072266
spy,2001-01-17,84.7203369140625
spy,2001-01-18,85.56349182128906
spy,2001-01-19,85.07744598388672
spy,2001-01-22,85.64285278320312
spy,2001-01-23,86.31730651855469
spy,2001-01-24,86.57524108886719
spy,2001-01-25,86.35704803466797
spy,2001-01-26,86.2578353881836
spy,2001-01-29,86.71807861328125
spy,2001-01-30,87.47984313964844
spy,2001-01-31,86.98468780517578
spy,2001-02-01,87.56241607666016
spy,2001-02-02,85.57536315917969
spy,2001-02-05,86.20389556884766
spy,2001-02-06,85.94995880126953
spy,2001-02-07,85.50556182861328
spy,2001-02-08,84.5088882446289
spy,2001-02-09,83.69628143310547
spy,2001-02-12,84.65487670898438
spy,2001-02-13,83.96292114257812
spy,2001-02-14,83.8359375
spy,2001-02-15,84.64852142333984
spy,2001-02-16,82.78213500976562
spy,2001-02-20,81.50608825683594
spy,2001-02-21,79.74760437011719
spy,2001-02-22,79.86823272705078
spy,2001-02-23,79.3286361694336
spy,2001-02-26,81.01730346679688
spy,2001-02-27,80.2681884765625
spy,2001-02-28,78.68743133544922
spy,2001-03-01,79.1000747680664
spy,2001-03-02,78.47161102294922
spy,2001-03-05,79.18898010253906
spy,2001-03-06,80.03963470458984
spy,2001-03-07,80.61100006103516
spy,2001-03-08,80.69989013671875
spy,2001-03-09,78.31287384033203
spy,2001-03-12,74.96099853515625
spy,2001-03-13,76.19256591796875
spy,2001-03-14,74.68800354003906
spy,2001-03-15,74.70709228515625
spy,2001-03-16,73.20864868164062
spy,2001-03-19,74.6981430053711
spy,2001-03-20,72.69298553466797
spy,2001-03-21,71.45816040039062
spy,2001-03-22,70.73251342773438
spy,2001-03-23,72.87126922607422
spy,2001-03-26,73.80061340332031
spy,2001-03-27,75.30923461914062
spy,2001-03-28,73.22772979736328
spy,2001-03-29,73.50779724121094
spy,2001-03-30,74.27800750732422
spy,2001-04-02,72.69298553466797
spy,2001-04-03,70.26779174804688
spy,2001-04-04,70.56060791015625
spy,2001-04-05,73.23406982421875
spy,2001-04-06,72.12014770507812
spy,2001-04-09,72.92218780517578
spy,2001-04-10,74.25255584716797
spy,2001-04-11,74.303466796875
spy,2001-04-12,75.65294647216797
spy,2001-04-16,74.85726165771484
spy,2001-04-17,75.91394805908203
spy,2001-04-18,78.93114471435547
spy,2001-04-19,79.9814453125
spy,2001-04-20,79.2494125366211
spy,2001-04-23,77.81082153320312
spy,2001-04-24,77.39070892333984
spy,2001-04-25,78.4028091430664
spy,2001-04-26,78.75289154052734
spy,2001-04-27,80.06417846679688
spy,2001-04-30,80.62435150146484
spy,2001-05-01,80.87259674072266
spy,2001-05-02,80.72621154785156
spy,2001-05-03,79.70133972167969
spy,2001-05-04,81.05721282958984
spy,2001-05-07,80.35698699951172
spy,2001-05-08,80.31877899169922
spy,2001-05-09,79.9814453125
spy,2001-05-10,80.21700286865234
spy,2001-05-11,79.66316223144531
spy,2001-05-14,79.8222885131836
spy,2001-05-15,80.19146728515625
spy,2001-05-16,82.08201599121094
spy,2001-05-17,82.20934295654297
spy,2001-05-18,82.58489227294922
spy,2001-05-21,83.8006820678711
spy,2001-05-22,83.69248962402344
spy,2001-05-23,82.27299499511719
spy,2001-05-24,82.51490020751953
spy,2001-05-25,81.54096221923828
spy,2001-05-29,80.89169311523438
spy,2001-05-30,79.75865936279297
spy,2001-05-31,80.1723861694336
spy,2001-06-01,80.66889953613281
spy,2001-06-04,81.05721282958984
spy,2001-06-05,81.98651885986328
spy,2001-06-06,81.3053970336914
spy,2001-06-07,81.59825897216797
spy,2001-06-08,80.84075927734375
spy,2001-06-11,80.26789855957031
spy,2001-06-12,80.12783813476562
spy,2001-06-13,79.44036865234375
spy,2001-06-14,77.65806579589844
spy,2001-06-15,77.7831802368164
spy,2001-06-18,77.40652465820312
spy,2001-06-19,77.74488830566406
spy,2001-06-20,78.1534194946289
spy,2001-06-21,79.04069519042969
spy,2001-06-22,78.42152404785156
spy,2001-06-25,77.70020294189453
spy,2001-06-26,77.59168243408203
spy,2001-06-27,77.5469741821289
spy,2001-06-28,77.97467803955078
spy,2001-06-29,78.26195526123047
spy,2001-07-02,79.23863220214844
spy,2001-07-03,79.21945190429688
spy,2001-07-05,77.6746597290039
spy,2001-07-06,75.99581146240234
spy,2001-07-09,76.41075134277344
spy,2001-07-10,75.49148559570312
spy,2001-07-11,75.56806182861328
spy,2001-07-12,77.36186218261719
spy,2001-07-13,78.03214263916016
spy,2001-07-16,77.05545806884766
spy,2001-07-17,77.77680206298828
spy,2001-07-18,77.24697875976562
spy,2001-07-19,77.923583984375
spy,2001-07-20,77.4576416015625
spy,2001-07-23,75.93196105957031
spy,2001-07-24,75.19786071777344
spy,2001-07-25,76.02775573730469
spy,2001-07-26,76.8256607055664
spy,2001-07-27,77.11930847167969
spy,2001-07-30,77.14482879638672
spy,2001-07-31,77.46399688720703
spy,2001-08-01,77.9491195678711
spy,2001-08-02,78.2683334350586
spy,2001-08-03,77.84065246582031
spy,2001-08-06,76.793701171875
spy,2001-08-07,77.09376525878906
spy,2001-08-08,75.66384887695312
spy,2001-08-09,75.88726806640625
spy,2001-08-10,76.14898681640625
spy,2001-08-13,76.16815185546875
spy,2001-08-14,76.13619232177734
spy,2001-08-15,75.47875213623047
spy,2001-08-16,75.7404556274414
spy,2001-08-17,74.52757263183594
spy,2001-08-20,75.21701049804688
spy,2001-08-21,73.93394470214844
spy,2001-08-22,74.69992065429688
spy,2001-08-23,74.43185424804688
spy,2001-08-24,75.97665405273438
spy,2001-08-27,75.52338409423828
spy,2001-08-28,74.41905975341797
spy,2001-08-29,73.7551498413086
spy,2001-08-30,72.33805084228516
spy,2001-08-31,72.86788177490234
spy,2001-09-04,72.40186309814453
spy,2001-09-05,72.58058166503906
spy,2001-09-06,70.71025848388672
spy,2001-09-07,69.40161895751953
spy,2001-09-10,70.2506332397461
spy,2001-09-17,66.5801010131836
spy,2001-09-18,66.42052459716797
spy,2001-09-19,65.07998657226562
spy,2001-09-20,63.01173782348633
spy,2001-09-21,62.33186721801758
spy,2001-09-24,64.52326202392578
spy,2001-09-25,65.19602966308594
spy,2001-09-26,64.96537017822266
spy,2001-09-27,65.5291976928711
spy,2001-09-28,66.91963958740234
spy,2001-10-01,66.81070709228516
spy,2001-10-02,67.65009307861328
spy,2001-10-03,68.7842025756836
spy,2001-10-04,68.84185028076172
spy,2001-10-05,68.70730590820312
spy,2001-10-08,68.2588119506836
spy,2001-10-09,67.8935775756836
spy,2001-10-10,69.40570831298828
spy,2001-10-11,70.48218536376953
spy,2001-10-12,70.16181945800781
spy,2001-10-15,70.0336685180664
spy,2001-10-16,70.47578430175781
spy,2001-10-17,68.97637939453125
spy,2001-10-18,68.82907104492188
spy,2001-10-19,68.7842025756836
spy,2001-10-22,70.142578125
spy,2001-10-23,69.78377532958984
spy,2001-10-24,69.59793090820312
spy,2001-10-25,70.84740447998047
spy,2001-10-26,70.68724060058594
spy,2001-10-29,68.84830474853516
spy,2001-10-30,68.0217056274414
spy,2001-10-31,67.79105377197266
spy,2001-11-01,69.5274658203125
spy,2001-11-02,70.00166320800781
spy,2001-11-05,70.91786193847656
spy,2001-11-06,72.01995086669922
spy,2001-11-07,71.92383575439453
spy,2001-11-08,72.14813232421875
spy,2001-11-09,72.22502136230469
spy,2001-11-12,71.78290557861328
spy,2001-11-13,73.3975830078125
spy,2001-11-14,73.46806335449219
spy,2001-11-15,73.60267639160156
spy,2001-11-16,73.27584075927734
spy,2001-11-19,74.17933654785156
spy,2001-11-20,73.55777740478516
spy,2001-11-21,73.0707778930664
spy,2001-11-23,74.1216049194336
spy,2001-11-26,74.28182220458984
spy,2001-11-27,73.96146392822266
spy,2001-11-28,72.62230682373047
spy,2001-11-29,73.60267639160156
spy,2001-11-30,73.07722473144531
spy,2001-12-03,72.64147186279297
spy,2001-12-04,73.87174987792969
spy,2001-12-05,75.22371673583984
spy,2001-12-06,75.18527221679688
spy,2001-12-07,74.68547821044922
spy,2001-12-10,73.28864288330078
spy,2001-12-11,73.1412582397461
spy,2001-12-12,73.22457122802734
spy,2001-12-13,71.80213165283203
spy,2001-12-14,72.48773956298828
spy,2001-12-17,73.2374038696289
spy,2001-12-18,73.67306518554688
spy,2001-12-19,74.192138671875
spy,2001-12-20,73.4616470336914
spy,2001-12-21,73.9072494506836
spy,2001-12-24,73.76576232910156
spy,2001-12-26,74.17082977294922
spy,2001-12-27,74.62091064453125
spy,2001-12-28,74.58233642578125
spy,2001-12-31,73.48931121826172
spy,2002-01-02,74.28014373779297
spy,2002-01-03,75.12242126464844
spy,2002-01-04,75.62390899658203
spy,2002-01-07,75.09021759033203
spy,2002-01-08,74.9166488647461
spy,2002-01-09,74.30587005615234
spy,2002-01-10,74.63375091552734
spy,2002-01-11,73.90081787109375
spy,2002-01-14,73.43787384033203
spy,2002-01-15,74.03582763671875
spy,2002-01-16,72.53775024414062
spy,2002-01-17,73.08421325683594
spy,2002-01-18,72.74989318847656
spy,2002-01-22,72.24842071533203
spy,2002-01-23,72.80136108398438
spy,2002-01-24,73.02637481689453
spy,2002-01-25,73.00709533691406
spy,2002-01-28,73.20639038085938
spy,2002-01-29,70.90467071533203
spy,2002-01-30,71.92694091796875
spy,2002-01-31,72.76921081542969
spy,2002-02-01,72.42845916748047
spy,2002-02-04,70.628173828125
spy,2002-02-05,70.19093322753906
spy,2002-02-06,69.88880920410156
spy,2002-02-07,69.45156860351562
spy,2002-02-08,70.782470703125
spy,2002-02-11,71.65046691894531
spy,2002-02-12,71.42540740966797
spy,2002-02-13,72.1841049194336
spy,2002-02-14,72.04910278320312
spy,2002-02-15,71.29684448242188
spy,2002-02-19,69.92735290527344
spy,2002-02-20,71.10392761230469
spy,2002-02-21,69.63159942626953
spy,2002-02-22,70.4931869506836
spy,2002-02-25,71.65689086914062
spy,2002-02-26,71.509033203125
spy,2002-02-27,71.78546905517578
spy,2002-02-28,71.46400451660156
spy,2002-03-01,73.12926483154297
spy,2002-03-04,74.42159271240234
spy,2002-03-05,74.18368530273438
spy,2002-03-06,75.06454467773438
spy,2002-03-07,74.9038314819336
spy,2002-03-08,75.21883392333984
spy,2002-03-11,75.37954711914062
spy,2002-03-12,75.3345718383789
spy,2002-03-13,74.6080322265625
spy,2002-03-14,74.50515747070312
spy,2002-03-15,75.2150650024414
spy,2002-03-18,75.22795867919922
spy,2002-03-19,75.73092651367188
spy,2002-03-20,74.30593872070312
spy,2002-03-21,74.33817291259766
spy,2002-03-22,74.17694854736328
spy,2002-03-25,73.25491333007812
spy,2002-03-26,73.68048858642578
spy,2002-03-27,73.87391662597656
spy,2002-03-28,73.84168243408203
spy,2002-04-01,73.87391662597656
spy,2002-04-02,73.46768188476562
spy,2002-04-03,72.95185089111328
spy,2002-04-04,72.6488265991211
spy,2002-04-05,72.66173553466797
spy,2002-04-08,72.81643676757812
spy,2002-04-09,72.30708312988281
spy,2002-04-10,73.12596893310547
spy,2002-04-11,71.30765533447266
spy,2002-04-12,71.84281921386719
spy,2002-04-15,71.29474639892578
spy,2002-04-16,72.99054718017578
spy,2002-04-17,72.83582305908203
spy,2002-04-18,72.51985168457031
spy,2002-04-19,72.78424072265625
spy,2002-04-22,71.57198333740234
spy,2002-04-23,71.26251220703125
spy,2002-04-24,70.54680633544922
spy,2002-04-25,70.5854721069336
spy,2002-04-26,69.24431610107422
spy,2002-04-29,68.90255737304688
spy,2002-04-30,69.54736328125
spy,2002-05-01,70.39849090576172
spy,2002-05-02,70.12765502929688
spy,2002-05-03,69.36679077148438
spy,2002-05-06,68.00630950927734
spy,2002-05-07,67.76776123046875
spy,2002-05-08,70.2888412475586
spy,2002-05-09,69.47640228271484
spy,2002-05-10,68.16751098632812
spy,2002-05-13,69.55379486083984
spy,2002-05-14,71.06907653808594
spy,2002-05-15,70.79180145263672
spy,2002-05-16,71.1593246459961
spy,2002-05-17,71.50752258300781
spy,2002-05-20,70.73374938964844
spy,2002-05-21,70.08895874023438
spy,2002-05-22,70.24374389648438
spy,2002-05-23,70.99169921875
spy,2002-05-24,70.08253479003906
spy,2002-05-28,69.70211791992188
spy,2002-05-29,69.18627166748047
spy,2002-05-30,68.99282836914062
spy,2002-05-31,69.13471984863281
spy,2002-06-03,67.29700469970703
spy,2002-06-04,67.46466827392578
spy,2002-06-05,68.0965805053711
spy,2002-06-06,66.71026611328125
spy,2002-06-07,66.63287353515625
spy,2002-06-10,66.89080810546875
spy,2002-06-11,65.74311828613281
spy,2002-06-12,66.1428451538086
spy,2002-06-13,65.47870635986328
spy,2002-06-14,65.38198852539062
spy,2002-06-17,67.13583374023438
spy,2002-06-18,67.68389129638672
spy,2002-06-19,66.1041488647461
spy,2002-06-20,65.25947570800781
spy,2002-06-21,64.23908996582031
spy,2002-06-24,64.57554626464844
spy,2002-06-25,63.12615966796875
spy,2002-06-26,63.229679107666016
spy,2002-06-27,64.33614349365234
spy,2002-06-28,64.03202056884766
spy,2002-07-01,62.7832145690918
spy,2002-07-02,61.450294494628906
spy,2002-07-03,61.79971694946289
spy,2002-07-05,64.25849914550781
spy,2002-07-08,63.456146240234375
spy,2002-07-09,61.857948303222656
spy,2002-07-10,59.60622787475586
spy,2002-07-11,60.09147644042969
spy,2002-07-12,59.43152618408203
spy,2002-07-15,59.74857711791992
spy,2002-07-16,58.59682083129883
spy,2002-07-17,58.713287353515625
spy,2002-07-18,56.81095504760742
spy,2002-07-19,54.81157684326172
spy,2002-07-22,53.18747329711914
spy,2002-07-23,51.73159408569336
spy,2002-07-24,54.81803512573242
spy,2002-07-25,54.3521728515625
spy,2002-07-26,55.3874626159668
spy,2002-07-29,58.08562088012695
spy,2002-07-30,58.842708587646484
spy,2002-07-31,58.98502731323242
spy,2002-08-01,57.44505310058594
spy,2002-08-02,56.15742874145508
spy,2002-08-05,54.203330993652344
spy,2002-08-06,56.02802658081055
spy,2002-08-07,57.005069732666016
spy,2002-08-08,58.849159240722656
spy,2002-08-09,59.06916809082031
spy,2002-08-12,58.63562774658203
spy,2002-08-13,57.567989349365234
spy,2002-08-14,59.67092514038086
spy,2002-08-15,60.49912643432617
spy,2002-08-16,60.317955017089844
spy,2002-08-19,61.728519439697266
spy,2002-08-20,61.07502365112305
spy,2002-08-21,61.95500183105469
spy,2002-08-22,62.556739807128906
spy,2002-08-23,61.21089553833008
spy,2002-08-26,61.63795471191406
spy,2002-08-27,60.92619705200195
spy,2002-08-28,59.59326934814453
spy,2002-08-29,59.61915969848633
spy,2002-08-30,59.38621139526367
spy,2002-09-03,57.12153244018555
spy,2002-09-04,57.936824798583984
spy,2002-09-05,57.44505310058594
spy,2002-09-06,58.23445510864258
spy,2002-09-09,58.66153335571289
spy,2002-09-10,59.334476470947266
spy,2002-09-11,58.96564865112305
spy,2002-09-12,57.87860107421875
spy,2002-09-13,58.02092742919922
spy,2002-09-16,58.16328811645508
spy,2002-09-17,56.830387115478516
spy,2002-09-18,56.26095962524414
spy,2002-09-19,54.80511474609375
spy,2002-09-20,54.82329177856445
spy,2002-09-23,54.37484359741211
spy,2002-09-24,53.49738311767578
spy,2002-09-25,54.82329177856445
spy,2002-09-26,55.72021484375
spy,2002-09-27,53.78340530395508
spy,2002-09-30,53.1594352722168
spy,2002-10-01,55.7137336730957
spy,2002-10-02,54.04336929321289
spy,2002-10-03,53.49738311767578
spy,2002-10-04,52.5159797668457
spy,2002-10-07,51.43055725097656
spy,2002-10-08,52.236488342285156
spy,2002-10-09,50.76109313964844
spy,2002-10-10,52.40547180175781
spy,2002-10-11,54.69982147216797
spy,2002-10-14,55.005271911621094
spy,2002-10-15,57.650611877441406
spy,2002-10-16,56.25320816040039
spy,2002-10-17,57.3711051940918
spy,2002-10-18,57.611610412597656
spy,2002-10-21,58.60598373413086
spy,2002-10-22,58.18354797363281
spy,2002-10-23,58.62549591064453
spy,2002-10-24,57.429595947265625
spy,2002-10-25,58.62549591064453
spy,2002-10-28,58.242034912109375
spy,2002-10-29,57.56610870361328
spy,2002-10-30,58.12505340576172
spy,2002-10-31,57.53361892700195
spy,2002-11-01,58.67103576660156
spy,2002-11-04,59.22994613647461
spy,2002-11-05,59.69792556762695
spy,2002-11-06,60.471397399902344
spy,2002-11-07,58.98947525024414
spy,2002-11-08,58.26802444458008
spy,2002-11-11,57.36460494995117
spy,2002-11-12,57.819583892822266
spy,2002-11-13,57.878047943115234
spy,2002-11-14,58.96996307373047
spy,2002-11-15,59.40545654296875
spy,2002-11-18,58.80748748779297
spy,2002-11-19,58.72951126098633
spy,2002-11-20,60.03590774536133
spy,2002-11-21,61.153812408447266
spy,2002-11-22,60.71832275390625
spy,2002-11-25,60.75737380981445
spy,2002-11-26,59.6004524230957
spy,2002-11-27,61.27733612060547
spy,2002-11-29,61.08232116699219
spy,2002-12-02,61.179786682128906
spy,2002-12-03,60.36088562011719
spy,2002-12-04,60.08790969848633
spy,2002-12-05,59.42495346069336
spy,2002-12-06,59.81496047973633
spy,2002-12-09,58.17054748535156
spy,2002-12-10,58.95049285888672
spy,2002-12-11,59.00246810913086
spy,2002-12-12,58.995994567871094
spy,2002-12-13,58.06653594970703
spy,2002-12-16,59.567962646484375
spy,2002-12-17,59.0479621887207
spy,2002-12-18,58.36555862426758
spy,2002-12-19,57.9495849609375
spy,2002-12-20,58.77644729614258
spy,2002-12-23,58.796024322509766
spy,2002-12-24,58.35841369628906
spy,2002-12-26,58.384552001953125
spy,2002-12-27,57.071754455566406
spy,2002-12-30,57.54853057861328
spy,2002-12-31,57.62690353393555
spy,2003-01-02,59.48181915283203
spy,2003-01-03,59.664710998535156
spy,2003-01-06,60.71628189086914
spy,2003-01-07,60.56607437133789
spy,2003-01-08,59.690853118896484
spy,2003-01-09,60.618309020996094
spy,2003-01-10,60.781612396240234
spy,2003-01-13,60.762001037597656
spy,2003-01-14,60.95796203613281
spy,2003-01-15,60.35053634643555
spy,2003-01-16,60.102298736572266
spy,2003-01-17,59.21405792236328
spy,2003-01-21,58.293128967285156
spy,2003-01-22,57.58771896362305
spy,2003-01-23,57.9404182434082
spy,2003-01-24,56.41858673095703
spy,2003-01-27,55.64787292480469
spy,2003-01-28,56.05935287475586
spy,2003-01-29,56.483909606933594
spy,2003-01-30,55.144962310791016
spy,2003-01-31,56.20958709716797
spy,2003-02-03,56.32059097290039
spy,2003-02-04,55.765438079833984
spy,2003-02-05,55.41927719116211
spy,2003-02-06,55.15802001953125
spy,2003-02-07,54.48529815673828
spy,2003-02-10,54.870635986328125
spy,2003-02-11,54.491790771484375
spy,2003-02-12,53.62315368652344
spy,2003-02-13,53.78642272949219
spy,2003-02-14,54.96208953857422
spy,2003-02-18,55.928741455078125
spy,2003-02-19,55.634830474853516
spy,2003-02-20,55.07966232299805
spy,2003-02-21,55.634830474853516
spy,2003-02-24,54.7335090637207
spy,2003-02-25,55.17108917236328
spy,2003-02-26,54.367713928222656
spy,2003-02-27,55.08615493774414
spy,2003-02-28,55.45194625854492
spy,2003-03-03,54.922889709472656
spy,2003-03-04,54.04770278930664
spy,2003-03-05,54.50486373901367
spy,2003-03-06,54.04770278930664
spy,2003-03-07,54.41997528076172
spy,2003-03-10,53.11366271972656
spy,2003-03-11,52.591163635253906
spy,2003-03-12,52.94386291503906
spy,2003-03-13,54.772666931152344
spy,2003-03-14,54.949012756347656
spy,2003-03-17,56.679847717285156
spy,2003-03-18,57.01296615600586
spy,2003-03-19,57.4505615234375
spy,2003-03-20,57.57463455200195
spy,2003-03-21,58.803585052490234
spy,2003-03-24,56.84939956665039
spy,2003-03-25,57.39363479614258
spy,2003-03-26,57.105140686035156
spy,2003-03-27,57.151039123535156
spy,2003-03-28,56.862464904785156
spy,2003-03-31,55.57057189941406
spy,2003-04-01,56.42313003540039
spy,2003-04-02,57.787113189697266
spy,2003-04-03,57.51167678833008
spy,2003-04-04,57.85270690917969
spy,2003-04-07,57.74123764038086
spy,2003-04-08,57.83304977416992
spy,2003-04-09,57.07231903076172
spy,2003-04-10,57.387107849121094
spy,2003-04-11,57.151039123535156
spy,2003-04-14,58.331417083740234
spy,2003-04-15,58.87571716308594
spy,2003-04-16,57.87236022949219
spy,2003-04-17,58.731449127197266
spy,2003-04-21,58.790489196777344
spy,2003-04-22,59.89870834350586
spy,2003-04-23,60.44959259033203
spy,2003-04-24,59.9118537902832
spy,2003-04-25,59.17082214355469
spy,2003-04-28,60.193824768066406
spy,2003-04-29,60.403663635253906
spy,2003-04-30,60.272525787353516
spy,2003-05-01,60.26596450805664
spy,2003-05-02,61.12501907348633
spy,2003-05-05,61.006996154785156
spy,2003-05-06,61.58408737182617
spy,2003-05-07,61.24308776855469
spy,2003-05-08,60.62665557861328
spy,2003-05-09,61.4660530090332
spy,2003-05-12,62.22020721435547
spy,2003-05-13,62.10868835449219
spy,2003-05-14,61.97753143310547
spy,2003-05-15,62.371002197265625
spy,2003-05-16,62.21363067626953
spy,2003-05-19,60.7578125
spy,2003-05-20,60.63322448730469
spy,2003-05-21,60.7578125
spy,2003-05-22,61.36111831665039
spy,2003-05-23,61.48575210571289
spy,2003-05-27,62.561222076416016
spy,2003-05-28,62.73826217651367
spy,2003-05-29,62.57429122924805
spy,2003-05-30,63.577659606933594
spy,2003-06-02,63.83994674682617
spy,2003-06-03,64.10224151611328
spy,2003-06-04,65.02690887451172
spy,2003-06-05,65.34823608398438
spy,2003-06-06,65.09251403808594
spy,2003-06-09,64.43016815185547
spy,2003-06-10,65.0859146118164
spy,2003-06-11,65.7745132446289
spy,2003-06-12,65.97781372070312
spy,2003-06-13,65.28922271728516
spy,2003-06-16,66.66633605957031
spy,2003-06-17,66.66633605957031
spy,2003-06-18,66.60733032226562
spy,2003-06-19,65.59087371826172
spy,2003-06-20,65.4460678100586
spy,2003-06-23,64.7748031616211
spy,2003-06-24,64.84058380126953
spy,2003-06-25,64.18904876708984
spy,2003-06-26,65.02486419677734
spy,2003-06-27,64.27459716796875
spy,2003-06-30,64.25482177734375
spy,2003-07-01,64.84717559814453
spy,2003-07-02,65.66329956054688
spy,2003-07-03,64.98540496826172
spy,2003-07-07,66.27536010742188
spy,2003-07-08,66.57152557373047
spy,2003-07-09,66.19637298583984
spy,2003-07-10,65.35395050048828
spy,2003-07-11,65.97259521484375
spy,2003-07-14,66.29509735107422
spy,2003-07-15,66.1502914428711
spy,2003-07-16,65.7619857788086
spy,2003-07-17,64.82745361328125
spy,2003-07-18,65.49217987060547
spy,2003-07-21,64.68263244628906
spy,2003-07-22,65.2684097290039
spy,2003-07-23,65.31446838378906
spy,2003-07-24,64.82083129882812
spy,2003-07-25,65.96604919433594
spy,2003-07-28,65.72251892089844
spy,2003-07-29,65.41973876953125
spy,2003-07-30,65.26182556152344
spy,2003-07-31,65.41320037841797
spy,2003-08-01,64.83402252197266
spy,2003-08-04,64.83402252197266
spy,2003-08-05,63.45851135253906
spy,2003-08-06,63.8270378112793
spy,2003-08-07,64.4983901977539
spy,2003-08-08,64.68263244628906
spy,2003-08-11,64.92616271972656
spy,2003-08-12,65.51850891113281
spy,2003-08-13,65.18281555175781
spy,2003-08-14,65.36051177978516
spy,2003-08-15,65.5645751953125
spy,2003-08-18,66.13055419921875
spy,2003-08-19,66.3806381225586
spy,2003-08-20,66.11080169677734
spy,2003-08-21,66.32142639160156
spy,2003-08-22,65.66329956054688
spy,2003-08-25,65.76858520507812
spy,2003-08-26,65.88703918457031
spy,2003-08-27,65.90679931640625
spy,2003-08-28,66.3148193359375
spy,2003-08-29,66.76237487792969
spy,2003-09-02,67.65745544433594
spy,2003-09-03,68.02598571777344
spy,2003-09-04,68.05895233154297
spy,2003-09-05,67.67721557617188
spy,2003-09-08,68.23665618896484
spy,2003-09-09,67.78909301757812
spy,2003-09-10,67.1046371459961
spy,2003-09-11,67.30206298828125
spy,2003-09-12,67.42707824707031
spy,2003-09-15,67.1901626586914
spy,2003-09-16,68.17083740234375
spy,2003-09-17,68.0391616821289
spy,2003-09-18,68.84213256835938
spy,2003-09-19,68.491943359375
spy,2003-09-22,67.75204467773438
spy,2003-09-23,68.00970458984375
spy,2003-09-24,66.80065155029297
spy,2003-09-25,66.25227355957031
spy,2003-09-26,66.03423309326172
spy,2003-09-29,66.68172454833984
spy,2003-09-30,66.03423309326172
spy,2003-10-01,67.44152069091797
spy,2003-10-02,67.68595123291016
spy,2003-10-03,68.30702209472656
spy,2003-10-06,68.61751556396484
spy,2003-10-07,68.8817367553711
spy,2003-10-08,68.71001434326172
spy,2003-10-09,68.89498901367188
spy,2003-10-10,69.08658599853516
spy,2003-10-13,69.30460357666016
spy,2003-10-14,69.54906463623047
spy,2003-10-15,69.36405944824219
spy,2003-10-16,69.64154052734375
spy,2003-10-17,68.8817367553711
spy,2003-10-20,69.39707946777344
spy,2003-10-21,69.27816772460938
spy,2003-10-22,68.40609741210938
spy,2003-10-23,68.2805404663086
spy,2003-10-24,68.4325180053711
spy,2003-10-27,68.46550750732422
spy,2003-10-28,69.39707946777344
spy,2003-10-29,69.48961639404297
spy,2003-10-30,69.63494873046875
spy,2003-10-31,69.56886291503906
spy,2003-11-03,70.02473449707031
spy,2003-11-04,69.872802734375
spy,2003-11-05,69.92562103271484
spy,2003-11-06,70.29560089111328
spy,2003-11-07,69.77367401123047
spy,2003-11-10,69.48961639404297
spy,2003-11-11,69.46977233886719
spy,2003-11-12,70.24938201904297
spy,2003-11-13,70.26918029785156
spy,2003-11-14,69.67456817626953
spy,2003-11-17,69.3244400024414
spy,2003-11-18,68.60429382324219
spy,2003-11-19,69.18567657470703
spy,2003-11-20,68.56462097167969
spy,2003-11-21,68.8487548828125
spy,2003-11-24,69.76044464111328
spy,2003-11-25,70.02473449707031
spy,2003-11-26,70.27581787109375
spy,2003-11-28,70.32866668701172
spy,2003-12-01,71.08839416503906
spy,2003-12-02,70.9100112915039
spy,2003-12-03,70.79771423339844
spy,2003-12-04,71.08839416503906
spy,2003-12-05,70.59294891357422
spy,2003-12-08,71.06858825683594
spy,2003-12-09,70.52019500732422
spy,2003-12-10,70.51363372802734
spy,2003-12-11,71.306396484375
spy,2003-12-12,71.44519805908203
spy,2003-12-15,71.08839416503906
spy,2003-12-16,71.45841979980469
spy,2003-12-17,71.68301391601562
spy,2003-12-18,72.48905181884766
spy,2003-12-19,72.2872543334961
spy,2003-12-22,72.79173278808594
spy,2003-12-23,72.83819580078125
spy,2003-12-24,72.76518249511719
spy,2003-12-26,72.81828308105469
spy,2003-12-29,73.7874526977539
spy,2003-12-30,73.80071258544922
spy,2003-12-31,73.86709594726562
spy,2004-01-02,73.83392333984375
spy,2004-01-05,74.63707733154297
spy,2004-01-06,74.7101058959961
spy,2004-01-07,74.96235656738281
spy,2004-01-08,75.26103210449219
spy,2004-01-09,74.60389709472656
spy,2004-01-12,75.15484619140625
spy,2004-01-13,74.71672821044922
spy,2004-01-14,75.34071350097656
spy,2004-01-15,75.52656555175781
spy,2004-01-16,75.82526397705078
spy,2004-01-20,75.80535888671875
spy,2004-01-21,76.40277862548828
spy,2004-01-22,76.20365905761719
spy,2004-01-23,75.95804595947266
spy,2004-01-26,76.91387939453125
spy,2004-01-27,76.12397003173828
spy,2004-01-28,75.25442504882812
spy,2004-01-29,75.32745361328125
spy,2004-01-30,75.32745361328125
spy,2004-02-02,75.65267181396484
spy,2004-02-03,75.52656555175781
spy,2004-02-04,74.90923309326172
spy,2004-02-05,75.1282730102539
spy,2004-02-06,75.97132873535156
spy,2004-02-09,75.9912338256836
spy,2004-02-10,76.2368392944336
spy,2004-02-11,77.04669189453125
spy,2004-02-12,76.76786041259766
spy,2004-02-13,76.42269134521484
spy,2004-02-17,77.11306762695312
spy,2004-02-18,76.77449798583984
spy,2004-02-19,76.48904418945312
spy,2004-02-20,76.25672912597656
spy,2004-02-23,76.06422424316406
spy,2004-02-24,75.93151092529297
spy,2004-02-25,76.2501449584961
spy,2004-02-26,76.29661560058594
spy,2004-02-27,76.34969329833984
spy,2004-03-01,77.10639953613281
spy,2004-03-02,76.65499877929688
spy,2004-03-03,76.79443359375
spy,2004-03-04,76.99358367919922
spy,2004-03-05,77.25245666503906
spy,2004-03-08,76.30984497070312
spy,2004-03-09,76.00450134277344
spy,2004-03-10,74.73001861572266
spy,2004-03-11,73.7608642578125
spy,2004-03-12,74.73001861572266
spy,2004-03-15,73.81395721435547
spy,2004-03-16,74.20559692382812
spy,2004-03-17,75.03536224365234
spy,2004-03-18,75.05525970458984
spy,2004-03-19,73.97949981689453
spy,2004-03-22,73.04025268554688
spy,2004-03-23,72.91368865966797
spy,2004-03-24,72.97368621826172
spy,2004-03-25,73.93949890136719
spy,2004-03-26,73.95948791503906
spy,2004-03-29,74.99867248535156
spy,2004-03-30,75.25179290771484
spy,2004-03-31,75.33837890625
spy,2004-04-01,75.79134368896484
spy,2004-04-02,76.36422729492188
spy,2004-04-05,76.78385162353516
spy,2004-04-06,76.53738403320312
spy,2004-04-07,76.3575210571289
spy,2004-04-08,76.18436431884766
spy,2004-04-12,76.48408508300781
spy,2004-04-13,75.41165924072266
spy,2004-04-14,75.53155517578125
spy,2004-04-15,75.24515533447266
spy,2004-04-16,75.82466125488281
spy,2004-04-19,75.82466125488281
spy,2004-04-20,74.55235290527344
spy,2004-04-21,75.0519790649414
spy,2004-04-22,76.10443878173828
spy,2004-04-23,76.17770385742188
spy,2004-04-26,76.07107543945312
spy,2004-04-27,76.13774108886719
spy,2004-04-28,75.15184783935547
spy,2004-04-29,74.49242401123047
spy,2004-04-30,73.912841796875
spy,2004-05-03,74.70557403564453
spy,2004-05-04,74.64559936523438
spy,2004-05-05,75.12520599365234
spy,2004-05-06,74.47908020019531
spy,2004-05-07,73.24675750732422
spy,2004-05-10,72.49403381347656
spy,2004-05-11,73.10687255859375
spy,2004-05-12,73.57315826416016
spy,2004-05-13,73.26673889160156
spy,2004-05-14,73.30003356933594
spy,2004-05-17,72.67389678955078
spy,2004-05-18,73.04025268554688
spy,2004-05-19,72.78713989257812
spy,2004-05-20,73.02027893066406
spy,2004-05-21,73.14686584472656
spy,2004-05-24,73.45323944091797
spy,2004-05-25,74.50572967529297
spy,2004-05-26,74.7655258178711
spy,2004-05-27,75.18515014648438
spy,2004-05-28,75.17849731445312
spy,2004-06-01,75.07860565185547
spy,2004-06-02,75.3583755493164
spy,2004-06-03,74.66558074951172
spy,2004-06-04,75.25843048095703
spy,2004-06-07,76.4041519165039
spy,2004-06-08,76.5107421875
spy,2004-06-09,75.79796600341797
spy,2004-06-10,76.17101287841797
spy,2004-06-14,75.4183120727539
spy,2004-06-15,75.95122528076172
spy,2004-06-16,75.93789672851562
spy,2004-06-17,75.82466125488281
spy,2004-06-18,75.96772766113281
spy,2004-06-21,75.68023681640625
spy,2004-06-22,76.0613021850586
spy,2004-06-23,76.71649169921875
spy,2004-06-24,76.475830078125
spy,2004-06-25,76.10810852050781
spy,2004-06-28,75.84738159179688
spy,2004-06-29,76.16160583496094
spy,2004-06-30,76.56941986083984
spy,2004-07-01,75.50641632080078
spy,2004-07-02,75.4662857055664
spy,2004-07-06,74.80441284179688
spy,2004-07-07,75.02506256103516
spy,2004-07-08,74.50357055664062
spy,2004-07-09,74.69744873046875
spy,2004-07-12,74.7309341430664
spy,2004-07-13,74.78437805175781
spy,2004-07-14,74.55708312988281
spy,2004-07-15,74.0757064819336
spy,2004-07-16,74.01551818847656
spy,2004-07-19,73.70134735107422
spy,2004-07-20,74.63729858398438
spy,2004-07-21,73.2601089477539
spy,2004-07-22,73.46066284179688
spy,2004-07-23,72.8455810546875
spy,2004-07-26,72.70519256591797
spy,2004-07-27,73.38710021972656
spy,2004-07-28,73.60771942138672
spy,2004-07-29,73.92195892333984
spy,2004-07-30,74.10244750976562
spy,2004-08-02,74.2562255859375
spy,2004-08-03,73.68126678466797
spy,2004-08-04,73.67460632324219
spy,2004-08-05,72.47116088867188
spy,2004-08-06,71.4349594116211
spy,2004-08-09,71.5351791381836
spy,2004-08-10,72.45780181884766
spy,2004-08-11,72.31075286865234
spy,2004-08-12,71.5218276977539
spy,2004-08-13,71.66222381591797
spy,2004-08-16,72.40432739257812
spy,2004-08-17,72.81214141845703
spy,2004-08-18,73.56094360351562
spy,2004-08-19,73.34697723388672
spy,2004-08-20,73.86174011230469
spy,2004-08-23,73.67460632324219
spy,2004-08-24,73.7748794555664
spy,2004-08-25,74.2762451171875
spy,2004-08-26,74.2762451171875
spy,2004-08-27,74.51026153564453
spy,2004-08-30,73.89521789550781
spy,2004-08-31,74.28295135498047
spy,2004-09-01,74.42339324951172
spy,2004-09-02,75.26573944091797
spy,2004-09-03,74.9582290649414
spy,2004-09-07,75.45294952392578
spy,2004-09-08,75.26573944091797
spy,2004-09-09,75.1988525390625
spy,2004-09-10,75.58665466308594
spy,2004-09-13,75.833984375
spy,2004-09-14,75.98777770996094
spy,2004-09-15,75.41282653808594
spy,2004-09-16,75.6401138305664
spy,2004-09-17,75.96168518066406
spy,2004-09-20,75.50515747070312
spy,2004-09-21,75.83411407470703
spy,2004-09-22,74.8875732421875
spy,2004-09-23,74.48474884033203
spy,2004-09-24,74.82711029052734
spy,2004-09-27,74.35047149658203
spy,2004-09-28,74.70629119873047
spy,2004-09-29,75.08226013183594
spy,2004-09-30,75.02855682373047
spy,2004-10-01,76.29737091064453
spy,2004-10-04,76.4249038696289
spy,2004-10-05,76.46519470214844
spy,2004-10-06,76.98884582519531
spy,2004-10-07,76.16309356689453
spy,2004-10-08,75.53204345703125
spy,2004-10-11,75.84085845947266
spy,2004-10-12,75.54546356201172
spy,2004-10-13,74.88088989257812
spy,2004-10-14,74.27667236328125
spy,2004-10-15,74.6928482055664
spy,2004-10-18,74.97486114501953
spy,2004-10-19,74.34378814697266
spy,2004-10-20,74.19609069824219
spy,2004-10-21,74.67943572998047
spy,2004-10-22,73.84027862548828
spy,2004-10-25,73.75300598144531
spy,2004-10-26,74.88088989257812
spy,2004-10-27,75.78041076660156
spy,2004-10-28,76.00867462158203
spy,2004-10-29,75.99525451660156
spy,2004-11-01,76.20338439941406
spy,2004-11-02,76.2302474975586
spy,2004-11-03,77.19023895263672
spy,2004-11-04,78.24427032470703
spy,2004-11-05,78.73432159423828
spy,2004-11-08,78.62017059326172
spy,2004-11-09,78.46580505371094
spy,2004-11-10,78.52619934082031
spy,2004-11-11,79.12366485595703
spy,2004-11-12,79.74806213378906
spy,2004-11-15,79.94396209716797
spy,2004-11-16,79.37165832519531
spy,2004-11-17,79.84297943115234
spy,2004-11-18,79.95068359375
spy,2004-11-19,79.0619125366211
spy,2004-11-22,79.43896484375
spy,2004-11-23,79.56017303466797
spy,2004-11-24,79.74870300292969
spy,2004-11-26,79.68810272216797
spy,2004-11-29,79.32451629638672
spy,2004-11-30,79.37840270996094
spy,2004-12-01,80.28064727783203
spy,2004-12-02,80.34796142578125
spy,2004-12-03,80.29409790039062
spy,2004-12-06,80.26714324951172
spy,2004-12-07,79.51979064941406
spy,2004-12-08,79.98438262939453
spy,2004-12-09,80.26714324951172
spy,2004-12-10,80.34796142578125
spy,2004-12-13,81.0482177734375
spy,2004-12-14,81.33100891113281
spy,2004-12-15,81.39161682128906
spy,2004-12-16,81.34449005126953
spy,2004-12-17,80.80191802978516
spy,2004-12-20,80.82221221923828
spy,2004-12-21,81.44463348388672
spy,2004-12-22,81.64080810546875
spy,2004-12-23,81.70169830322266
spy,2004-12-27,81.53253936767578
spy,2004-12-28,81.97904205322266
spy,2004-12-29,82.10083770751953
spy,2004-12-30,81.94523620605469
spy,2004-12-31,81.76937103271484
spy,2005-01-03,81.38371276855469
spy,2005-01-04,80.38928985595703
spy,2005-01-05,79.83452606201172
spy,2005-01-06,80.2404556274414
spy,2005-01-07,80.12542724609375
spy,2005-01-10,80.50425720214844
spy,2005-01-11,79.9495620727539
spy,2005-01-12,80.21337890625
spy,2005-01-13,79.5706787109375
spy,2005-01-14,79.99012756347656
spy,2005-01-18,80.82221221923828
spy,2005-01-19,79.97657775878906
spy,2005-01-20,79.48948669433594
spy,2005-01-21,79.00240325927734
spy,2005-01-24,78.84684753417969
spy,2005-01-25,79.07007598876953
spy,2005-01-26,79.30685424804688
spy,2005-01-27,79.44214630126953
spy,2005-01-28,79.44214630126953
spy,2005-01-31,79.93601989746094
spy,2005-02-01,80.44338989257812
spy,2005-02-02,80.68692779541016
spy,2005-02-03,80.47722625732422
spy,2005-02-04,81.33633422851562
spy,2005-02-07,81.22810363769531
spy,2005-02-08,81.3228530883789
spy,2005-02-09,80.7139663696289
spy,2005-02-10,81.00485229492188
spy,2005-02-11,81.70169830322266
spy,2005-02-14,81.64080810546875
spy,2005-02-15,81.94523620605469
spy,2005-02-16,81.99932861328125
spy,2005-02-17,81.33633422851562
spy,2005-02-18,81.44463348388672
spy,2005-02-22,80.2336654663086
spy,2005-02-23,80.80868530273438
spy,2005-02-24,81.3431396484375
spy,2005-02-25,82.14820098876953
spy,2005-02-28,81.60696411132812
spy,2005-03-01,82.01286315917969
spy,2005-03-02,81.97230529785156
spy,2005-03-03,82.00611877441406
spy,2005-03-04,83.0276107788086
spy,2005-03-07,83.0682144165039
spy,2005-03-08,82.7570571899414
spy,2005-03-09,81.83700561523438
spy,2005-03-10,82.01963806152344
spy,2005-03-11,81.44463348388672
spy,2005-03-14,81.95198822021484
spy,2005-03-15,81.27550506591797
spy,2005-03-16,80.58544921875
spy,2005-03-17,80.7478256225586
spy,2005-03-18,80.50806427001953
spy,2005-03-21,80.209228515625
spy,2005-03-22,79.39425659179688
spy,2005-03-23,79.46215057373047
spy,2005-03-24,79.55723571777344
spy,2005-03-28,79.67269897460938
spy,2005-03-29,79.1429443359375
spy,2005-03-30,80.2635726928711
spy,2005-03-31,80.11417388916016
spy,2005-04-01,79.75420379638672
spy,2005-04-04,79.8900146484375
spy,2005-04-05,80.2703857421875
spy,2005-04-06,80.54879760742188
spy,2005-04-07,80.98347473144531
spy,2005-04-08,80.1413345336914
spy,2005-04-11,80.20246887207031
spy,2005-04-12,80.61672973632812
spy,2005-04-13,79.6658706665039
spy,2005-04-14,78.62680053710938
spy,2005-04-15,77.52653503417969
spy,2005-04-18,77.76421356201172
spy,2005-04-19,78.38228607177734
spy,2005-04-20,77.28882598876953
spy,2005-04-21,78.78976440429688
spy,2005-04-22,78.49093627929688
spy,2005-04-25,79.00709533691406
spy,2005-04-26,78.23965454101562
spy,2005-04-27,78.54528045654297
spy,2005-04-28,77.56048583984375
spy,2005-04-29,78.61318969726562
spy,2005-05-02,79.05464172363281
spy,2005-05-03,79.19050598144531
spy,2005-05-04,79.80172729492188
spy,2005-05-05,79.77459716796875
spy,2005-05-06,79.52326965332031
spy,2005-05-09,80.01908111572266
spy,2005-05-10,79.19050598144531
spy,2005-05-11,79.62518310546875
spy,2005-05-12,78.74901580810547
spy,2005-05-13,78.59282684326172
spy,2005-05-16,79.32632446289062
spy,2005-05-17,79.85606384277344
spy,2005-05-18,80.6778564453125
spy,2005-05-19,81.01742553710938
spy,2005-05-20,80.9019546508789
spy,2005-05-23,81.3502197265625
spy,2005-05-24,81.16007995605469
spy,2005-05-25,81.09893035888672
spy,2005-05-26,81.53359985351562
spy,2005-05-27,81.66943359375
spy,2005-05-31,81.146484375
spy,2005-06-01,81.83920288085938
spy,2005-06-02,82.01581573486328
spy,2005-06-03,81.60150146484375
spy,2005-06-06,81.5268325805664
spy,2005-06-07,81.58795166015625
spy,2005-06-08,81.43854522705078
spy,2005-06-09,81.82564544677734
spy,2005-06-10,81.635498046875
spy,2005-06-13,81.8935546875
spy,2005-06-14,82.08369445800781
spy,2005-06-15,82.23994445800781
spy,2005-06-16,82.45044708251953
spy,2005-06-17,82.75596618652344
spy,2005-06-20,82.78323364257812
spy,2005-06-21,82.83098602294922
spy,2005-06-22,82.8991928100586
spy,2005-06-23,81.73312377929688
spy,2005-06-24,81.13304138183594
spy,2005-06-27,81.24896240234375
spy,2005-06-28,81.93084716796875
spy,2005-06-29,81.71263885498047
spy,2005-06-30,81.26940155029297
spy,2005-07-01,81.50810241699219
spy,2005-07-05,82.16268920898438
spy,2005-07-06,81.4739990234375
spy,2005-07-07,81.7944564819336
spy,2005-07-08,82.72869110107422
spy,2005-07-11,83.15147399902344
spy,2005-07-12,83.36965942382812
spy,2005-07-13,83.48560333251953
spy,2005-07-14,83.81295013427734
spy,2005-07-15,83.76518249511719
spy,2005-07-18,83.43102264404297
spy,2005-07-19,83.887939453125
spy,2005-07-20,84.17434692382812
spy,2005-07-21,83.68335723876953
spy,2005-07-22,84.24253845214844
spy,2005-07-25,84.00385284423828
spy,2005-07-26,84.10614013671875
spy,2005-07-27,84.41300201416016
spy,2005-07-28,84.94489288330078
spy,2005-07-29,84.37890625
spy,2005-08-01,84.31756591796875
spy,2005-08-02,84.82213592529297
spy,2005-08-03,85.04718017578125
spy,2005-08-04,84.36526489257812
spy,2005-08-05,83.79246520996094
spy,2005-08-08,83.63566589355469
spy,2005-08-09,84.14022064208984
spy,2005-08-10,84.09931945800781
spy,2005-08-11,84.43346405029297
spy,2005-08-12,83.91520690917969
spy,2005-08-15,84.43346405029297
spy,2005-08-16,83.33555603027344
spy,2005-08-17,83.32878875732422
spy,2005-08-18,83.32194519042969
spy,2005-08-19,83.51288604736328
spy,2005-08-22,83.51288604736328
spy,2005-08-23,83.35604858398438
spy,2005-08-24,82.61278533935547
spy,2005-08-25,82.9128189086914
spy,2005-08-26,82.34683227539062
spy,2005-08-29,82.98101806640625
spy,2005-08-30,82.5445556640625
spy,2005-08-31,83.58788299560547
spy,2005-09-01,83.52651977539062
spy,2005-09-02,83.37651062011719
spy,2005-09-06,84.35162353515625
spy,2005-09-07,84.49481201171875
spy,2005-09-08,84.21525573730469
spy,2005-09-09,84.96532440185547
spy,2005-09-12,84.79486846923828
spy,2005-09-13,84.32434844970703
spy,2005-09-14,84.01747131347656
spy,2005-09-15,83.97657775878906
spy,2005-09-16,84.57373809814453
spy,2005-09-19,84.29296875
spy,2005-09-20,83.58074188232422
spy,2005-09-21,82.80006408691406
spy,2005-09-22,83.09455871582031
spy,2005-09-23,83.16300201416016
spy,2005-09-26,83.25890350341797
spy,2005-09-27,83.23835754394531
spy,2005-09-28,83.32048034667969
spy,2005-09-29,83.9985122680664
spy,2005-09-30,84.25874328613281
spy,2005-10-03,83.95738220214844
spy,2005-10-04,83.01239013671875
spy,2005-10-05,81.92354583740234
spy,2005-10-06,81.62905883789062
spy,2005-10-07,81.90985107421875
spy,2005-10-10,81.2181625366211
spy,2005-10-11,81.10176086425781
spy,2005-10-12,80.46485137939453
spy,2005-10-13,80.41695404052734
spy,2005-10-14,81.26611328125
spy,2005-10-17,81.56742858886719
spy,2005-10-18,80.68403625488281
spy,2005-10-19,82.02623748779297
spy,2005-10-20,80.5813217163086
spy,2005-10-21,80.89631652832031
spy,2005-10-24,82.1495132446289
spy,2005-10-25,81.98519134521484
spy,2005-10-26,81.74547576904297
spy,2005-10-27,80.87576293945312
spy,2005-10-28,82.0399169921875
spy,2005-10-31,82.26593780517578
spy,2005-11-01,82.51244354248047
spy,2005-11-02,83.37528991699219
spy,2005-11-03,83.7314224243164
spy,2005-11-04,83.62187194824219
spy,2005-11-07,83.7040023803711
spy,2005-11-08,83.7040023803711
spy,2005-11-09,83.8135986328125
spy,2005-11-10,84.46414947509766
spy,2005-11-11,84.75180053710938
spy,2005-11-14,84.70381164550781
spy,2005-11-15,84.39566802978516
spy,2005-11-16,84.56688690185547
spy,2005-11-17,85.35438537597656
spy,2005-11-18,85.68992614746094
spy,2005-11-21,86.12142181396484
spy,2005-11-22,86.49120330810547
spy,2005-11-23,86.99109649658203
spy,2005-11-25,87.05960083007812
spy,2005-11-28,86.44324493408203
spy,2005-11-29,86.34735870361328
spy,2005-11-30,85.88169860839844
spy,2005-12-01,86.75827026367188
spy,2005-12-02,86.86784362792969
spy,2005-12-05,86.68292999267578
spy,2005-12-06,86.8473129272461
spy,2005-12-07,86.34051513671875
spy,2005-12-08,86.2857666015625
spy,2005-12-09,86.51173400878906
spy,2005-12-12,86.59392547607422
spy,2005-12-13,87.18285369873047
spy,2005-12-14,87.52521514892578
spy,2005-12-15,87.27188873291016
spy,2005-12-16,86.990966796875
spy,2005-12-19,86.54348754882812
spy,2005-12-20,86.62612915039062
spy,2005-12-21,86.76380157470703
spy,2005-12-22,87.21815490722656
spy,2005-12-23,87.26634216308594
spy,2005-12-27,86.37828063964844
spy,2005-12-28,86.57102966308594
spy,2005-12-29,86.1855239868164
spy,2005-12-30,85.71737670898438
spy,2006-01-03,87.2250747680664
spy,2006-01-04,87.63813781738281
spy,2006-01-05,87.69316864013672
spy,2006-01-06,88.42294311523438
spy,2006-01-09,88.65013885498047
spy,2006-01-10,88.73963165283203
spy,2006-01-11,89.02184295654297
spy,2006-01-12,88.6707763671875
spy,2006-01-13,88.58818054199219
spy,2006-01-17,88.3471908569336
spy,2006-01-18,87.9961166381836
spy,2006-01-19,88.33342742919922
spy,2006-01-20,86.7225112915039
spy,2006-01-23,87.03229522705078
spy,2006-01-24,87.1218032836914
spy,2006-01-25,87.19754028320312
spy,2006-01-26,87.67942810058594
spy,2006-01-27,88.49176788330078
spy,2006-01-30,88.42294311523438
spy,2006-01-31,87.77579498291016
spy,2006-02-01,88.3885269165039
spy,2006-02-02,87.36274719238281
spy,2006-02-03,86.92903137207031
spy,2006-02-06,87.15621948242188
spy,2006-02-07,86.38516998291016
spy,2006-02-08,87.16997528076172
spy,2006-02-09,87.0254135131836
spy,2006-02-10,87.18373107910156
spy,2006-02-13,87.0254135131836
spy,2006-02-14,87.94790649414062
spy,2006-02-15,88.25772094726562
spy,2006-02-16,88.9186019897461
spy,2006-02-17,88.67764282226562
spy,2006-02-21,88.45735168457031
spy,2006-02-22,88.99433898925781
spy,2006-02-23,88.8635482788086
spy,2006-02-24,89.09072875976562
spy,2006-02-27,89.12512969970703
spy,2006-02-28,88.27838897705078
spy,2006-03-01,89.06317901611328
spy,2006-03-02,89.0562744140625
spy,2006-03-03,88.64324951171875
spy,2006-03-06,88.23704528808594
spy,2006-03-07,88.09938049316406
spy,2006-03-08,88.28527069091797
spy,2006-03-09,87.69316864013672
spy,2006-03-10,88.52619934082031
spy,2006-03-13,88.6914291381836
spy,2006-03-14,89.62081146240234
spy,2006-03-15,90.02012634277344
spy,2006-03-16,90.20600128173828
spy,2006-03-17,90.28131866455078
spy,2006-03-20,90.13616943359375
spy,2006-03-21,89.56940460205078
spy,2006-03-22,90.1154556274414
spy,2006-03-23,89.92879486083984
spy,2006-03-24,89.99795532226562
spy,2006-03-27,89.86661529541016
spy,2006-03-28,89.31367492675781
spy,2006-03-29,89.87354278564453
spy,2006-03-30,89.71458435058594
spy,2006-03-31,89.73529052734375
spy,2006-04-03,89.66619110107422
spy,2006-04-04,90.23987579345703
spy,2006-04-05,90.55084228515625
spy,2006-04-06,90.45415496826172
spy,2006-04-07,89.53483581542969
spy,2006-04-10,89.673095703125
spy,2006-04-11,88.91281127929688
spy,2006-04-12,89.07870483398438
spy,2006-04-13,88.9612045288086
spy,2006-04-17,88.92662048339844
spy,2006-04-18,90.33662414550781
spy,2006-04-19,90.50942993164062
spy,2006-04-20,90.63383483886719
spy,2006-04-21,90.64766693115234
spy,2006-04-24,90.48176574707031
spy,2006-04-25,90.1085205078125
spy,2006-04-26,90.12928771972656
spy,2006-04-27,90.56471252441406
spy,2006-04-28,90.86881256103516
spy,2006-05-01,90.12928771972656
spy,2006-05-02,90.806640625
spy,2006-05-03,90.46794891357422
spy,2006-05-04,90.79280090332031
spy,2006-05-05,91.59456634521484
spy,2006-05-08,91.48399353027344
spy,2006-05-09,91.6636734008789
spy,2006-05-10,91.61529541015625
spy,2006-05-11,90.50942993164062
spy,2006-05-12,89.32752227783203
spy,2006-05-15,89.50724792480469
spy,2006-05-16,89.3758544921875
spy,2006-05-17,87.67559814453125
spy,2006-05-18,87.23323822021484
spy,2006-05-19,87.84839630126953
spy,2006-05-22,87.17794036865234
spy,2006-05-23,86.51438903808594
spy,2006-05-24,87.20560455322266
spy,2006-05-25,88.28382873535156
spy,2006-05-26,88.73308563232422
spy,2006-05-30,87.15719604492188
spy,2006-05-31,88.13179016113281
spy,2006-06-01,88.9749984741211
spy,2006-06-02,89.16159057617188
spy,2006-06-05,87.86217498779297
spy,2006-06-06,87.64793395996094
spy,2006-06-07,86.99134826660156
spy,2006-06-08,86.91529083251953
spy,2006-06-09,86.6388168334961
spy,2006-06-12,85.69883728027344
spy,2006-06-13,84.70356750488281
spy,2006-06-14,85.3602066040039
spy,2006-06-15,87.1710205078125
spy,2006-06-16,86.5357894897461
spy,2006-06-19,85.8554458618164
spy,2006-06-20,86.14705657958984
spy,2006-06-21,86.7857437133789
spy,2006-06-22,86.40391540527344
spy,2006-06-23,86.39002990722656
spy,2006-06-26,86.77186584472656
spy,2006-06-27,86.0220718383789
spy,2006-06-28,86.6052474975586
spy,2006-06-29,88.35469818115234
spy,2006-06-30,88.36163330078125
spy,2006-07-03,88.72264099121094
spy,2006-07-05,88.21585845947266
spy,2006-07-06,88.47270965576172
spy,2006-07-07,87.89649963378906
spy,2006-07-10,88.0631103515625
spy,2006-07-11,88.45191192626953
spy,2006-07-12,87.50775909423828
spy,2006-07-13,86.0845947265625
spy,2006-07-14,85.7513427734375
spy,2006-07-17,85.62637329101562
spy,2006-07-18,86.06372833251953
spy,2006-07-19,87.2578125
spy,2006-07-20,86.66077423095703
spy,2006-07-21,86.04985809326172
spy,2006-07-24,87.61881256103516
spy,2006-07-25,87.93122863769531
spy,2006-07-26,88.04925537109375
spy,2006-07-27,87.9659194946289
spy,2006-07-28,88.84762573242188
spy,2006-07-31,88.75736236572266
spy,2006-08-01,88.32000732421875
spy,2006-08-02,88.91700744628906
spy,2006-08-03,89.15308380126953
spy,2006-08-04,89.00033569335938
spy,2006-08-07,88.79207611083984
spy,2006-08-08,88.45191192626953
spy,2006-08-09,88.15340423583984
spy,2006-08-10,88.42414093017578
spy,2006-08-11,88.17417907714844
spy,2006-08-14,88.24361419677734
spy,2006-08-15,89.29884338378906
spy,2006-08-16,90.04164123535156
spy,2006-08-17,90.27079010009766
spy,2006-08-18,90.72895812988281
spy,2006-08-21,90.3402099609375
spy,2006-08-22,90.3332748413086
spy,2006-08-23,90.08332061767578
spy,2006-08-24,90.0069580078125
spy,2006-08-25,90.1180191040039
spy,2006-08-28,90.5484390258789
spy,2006-08-29,90.65260314941406
spy,2006-08-30,90.70812225341797
spy,2006-08-31,90.69424438476562
spy,2006-09-01,91.23577880859375
spy,2006-09-05,91.40930938720703
spy,2006-09-06,90.60398864746094
spy,2006-09-07,90.1874771118164
spy,2006-09-08,90.44434356689453
spy,2006-09-11,90.53457641601562
spy,2006-09-12,91.42322540283203
spy,2006-09-13,91.79112243652344
spy,2006-09-14,91.79808807373047
spy,2006-09-15,92.01353454589844
spy,2006-09-18,92.13905334472656
spy,2006-09-19,91.90895080566406
spy,2006-09-20,92.39704895019531
spy,2006-09-21,91.9508285522461
spy,2006-09-22,91.67189025878906
spy,2006-09-25,92.37613677978516
spy,2006-09-26,93.14313507080078
spy,2006-09-27,93.25473022460938
spy,2006-09-28,93.21986389160156
spy,2006-09-29,93.14313507080078
spy,2006-10-02,92.79447937011719
spy,2006-10-03,92.98977661132812
spy,2006-10-04,94.07749938964844
spy,2006-10-05,94.25877380371094
spy,2006-10-06,94.14026641845703
spy,2006-10-09,94.19599914550781
spy,2006-10-10,94.3215560913086
spy,2006-10-11,94.2099838256836
spy,2006-10-12,95.02582550048828
spy,2006-10-13,95.26986694335938
spy,2006-10-16,95.41629028320312
spy,2006-10-17,95.11643981933594
spy,2006-10-18,95.24197387695312
spy,2006-10-19,95.39540100097656
spy,2006-10-20,95.41629028320312
spy,2006-10-23,95.8555908203125
spy,2006-10-24,96.1414566040039
spy,2006-10-25,96.46918487548828
spy,2006-10-26,96.76903533935547
spy,2006-10-27,96.16236114501953
spy,2006-10-30,96.09261322021484
spy,2006-10-31,96.07874298095703
spy,2006-11-01,95.43025207519531
spy,2006-11-02,95.37445068359375
spy,2006-11-03,95.20709228515625
spy,2006-11-06,96.28093719482422
spy,2006-11-07,96.65046691894531
spy,2006-11-08,96.85964965820312
spy,2006-11-09,96.35063171386719
spy,2006-11-10,96.39249420166016
spy,2006-11-13,96.62959289550781
spy,2006-11-14,97.35475158691406
spy,2006-11-15,97.63362121582031
spy,2006-11-16,97.88467407226562
spy,2006-11-17,97.91254425048828
spy,2006-11-20,97.96836853027344
spy,2006-11-21,98.06596374511719
spy,2006-11-22,98.26119232177734
spy,2006-11-24,97.86375427246094
spy,2006-11-27,96.51799011230469
spy,2006-11-28,96.9363784790039
spy,2006-11-29,97.9474105834961
spy,2006-11-30,97.9892578125
spy,2006-12-01,97.77311706542969
spy,2006-12-04,98.51923370361328
spy,2006-12-05,98.9445571899414
spy,2006-12-06,98.86087799072266
spy,2006-12-07,98.42852783203125
spy,2006-12-08,98.60982513427734
spy,2006-12-11,98.89574432373047
spy,2006-12-12,98.81903839111328
spy,2006-12-13,98.92364501953125
spy,2006-12-14,99.79524230957031
spy,2006-12-15,99.80433654785156
spy,2006-12-18,99.53087615966797
spy,2006-12-19,99.72019958496094
spy,2006-12-20,99.66412353515625
spy,2006-12-21,99.29949188232422
spy,2006-12-22,98.6894760131836
spy,2006-12-26,99.2714614868164
spy,2006-12-27,99.92356872558594
spy,2006-12-28,99.71318054199219
spy,2006-12-29,99.29949188232422
spy,2007-01-03,99.12418365478516
spy,2007-01-04,99.33455657958984
spy,2007-01-05,98.54226684570312
spy,2007-01-08,98.99803161621094
spy,2007-01-09,98.91387176513672
spy,2007-01-10,99.24340057373047
spy,2007-01-11,99.6781005859375
spy,2007-01-12,100.4354019165039
spy,2007-01-16,100.23906707763672
spy,2007-01-17,100.28108978271484
spy,2007-01-18,99.9445571899414
spy,2007-01-19,100.14090728759766
spy,2007-01-22,99.83235168457031
spy,2007-01-23,100.12687683105469
spy,2007-01-24,100.93321228027344
spy,2007-01-25,99.74823760986328
spy,2007-01-26,99.65709686279297
spy,2007-01-29,99.60099792480469
spy,2007-01-30,100.11991119384766
spy,2007-01-31,100.7929916381836
spy,2007-02-01,101.3959732055664
spy,2007-02-02,101.53621673583984
spy,2007-02-05,101.56427001953125
spy,2007-02-06,101.59231567382812
spy,2007-02-07,101.81668853759766
spy,2007-02-08,101.6834716796875
spy,2007-02-09,100.92620086669922
spy,2007-02-12,100.58263397216797
spy,2007-02-13,101.4310531616211
spy,2007-02-14,102.0971450805664
spy,2007-02-15,102.23041534423828
spy,2007-02-16,102.1812744140625
spy,2007-02-20,102.398681640625
spy,2007-02-21,102.35653686523438
spy,2007-02-22,102.2794418334961
spy,2007-02-23,101.87979125976562
spy,2007-02-26,101.78865051269531
spy,2007-02-27,97.81304168701172
spy,2007-02-28,98.81566619873047
spy,2007-03-01,98.5212173461914
spy,2007-03-02,97.23104858398438
spy,2007-03-05,96.30552673339844
spy,2007-03-06,97.95325469970703
spy,2007-03-07,97.85508728027344
spy,2007-03-08,98.68250274658203
spy,2007-03-09,98.71049499511719
spy,2007-03-12,98.85774230957031
spy,2007-03-13,96.93658447265625
spy,2007-03-14,97.65876770019531
spy,2007-03-15,97.79200744628906
spy,2007-03-16,97.51815795898438
spy,2007-03-19,98.69377899169922
spy,2007-03-20,99.23578643798828
spy,2007-03-21,100.86897277832031
spy,2007-03-22,100.79154205322266
spy,2007-03-23,100.93933868408203
spy,2007-03-26,100.8055419921875
spy,2007-03-27,100.56627655029297
spy,2007-03-28,99.8341293334961
spy,2007-03-29,99.93974304199219
spy,2007-03-30,99.96083068847656
spy,2007-04-02,100.07347869873047
spy,2007-04-03,101.15054321289062
spy,2007-04-04,101.26319885253906
spy,2007-04-05,101.53772735595703
spy,2007-04-09,101.67853546142578
spy,2007-04-10,101.79817199707031
spy,2007-04-11,101.38282775878906
spy,2007-04-12,101.83335876464844
spy,2007-04-13,102.29798889160156
spy,2007-04-16,103.26941680908203
spy,2007-04-17,103.5439224243164
spy,2007-04-18,103.67064666748047
spy,2007-04-19,103.64250946044922
spy,2007-04-20,104.62101745605469
spy,2007-04-23,104.226806640625
spy,2007-04-24,104.26902770996094
spy,2007-04-25,105.22634887695312
spy,2007-04-26,105.3460693359375
spy,2007-04-27,105.26163482666016
spy,2007-04-30,104.38871002197266
spy,2007-05-01,104.65619659423828
spy,2007-05-02,105.26861572265625
spy,2007-05-03,105.83882904052734
spy,2007-05-04,106.2400894165039
spy,2007-05-07,106.26121520996094
spy,2007-05-08,106.12044525146484
spy,2007-05-09,106.4090576171875
spy,2007-05-10,105.29679870605469
spy,2007-05-11,106.1978530883789
spy,2007-05-14,105.96552276611328
spy,2007-05-15,105.99371337890625
spy,2007-05-16,106.71875762939453
spy,2007-05-17,106.5075454711914
spy,2007-05-18,107.43682098388672
spy,2007-05-21,107.3805160522461
spy,2007-05-22,107.29600524902344
spy,2007-05-23,107.31008911132812
spy,2007-05-24,106.33861541748047
spy,2007-05-25,106.78209686279297
spy,2007-05-29,107.16931915283203
spy,2007-05-30,108.04218292236328
spy,2007-05-31,107.92955780029297
spy,2007-06-01,108.46452331542969
spy,2007-06-04,108.47865295410156
spy,2007-06-05,108.04928588867188
spy,2007-06-06,106.8876953125
spy,2007-06-07,104.95890808105469
spy,2007-06-08,106.32457733154297
spy,2007-06-11,106.5075454711914
spy,2007-06-12,105.3460693359375
spy,2007-06-13,106.92288970947266
spy,2007-06-14,107.6057357788086
spy,2007-06-15,108.21800231933594
spy,2007-06-18,108.09074401855469
spy,2007-06-19,108.35939025878906
spy,2007-06-20,106.85354614257812
spy,2007-06-21,107.4473648071289
spy,2007-06-22,106.43643188476562
spy,2007-06-25,105.92733001708984
spy,2007-06-26,104.8386459350586
spy,2007-06-27,106.33032989501953
spy,2007-06-28,106.31617736816406
spy,2007-06-29,106.3515396118164
spy,2007-07-02,107.31307220458984
spy,2007-07-03,107.70187377929688
spy,2007-07-05,107.58876037597656
spy,2007-07-06,108.15434265136719
spy,2007-07-09,108.23919677734375
spy,2007-07-10,106.697998046875
spy,2007-07-11,107.4544906616211
spy,2007-07-12,109.15120697021484
spy,2007-07-13,109.4764404296875
spy,2007-07-16,109.46229553222656
spy,2007-07-17,109.40576171875
spy,2007-07-18,109.20777893066406
spy,2007-07-19,109.63194274902344
spy,2007-07-20,108.52201080322266
spy,2007-07-23,108.85425567626953
spy,2007-07-24,106.96660614013672
spy,2007-07-25,107.185791015625
spy,2007-07-26,104.64772033691406
spy,2007-07-27,102.59040832519531
spy,2007-07-30,104.19525909423828
spy,2007-07-31,103.02166748046875
spy,2007-08-01,103.52359008789062
spy,2007-08-02,104.35077667236328
spy,2007-08-03,101.66423034667969
spy,2007-08-06,103.36811828613281
spy,2007-08-07,104.47095489501953
spy,2007-08-08,105.92733001708984
spy,2007-08-09,102.78839111328125
spy,2007-08-10,102.30762481689453
spy,2007-08-13,102.67526245117188
spy,2007-08-14,101.1056900024414
spy,2007-08-15,99.71295166015625
spy,2007-08-16,100.46237182617188
spy,2007-08-17,102.30762481689453
spy,2007-08-20,102.25813293457031
spy,2007-08-21,102.4631576538086
spy,2007-08-22,103.6791763305664
spy,2007-08-23,103.58724975585938
spy,2007-08-24,104.86688995361328
spy,2007-08-27,103.89125061035156
spy,2007-08-28,101.60770416259766
spy,2007-08-29,103.60140228271484
spy,2007-08-30,103.3257064819336
spy,2007-08-31,104.34371185302734
spy,2007-09-04,105.39713287353516
spy,2007-09-05,104.48514556884766
spy,2007-09-06,104.72553253173828
spy,2007-09-07,103.26914978027344
spy,2007-09-10,103.0711898803711
spy,2007-09-11,104.27301025390625
spy,2007-09-12,104.54165649414062
spy,2007-09-13,105.27692413330078
spy,2007-09-14,105.26991271972656
spy,2007-09-17,104.70429992675781
spy,2007-09-18,107.78675079345703
spy,2007-09-19,108.42301940917969
spy,2007-09-20,107.65945434570312
spy,2007-09-21,107.95001983642578
spy,2007-09-24,107.75108337402344
spy,2007-09-25,107.5380630493164
spy,2007-09-26,108.10628509521484
spy,2007-09-27,108.74555969238281
spy,2007-09-28,108.38327026367188
spy,2007-10-01,109.6051254272461
spy,2007-10-02,109.45589447021484
spy,2007-10-03,109.2357177734375
spy,2007-10-04,109.40618133544922
spy,2007-10-05,110.70610046386719
spy,2007-10-08,110.11649322509766
spy,2007-10-09,111.15363311767578
spy,2007-10-10,110.96894836425781
spy,2007-10-11,110.4361572265625
spy,2007-10-12,111.04705047607422
spy,2007-10-15,110.10936737060547
spy,2007-10-16,109.2357177734375
spy,2007-10-17,109.56961822509766
spy,2007-10-18,109.17179870605469
spy,2007-10-19,106.31623077392578
spy,2007-10-22,106.93424224853516
spy,2007-10-23,107.80083465576172
spy,2007-10-24,107.60193634033203
spy,2007-10-25,107.85765838623047
spy,2007-10-26,109.12206268310547
spy,2007-10-29,109.48432922363281
spy,2007-10-30,108.72429656982422
spy,2007-10-31,109.85372924804688
spy,2007-11-01,107.28227233886719
spy,2007-11-02,107.40306091308594
spy,2007-11-05,106.58615112304688
spy,2007-11-06,108.02105712890625
spy,2007-11-07,105.06603240966797
spy,2007-11-08,104.53327941894531
spy,2007-11-09,103.09839630126953
spy,2007-11-12,102.07553100585938
spy,2007-11-13,105.18681335449219
spy,2007-11-14,104.89556884765625
spy,2007-11-15,103.38252258300781
spy,2007-11-16,103.56012725830078
spy,2007-11-19,102.11811828613281
spy,2007-11-20,102.74323272705078
spy,2007-11-21,100.6406021118164
spy,2007-11-23,102.38095092773438
spy,2007-11-26,100.1220932006836
spy,2007-11-27,101.27285766601562
spy,2007-11-28,104.5119857788086
spy,2007-11-29,104.54749298095703
spy,2007-11-30,105.5987777709961
spy,2007-12-03,104.90263366699219
spy,2007-12-04,103.96497344970703
spy,2007-12-05,105.70533752441406
spy,2007-12-06,107.21837615966797
spy,2007-12-07,107.19701385498047
spy,2007-12-10,108.02810668945312
spy,2007-12-11,105.06603240966797
spy,2007-12-12,106.10313415527344
spy,2007-12-13,105.88291931152344
spy,2007-12-14,104.54035949707031
spy,2007-12-17,103.04872131347656
spy,2007-12-18,103.6240463256836
spy,2007-12-19,103.6240463256836
spy,2007-12-20,104.27753448486328
spy,2007-12-21,105.78076171875
spy,2007-12-24,106.5662612915039
spy,2007-12-26,106.79478454589844
spy,2007-12-27,105.45222473144531
spy,2007-12-28,105.18802642822266
spy,2007-12-31,104.40966033935547
spy,2008-01-02,103.49559783935547
spy,2008-01-03,103.44568634033203
spy,2008-01-04,100.91053009033203
spy,2008-01-07,100.82485961914062
spy,2008-01-08,99.19668579101562
spy,2008-01-09,100.23931884765625
spy,2008-01-10,100.89624786376953
spy,2008-01-11,100.08219146728516
spy,2008-01-14,100.88911437988281
spy,2008-01-15,98.66820526123047
spy,2008-01-16,97.8184814453125
spy,2008-01-17,95.28336334228516
spy,2008-01-18,94.30502319335938
spy,2008-01-22,93.34815979003906
spy,2008-01-23,95.59044647216797
spy,2008-01-24,96.39736938476562
spy,2008-01-25,95.0048828125
spy,2008-01-28,96.57593536376953
spy,2008-01-29,97.05439758300781
spy,2008-01-30,96.34024810791016
spy,2008-01-31,98.09696197509766
spy,2008-02-01,99.67515563964844
spy,2008-02-04,98.41830444335938
spy,2008-02-05,95.78325653076172
spy,2008-02-06,95.01202392578125
spy,2008-02-07,95.64043426513672
spy,2008-02-08,95.02632904052734
spy,2008-02-11,95.51190948486328
spy,2008-02-12,96.39736938476562
spy,2008-02-13,97.38284301757812
spy,2008-02-14,96.52591705322266
spy,2008-02-15,96.50450134277344
spy,2008-02-19,96.77587127685547
spy,2008-02-20,97.06149291992188
spy,2008-02-21,96.25455474853516
spy,2008-02-22,96.84725952148438
spy,2008-02-25,98.06837463378906
spy,2008-02-26,98.8039321899414
spy,2008-02-27,98.70394897460938
spy,2008-02-28,97.73990631103516
spy,2008-02-29,95.56189727783203
spy,2008-03-03,95.3333740234375
spy,2008-03-04,94.96916961669922
spy,2008-03-05,95.56900787353516
spy,2008-03-06,93.5909423828125
spy,2008-03-07,92.62687683105469
spy,2008-03-10,91.4057846069336
spy,2008-03-11,94.69071960449219
spy,2008-03-12,93.80516052246094
spy,2008-03-13,94.01226043701172
spy,2008-03-14,92.55548858642578
spy,2008-03-17,91.62000274658203
spy,2008-03-18,95.42618560791016
spy,2008-03-19,93.06248474121094
spy,2008-03-20,94.78629302978516
spy,2008-03-24,96.68087768554688
spy,2008-03-25,96.77417755126953
spy,2008-03-26,95.5900650024414
spy,2008-03-27,95.28865051269531
spy,2008-03-28,94.37724304199219
spy,2008-03-31,94.70734405517578
spy,2008-04-01,98.03722381591797
spy,2008-04-02,98.1017837524414
spy,2008-04-03,98.34578704833984
spy,2008-04-04,98.2381591796875
spy,2008-04-07,98.28834533691406
spy,2008-04-08,98.1878890991211
spy,2008-04-09,97.47743225097656
spy,2008-04-10,97.61382293701172
spy,2008-04-11,95.71922302246094
spy,2008-04-14,95.3962631225586
spy,2008-04-15,95.6187515258789
spy,2008-04-16,98.20944213867188
spy,2008-04-17,98.35295104980469
spy,2008-04-18,99.37919616699219
spy,2008-04-21,99.4294204711914
spy,2008-04-22,98.99169158935547
spy,2008-04-23,98.83381652832031
spy,2008-04-24,99.26437377929688
spy,2008-04-25,100.18297576904297
spy,2008-04-28,100.2044906616211
spy,2008-04-29,99.80977630615234
spy,2008-04-30,99.22136688232422
spy,2008-05-01,101.2738265991211
spy,2008-05-02,101.55365753173828
spy,2008-05-05,101.0656967163086
spy,2008-05-06,101.94121551513672
spy,2008-05-07,100.12557983398438
spy,2008-05-08,99.86721801757812
spy,2008-05-09,99.68062591552734
spy,2008-05-12,100.80009460449219
spy,2008-05-13,100.81446838378906
spy,2008-05-14,101.02262115478516
spy,2008-05-15,102.28568267822266
spy,2008-05-16,102.3789291381836
spy,2008-05-19,102.6588363647461
spy,2008-05-20,101.8263931274414
spy,2008-05-21,100.10403442382812
spy,2008-05-22,100.11837005615234
spy,2008-05-23,98.7763671875
spy,2008-05-27,99.50839233398438
spy,2008-05-28,99.9676513671875
spy,2008-05-29,100.47002410888672
spy,2008-05-30,100.72118377685547
spy,2008-06-02,99.68062591552734
spy,2008-06-03,99.09931945800781
spy,2008-06-04,99.0490951538086
spy,2008-06-05,101.02977752685547
spy,2008-06-06,97.80755615234375
spy,2008-06-09,98.04434967041016
spy,2008-06-10,97.55635833740234
spy,2008-06-11,96.12109375
spy,2008-06-12,96.48709869384766
spy,2008-06-13,97.70707702636719
spy,2008-06-16,97.7645034790039
spy,2008-06-17,97.29087829589844
spy,2008-06-18,96.34355163574219
spy,2008-06-19,96.465576171875
spy,2008-06-20,94.89976501464844
spy,2008-06-23,94.80599975585938
spy,2008-06-24,94.61851501464844
spy,2008-06-25,95.0656509399414
spy,2008-06-26,92.48365020751953
spy,2008-06-27,91.9787826538086
spy,2008-06-30,92.30332946777344
spy,2008-07-01,92.59183502197266
spy,2008-07-02,91.00509643554688
spy,2008-07-03,91.09883117675781
spy,2008-07-07,90.16848754882812
spy,2008-07-08,91.76959228515625
spy,2008-07-09,90.0025863647461
spy,2008-07-10,90.37040710449219
spy,2008-07-11,89.31744384765625
spy,2008-07-14,88.50962829589844
spy,2008-07-15,87.26190948486328
spy,2008-07-16,89.40397644042969
spy,2008-07-17,90.29829406738281
spy,2008-07-18,90.86088562011719
spy,2008-07-21,90.91136932373047
spy,2008-07-22,91.94271087646484
spy,2008-07-23,92.44037628173828
spy,2008-07-24,90.52191162109375
spy,2008-07-25,90.50025939941406
spy,2008-07-28,89.17316436767578
spy,2008-07-29,91.07723236083984
spy,2008-07-30,92.70001220703125
spy,2008-07-31,91.47393035888672
spy,2008-08-01,90.99071502685547
spy,2008-08-04,90.1468505859375
spy,2008-08-05,92.57740783691406
spy,2008-08-06,92.98849487304688
spy,2008-08-07,91.6037368774414
spy,2008-08-08,93.30587005615234
spy,2008-08-11,94.27230072021484
spy,2008-08-12,93.29143524169922
spy,2008-08-13,92.72886657714844
spy,2008-08-14,93.42845153808594
spy,2008-08-15,93.8828125
spy,2008-08-18,92.59900665283203
spy,2008-08-19,91.58930969238281
spy,2008-08-20,92.01482391357422
spy,2008-08-21,92.1734848022461
spy,2008-08-22,93.5078125
spy,2008-08-25,91.61095428466797
spy,2008-08-26,91.87779998779297
spy,2008-08-27,92.77215576171875
spy,2008-08-28,93.89728546142578
spy,2008-08-29,92.88754272460938
spy,2008-09-02,92.31055450439453
spy,2008-09-03,92.231201171875
spy,2008-09-04,89.45445251464844
spy,2008-09-05,89.73577880859375
spy,2008-09-08,91.58930969238281
spy,2008-09-09,88.87028503417969
spy,2008-09-10,89.23086547851562
spy,2008-09-11,90.52191162109375
spy,2008-09-12,90.94019317626953
spy,2008-09-15,86.6128158569336
spy,2008-09-16,88.06248474121094
spy,2008-09-17,84.1029281616211
spy,2008-09-18,86.598388671875
spy,2008-09-19,90.03755950927734
spy,2008-09-22,87.99918365478516
spy,2008-09-23,85.99699401855469
spy,2008-09-24,86.27266693115234
spy,2008-09-25,87.62194061279297
spy,2008-09-26,87.66545867919922
spy,2008-09-29,80.79584503173828
spy,2008-09-30,84.1399917602539
spy,2008-10-01,84.19075775146484
spy,2008-10-02,81.13680267333984
spy,2008-10-03,80.04142761230469
spy,2008-10-06,75.96463775634766
spy,2008-10-07,72.56248474121094
spy,2008-10-08,70.73444366455078
spy,2008-10-09,65.79441833496094
spy,2008-10-10,64.19853210449219
spy,2008-10-13,73.52001953125
spy,2008-10-14,72.4319076538086
spy,2008-10-15,65.3011245727539
spy,2008-10-16,68.02143096923828
spy,2008-10-17,67.61518859863281
spy,2008-10-20,71.6774673461914
spy,2008-10-21,69.53752899169922
spy,2008-10-22,65.75090789794922
spy,2008-10-23,66.51256561279297
spy,2008-10-24,63.13943862915039
spy,2008-10-27,60.89792251586914
spy,2008-10-28,68.01416015625
spy,2008-10-29,67.52092742919922
spy,2008-10-30,69.8567123413086
spy,2008-10-31,70.2411880493164
spy,2008-11-03,70.44428253173828
spy,2008-11-04,72.83815002441406
spy,2008-11-05,69.77693176269531
spy,2008-11-06,65.91049194335938
spy,2008-11-07,68.08667755126953
spy,2008-11-10,67.19446563720703
spy,2008-11-11,65.11980438232422
spy,2008-11-12,62.25442886352539
spy,2008-11-13,66.1353530883789
spy,2008-11-14,62.83475112915039
spy,2008-11-17,62.000545501708984
spy,2008-11-18,63.16846466064453
spy,2008-11-19,59.120662689208984
spy,2008-11-20,54.731971740722656
spy,2008-11-21,57.68437576293945
spy,2008-11-24,61.681365966796875
spy,2008-11-25,62.138389587402344
spy,2008-11-26,64.53949737548828
spy,2008-11-28,65.3519287109375
spy,2008-12-01,59.563167572021484
spy,2008-12-02,61.85546112060547
spy,2008-12-03,63.34256362915039
spy,2008-12-04,61.87724685668945
spy,2008-12-05,63.785037994384766
spy,2008-12-08,66.01204681396484
spy,2008-12-09,64.9239501953125
spy,2008-12-10,65.3664321899414
spy,2008-12-11,63.792301177978516
spy,2008-12-12,64.5539779663086
spy,2008-12-15,63.654476165771484
spy,2008-12-16,66.65040588378906
spy,2008-12-17,66.00479888916016
spy,2008-12-18,64.77162170410156
spy,2008-12-19,64.49300384521484
spy,2008-12-22,63.6666145324707
spy,2008-12-23,63.00846862792969
spy,2008-12-24,63.374088287353516
spy,2008-12-26,63.739776611328125
spy,2008-12-29,63.556941986083984
spy,2008-12-30,65.06340789794922
spy,2008-12-31,65.9921646118164
spy,2009-01-02,67.98126220703125
spy,2009-01-05,67.90083312988281
spy,2009-01-06,68.35420989990234
spy,2009-01-07,66.306640625
spy,2009-01-08,66.57715606689453
spy,2009-01-09,65.15115356445312
spy,2009-01-12,63.58616256713867
spy,2009-01-13,63.70316696166992
spy,2009-01-14,61.699440002441406
spy,2009-01-15,61.72138214111328
spy,2009-01-16,62.204010009765625
spy,2009-01-20,58.92047882080078
spy,2009-01-21,61.4654426574707
spy,2009-01-22,60.51473617553711
spy,2009-01-23,60.77801513671875
spy,2009-01-26,61.194854736328125
spy,2009-01-27,61.816436767578125
spy,2009-01-28,63.907962799072266
spy,2009-01-29,61.83106994628906
spy,2009-01-30,60.5732421875
spy,2009-02-02,60.39040756225586
spy,2009-02-03,61.23871994018555
spy,2009-02-04,60.93888473510742
spy,2009-02-05,61.84566879272461
spy,2009-02-06,63.60810089111328
spy,2009-02-09,63.69587326049805
spy,2009-02-10,60.77801513671875
spy,2009-02-11,61.136329650878906
spy,2009-02-12,61.18019485473633
spy,2009-02-13,60.52203369140625
spy,2009-02-17,57.9332389831543
spy,2009-02-18,57.794288635253906
spy,2009-02-19,57.17272186279297
spy,2009-02-20,56.61689758300781
spy,2009-02-23,54.59123611450195
spy,2009-02-24,56.66080856323242
spy,2009-02-25,56.21470260620117
spy,2009-02-26,55.30059814453125
spy,2009-02-27,54.064693450927734
spy,2009-03-02,51.6295051574707
spy,2009-03-03,51.241905212402344
spy,2009-03-04,52.45584487915039
spy,2009-03-05,50.313148498535156
spy,2009-03-06,50.400909423828125
spy,2009-03-09,49.80854797363281
spy,2009-03-10,52.77763748168945
spy,2009-03-11,53.12134552001953
spy,2009-03-12,55.212825775146484
spy,2009-03-13,55.6442985534668
spy,2009-03-16,55.47611618041992
spy,2009-03-17,57.17272186279297
spy,2009-03-18,58.45245361328125
spy,2009-03-19,57.72850799560547
spy,2009-03-20,56.49924087524414
spy,2009-03-23,60.557491302490234
spy,2009-03-24,59.36432647705078
spy,2009-03-25,59.99040603637695
spy,2009-03-26,61.21303176879883
spy,2009-03-27,60.10822296142578
spy,2009-03-30,58.03122329711914
spy,2009-03-31,58.568870544433594
spy,2009-04-01,59.703155517578125
spy,2009-04-02,61.448707580566406
spy,2009-04-03,62.060028076171875
spy,2009-04-06,61.573917388916016
spy,2009-04-07,60.13766860961914
spy,2009-04-08,60.78583526611328
spy,2009-04-09,63.20164489746094
spy,2009-04-13,63.216373443603516
spy,2009-04-14,62.12630844116211
spy,2009-04-15,62.7891731262207
spy,2009-04-16,63.709861755371094
spy,2009-04-17,64.13703155517578
spy,2009-04-20,61.448707580566406
spy,2009-04-21,62.64924240112305
spy,2009-04-22,62.266258239746094
spy,2009-04-23,62.87755584716797
spy,2009-04-24,63.82768630981445
spy,2009-04-27,63.223751068115234
spy,2009-04-28,63.02488708496094
spy,2009-04-29,64.3653564453125
spy,2009-04-30,64.38746643066406
spy,2009-05-01,64.73361206054688
spy,2009-05-04,66.93585968017578
spy,2009-05-05,66.70755767822266
spy,2009-05-06,67.86388397216797
spy,2009-05-07,66.9211654663086
spy,2009-05-08,68.48257446289062
spy,2009-05-11,67.20101165771484
spy,2009-05-12,67.00215148925781
spy,2009-05-13,65.31550598144531
spy,2009-05-14,65.87525939941406
spy,2009-05-15,65.33759307861328
spy,2009-05-18,67.19365692138672
spy,2009-05-19,67.11261749267578
spy,2009-05-20,66.66336059570312
spy,2009-05-21,65.70587158203125
spy,2009-05-22,65.56591033935547
spy,2009-05-26,67.24518585205078
spy,2009-05-27,66.0446548461914
spy,2009-05-28,66.96533966064453
spy,2009-05-29,68.15113830566406
spy,2009-06-01,69.80097961425781
spy,2009-06-02,69.8598861694336
spy,2009-06-03,68.97605895996094
spy,2009-06-04,69.62420654296875
spy,2009-06-05,69.63893127441406
spy,2009-06-08,69.35169219970703
spy,2009-06-09,69.7052230834961
spy,2009-06-10,69.5284652709961
spy,2009-06-11,69.83778381347656
spy,2009-06-12,70.02928161621094
spy,2009-06-15,68.42364501953125
spy,2009-06-16,67.4956283569336
spy,2009-06-17,67.42935180664062
spy,2009-06-18,67.92280578613281
spy,2009-06-19,68.1731948852539
spy,2009-06-22,66.12886047363281
spy,2009-06-23,66.18070220947266
spy,2009-06-24,66.75105285644531
spy,2009-06-25,68.20276641845703
spy,2009-06-26,68.0250473022461
spy,2009-06-29,68.66202545166016
spy,2009-06-30,68.10649108886719
spy,2009-07-01,68.38794708251953
spy,2009-07-02,66.52143859863281
spy,2009-07-06,66.51399993896484
spy,2009-07-07,65.2252197265625
spy,2009-07-08,65.1807861328125
spy,2009-07-09,65.30670166015625
spy,2009-07-10,65.15113830566406
spy,2009-07-13,66.7362289428711
spy,2009-07-14,67.11397552490234
spy,2009-07-15,69.07679748535156
spy,2009-07-16,68.9656982421875
spy,2009-07-17,69.72119903564453
spy,2009-07-20,70.46186828613281
spy,2009-07-21,70.78781127929688
spy,2009-07-22,70.77300262451172
spy,2009-07-23,72.33586883544922
spy,2009-07-24,72.63213348388672
spy,2009-07-27,72.8469009399414
spy,2009-07-28,72.5062255859375
spy,2009-07-29,72.32843017578125
spy,2009-07-30,73.08392333984375
spy,2009-07-31,73.18766021728516
spy,2009-08-03,74.39498138427734
spy,2009-08-04,74.58755493164062
spy,2009-08-05,74.37274932861328
spy,2009-08-06,73.98760986328125
spy,2009-08-07,74.95787811279297
spy,2009-08-10,74.8023681640625
spy,2009-08-11,73.86907958984375
spy,2009-08-12,74.66160583496094
spy,2009-08-13,75.23194122314453
spy,2009-08-14,74.65419006347656
spy,2009-08-17,72.8172836303711
spy,2009-08-18,73.39501953125
spy,2009-08-19,74.0394058227539
spy,2009-08-20,74.8023681640625
spy,2009-08-21,76.26890563964844
spy,2009-08-24,76.26152038574219
spy,2009-08-25,76.40962982177734
spy,2009-08-26,76.41703796386719
spy,2009-08-27,76.5874252319336
spy,2009-08-28,76.57261657714844
spy,2009-08-31,75.89115905761719
spy,2009-09-01,74.21719360351562
spy,2009-09-02,73.93576049804688
spy,2009-09-03,74.55049896240234
spy,2009-09-04,75.59489440917969
spy,2009-09-08,76.2467269897461
spy,2009-09-09,76.83183288574219
spy,2009-09-10,77.6169662475586
spy,2009-09-11,77.60215759277344
spy,2009-09-14,77.97990417480469
spy,2009-09-15,78.3058090209961
spy,2009-09-16,79.49092102050781
spy,2009-09-17,79.37242889404297
spy,2009-09-18,79.42301177978516
spy,2009-09-21,79.22208404541016
spy,2009-09-22,79.6834945678711
spy,2009-09-23,79.02115631103516
spy,2009-09-24,78.1504135131836
spy,2009-09-25,77.73363494873047
spy,2009-09-28,79.12533569335938
spy,2009-09-29,78.88715362548828
spy,2009-09-30,78.5820541381836
spy,2009-10-01,76.6322021484375
spy,2009-10-02,76.27497100830078
spy,2009-10-05,77.41361236572266
spy,2009-10-06,78.52250671386719
spy,2009-10-07,78.73834228515625
spy,2009-10-08,79.34114074707031
spy,2009-10-09,79.82492065429688
spy,2009-10-12,80.13748931884766
spy,2009-10-13,79.97373962402344
spy,2009-10-14,81.35050964355469
spy,2009-10-15,81.64824676513672
spy,2009-10-16,81.03797912597656
spy,2009-10-19,81.7077865600586
spy,2009-10-20,81.27611541748047
spy,2009-10-21,80.54680633544922
spy,2009-10-22,81.36539459228516
spy,2009-10-23,80.43514251708984
spy,2009-10-26,79.56439208984375
spy,2009-10-27,79.19976043701172
spy,2009-10-28,77.70384979248047
spy,2009-10-29,79.37088775634766
spy,2009-10-30,77.07127380371094
spy,2009-11-02,77.63687896728516
spy,2009-11-03,77.88248443603516
spy,2009-11-04,78.08341979980469
spy,2009-11-05,79.51974487304688
spy,2009-11-06,79.7281723022461
spy,2009-11-09,81.54405212402344
spy,2009-11-10,81.55892181396484
spy,2009-11-11,81.97566986083984
spy,2009-11-12,81.14214324951172
spy,2009-11-13,81.58123016357422
spy,2009-11-16,82.76456451416016
spy,2009-11-17,82.86128234863281
spy,2009-11-18,82.80921173095703
spy,2009-11-19,81.73011016845703
spy,2009-11-20,81.43984985351562
spy,2009-11-23,82.47427368164062
spy,2009-11-24,82.60083770751953
spy,2009-11-25,82.89108276367188
spy,2009-11-27,81.54405212402344
spy,2009-11-30,81.81940460205078
spy,2009-12-01,82.83154296875
spy,2009-12-02,82.79434967041016
spy,2009-12-03,82.14685821533203
spy,2009-12-04,82.61566925048828
spy,2009-12-07,82.48918151855469
spy,2009-12-08,81.57380676269531
spy,2009-12-09,81.87898254394531
spy,2009-12-10,82.34037017822266
spy,2009-12-11,82.69014739990234
spy,2009-12-14,83.2557601928711
spy,2009-12-15,82.86875915527344
spy,2009-12-16,82.99526977539062
spy,2009-12-17,81.99800872802734
spy,2009-12-18,82.4619140625
spy,2009-12-21,83.29993438720703
spy,2009-12-22,83.59922790527344
spy,2009-12-23,83.76383209228516
spy,2009-12-24,84.16036224365234
spy,2009-12-28,84.33995819091797
spy,2009-12-29,84.22025299072266
spy,2009-12-30,84.19032287597656
spy,2009-12-31,83.38223266601562
spy,2010-01-04,84.79640197753906
spy,2010-01-05,85.02082824707031
spy,2010-01-06,85.08067321777344
spy,2010-01-07,85.4398422241211
spy,2010-01-08,85.72417449951172
spy,2010-01-11,85.84390258789062
spy,2010-01-12,85.04328155517578
spy,2010-01-13,85.76160430908203
spy,2010-01-14,85.99353790283203
spy,2010-01-15,85.02832794189453
spy,2010-01-19,86.0907974243164
spy,2010-01-20,85.21537780761719
spy,2010-01-21,83.57676696777344
spy,2010-01-22,81.71369934082031
spy,2010-01-25,82.13267517089844
spy,2010-01-26,81.78849792480469
spy,2010-01-27,82.17760467529297
spy,2010-01-28,81.2348403930664
spy,2010-01-29,80.3519058227539
spy,2010-02-01,81.60142517089844
spy,2010-02-02,82.58912658691406
spy,2010-02-03,82.17760467529297
spy,2010-02-04,79.64111328125
spy,2010-02-05,79.8056869506836
spy,2010-02-08,79.2295913696289
spy,2010-02-09,80.2247085571289
spy,2010-02-10,80.06758880615234
spy,2010-02-11,80.90563201904297
spy,2010-02-12,80.8382339477539
spy,2010-02-16,82.11022186279297
spy,2010-02-17,82.49932861328125
spy,2010-02-18,82.98564910888672
spy,2010-02-19,83.15776824951172
spy,2010-02-22,83.17273712158203
spy,2010-02-23,82.16262817382812
spy,2010-02-24,82.91830444335938
spy,2010-02-25,82.80611419677734
spy,2010-02-26,82.85843658447266
spy,2010-03-01,83.71892547607422
spy,2010-03-02,83.95085906982422
spy,2010-03-03,84.02569580078125
spy,2010-03-04,84.28009033203125
spy,2010-03-05,85.48472595214844
spy,2010-03-08,85.49970245361328
spy,2010-03-09,85.64186096191406
spy,2010-03-10,86.02348327636719
spy,2010-03-11,86.38263702392578
spy,2010-03-12,86.39008331298828
spy,2010-03-15,86.41254425048828
spy,2010-03-16,87.10091400146484
spy,2010-03-17,87.6171646118164
spy,2010-03-18,87.57227325439453
spy,2010-03-19,87.12904357910156
spy,2010-03-22,87.59481048583984
spy,2010-03-23,88.21090698242188
spy,2010-03-24,87.78263092041016
spy,2010-03-25,87.63992309570312
spy,2010-03-26,87.58729553222656
spy,2010-03-29,88.14326477050781
spy,2010-03-30,88.20337677001953
spy,2010-03-31,87.90284729003906
spy,2010-04-01,88.50392150878906
spy,2010-04-05,89.22518157958984
spy,2010-04-06,89.43553161621094
spy,2010-04-07,88.92464447021484
spy,2010-04-08,89.2326889038086
spy,2010-04-09,89.81869506835938
spy,2010-04-12,89.96145629882812
spy,2010-04-13,90.02904510498047
spy,2010-04-14,91.05081939697266
spy,2010-04-15,91.1259536743164
spy,2010-04-16,89.67594146728516
spy,2010-04-19,90.0140380859375
spy,2010-04-20,90.81793975830078
spy,2010-04-21,90.65264892578125
spy,2010-04-22,90.92314910888672
spy,2010-04-23,91.51661682128906
spy,2010-04-26,91.1710433959961
spy,2010-04-27,89.01481628417969
spy,2010-04-28,89.69097137451172
spy,2010-04-29,90.80290222167969
spy,2010-04-30,89.26273345947266
spy,2010-05-03,90.41975402832031
spy,2010-05-04,88.29354858398438
spy,2010-05-05,87.76763916015625
spy,2010-05-06,84.85254669189453
spy,2010-05-07,83.5903549194336
spy,2010-05-10,87.27176666259766
spy,2010-05-11,87.02384948730469
spy,2010-05-12,88.2409439086914
spy,2010-05-13,87.14405822753906
spy,2010-05-14,85.56629180908203
spy,2010-05-17,85.61138153076172
spy,2010-05-18,84.44685363769531
spy,2010-05-19,83.96602630615234
spy,2010-05-20,80.79549407958984
spy,2010-05-21,81.97502899169922
spy,2010-05-24,80.9232406616211
spy,2010-05-25,81.0058822631836
spy,2010-05-26,80.51752471923828
spy,2010-05-27,83.2146987915039
spy,2010-05-28,82.17037963867188
spy,2010-06-01,80.78795623779297
spy,2010-06-02,82.89163970947266
spy,2010-06-03,83.17713928222656
spy,2010-06-04,80.25455474853516
spy,2010-06-07,79.25533294677734
spy,2010-06-08,80.10430908203125
spy,2010-06-09,79.67607116699219
spy,2010-06-10,82.00509643554688
spy,2010-06-11,82.40331268310547
spy,2010-06-14,82.27556610107422
spy,2010-06-15,84.1463394165039
spy,2010-06-16,84.11626434326172
spy,2010-06-17,84.25153350830078
spy,2010-06-18,84.34285736083984
spy,2010-06-21,84.10130310058594
spy,2010-06-22,82.7123031616211
spy,2010-06-23,82.45565032958984
spy,2010-06-24,81.0893325805664
spy,2010-06-25,81.42902374267578
spy,2010-06-28,81.17235565185547
spy,2010-06-29,78.66617584228516
spy,2010-06-30,77.91883087158203
spy,2010-07-01,77.57154846191406
spy,2010-07-02,77.14883422851562
spy,2010-07-06,77.65460205078125
spy,2010-07-07,80.10041046142578
spy,2010-07-08,80.89305114746094
spy,2010-07-09,81.49696350097656
spy,2010-07-12,81.54977416992188
spy,2010-07-13,82.7802505493164
spy,2010-07-14,82.77269744873047
spy,2010-07-15,82.79536437988281
spy,2010-07-16,80.51559448242188
spy,2010-07-19,80.99117279052734
spy,2010-07-20,81.88947296142578
spy,2010-07-21,80.82508087158203
spy,2010-07-22,82.62924194335938
spy,2010-07-23,83.34644317626953
spy,2010-07-26,84.21453094482422
spy,2010-07-27,84.20700073242188
spy,2010-07-28,83.6634750366211
spy,2010-07-29,83.2558364868164
spy,2010-07-30,83.24073791503906
spy,2010-08-02,85.1203842163086
spy,2010-08-03,84.71273040771484
spy,2010-08-04,85.27892303466797
spy,2010-08-05,85.18833923339844
spy,2010-08-06,84.84110260009766
spy,2010-08-09,85.29400634765625
spy,2010-08-10,84.83352661132812
spy,2010-08-11,82.50852966308594
spy,2010-08-12,82.00273132324219
spy,2010-08-13,81.76115417480469
spy,2010-08-16,81.72341918945312
spy,2010-08-17,82.72740936279297
spy,2010-08-18,82.87840270996094
spy,2010-08-19,81.43655395507812
spy,2010-08-20,81.17235565185547
spy,2010-08-23,80.86284637451172
spy,2010-08-24,79.66261291503906
spy,2010-08-25,79.97211456298828
spy,2010-08-26,79.43611907958984
spy,2010-08-27,80.66658782958984
spy,2010-08-30,79.49652862548828
spy,2010-08-31,79.49652862548828
spy,2010-09-01,81.8743896484375
spy,2010-09-02,82.63682556152344
spy,2010-09-03,83.70877075195312
spy,2010-09-07,82.76513671875
spy,2010-09-08,83.34644317626953
spy,2010-09-09,83.73139953613281
spy,2010-09-10,84.15412902832031
spy,2010-09-13,85.09017181396484
spy,2010-09-14,85.03736877441406
spy,2010-09-15,85.36193084716797
spy,2010-09-16,85.33931732177734
spy,2010-09-17,85.37117767333984
spy,2010-09-20,86.67652130126953
spy,2010-09-21,86.50196838378906
spy,2010-09-22,86.07696533203125
spy,2010-09-23,85.37874603271484
spy,2010-09-24,87.13945770263672
spy,2010-09-27,86.72206115722656
spy,2010-09-28,87.025634765625
spy,2010-09-29,86.87384033203125
spy,2010-09-30,86.61582946777344
spy,2010-10-01,86.9800796508789
spy,2010-10-04,86.32742309570312
spy,2010-10-05,88.06534576416016
spy,2010-10-06,88.05775451660156
spy,2010-10-07,87.95149230957031
spy,2010-10-08,88.44478607177734
spy,2010-10-11,88.52828216552734
spy,2010-10-12,88.80146789550781
spy,2010-10-13,89.49213409423828
spy,2010-10-14,89.14300537109375
spy,2010-10-15,89.32514953613281
spy,2010-10-18,89.76533508300781
spy,2010-10-19,88.58898162841797
spy,2010-10-20,89.45419311523438
spy,2010-10-21,89.65150451660156
spy,2010-10-22,89.8184814453125
spy,2010-10-25,90.08409118652344
spy,2010-10-26,90.0992660522461
spy,2010-10-27,89.84122467041016
spy,2010-10-28,89.85639190673828
spy,2010-10-29,89.92472839355469
spy,2010-11-01,89.95507049560547
spy,2010-11-02,90.66847229003906
spy,2010-11-03,91.03273010253906
spy,2010-11-04,92.78587341308594
spy,2010-11-05,93.13494873046875
spy,2010-11-08,92.96039581298828
spy,2010-11-09,92.29254913330078
spy,2010-11-10,92.66441345214844
spy,2010-11-11,92.31532287597656
spy,2010-11-12,91.22248077392578
spy,2010-11-15,91.09345245361328
spy,2010-11-16,89.67424774169922
spy,2010-11-17,89.71977996826172
spy,2010-11-18,91.04032135009766
spy,2010-11-19,91.29077911376953
spy,2010-11-22,91.21485900878906
spy,2010-11-23,89.89436340332031
spy,2010-11-24,91.22248077392578
spy,2010-11-26,90.15997314453125
spy,2010-11-29,90.43317413330078
spy,2010-11-30,89.92472839355469
spy,2010-12-01,91.83721160888672
spy,2010-12-02,93.01351165771484
spy,2010-12-03,93.26396942138672
spy,2010-12-06,93.16529846191406
spy,2010-12-07,93.21846008300781
spy,2010-12-08,93.55995178222656
spy,2010-12-09,93.92422485351562
spy,2010-12-10,94.47066497802734
spy,2010-12-13,94.53136444091797
spy,2010-12-14,94.6148452758789
spy,2010-12-15,94.18228149414062
spy,2010-12-16,94.7286605834961
spy,2010-12-17,94.8301773071289
spy,2010-12-20,95.05903625488281
spy,2010-12-21,95.66173553466797
spy,2010-12-22,95.95926666259766
spy,2010-12-23,95.82193756103516
spy,2010-12-27,95.8601303100586
spy,2010-12-28,95.99742126464844
spy,2010-12-29,96.06608581542969
spy,2010-12-30,95.91350555419922
spy,2010-12-31,95.9363784790039
spy,2011-01-03,96.92818450927734
spy,2011-01-04,96.87477111816406
spy,2011-01-05,97.3782958984375
spy,2011-01-06,97.18754577636719
spy,2011-01-07,96.99683380126953
spy,2011-01-10,96.87477111816406
spy,2011-01-11,97.21807861328125
spy,2011-01-12,98.09545135498047
spy,2011-01-13,97.93521881103516
spy,2011-01-14,98.64476776123047
spy,2011-01-18,98.81257629394531
spy,2011-01-19,97.84368896484375
spy,2011-01-20,97.7139663696289
spy,2011-01-21,97.93521881103516
spy,2011-01-24,98.49217224121094
spy,2011-01-25,98.54551696777344
spy,2011-01-26,98.92701721191406
spy,2011-01-27,99.171142578125
spy,2011-01-28,97.4393081665039
spy,2011-01-31,98.17171478271484
spy,2011-02-01,99.74331665039062
spy,2011-02-02,99.5526123046875
spy,2011-02-03,99.77383422851562
spy,2011-02-04,100.05608367919922
spy,2011-02-07,100.68171691894531
spy,2011-02-08,101.13945770263672
spy,2011-02-09,100.91057586669922
spy,2011-02-10,100.94876098632812
spy,2011-02-11,101.55142211914062
spy,2011-02-14,101.7955551147461
spy,2011-02-15,101.4751205444336
spy,2011-02-16,102.11600494384766
spy,2011-02-17,102.42115020751953
spy,2011-02-18,102.63473510742188
spy,2011-02-22,100.57488250732422
spy,2011-02-23,99.95692443847656
spy,2011-02-24,99.8882827758789
spy,2011-02-25,100.95635986328125
spy,2011-02-28,101.58195495605469
spy,2011-03-01,99.8882827758789
spy,2011-03-02,100.10189819335938
spy,2011-03-03,101.82604217529297
spy,2011-03-04,101.06317901611328
spy,2011-03-07,100.26973724365234
spy,2011-03-08,101.14708709716797
spy,2011-03-09,101.00212097167969
spy,2011-03-10,99.13298034667969
spy,2011-03-11,99.81959533691406
spy,2011-03-14,99.21690368652344
spy,2011-03-15,98.0801773071289
spy,2011-03-16,96.26441192626953
spy,2011-03-17,97.53849792480469
spy,2011-03-18,97.89324951171875
spy,2011-03-21,99.41041564941406
spy,2011-03-22,99.06556701660156
spy,2011-03-23,99.34913635253906
spy,2011-03-24,100.29920959472656
spy,2011-03-25,100.6057357788086
spy,2011-03-28,100.36051177978516
spy,2011-03-29,101.0348129272461
spy,2011-03-30,101.73204803466797
spy,2011-03-31,101.5941390991211
spy,2011-04-01,102.02322387695312
spy,2011-04-04,102.10749816894531
spy,2011-04-05,102.09219360351562
spy,2011-04-06,102.41400909423828
spy,2011-04-07,102.15349578857422
spy,2011-04-08,101.80098724365234
spy,2011-04-11,101.49456787109375
spy,2011-04-12,100.73595428466797
spy,2011-04-13,100.72830200195312
spy,2011-04-14,100.80492401123047
spy,2011-04-15,101.1727294921875
spy,2011-04-18,100.03871154785156
spy,2011-04-19,100.61337280273438
spy,2011-04-20,101.98494720458984
spy,2011-04-21,102.50592041015625
spy,2011-04-25,102.3987045288086
spy,2011-04-26,103.27985382080078
spy,2011-04-27,103.9541244506836
spy,2011-04-28,104.29125213623047
spy,2011-04-29,104.53648376464844
spy,2011-05-02,104.37554168701172
spy,2011-05-03,104.00010681152344
spy,2011-05-04,103.31050109863281
spy,2011-05-05,102.37570190429688
spy,2011-05-06,102.8277816772461
spy,2011-05-09,103.22623443603516
spy,2011-05-10,104.10735321044922
spy,2011-05-11,103.01165771484375
spy,2011-05-12,103.50205993652344
spy,2011-05-13,102.70516204833984
spy,2011-05-16,102.05389404296875
spy,2011-05-17,102.03856658935547
spy,2011-05-18,102.95037078857422
spy,2011-05-19,103.19554901123047
spy,2011-05-20,102.37570190429688
spy,2011-05-23,101.18804931640625
spy,2011-05-24,101.103759765625
spy,2011-05-25,101.44087982177734
spy,2011-05-26,101.90829467773438
spy,2011-05-27,102.29906463623047
spy,2011-05-31,103.3641128540039
spy,2011-06-01,101.04244232177734
spy,2011-06-02,100.93517303466797
spy,2011-06-03,99.9314193725586
spy,2011-06-06,98.87401580810547
spy,2011-06-07,98.812744140625
spy,2011-06-08,98.39897155761719
spy,2011-06-09,99.14987182617188
spy,2011-06-10,97.77068328857422
spy,2011-06-13,97.84728240966797
spy,2011-06-14,99.08857727050781
spy,2011-06-15,97.32624816894531
spy,2011-06-16,97.5407943725586
spy,2011-06-17,97.8318862915039
spy,2011-06-20,98.33238220214844
spy,2011-06-21,99.67993927001953
spy,2011-06-22,99.07931518554688
spy,2011-06-23,98.7944107055664
spy,2011-06-24,97.64704895019531
spy,2011-06-27,98.51717376708984
spy,2011-06-28,99.80315399169922
spy,2011-06-29,100.65785217285156
spy,2011-06-30,101.62040710449219
spy,2011-07-01,103.12196350097656
spy,2011-07-05,103.03726196289062
spy,2011-07-06,103.16044616699219
spy,2011-07-07,104.23075103759766
spy,2011-07-08,103.49153900146484
spy,2011-07-11,101.62040710449219
spy,2011-07-12,101.18150329589844
spy,2011-07-13,101.52029418945312
spy,2011-07-14,100.81957244873047
spy,2011-07-15,101.40482330322266
spy,2011-07-18,100.57319641113281
spy,2011-07-19,102.20561981201172
spy,2011-07-20,102.14400482177734
spy,2011-07-21,103.56087493896484
spy,2011-07-22,103.63018035888672
spy,2011-07-25,103.0526351928711
spy,2011-07-26,102.66764068603516
spy,2011-07-27,100.56549835205078
spy,2011-07-28,100.27286529541016
spy,2011-07-29,99.5875244140625
spy,2011-08-01,99.16403198242188
spy,2011-08-02,96.63063049316406
spy,2011-08-03,97.15424346923828
spy,2011-08-04,92.60340118408203
spy,2011-08-05,92.46479034423828
spy,2011-08-08,86.44319152832031
spy,2011-08-09,90.46273040771484
spy,2011-08-10,86.46627807617188
spy,2011-08-11,90.34722137451172
spy,2011-08-12,90.95552062988281
spy,2011-08-15,92.88059997558594
spy,2011-08-16,92.08747863769531
spy,2011-08-17,92.14907836914062
spy,2011-08-18,88.17575073242188
spy,2011-08-19,86.73575592041016
spy,2011-08-22,86.8050765991211
spy,2011-08-23,89.66189575195312
spy,2011-08-24,90.92475128173828
spy,2011-08-25,89.5386962890625
spy,2011-08-26,90.84004211425781
spy,2011-08-29,93.45044708251953
spy,2011-08-30,93.69684600830078
spy,2011-08-31,94.1126480102539
spy,2011-09-01,93.12699890136719
spy,2011-09-02,90.74763488769531
spy,2011-09-06,90.0854263305664
spy,2011-09-07,92.6264877319336
spy,2011-09-08,91.66397094726562
spy,2011-09-09,89.2614974975586
spy,2011-09-12,89.83900451660156
spy,2011-09-13,90.66291809082031
spy,2011-09-14,91.9180679321289
spy,2011-09-15,93.50433349609375
spy,2011-09-16,94.0577163696289
spy,2011-09-19,93.12120056152344
spy,2011-09-20,93.0128402709961
spy,2011-09-21,90.2728271484375
spy,2011-09-22,87.35480499267578
spy,2011-09-23,87.88114929199219
spy,2011-09-26,89.97098541259766
spy,2011-09-27,90.97716522216797
spy,2011-09-28,89.11956787109375
spy,2011-09-29,89.8238754272461
spy,2011-09-30,87.57927703857422
spy,2011-10-03,85.08696746826172
spy,2011-10-04,86.95233917236328
spy,2011-10-05,88.56227111816406
spy,2011-10-06,90.1644515991211
spy,2011-10-07,89.56072998046875
spy,2011-10-10,92.55615997314453
spy,2011-10-11,92.6490478515625
spy,2011-10-12,93.46177673339844
spy,2011-10-13,93.27598571777344
spy,2011-10-14,94.87043762207031
spy,2011-10-17,93.05924987792969
spy,2011-10-18,94.87818908691406
spy,2011-10-19,93.75587463378906
spy,2011-10-20,94.16612243652344
spy,2011-10-21,95.95404815673828
spy,2011-10-24,97.13056182861328
spy,2011-10-25,95.2419662475586
spy,2011-10-26,96.20948791503906
spy,2011-10-27,99.56095886230469
spy,2011-10-28,99.53773498535156
spy,2011-10-31,97.13831329345703
spy,2011-11-01,94.42926025390625
spy,2011-11-02,95.96954345703125
spy,2011-11-03,97.71881866455078
spy,2011-11-04,97.12278747558594
spy,2011-11-07,97.72652435302734
spy,2011-11-08,98.98045349121094
spy,2011-11-09,95.32711791992188
spy,2011-11-10,96.22499084472656
spy,2011-11-11,98.0361328125
spy,2011-11-14,97.10731506347656
spy,2011-11-15,97.58723449707031
spy,2011-11-16,96.03921508789062
spy,2011-11-17,94.51441192626953
spy,2011-11-18,94.41380310058594
spy,2011-11-21,92.6180648803711
spy,2011-11-22,92.25431060791016
spy,2011-11-23,90.2186508178711
spy,2011-11-25,90.04837036132812
spy,2011-11-28,92.65676879882812
spy,2011-11-29,92.9199447631836
spy,2011-11-30,96.7435531616211
spy,2011-12-01,96.72808074951172
spy,2011-12-02,96.6429443359375
spy,2011-12-05,97.69557189941406
spy,2011-12-06,97.72652435302734
spy,2011-12-07,98.09032440185547
spy,2011-12-08,95.9385757446289
spy,2011-12-09,97.56401062011719
spy,2011-12-12,96.13982391357422
spy,2011-12-13,95.2419662475586
spy,2011-12-14,94.22803497314453
spy,2011-12-15,94.56856536865234
spy,2011-12-16,94.70877838134766
spy,2011-12-19,93.6961898803711
spy,2011-12-20,96.53147888183594
spy,2011-12-21,96.71839141845703
spy,2011-12-22,97.5752182006836
spy,2011-12-23,98.44760131835938
spy,2011-12-27,98.52548217773438
spy,2011-12-28,97.23247528076172
spy,2011-12-29,98.2372817993164
spy,2011-12-30,97.7543716430664
spy,2012-01-03,99.31217193603516
spy,2012-01-04,99.46797943115234
spy,2012-01-05,99.73279571533203
spy,2012-01-06,99.47578430175781
spy,2012-01-09,99.71726989746094
spy,2012-01-10,100.58180236816406
spy,2012-01-11,100.63638305664062
spy,2012-01-12,100.87781524658203
spy,2012-01-13,100.35597229003906
spy,2012-01-17,100.74539947509766
spy,2012-01-18,101.85929107666016
spy,2012-01-19,102.39671325683594
spy,2012-01-20,102.77837371826172
spy,2012-01-23,102.51355743408203
spy,2012-01-24,102.39671325683594
spy,2012-01-25,103.25352478027344
spy,2012-01-26,102.7238998413086
spy,2012-01-27,102.6771240234375
spy,2012-01-30,102.32659912109375
spy,2012-01-31,102.28768920898438
spy,2012-02-01,103.1834487915039
spy,2012-02-02,103.34697723388672
spy,2012-02-03,104.79579162597656
spy,2012-02-06,104.7257080078125
spy,2012-02-07,104.99052429199219
spy,2012-02-08,105.3021011352539
spy,2012-02-09,105.43449401855469
spy,2012-02-10,104.65555572509766
spy,2012-02-13,105.43449401855469
spy,2012-02-14,105.3021011352539
spy,2012-02-15,104.8114013671875
spy,2012-02-16,105.97196197509766
spy,2012-02-17,106.25239562988281
spy,2012-02-21,106.29907989501953
spy,2012-02-22,105.95635986328125
spy,2012-02-23,106.4237289428711
spy,2012-02-24,106.65742492675781
spy,2012-02-27,106.83654022216797
spy,2012-02-28,107.14812469482422
spy,2012-02-29,106.7275161743164
spy,2012-03-01,107.28052520751953
spy,2012-03-02,106.95338439941406
spy,2012-03-05,106.51717376708984
spy,2012-03-06,104.95938110351562
spy,2012-03-07,105.69160461425781
spy,2012-03-08,106.7430648803711
spy,2012-03-09,107.15592956542969
spy,2012-03-12,107.16371154785156
spy,2012-03-13,109.09540557861328
spy,2012-03-14,108.9786148071289
spy,2012-03-15,109.6095199584961
spy,2012-03-16,109.76129150390625
spy,2012-03-19,110.19158172607422
spy,2012-03-20,109.8708267211914
spy,2012-03-21,109.69091033935547
spy,2012-03-22,108.9007568359375
spy,2012-03-23,109.25277709960938
spy,2012-03-26,110.78610229492188
spy,2012-03-27,110.44193267822266
spy,2012-03-28,109.8942642211914
spy,2012-03-29,109.70654296875
spy,2012-03-30,110.16024780273438
spy,2012-04-02,110.96614837646484
spy,2012-04-03,110.51231384277344
spy,2012-04-04,109.41708374023438
spy,2012-04-05,109.36229705810547
spy,2012-04-09,108.134033203125
spy,2012-04-10,106.31904602050781
spy,2012-04-11,107.1795654296875
spy,2012-04-12,108.57997131347656
spy,2012-04-13,107.28913879394531
spy,2012-04-16,107.2187271118164
spy,2012-04-17,108.80682373046875
spy,2012-04-18,108.43913269042969
spy,2012-04-19,107.74288177490234
spy,2012-04-20,107.92281341552734
spy,2012-04-23,107.01530456542969
spy,2012-04-24,107.4221420288086
spy,2012-04-25,108.8929443359375
spy,2012-04-26,109.65176391601562
spy,2012-04-27,109.83167266845703
spy,2012-04-30,109.42487335205078
spy,2012-05-01,110.10552215576172
spy,2012-05-02,109.77696990966797
spy,2012-05-03,108.9398193359375
spy,2012-05-04,107.1795654296875
spy,2012-05-07,107.2578125
spy,2012-05-08,106.8275146484375
spy,2012-05-09,106.19385528564453
spy,2012-05-10,106.41292572021484
spy,2012-05-11,106.09212493896484
spy,2012-05-14,104.91866302490234
spy,2012-05-15,104.31623840332031
spy,2012-05-16,103.9172592163086
spy,2012-05-17,102.37609100341797
spy,2012-05-18,101.4998779296875
spy,2012-05-21,103.24444580078125
spy,2012-05-22,103.42440795898438
spy,2012-05-23,103.47916412353516
spy,2012-05-24,103.68258666992188
spy,2012-05-25,103.34616088867188
spy,2012-05-29,104.597900390625
spy,2012-05-30,103.08015441894531
spy,2012-05-31,102.85328674316406
spy,2012-06-01,100.26377868652344
spy,2012-06-04,100.21684265136719
spy,2012-06-05,100.97567749023438
spy,2012-06-06,103.24444580078125
spy,2012-06-07,103.30706787109375
spy,2012-06-08,104.12849426269531
spy,2012-06-11,102.80636596679688
spy,2012-06-12,103.98768615722656
spy,2012-06-13,103.32270050048828
spy,2012-06-14,104.41797637939453
spy,2012-06-15,105.48587036132812
spy,2012-06-18,105.69033813476562
spy,2012-06-19,106.71261596679688
spy,2012-06-20,106.5396499633789
spy,2012-06-21,104.14900970458984
spy,2012-06-22,104.95109558105469
spy,2012-06-25,103.26824188232422
spy,2012-06-26,103.78724670410156
spy,2012-06-27,104.72308349609375
spy,2012-06-28,104.42424774169922
spy,2012-06-29,107.02719116210938
spy,2012-07-02,107.349609375
spy,2012-07-03,108.057373046875
spy,2012-07-05,107.56979370117188
spy,2012-07-06,106.54751586914062
spy,2012-07-09,106.4137954711914
spy,2012-07-10,105.48587036132812
spy,2012-07-11,105.50159454345703
spy,2012-07-12,104.99043273925781
spy,2012-07-13,106.75193786621094
spy,2012-07-16,106.50031280517578
spy,2012-07-17,107.2316665649414
spy,2012-07-18,108.0259017944336
spy,2012-07-19,108.30902099609375
spy,2012-07-20,107.31816101074219
spy,2012-07-23,106.2329330444336
spy,2012-07-24,105.32075500488281
spy,2012-07-25,105.34432983398438
spy,2012-07-26,107.08220672607422
spy,2012-07-27,109.05606079101562
spy,2012-07-30,109.05606079101562
spy,2012-07-31,108.29329681396484
spy,2012-08-01,108.1988754272461
spy,2012-08-02,107.45185089111328
spy,2012-08-03,109.58295440673828
spy,2012-08-06,109.79528045654297
spy,2012-08-07,110.34577178955078
spy,2012-08-08,110.47945404052734
spy,2012-08-09,110.57379150390625
spy,2012-08-10,110.75465393066406
spy,2012-08-13,110.69960021972656
spy,2012-08-14,110.71533203125
spy,2012-08-15,110.84117126464844
spy,2012-08-16,111.65901184082031
spy,2012-08-17,111.80842590332031
spy,2012-08-20,111.81624603271484
spy,2012-08-21,111.4781494140625
spy,2012-08-22,111.52534484863281
spy,2012-08-23,110.6131362915039
spy,2012-08-24,111.28150177001953
spy,2012-08-27,111.30516052246094
spy,2012-08-28,111.19500732421875
spy,2012-08-29,111.28150177001953
spy,2012-08-30,110.47945404052734
spy,2012-08-31,111.0063247680664
spy,2012-09-04,110.904052734375
spy,2012-09-05,110.80976867675781
spy,2012-09-06,113.05876159667969
spy,2012-09-07,113.49917602539062
spy,2012-09-10,112.85432434082031
spy,2012-09-11,113.16891479492188
spy,2012-09-12,113.54637145996094
spy,2012-09-13,115.27642059326172
spy,2012-09-14,115.7874984741211
spy,2012-09-17,115.39435577392578
spy,2012-09-18,115.29994201660156
spy,2012-09-19,115.36286163330078
spy,2012-09-20,115.3707275390625
spy,2012-09-21,115.32251739501953
spy,2012-09-24,115.1485824584961
spy,2012-09-25,113.92318725585938
spy,2012-09-26,113.28282165527344
spy,2012-09-27,114.35013580322266
spy,2012-09-28,113.82046508789062
spy,2012-10-01,114.12085723876953
spy,2012-10-02,114.23945617675781
spy,2012-10-03,114.70584869384766
spy,2012-10-04,115.52810668945312
spy,2012-10-05,115.53598022460938
spy,2012-10-08,115.14069366455078
spy,2012-10-09,114.00222778320312
spy,2012-10-10,113.27491760253906
spy,2012-10-11,113.33817291259766
spy,2012-10-12,112.96653747558594
spy,2012-10-15,113.90738677978516
spy,2012-10-16,115.0616455078125
spy,2012-10-17,115.58341979980469
spy,2012-10-18,115.28302001953125
spy,2012-10-19,113.36185455322266
spy,2012-10-22,113.37767028808594
spy,2012-10-23,111.80443572998047
spy,2012-10-24,111.48818969726562
spy,2012-10-25,111.81228637695312
spy,2012-10-26,111.7490463256836
spy,2012-10-31,111.7490463256836
spy,2012-11-01,112.91912841796875
spy,2012-11-02,111.91509246826172
spy,2012-11-05,112.14442443847656
spy,2012-11-06,113.02192687988281
spy,2012-11-07,110.46044158935547
spy,2012-11-08,109.13221740722656
spy,2012-11-09,109.22711944580078
spy,2012-11-12,109.31404113769531
spy,2012-11-13,108.93456268310547
spy,2012-11-14,107.464111328125
spy,2012-11-15,107.28225708007812
spy,2012-11-16,107.81197357177734
spy,2012-11-19,109.99397277832031
spy,2012-11-20,110.04146575927734
spy,2012-11-21,110.2469253540039
spy,2012-11-23,111.7490463256836
spy,2012-11-26,111.51195526123047
spy,2012-11-27,110.94268798828125
spy,2012-11-28,111.8360595703125
spy,2012-11-29,112.35779571533203
spy,2012-11-30,112.38153076171875
spy,2012-12-03,111.8281478881836
spy,2012-12-04,111.67005157470703
spy,2012-12-05,111.86766052246094
spy,2012-12-06,112.2471694946289
spy,2012-12-07,112.58710479736328
spy,2012-12-10,112.63456726074219
spy,2012-12-11,113.40145874023438
spy,2012-12-12,113.45677185058594
spy,2012-12-13,112.76107025146484
spy,2012-12-14,112.34204864501953
spy,2012-12-17,113.66228485107422
spy,2012-12-18,114.92727661132812
spy,2012-12-19,114.07339477539062
spy,2012-12-20,114.72959899902344
spy,2012-12-21,113.68818664550781
spy,2012-12-24,113.33788299560547
spy,2012-12-26,112.86012268066406
spy,2012-12-27,112.7088394165039
spy,2012-12-28,111.49068450927734
spy,2012-12-31,113.38561248779297
spy,2013-01-02,116.29169464111328
spy,2013-01-03,116.02900695800781
spy,2013-01-04,116.53851318359375
spy,2013-01-07,116.22007751464844
spy,2013-01-08,115.88565063476562
spy,2013-01-09,116.18024444580078
spy,2013-01-10,117.10387420654297
spy,2013-01-11,117.09589385986328
spy,2013-01-14,117.01627349853516
spy,2013-01-15,117.09589385986328
spy,2013-01-16,117.07999420166016
spy,2013-01-17,117.83634948730469
spy,2013-01-18,118.09905242919922
spy,2013-01-22,118.73602294921875
spy,2013-01-23,118.9271240234375
spy,2013-01-24,118.95893859863281
spy,2013-01-25,119.62773895263672
spy,2013-01-28,119.48439025878906
spy,2013-01-29,119.95418548583984
spy,2013-01-30,119.48439025878906
spy,2013-01-31,119.1898422241211
spy,2013-02-01,120.41595458984375
spy,2013-02-04,119.06248474121094
spy,2013-02-05,120.26470184326172
spy,2013-02-06,120.35227966308594
spy,2013-02-07,120.19306945800781
spy,2013-02-08,120.86184692382812
spy,2013-02-11,120.83805847167969
spy,2013-02-12,121.03700256347656
spy,2013-02-13,121.14054107666016
spy,2013-02-14,121.2519760131836
spy,2013-02-15,121.10868835449219
spy,2013-02-19,122.01634979248047
spy,2013-02-20,120.49564361572266
spy,2013-02-21,119.76314544677734
spy,2013-02-22,120.93350219726562
spy,2013-02-25,118.63251495361328
spy,2013-02-26,119.44465637207031
spy,2013-02-27,120.94944763183594
spy,2013-02-28,120.71060943603516
spy,2013-03-01,121.10868835449219
spy,2013-03-04,121.75361633300781
spy,2013-03-05,122.8443603515625
spy,2013-03-06,123.01158142089844
spy,2013-03-07,123.23455047607422
spy,2013-03-08,123.75996398925781
spy,2013-03-11,124.22970581054688
spy,2013-03-12,123.95104217529297
spy,2013-03-13,124.12622833251953
spy,2013-03-14,124.78709411621094
spy,2013-03-15,124.62238311767578
spy,2013-03-18,123.93457794189453
spy,2013-03-19,123.64671325683594
spy,2013-03-20,124.5103988647461
spy,2013-03-21,123.44672393798828
spy,2013-03-22,124.43836212158203
spy,2013-03-25,123.9185791015625
spy,2013-03-26,124.91023254394531
spy,2013-03-27,124.91023254394531
spy,2013-03-28,125.29414367675781
spy,2013-04-01,124.79826354980469
spy,2013-04-02,125.41407775878906
spy,2013-04-03,124.14248657226562
spy,2013-04-04,124.6463394165039
spy,2013-04-05,124.08655548095703
spy,2013-04-08,124.92626953125
spy,2013-04-09,125.35808563232422
spy,2013-04-10,126.89356231689453
spy,2013-04-11,127.30947875976562
spy,2013-04-12,126.9975357055664
spy,2013-04-15,124.05455017089844
spy,2013-04-16,125.88591003417969
spy,2013-04-17,124.04655456542969
spy,2013-04-18,123.27083587646484
spy,2013-04-19,124.34237670898438
spy,2013-04-22,124.8942642211914
spy,2013-04-23,126.18181610107422
spy,2013-04-24,126.2618179321289
spy,2013-04-25,126.77363586425781
spy,2013-04-26,126.54971313476562
spy,2013-04-29,127.39743041992188
spy,2013-04-30,127.7012939453125
spy,2013-05-01,126.58171081542969
spy,2013-05-02,127.75727844238281
spy,2013-05-03,129.05284118652344
spy,2013-05-06,129.38070678710938
spy,2013-05-07,130.03652954101562
spy,2013-05-08,130.62832641601562
spy,2013-05-09,130.26046752929688
spy,2013-05-10,130.68434143066406
spy,2013-05-13,130.7882843017578
spy,2013-05-14,132.1398162841797
spy,2013-05-15,132.8516082763672
spy,2013-05-16,132.227783203125
spy,2013-05-17,133.50733947753906
spy,2013-05-20,133.4993133544922
spy,2013-05-21,133.69131469726562
spy,2013-05-22,132.69972229003906
spy,2013-05-23,132.3157958984375
spy,2013-05-24,132.203857421875
spy,2013-05-28,132.99554443359375
spy,2013-05-29,132.13182067871094
spy,2013-05-30,132.61968994140625
spy,2013-05-31,130.71630859375
spy,2013-06-03,131.43605041503906
spy,2013-06-04,130.80418395996094
spy,2013-06-05,128.97283935546875
spy,2013-06-06,130.14047241210938
spy,2013-06-07,131.79591369628906
spy,2013-06-10,131.79591369628906
spy,2013-06-11,130.43643188476562
spy,2013-06-12,129.35678100585938
spy,2013-06-13,131.32408142089844
spy,2013-06-14,130.50033569335938
spy,2013-06-17,131.5080108642578
spy,2013-06-18,132.54766845703125
spy,2013-06-19,130.71630859375
spy,2013-06-20,127.47732543945312
spy,2013-06-21,127.88665008544922
spy,2013-06-24,126.27063751220703
spy,2013-06-25,127.48457336425781
spy,2013-06-26,128.74685668945312
spy,2013-06-27,129.50257873535156
spy,2013-06-28,128.9720001220703
spy,2013-07-01,129.7277069091797
spy,2013-07-02,129.60708618164062
spy,2013-07-03,129.66336059570312
spy,2013-07-05,131.062255859375
spy,2013-07-08,131.8099365234375
spy,2013-07-09,132.75865173339844
spy,2013-07-10,132.806884765625
spy,2013-07-11,134.61581420898438
spy,2013-07-12,134.67205810546875
spy,2013-07-15,135.18663024902344
spy,2013-07-16,134.68011474609375
spy,2013-07-17,135.02578735351562
spy,2013-07-18,135.76544189453125
spy,2013-07-19,136.00669860839844
spy,2013-07-22,136.2720184326172
spy,2013-07-23,135.9824981689453
spy,2013-07-24,135.48406982421875
spy,2013-07-25,135.81369018554688
spy,2013-07-26,135.9584197998047
spy,2013-07-29,135.540283203125
spy,2013-07-30,135.540283203125
spy,2013-07-31,135.6367950439453
spy,2013-08-01,137.20452880859375
spy,2013-08-02,137.43772888183594
spy,2013-08-05,137.23672485351562
spy,2013-08-06,136.45687866210938
spy,2013-08-07,136.01466369628906
spy,2013-08-08,136.51318359375
spy,2013-08-09,136.11923217773438
spy,2013-08-12,135.9584197998047
spy,2013-08-13,136.36038208007812
spy,2013-08-14,135.66091918945312
spy,2013-08-15,133.7635498046875
spy,2013-08-16,133.32142639160156
spy,2013-08-19,132.4691619873047
spy,2013-08-20,133.12042236328125
spy,2013-08-21,132.3003692626953
spy,2013-08-22,133.50633239746094
spy,2013-08-23,133.9564971923828
spy,2013-08-26,133.45809936523438
spy,2013-08-27,131.31149291992188
spy,2013-08-28,131.77783203125
spy,2013-08-29,131.98681640625
spy,2013-08-30,131.56875610351562
spy,2013-09-03,132.1636505126953
spy,2013-09-04,133.25701904296875
spy,2013-09-05,133.42591857910156
spy,2013-09-06,133.49021911621094
spy,2013-09-09,134.7685546875
spy,2013-09-10,135.76544189453125
spy,2013-09-11,136.1915283203125
spy,2013-09-12,135.82977294921875
spy,2013-09-13,136.1352996826172
spy,2013-09-16,136.92312622070312
spy,2013-09-17,137.53419494628906
spy,2013-09-18,139.1260223388672
spy,2013-09-19,138.89285278320312
spy,2013-09-20,137.9217987060547
spy,2013-09-23,137.28355407714844
spy,2013-09-24,136.96043395996094
spy,2013-09-25,136.5645751953125
spy,2013-09-26,137.0896453857422
spy,2013-09-27,136.4595489501953
spy,2013-09-30,135.73243713378906
spy,2013-10-01,136.80690002441406
spy,2013-10-02,136.6776580810547
spy,2013-10-03,135.4174041748047
spy,2013-10-04,136.44338989257812
spy,2013-10-07,135.2638397216797
spy,2013-10-08,133.68850708007812
spy,2013-10-09,133.78546142578125
spy,2013-10-10,136.66958618164062
spy,2013-10-11,137.5501708984375
spy,2013-10-14,138.09950256347656
spy,2013-10-15,137.09779357910156
spy,2013-10-16,139.01242065429688
spy,2013-10-17,139.94146728515625
spy,2013-10-18,140.88671875
spy,2013-10-21,140.89483642578125
spy,2013-10-22,141.7107391357422
spy,2013-10-23,141.03216552734375
spy,2013-10-24,141.50070190429688
spy,2013-10-25,142.1470489501953
spy,2013-10-28,142.37319946289062
spy,2013-10-29,143.13262939453125
spy,2013-10-30,142.4216766357422
spy,2013-10-31,142.0177764892578
spy,2013-11-01,142.35707092285156
spy,2013-11-04,142.85791015625
spy,2013-11-05,142.40554809570312
spy,2013-11-06,143.13262939453125
spy,2013-11-07,141.3229522705078
spy,2013-11-08,143.2295379638672
spy,2013-11-11,143.2538299560547
spy,2013-11-12,142.9629669189453
spy,2013-11-13,144.1101837158203
spy,2013-11-14,144.82923889160156
spy,2013-11-15,145.45932006835938
spy,2013-11-18,144.95040893554688
spy,2013-11-19,144.63531494140625
spy,2013-11-20,144.18287658691406
spy,2013-11-21,145.34622192382812
spy,2013-11-22,146.0733184814453
spy,2013-11-25,145.92788696289062
spy,2013-11-26,145.96826171875
spy,2013-11-27,146.32379150390625
spy,2013-11-29,146.2268524169922
spy,2013-12-02,145.84715270996094
spy,2013-12-03,145.21701049804688
spy,2013-12-04,145.20082092285156
spy,2013-12-05,144.56259155273438
spy,2013-12-06,146.17837524414062
spy,2013-12-09,146.54995727539062
spy,2013-12-10,146.02488708496094
spy,2013-12-11,144.38485717773438
spy,2013-12-12,143.9082489013672
spy,2013-12-13,143.89207458496094
spy,2013-12-16,144.78880310058594
spy,2013-12-17,144.32826232910156
spy,2013-12-18,146.79237365722656
spy,2013-12-19,146.6227264404297
spy,2013-12-20,147.4755859375
spy,2013-12-23,148.26348876953125
spy,2013-12-24,148.58837890625
spy,2013-12-26,149.34378051757812
spy,2013-12-27,149.33570861816406
spy,2013-12-30,149.3113250732422
spy,2013-12-31,150.01795959472656
spy,2014-01-02,148.5802764892578
spy,2014-01-03,148.55592346191406
spy,2014-01-06,148.12539672851562
spy,2014-01-07,149.03514099121094
spy,2014-01-08,149.0676727294922
spy,2014-01-09,149.16510009765625
spy,2014-01-10,149.5712432861328
spy,2014-01-13,147.58116149902344
spy,2014-01-14,149.18951416015625
spy,2014-01-15,149.99362182617188
spy,2014-01-16,149.79864501953125
spy,2014-01-17,149.16510009765625
spy,2014-01-21,149.603759765625
spy,2014-01-22,149.701171875
spy,2014-01-23,148.4746551513672
spy,2014-01-24,145.30677795410156
spy,2014-01-27,144.59201049804688
spy,2014-01-28,145.45303344726562
spy,2014-01-29,144.0559539794922
spy,2014-01-30,145.58299255371094
spy,2014-01-31,144.7300567626953
spy,2014-02-03,141.47288513183594
spy,2014-02-04,142.4639434814453
spy,2014-02-05,142.28517150878906
spy,2014-02-06,144.1614990234375
spy,2014-02-07,145.94851684570312
spy,2014-02-10,146.2166290283203
spy,2014-02-11,147.81675720214844
spy,2014-02-12,147.88983154296875
spy,2014-02-13,148.65335083007812
spy,2014-02-14,149.47372436523438
spy,2014-02-18,149.6524658203125
spy,2014-02-19,148.6614990234375
spy,2014-02-20,149.5387420654297
spy,2014-02-21,149.36817932128906
spy,2014-02-24,150.19668579101562
spy,2014-02-25,150.1398162841797
spy,2014-02-26,150.14796447753906
spy,2014-02-27,150.9358367919922
spy,2014-02-28,151.31756591796875
spy,2014-03-03,150.25347900390625
spy,2014-03-04,152.36546325683594
spy,2014-03-05,152.50355529785156
spy,2014-03-06,152.85279846191406
spy,2014-03-07,152.9177703857422
spy,2014-03-10,152.83656311035156
spy,2014-03-11,152.0811309814453
spy,2014-03-12,152.12171936035156
spy,2014-03-13,150.41595458984375
spy,2014-03-14,149.99362182617188
spy,2014-03-17,151.35009765625
spy,2014-03-18,152.430419921875
spy,2014-03-19,151.61814880371094
spy,2014-03-20,152.50355529785156
spy,2014-03-21,151.9119873046875
spy,2014-03-24,151.28378295898438
spy,2014-03-25,152.00173950195312
spy,2014-03-26,150.90850830078125
spy,2014-03-27,150.59031677246094
spy,2014-03-28,151.332763671875
spy,2014-03-31,152.57289123535156
spy,2014-04-01,153.5845489501953
spy,2014-04-02,154.09854125976562
spy,2014-04-03,153.89459228515625
spy,2014-04-04,152.07518005371094
spy,2014-04-07,150.39451599121094
spy,2014-04-08,151.01463317871094
spy,2014-04-09,152.63815307617188
spy,2014-04-10,149.43182373046875
spy,2014-04-11,148.085693359375
spy,2014-04-14,149.2523651123047
spy,2014-04-15,150.28036499023438
spy,2014-04-16,151.8548583984375
spy,2014-04-17,152.06703186035156
spy,2014-04-21,152.5973663330078
spy,2014-04-22,153.29083251953125
spy,2014-04-23,152.9318389892578
spy,2014-04-24,153.24192810058594
spy,2014-04-25,151.98538208007812
spy,2014-04-28,152.46678161621094
spy,2014-04-29,153.17660522460938
spy,2014-04-30,153.6334686279297
spy,2014-05-01,153.6498565673828
spy,2014-05-02,153.4295196533203
spy,2014-05-05,153.7232208251953
spy,2014-05-06,152.38519287109375
spy,2014-05-07,153.2826690673828
spy,2014-05-08,153.11947631835938
spy,2014-05-09,153.3479766845703
spy,2014-05-12,154.84097290039062
spy,2014-05-13,154.9796142578125
spy,2014-05-14,154.2454071044922
spy,2014-05-15,152.89105224609375
spy,2014-05-16,153.42135620117188
spy,2014-05-19,153.98428344726562
spy,2014-05-20,153.01341247558594
spy,2014-05-21,154.30252075195312
spy,2014-05-22,154.6777801513672
spy,2014-05-23,155.2978057861328
spy,2014-05-27,156.25242614746094
spy,2014-05-28,156.13816833496094
spy,2014-05-29,156.94586181640625
spy,2014-05-30,157.19871520996094
spy,2014-06-02,157.3782501220703
spy,2014-06-03,157.29666137695312
spy,2014-06-04,157.6148681640625
spy,2014-06-05,158.64283752441406
spy,2014-06-06,159.40155029296875
spy,2014-06-09,159.56478881835938
spy,2014-06-10,159.58103942871094
spy,2014-06-11,159.02630615234375
spy,2014-06-12,157.9003448486328
spy,2014-06-13,158.3817901611328
spy,2014-06-16,158.51229858398438
spy,2014-06-17,158.95281982421875
spy,2014-06-18,160.11953735351562
spy,2014-06-19,160.29898071289062
spy,2014-06-20,160.62448120117188
spy,2014-06-23,160.57530212402344
spy,2014-06-24,159.60792541503906
spy,2014-06-25,160.32937622070312
spy,2014-06-26,160.2145538330078
spy,2014-06-27,160.52610778808594
spy,2014-06-30,160.44412231445312
spy,2014-07-01,161.51800537109375
spy,2014-07-02,161.68194580078125
spy,2014-07-03,162.47711181640625
spy,2014-07-07,161.91148376464844
spy,2014-07-08,160.87039184570312
spy,2014-07-09,161.59178161621094
spy,2014-07-10,160.95237731933594
spy,2014-07-11,161.17367553710938
spy,2014-07-14,161.98521423339844
spy,2014-07-15,161.68194580078125
spy,2014-07-16,162.28042602539062
spy,2014-07-17,160.43588256835938
spy,2014-07-18,162.07542419433594
spy,2014-07-21,161.77215576171875
spy,2014-07-22,162.47711181640625
spy,2014-07-23,162.83779907226562
spy,2014-07-24,162.84605407714844
spy,2014-07-25,162.0836181640625
spy,2014-07-28,162.14918518066406
spy,2014-07-29,161.4524688720703
spy,2014-07-30,161.47702026367188
spy,2014-07-31,158.2881317138672
spy,2014-08-01,157.80447387695312
spy,2014-08-04,158.94395446777344
spy,2014-08-05,157.40274047851562
spy,2014-08-06,157.45204162597656
spy,2014-08-07,156.59939575195312
spy,2014-08-08,158.41111755371094
spy,2014-08-11,158.8701171875
spy,2014-08-12,158.64877319335938
spy,2014-08-13,159.72268676757812
spy,2014-08-14,160.47691345214844
spy,2014-08-15,160.44412231445312
spy,2014-08-18,161.78851318359375
spy,2014-08-19,162.63287353515625
spy,2014-08-20,163.06732177734375
spy,2014-08-21,163.5427703857422
spy,2014-08-22,163.28863525390625
spy,2014-08-25,164.11666870117188
spy,2014-08-26,164.2231903076172
spy,2014-08-27,164.15762329101562
spy,2014-08-28,164.0674285888672
spy,2014-08-29,164.5347137451172
spy,2014-09-02,164.4527130126953
spy,2014-09-03,164.362548828125
spy,2014-09-04,164.1248321533203
spy,2014-09-05,164.86264038085938
spy,2014-09-08,164.43637084960938
spy,2014-09-09,163.39527893066406
spy,2014-09-10,164.01007080078125
spy,2014-09-11,164.19863891601562
spy,2014-09-12,163.23951721191406
spy,2014-09-15,163.11651611328125
spy,2014-09-16,164.34619140625
spy,2014-09-17,164.56748962402344
spy,2014-09-18,165.4446258544922
spy,2014-09-19,165.29556274414062
spy,2014-09-22,164.0189971923828
spy,2014-09-23,163.080078125
spy,2014-09-24,164.356689453125
spy,2014-09-25,161.70472717285156
spy,2014-09-26,162.98951721191406
spy,2014-09-29,162.69300842285156
spy,2014-09-30,162.26475524902344
spy,2014-10-01,160.06578063964844
spy,2014-10-02,160.09048461914062
spy,2014-10-03,161.85293579101562
spy,2014-10-06,161.6634979248047
spy,2014-10-07,159.1680450439453
spy,2014-10-08,161.9517822265625
spy,2014-10-09,158.73977661132812
spy,2014-10-10,156.9278564453125
spy,2014-10-13,154.35003662109375
spy,2014-10-14,154.5887908935547
spy,2014-10-15,153.54295349121094
spy,2014-10-16,153.41111755371094
spy,2014-10-17,155.22300720214844
spy,2014-10-20,156.73016357421875
spy,2014-10-21,159.8351287841797
spy,2014-10-22,158.6986083984375
spy,2014-10-23,160.54347229003906
spy,2014-10-24,161.77886962890625
spy,2014-10-27,161.55650329589844
spy,2014-10-28,163.40953063964844
spy,2014-10-29,163.16249084472656
spy,2014-10-30,164.2084503173828
spy,2014-10-31,166.08624267578125
spy,2014-11-03,166.1768341064453
spy,2014-11-04,165.600341796875
spy,2014-11-05,166.64630126953125
spy,2014-11-06,167.31336975097656
spy,2014-11-07,167.4698486328125
spy,2014-11-10,167.99700927734375
spy,2014-11-11,168.16172790527344
spy,2014-11-12,167.9805145263672
spy,2014-11-13,168.1699676513672
spy,2014-11-14,168.21115112304688
spy,2014-11-17,168.31822204589844
spy,2014-11-18,169.2900390625
spy,2014-11-19,169.01829528808594
spy,2014-11-20,169.31472778320312
spy,2014-11-21,170.22067260742188
spy,2014-11-24,170.69839477539062
spy,2014-11-25,170.57485961914062
spy,2014-11-26,171.01132202148438
spy,2014-11-28,170.6489715576172
spy,2014-12-01,169.46298217773438
spy,2014-12-02,170.55836486816406
spy,2014-12-03,171.2172393798828
spy,2014-12-04,171.02784729003906
spy,2014-12-05,171.30787658691406
spy,2014-12-08,170.16305541992188
spy,2014-12-09,170.04774475097656
spy,2014-12-10,167.32162475585938
spy,2014-12-11,168.1699676513672
spy,2014-12-12,165.45208740234375
spy,2014-12-15,164.31552124023438
spy,2014-12-16,162.99777221679688
spy,2014-12-17,166.1933135986328
spy,2014-12-18,170.30308532714844
spy,2014-12-19,171.02767944335938
spy,2014-12-22,171.8143768310547
spy,2014-12-23,172.0462646484375
spy,2014-12-24,172.0628662109375
spy,2014-12-26,172.61773681640625
spy,2014-12-29,172.84957885742188
spy,2014-12-30,171.92210388183594
spy,2014-12-31,170.21609497070312
spy,2015-01-02,170.12498474121094
spy,2015-01-05,167.05258178710938
spy,2015-01-06,165.47911071777344
spy,2015-01-07,167.54119873046875
spy,2015-01-08,170.5142364501953
spy,2015-01-09,169.1477813720703
spy,2015-01-12,167.82273864746094
spy,2015-01-13,167.35073852539062
spy,2015-01-14,166.34039306640625
spy,2015-01-15,164.81663513183594
spy,2015-01-16,166.97802734375
spy,2015-01-20,167.33419799804688
spy,2015-01-21,168.17884826660156
spy,2015-01-22,170.6798553466797
spy,2015-01-23,169.74400329589844
spy,2015-01-26,170.1415557861328
spy,2015-01-27,167.89732360839844
spy,2015-01-28,165.74411010742188
spy,2015-01-29,167.27618408203125
spy,2015-01-30,165.1727294921875
spy,2015-02-02,167.21823120117188
spy,2015-02-03,169.6363983154297
spy,2015-02-04,168.990478515625
spy,2015-02-05,170.6963653564453
spy,2015-02-06,170.22438049316406
spy,2015-02-09,169.46250915527344
spy,2015-02-10,171.26780700683594
spy,2015-02-11,171.3672332763672
spy,2015-02-12,173.0152130126953
spy,2015-02-13,173.72740173339844
spy,2015-02-17,174.00071716308594
spy,2015-02-18,174.0172576904297
spy,2015-02-19,173.89305114746094
spy,2015-02-20,174.93649291992188
spy,2015-02-23,174.91165161132812
spy,2015-02-24,175.40853881835938
spy,2015-02-25,175.25950622558594
spy,2015-02-26,175.05245971679688
spy,2015-02-27,174.45623779296875
spy,2015-03-02,175.55764770507812
spy,2015-03-03,174.837158203125
spy,2015-03-04,174.10011291503906
spy,2015-03-05,174.29055786132812
spy,2015-03-06,171.8392791748047
spy,2015-03-09,172.55145263671875
spy,2015-03-10,169.75228881835938
spy,2015-03-11,169.35479736328125
spy,2015-03-12,171.5080108642578
spy,2015-03-13,170.45626831054688
spy,2015-03-16,172.733642578125
spy,2015-03-17,172.22019958496094
spy,2015-03-18,174.29055786132812
spy,2015-03-19,173.4955596923828
spy,2015-03-20,175.02694702148438
spy,2015-03-23,174.68594360351562
spy,2015-03-24,173.70433044433594
spy,2015-03-25,171.15890502929688
spy,2015-03-26,170.75131225585938
spy,2015-03-27,171.14230346679688
spy,2015-03-30,173.23019409179688
spy,2015-03-31,171.71621704101562
spy,2015-04-01,171.10903930664062
spy,2015-04-02,171.72454833984375
spy,2015-04-06,172.88082885742188
spy,2015-04-07,172.4232635498047
spy,2015-04-08,173.00559997558594
spy,2015-04-09,173.7708740234375
spy,2015-04-10,174.71917724609375
spy,2015-04-13,173.92892456054688
spy,2015-04-14,174.2616424560547
spy,2015-04-15,175.0436248779297
spy,2015-04-16,174.99362182617188
spy,2015-04-17,172.98060607910156
spy,2015-04-20,174.5611114501953
spy,2015-04-21,174.3531951904297
spy,2015-04-22,175.20999145507812
spy,2015-04-23,175.65081787109375
spy,2015-04-24,176.05836486816406
spy,2015-04-27,175.32640075683594
spy,2015-04-28,175.8837432861328
spy,2015-04-29,175.1600799560547
spy,2015-04-30,173.4048614501953
spy,2015-05-01,175.28482055664062
spy,2015-05-04,175.7838897705078
spy,2015-05-05,173.7708740234375
spy,2015-05-06,173.0554656982422
spy,2015-05-07,173.7459259033203
spy,2015-05-08,176.03347778320312
spy,2015-05-11,175.1933135986328
spy,2015-05-12,174.6692657470703
spy,2015-05-13,174.70254516601562
spy,2015-05-14,176.52426147460938
spy,2015-05-15,176.715576171875
spy,2015-05-18,177.2645721435547
spy,2015-05-19,177.2064208984375
spy,2015-05-20,177.08160400390625
spy,2015-05-21,177.5973663330078
spy,2015-05-22,177.17311096191406
spy,2015-05-26,175.26820373535156
spy,2015-05-27,176.93190002441406
spy,2015-05-28,176.73226928710938
spy,2015-05-29,175.63421630859375
spy,2015-06-01,175.99188232421875
spy,2015-06-02,175.8171844482422
spy,2015-06-03,176.28305053710938
spy,2015-06-04,174.7940216064453
spy,2015-06-05,174.4945831298828
spy,2015-06-08,173.4215087890625
spy,2015-06-09,173.3965606689453
spy,2015-06-10,175.47616577148438
spy,2015-06-11,176.0417938232422
spy,2015-06-12,174.6942138671875
spy,2015-06-15,173.945556640625
spy,2015-06-16,174.8938446044922
spy,2015-06-17,175.1767120361328
spy,2015-06-18,176.99842834472656
spy,2015-06-19,176.21266174316406
spy,2015-06-22,177.1154327392578
spy,2015-06-23,177.24087524414062
spy,2015-06-24,175.95355224609375
spy,2015-06-25,175.41860961914062
spy,2015-06-26,175.3851776123047
spy,2015-06-29,171.70726013183594
spy,2015-06-30,172.0666961669922
spy,2015-07-01,173.44590759277344
spy,2015-07-02,173.28707885742188
spy,2015-07-06,172.79388427734375
spy,2015-07-07,173.88055419921875
spy,2015-07-08,170.96336364746094
spy,2015-07-09,171.27255249023438
spy,2015-07-10,173.42921447753906
spy,2015-07-13,175.3433380126953
spy,2015-07-14,176.10398864746094
spy,2015-07-15,176.0454864501953
spy,2015-07-16,177.4581756591797
spy,2015-07-17,177.60861206054688
spy,2015-07-20,177.70050048828125
spy,2015-07-21,176.99842834472656
spy,2015-07-22,176.68075561523438
spy,2015-07-23,175.6860809326172
spy,2015-07-24,173.8638458251953
spy,2015-07-27,172.8524627685547
spy,2015-07-28,174.97555541992188
spy,2015-07-29,176.1792449951172
spy,2015-07-30,176.22108459472656
spy,2015-07-31,175.95355224609375
spy,2015-08-03,175.3600311279297
spy,2015-08-04,175.0173797607422
spy,2015-08-05,175.59414672851562
spy,2015-08-06,174.1564178466797
spy,2015-08-07,173.822021484375
spy,2015-08-10,176.01206970214844
spy,2015-08-11,174.4238739013672
spy,2015-08-12,174.63284301757812
spy,2015-08-13,174.41552734375
spy,2015-08-14,175.05076599121094
spy,2015-08-17,176.02882385253906
spy,2015-08-18,175.5189208984375
spy,2015-08-19,174.13131713867188
spy,2015-08-20,170.49525451660156
spy,2015-08-21,165.36288452148438
spy,2015-08-24,158.3999786376953
spy,2015-08-25,156.5359649658203
spy,2015-08-26,162.54600524902344
spy,2015-08-27,166.56655883789062
spy,2015-08-28,166.57498168945312
spy,2015-08-31,165.2291259765625
spy,2015-09-01,160.29745483398438
spy,2015-09-02,163.34010314941406
spy,2015-09-03,163.4571075439453
spy,2015-09-04,160.9828338623047
spy,2015-09-08,165.02850341796875
spy,2015-09-09,162.82179260253906
spy,2015-09-10,163.7078399658203
spy,2015-09-11,164.45179748535156
spy,2015-09-14,163.841552734375
spy,2015-09-15,165.8895263671875
spy,2015-09-16,167.32720947265625
spy,2015-09-17,166.95108032226562
spy,2015-09-18,164.2228546142578
spy,2015-09-21,165.07150268554688
spy,2015-09-22,162.9288787841797
spy,2015-09-23,162.66842651367188
spy,2015-09-24,162.08029174804688
spy,2015-09-25,162.0382537841797
spy,2015-09-28,157.97154235839844
spy,2015-09-29,158.06398010253906
spy,2015-09-30,161.01321411132812
spy,2015-10-01,161.43328857421875
spy,2015-10-02,163.84475708007812
spy,2015-10-05,166.76039123535156
spy,2015-10-06,166.18899536132812
spy,2015-10-07,167.55020141601562
spy,2015-10-08,169.06259155273438
spy,2015-10-09,169.16339111328125
spy,2015-10-12,169.32308959960938
spy,2015-10-13,168.25595092773438
spy,2015-10-14,167.44932556152344
spy,2015-10-15,170.0204620361328
spy,2015-10-16,170.79342651367188
spy,2015-10-19,170.87745666503906
spy,2015-10-20,170.65902709960938
spy,2015-10-21,169.600341796875
spy,2015-10-22,172.46546936035156
spy,2015-10-23,174.35598754882812
spy,2015-10-26,173.92747497558594
spy,2015-10-27,173.5913543701172
spy,2015-10-28,175.5659942626953
spy,2015-10-29,175.4651336669922
spy,2015-10-30,174.70892333984375
spy,2015-11-02,176.77586364746094
spy,2015-11-03,177.2884063720703
spy,2015-11-04,176.75071716308594
spy,2015-11-05,176.57420349121094
spy,2015-11-06,176.48178100585938
spy,2015-11-09,174.83497619628906
spy,2015-11-10,175.2382354736328
spy,2015-11-11,174.54928588867188
spy,2015-11-12,172.1126251220703
spy,2015-11-13,170.18006896972656
spy,2015-11-16,172.76797485351562
spy,2015-11-17,172.64193725585938
spy,2015-11-18,175.38108825683594
spy,2015-11-19,175.22988891601562
spy,2015-11-20,175.86842346191406
spy,2015-11-23,175.66677856445312
spy,2015-11-24,175.90206909179688
spy,2015-11-25,175.87684631347656
spy,2015-11-27,176.0784912109375
spy,2015-11-30,175.34750366210938
spy,2015-12-01,177.01953125
spy,2015-12-02,175.2130126953125
spy,2015-12-03,172.75955200195312
spy,2015-12-04,176.1288604736328
spy,2015-12-07,175.06179809570312
spy,2015-12-08,173.885498046875
spy,2015-12-09,172.53265380859375
spy,2015-12-10,172.97801208496094
spy,2015-12-11,169.62554931640625
spy,2015-12-14,170.48257446289062
spy,2015-12-15,172.2722930908203
spy,2015-12-16,174.7928924560547
spy,2015-12-17,172.12942504882812
spy,2015-12-18,169.06289672851562
spy,2015-12-21,170.45753479003906
spy,2015-12-22,172.00428771972656
spy,2015-12-23,174.13424682617188
spy,2015-12-24,173.84690856933594
spy,2015-12-28,173.44969177246094
spy,2015-12-29,175.30068969726562
spy,2015-12-30,174.0582275390625
spy,2015-12-31,172.31707763671875
spy,2016-01-04,169.9081268310547
spy,2016-01-05,170.19554138183594
spy,2016-01-06,168.0486602783203
spy,2016-01-07,164.0169219970703
spy,2016-01-08,162.21656799316406
spy,2016-01-11,162.3771514892578
spy,2016-01-12,163.68728637695312
spy,2016-01-13,159.60476684570312
spy,2016-01-14,162.2250213623047
spy,2016-01-15,158.74269104003906
spy,2016-01-19,158.95396423339844
spy,2016-01-20,156.91693115234375
spy,2016-01-21,157.79600524902344
spy,2016-01-22,161.03323364257812
spy,2016-01-25,158.59898376464844
spy,2016-01-26,160.7627410888672
spy,2016-01-27,159.01316833496094
spy,2016-01-28,159.84149169921875
spy,2016-01-29,163.73794555664062
spy,2016-02-01,163.67877197265625
spy,2016-02-02,160.7289276123047
spy,2016-02-03,161.69253540039062
spy,2016-02-04,161.94606018066406
spy,2016-02-05,158.86097717285156
spy,2016-02-08,156.7225341796875
spy,2016-02-09,156.73098754882812
spy,2016-02-10,156.5957489013672
spy,2016-02-11,154.55877685546875
spy,2016-02-12,157.74530029296875
spy,2016-02-16,160.4077911376953
spy,2016-02-17,163.02796936035156
spy,2016-02-18,162.36026000976562
spy,2016-02-19,162.2841796875
spy,2016-02-22,164.6339111328125
spy,2016-02-23,162.55467224121094
spy,2016-02-24,163.29844665527344
spy,2016-02-25,165.27630615234375
spy,2016-02-26,164.8959503173828
spy,2016-02-29,163.6027374267578
spy,2016-03-01,167.4485321044922
spy,2016-03-02,168.20074462890625
spy,2016-03-03,168.8600616455078
spy,2016-03-04,169.4095001220703
spy,2016-03-07,169.54469299316406
spy,2016-03-08,167.69363403320312
spy,2016-03-09,168.52200317382812
spy,2016-03-10,168.65724182128906
spy,2016-03-11,171.3787841796875
spy,2016-03-14,171.1591339111328
spy,2016-03-15,170.88018798828125
spy,2016-03-16,171.86912536621094
spy,2016-03-17,172.9594268798828
spy,2016-03-18,173.6391143798828
spy,2016-03-21,173.88552856445312
spy,2016-03-22,173.79205322265625
spy,2016-03-23,172.64505004882812
spy,2016-03-24,172.56857299804688
spy,2016-03-28,172.67054748535156
spy,2016-03-29,174.26780700683594
spy,2016-03-30,175.03240966796875
spy,2016-03-31,174.60765075683594
spy,2016-04-01,175.79705810546875
spy,2016-04-04,175.2278594970703
spy,2016-04-05,173.47772216796875
spy,2016-04-06,175.37225341796875
spy,2016-04-07,173.27377319335938
spy,2016-04-08,173.74107360839844
spy,2016-04-11,173.33323669433594
spy,2016-04-12,174.94747924804688
spy,2016-04-13,176.714599609375
spy,2016-04-14,176.72315979003906
spy,2016-04-15,176.52769470214844
spy,2016-04-18,177.7681427001953
spy,2016-04-19,178.328857421875
spy,2016-04-20,178.49874877929688
spy,2016-04-21,177.53871154785156
spy,2016-04-22,177.53871154785156
spy,2016-04-25,177.23284912109375
spy,2016-04-26,177.49624633789062
spy,2016-04-27,177.861572265625
spy,2016-04-28,176.24734497070312
spy,2016-04-29,175.2958221435547
spy,2016-05-02,176.6891326904297
spy,2016-05-03,175.1514129638672
spy,2016-05-04,174.17433166503906
spy,2016-05-05,174.14035034179688
spy,2016-05-06,174.77752685546875
spy,2016-05-09,174.9219512939453
spy,2016-05-10,177.09695434570312
spy,2016-05-11,175.4402313232422
spy,2016-05-12,175.4912109375
spy,2016-05-13,173.96194458007812
spy,2016-05-16,175.67811584472656
spy,2016-05-17,174.03843688964844
spy,2016-05-18,174.08934020996094
spy,2016-05-19,173.4861602783203
spy,2016-05-20,174.5821533203125
spy,2016-05-23,174.3442840576172
spy,2016-05-24,176.6041259765625
spy,2016-05-25,177.80206298828125
spy,2016-05-26,177.85304260253906
spy,2016-05-27,178.61766052246094
spy,2016-05-31,178.27783203125
spy,2016-06-01,178.64320373535156
spy,2016-06-02,179.18698120117188
spy,2016-06-03,178.65170288085938
spy,2016-06-06,179.5607147216797
spy,2016-06-07,179.841064453125
spy,2016-06-08,180.42730712890625
spy,2016-06-09,180.1809539794922
spy,2016-06-10,178.47323608398438
spy,2016-06-13,177.09695434570312
spy,2016-06-14,176.7485809326172
spy,2016-06-15,176.50222778320312
spy,2016-06-16,177.02896118164062
spy,2016-06-17,176.36964416503906
spy,2016-06-20,177.5054931640625
spy,2016-06-21,178.0093994140625
spy,2016-06-22,177.71902465820312
spy,2016-06-23,180.03334045410156
spy,2016-06-24,173.5685577392578
spy,2016-06-27,170.4599151611328
spy,2016-06-28,173.53431701660156
spy,2016-06-29,176.4892120361328
spy,2016-06-30,178.8975372314453
spy,2016-07-01,179.27330017089844
spy,2016-07-05,177.98370361328125
spy,2016-07-06,179.05128479003906
spy,2016-07-07,178.9402313232422
spy,2016-07-08,181.60470581054688
spy,2016-07-11,182.2452392578125
spy,2016-07-12,183.56895446777344
spy,2016-07-13,183.54331970214844
spy,2016-07-14,184.568115234375
spy,2016-07-15,184.3204803466797
spy,2016-07-18,184.81581115722656
spy,2016-07-19,184.62786865234375
spy,2016-07-20,185.39649963378906
spy,2016-07-21,184.69622802734375
spy,2016-07-22,185.524658203125
spy,2016-07-25,185.0207977294922
spy,2016-07-26,185.1061553955078
spy,2016-07-27,184.90975952148438
spy,2016-07-28,185.12322998046875
spy,2016-07-29,185.42218017578125
spy,2016-08-01,185.2684783935547
spy,2016-08-02,184.08135986328125
spy,2016-08-03,184.61936950683594
spy,2016-08-04,184.81581115722656
spy,2016-08-05,186.32742309570312
spy,2016-08-08,186.21640014648438
spy,2016-08-09,186.32742309570312
spy,2016-08-10,185.86624145507812
spy,2016-08-11,186.72879028320312
spy,2016-08-12,186.56651306152344
spy,2016-08-15,187.1045379638672
spy,2016-08-16,186.13958740234375
spy,2016-08-17,186.4896697998047
spy,2016-08-18,186.90811157226562
spy,2016-08-19,186.63478088378906
spy,2016-08-22,186.62631225585938
spy,2016-08-23,187.00204467773438
spy,2016-08-24,186.04556274414062
spy,2016-08-25,185.91746520996094
spy,2016-08-26,185.5673370361328
spy,2016-08-29,186.48110961914062
spy,2016-08-30,186.1737060546875
spy,2016-08-31,185.64419555664062
spy,2016-09-01,185.65277099609375
spy,2016-09-02,186.4896697998047
spy,2016-09-06,187.0532989501953
spy,2016-09-07,187.0362091064453
spy,2016-09-08,186.60922241210938
spy,2016-09-09,182.14273071289062
spy,2016-09-12,184.7560272216797
spy,2016-09-13,182.1000518798828
spy,2016-09-14,182.03172302246094
spy,2016-09-15,183.85079956054688
spy,2016-09-16,183.14007568359375
spy,2016-09-19,183.1744384765625
spy,2016-09-20,183.1830291748047
spy,2016-09-21,185.2429656982422
spy,2016-09-22,186.41026306152344
spy,2016-09-23,185.388916015625
spy,2016-09-26,183.88682556152344
spy,2016-09-27,185.02838134765625
spy,2016-09-28,185.94677734375
spy,2016-09-29,184.26449584960938
spy,2016-09-30,185.65496826171875
spy,2016-10-03,185.20863342285156
spy,2016-10-04,184.26449584960938
spy,2016-10-05,185.07989501953125
spy,2016-10-06,185.20863342285156
spy,2016-10-07,184.57347106933594
spy,2016-10-10,185.53477478027344
spy,2016-10-11,183.19158935546875
spy,2016-10-12,183.4319305419922
spy,2016-10-13,182.83111572265625
spy,2016-10-14,182.92552185058594
spy,2016-10-17,182.2903594970703
spy,2016-10-18,183.4319305419922
spy,2016-10-19,183.92115783691406
spy,2016-10-20,183.57781982421875
spy,2016-10-21,183.6636505126953
spy,2016-10-24,184.44473266601562
spy,2016-10-25,183.8267822265625
spy,2016-10-26,183.45765686035156
spy,2016-10-27,182.96836853027344
spy,2016-10-28,182.4276885986328
spy,2016-10-31,182.4362335205078
spy,2016-11-01,181.1144256591797
spy,2016-11-02,180.0243682861328
spy,2016-11-03,179.2003631591797
spy,2016-11-04,179.0029754638672
spy,2016-11-07,182.9512481689453
spy,2016-11-08,183.7752227783203
spy,2016-11-09,185.7236328125
spy,2016-11-10,186.18714904785156
spy,2016-11-11,185.7579345703125
spy,2016-11-14,185.90383911132812
spy,2016-11-15,187.35446166992188
spy,2016-11-16,187.0025177001953
spy,2016-11-17,187.96385192871094
spy,2016-11-18,187.54330444335938
spy,2016-11-21,188.95948791503906
spy,2016-11-22,189.32858276367188
spy,2016-11-23,189.4315185546875
spy,2016-11-25,190.1354522705078
spy,2016-11-28,189.24269104003906
spy,2016-11-29,189.61180114746094
spy,2016-11-30,189.15692138671875
spy,2016-12-01,188.46170043945312
spy,2016-12-02,188.55609130859375
spy,2016-12-05,189.6890411376953
spy,2016-12-06,190.2898712158203
spy,2016-12-07,192.779052734375
spy,2016-12-08,193.25112915039062
spy,2016-12-09,194.4184112548828
spy,2016-12-12,194.19528198242188
spy,2016-12-13,195.49130249023438
spy,2016-12-14,193.87771606445312
spy,2016-12-15,194.67596435546875
spy,2016-12-16,194.29519653320312
spy,2016-12-19,194.71817016601562
spy,2016-12-20,195.46934509277344
spy,2016-12-21,194.9254150390625
spy,2016-12-22,194.58876037597656
spy,2016-12-23,194.87368774414062
spy,2016-12-27,195.3571014404297
spy,2016-12-28,193.74261474609375
spy,2016-12-29,193.69943237304688
spy,2016-12-30,192.99142456054688
spy,2017-01-03,194.46783447265625
spy,2017-01-04,195.62472534179688
spy,2017-01-05,195.46934509277344
spy,2017-01-06,196.16873168945312
spy,2017-01-09,195.52113342285156
spy,2017-01-10,195.52113342285156
spy,2017-01-11,196.07373046875
spy,2017-01-12,195.5816192626953
spy,2017-01-13,196.0305633544922
spy,2017-01-17,195.33987426757812
spy,2017-01-18,195.77149963378906
spy,2017-01-19,195.0463104248047
spy,2017-01-20,195.76290893554688
spy,2017-01-23,195.25350952148438
spy,2017-01-24,196.5054168701172
spy,2017-01-25,198.20631408691406
spy,2017-01-26,197.9990692138672
spy,2017-01-27,197.68826293945312
spy,2017-01-30,196.4622802734375
spy,2017-01-31,196.4450225830078
spy,2017-02-01,196.52268981933594
spy,2017-02-02,196.65223693847656
spy,2017-02-03,198.0077362060547
spy,2017-02-06,197.65371704101562
spy,2017-02-07,197.66236877441406
spy,2017-02-08,197.92135620117188
spy,2017-02-09,199.0955810546875
spy,2017-02-10,199.8812255859375
spy,2017-02-13,200.96913146972656
spy,2017-02-14,201.7720489501953
spy,2017-02-15,202.8253936767578
spy,2017-02-16,202.65272521972656
spy,2017-02-17,202.97218322753906
spy,2017-02-21,204.18089294433594
spy,2017-02-22,203.99954223632812
spy,2017-02-23,204.1376953125
spy,2017-02-24,204.39671325683594
spy,2017-02-27,204.71620178222656
spy,2017-02-28,204.1636199951172
spy,2017-03-01,207.0214385986328
spy,2017-03-02,205.71775817871094
spy,2017-03-03,205.84719848632812
spy,2017-03-06,205.2342071533203
spy,2017-03-07,204.62123107910156
spy,2017-03-08,204.2413330078125
spy,2017-03-09,204.50035095214844
spy,2017-03-10,205.2169647216797
spy,2017-03-13,205.320556640625
spy,2017-03-14,204.53480529785156
spy,2017-03-15,206.30482482910156
spy,2017-03-16,205.89898681640625
spy,2017-03-17,205.53741455078125
spy,2017-03-20,205.3119659423828
spy,2017-03-21,202.67588806152344
spy,2017-03-22,203.1527862548828
spy,2017-03-23,202.93600463867188
spy,2017-03-24,202.78858947753906
spy,2017-03-27,202.5804901123047
spy,2017-03-28,204.0546112060547
spy,2017-03-29,204.245361328125
spy,2017-03-30,204.89573669433594
spy,2017-03-31,204.41880798339844
spy,2017-04-03,204.0633087158203
spy,2017-04-04,204.193359375
spy,2017-04-05,203.58641052246094
spy,2017-04-06,204.15866088867188
spy,2017-04-07,203.9505615234375
spy,2017-04-10,204.07192993164062
spy,2017-04-11,203.82916259765625
spy,2017-04-12,202.93600463867188
spy,2017-04-13,201.61790466308594
spy,2017-04-17,203.40423583984375
spy,2017-04-18,202.7972869873047
spy,2017-04-19,202.4244384765625
spy,2017-04-20,204.07192993164062
spy,2017-04-21,203.4215850830078
spy,2017-04-24,205.65882873535156
spy,2017-04-25,206.85545349121094
spy,2017-04-26,206.72537231445312
spy,2017-04-27,206.89886474609375
spy,2017-04-28,206.44790649414062
spy,2017-05-01,206.9681396484375
spy,2017-05-02,207.04623413085938
spy,2017-05-03,206.79470825195312
spy,2017-05-04,207.03753662109375
spy,2017-05-05,207.85264587402344
spy,2017-05-08,207.81800842285156
spy,2017-05-09,207.627197265625
spy,2017-05-10,208.0000762939453
spy,2017-05-11,207.57516479492188
spy,2017-05-12,207.22836303710938
spy,2017-05-15,208.3729705810547
spy,2017-05-16,208.18223571777344
spy,2017-05-17,204.48822021484375
spy,2017-05-18,205.3119659423828
spy,2017-05-19,206.64730834960938
spy,2017-05-22,207.69651794433594
spy,2017-05-23,208.1561737060547
spy,2017-05-24,208.6417694091797
spy,2017-05-25,209.6389617919922
spy,2017-05-26,209.59559631347656
spy,2017-05-30,209.4134979248047
spy,2017-05-31,209.36148071289062
spy,2017-06-01,211.02642822265625
spy,2017-06-02,211.72879028320312
spy,2017-06-05,211.57266235351562
spy,2017-06-06,210.89634704589844
spy,2017-06-07,211.2865447998047
spy,2017-06-08,211.3905792236328
spy,2017-06-09,211.0697479248047
spy,2017-06-12,211.02642822265625
spy,2017-06-13,212.0582733154297
spy,2017-06-14,211.7894744873047
spy,2017-06-15,211.38189697265625
spy,2017-06-16,211.42816162109375
spy,2017-06-19,213.1882781982422
spy,2017-06-20,211.75050354003906
spy,2017-06-21,211.6981964111328
spy,2017-06-22,211.60235595703125
spy,2017-06-23,211.85508728027344
spy,2017-06-26,211.99447631835938
spy,2017-06-27,210.28662109375
spy,2017-06-28,212.16876220703125
spy,2017-06-29,210.3040771484375
spy,2017-06-30,210.6961669921875
spy,2017-07-03,211.0534210205078
spy,2017-07-05,211.5413360595703
spy,2017-07-06,209.60699462890625
spy,2017-07-07,210.96629333496094
spy,2017-07-10,211.1928253173828
spy,2017-07-11,211.0359649658203
spy,2017-07-12,212.62191772460938
spy,2017-07-13,212.97914123535156
spy,2017-07-14,213.9725341796875
spy,2017-07-17,213.94639587402344
spy,2017-07-18,214.0596466064453
spy,2017-07-19,215.2185516357422
spy,2017-07-20,215.31439208984375
spy,2017-07-21,215.1226806640625
spy,2017-07-24,215.07044982910156
spy,2017-07-25,215.5932159423828
spy,2017-07-26,215.60195922851562
spy,2017-07-27,215.4015350341797
spy,2017-07-28,215.1488494873047
spy,2017-07-31,215.02679443359375
spy,2017-08-01,215.506103515625
spy,2017-08-02,215.6106414794922
spy,2017-08-03,215.19244384765625
spy,2017-08-04,215.58447265625
spy,2017-08-07,215.98532104492188
spy,2017-08-08,215.45379638671875
spy,2017-08-09,215.445068359375
spy,2017-08-10,212.40402221679688
spy,2017-08-11,212.7177276611328
spy,2017-08-14,214.82638549804688
spy,2017-08-15,214.80026245117188
spy,2017-08-16,215.17498779296875
spy,2017-08-17,211.8201904296875
spy,2017-08-18,211.48907470703125
spy,2017-08-21,211.6546630859375
spy,2017-08-22,213.867919921875
spy,2017-08-23,213.1011199951172
spy,2017-08-24,212.60443115234375
spy,2017-08-25,213.1011199951172
spy,2017-08-28,213.10983276367188
spy,2017-08-29,213.35385131835938
spy,2017-08-30,214.3645782470703
spy,2017-08-31,215.65423583984375
spy,2017-09-01,215.9591827392578
spy,2017-09-05,214.4081573486328
spy,2017-09-06,215.1400604248047
spy,2017-09-07,215.1139678955078
spy,2017-09-08,214.86131286621094
spy,2017-09-11,217.15298461914062
spy,2017-09-12,217.88494873046875
spy,2017-09-13,217.9894561767578
spy,2017-09-14,217.9198455810547
spy,2017-09-15,218.2131805419922
spy,2017-09-18,218.67727661132812
spy,2017-09-19,218.89620971679688
spy,2017-09-20,218.97496032714844
spy,2017-09-21,218.38827514648438
spy,2017-09-22,218.43203735351562
spy,2017-09-25,217.98548889160156
spy,2017-09-26,218.11679077148438
spy,2017-09-27,218.9662628173828
spy,2017-09-28,219.22891235351562
spy,2017-09-29,219.99952697753906
spy,2017-10-02,220.95407104492188
spy,2017-10-03,221.42691040039062
spy,2017-10-04,221.68963623046875
spy,2017-10-05,223.00318908691406
spy,2017-10-06,222.7492218017578
spy,2017-10-09,222.38137817382812
spy,2017-10-10,222.96810913085938
spy,2017-10-11,223.3184051513672
spy,2017-10-12,222.9856414794922
spy,2017-10-13,223.25711059570312
spy,2017-10-16,223.5548553466797
spy,2017-10-17,223.7124786376953
spy,2017-10-18,223.93138122558594
spy,2017-10-19,223.99266052246094
spy,2017-10-20,225.14862060546875
spy,2017-10-23,224.27288818359375
spy,2017-10-24,224.66693115234375
spy,2017-10-25,223.5548553466797
spy,2017-10-26,223.8437957763672
spy,2017-10-27,225.6739959716797
spy,2017-10-30,224.83334350585938
spy,2017-10-31,225.18362426757812
spy,2017-11-01,225.48133850097656
spy,2017-11-02,225.5689239501953
spy,2017-11-03,226.322021484375
spy,2017-11-06,226.6723175048828
spy,2017-11-07,226.5146484375
spy,2017-11-08,226.89996337890625
spy,2017-11-09,226.076904296875
spy,2017-11-10,226.0067596435547
spy,2017-11-13,226.21690368652344
spy,2017-11-14,225.6915283203125
spy,2017-11-15,224.5618896484375
spy,2017-11-16,226.4709014892578
spy,2017-11-17,225.8053436279297
spy,2017-11-20,226.190673828125
spy,2017-11-21,227.6705780029297
spy,2017-11-22,227.4691619873047
spy,2017-11-24,227.99456787109375
spy,2017-11-27,227.8807830810547
spy,2017-11-28,230.1925048828125
spy,2017-11-29,230.0524444580078
spy,2017-11-30,232.06655883789062
spy,2017-12-01,231.58493041992188
spy,2017-12-04,231.30467224121094
spy,2017-12-05,230.4728546142578
spy,2017-12-06,230.51657104492188
spy,2017-12-07,231.24343872070312
spy,2017-12-08,232.50442504882812
spy,2017-12-11,233.20497131347656
spy,2017-12-12,233.6165313720703
spy,2017-12-13,233.5902557373047
spy,2017-12-14,232.63571166992188
spy,2017-12-15,234.57296752929688
spy,2017-12-18,236.06053161621094
spy,2017-12-19,235.15390014648438
spy,2017-12-20,235.03070068359375
spy,2017-12-21,235.51473999023438
spy,2017-12-22,235.45318603515625
spy,2017-12-26,235.1715087890625
spy,2017-12-27,235.285888671875
spy,2017-12-28,235.77001953125
spy,2017-12-29,234.88107299804688
spy,2018-01-02,236.56216430664062
spy,2018-01-03,238.05845642089844
spy,2018-01-04,239.06185913085938
spy,2018-01-05,240.6549835205078
spy,2018-01-08,241.09503173828125
spy,2018-01-09,241.64076232910156
spy,2018-01-10,241.2710723876953
spy,2018-01-11,243.03138732910156
spy,2018-01-12,244.61572265625
spy,2018-01-16,243.77960205078125
spy,2018-01-17,246.1031036376953
spy,2018-01-18,245.68955993652344
spy,2018-01-19,246.80728149414062
spy,2018-01-22,248.81402587890625
spy,2018-01-23,249.34219360351562
spy,2018-01-24,249.24525451660156
spy,2018-01-25,249.3509521484375
spy,2018-01-26,252.2379150390625
spy,2018-01-29,250.56561279296875
spy,2018-01-30,247.99554443359375
spy,2018-01-31,248.11871337890625
spy,2018-02-01,247.83705139160156
spy,2018-02-02,242.441650390625
spy,2018-02-05,232.30213928222656
spy,2018-02-06,236.87901306152344
spy,2018-02-07,235.5940704345703
spy,2018-02-08,226.7571258544922
spy,2018-02-09,230.16334533691406
spy,2018-02-12,233.54318237304688
spy,2018-02-13,234.1240692138672
spy,2018-02-14,237.28390502929688
spy,2018-02-15,240.3117218017578
spy,2018-02-16,240.3821258544922
spy,2018-02-20,238.8769989013672
spy,2018-02-21,237.68878173828125
spy,2018-02-22,237.996826171875
spy,2018-02-23,241.79034423828125
spy,2018-02-26,244.59811401367188
spy,2018-02-27,241.54383850097656
spy,2018-02-28,239.0970001220703
spy,2018-03-01,235.62037658691406
spy,2018-03-02,236.83505249023438
spy,2018-03-05,239.5723876953125
spy,2018-03-06,240.17965698242188
spy,2018-03-07,240.09156799316406
spy,2018-03-08,241.25343322753906
spy,2018-03-09,245.45191955566406
spy,2018-03-12,245.14378356933594
spy,2018-03-13,243.55947875976562
spy,2018-03-14,242.30967712402344
spy,2018-03-15,242.04556274414062
spy,2018-03-16,242.3080596923828
spy,2018-03-19,239.02960205078125
spy,2018-03-20,239.43603515625
spy,2018-03-21,238.9765167236328
spy,2018-03-22,233.00282287597656
spy,2018-03-23,228.0364532470703
spy,2018-03-26,234.27528381347656
spy,2018-03-27,230.28988647460938
spy,2018-03-28,229.6094207763672
spy,2018-03-29,232.543212890625
spy,2018-04-02,227.52389526367188
spy,2018-04-03,230.4400634765625
spy,2018-04-04,232.90557861328125
spy,2018-04-05,234.74363708496094
spy,2018-04-06,229.51219177246094
spy,2018-04-09,230.6433868408203
spy,2018-04-10,234.3106689453125
spy,2018-04-11,233.0823516845703
spy,2018-04-12,234.99993896484375
spy,2018-04-13,234.3106689453125
spy,2018-04-16,236.23709106445312
spy,2018-04-17,238.76441955566406
spy,2018-04-18,238.94122314453125
spy,2018-04-19,237.6156768798828
spy,2018-04-20,235.600830078125
spy,2018-04-23,235.5655059814453
spy,2018-04-24,232.3930206298828
spy,2018-04-25,232.9674835205078
spy,2018-04-26,235.33578491210938
spy,2018-04-27,235.55670166015625
spy,2018-04-30,233.7450714111328
spy,2018-05-01,234.160400390625
spy,2018-05-02,232.58750915527344
spy,2018-05-03,232.0749053955078
spy,2018-05-04,235.07943725585938
spy,2018-05-07,235.87478637695312
spy,2018-05-08,235.87478637695312
spy,2018-05-09,238.15469360351562
spy,2018-05-10,240.381591796875
spy,2018-05-11,241.11502075195312
spy,2018-05-14,241.2299346923828
spy,2018-05-15,239.568603515625
spy,2018-05-16,240.5760040283203
spy,2018-05-17,240.37278747558594
spy,2018-05-18,239.7718505859375
spy,2018-05-21,241.5746307373047
spy,2018-05-22,240.9029541015625
spy,2018-05-23,241.56568908691406
spy,2018-05-24,241.0708770751953
spy,2018-05-25,240.49652099609375
spy,2018-05-29,237.73046875
spy,2018-05-30,240.9029541015625
spy,2018-05-31,239.42726135253906
spy,2018-06-01,241.7778778076172
spy,2018-06-04,242.92662048339844
spy,2018-06-05,243.10336303710938
spy,2018-06-06,245.13584899902344
spy,2018-06-07,245.10935974121094
spy,2018-06-08,245.833984375
spy,2018-06-11,246.16087341308594
spy,2018-06-12,246.47914123535156
spy,2018-06-13,245.69264221191406
spy,2018-06-14,246.31114196777344
spy,2018-06-15,245.9968719482422
spy,2018-06-18,245.49099731445312
spy,2018-06-19,244.55007934570312
spy,2018-06-20,244.9672088623047
spy,2018-06-21,243.43161010742188
spy,2018-06-22,243.87545776367188
spy,2018-06-25,240.5556182861328
spy,2018-06-26,241.0882110595703
spy,2018-06-27,239.0909423828125
spy,2018-06-28,240.4580078125
spy,2018-06-29,240.80413818359375
spy,2018-07-02,241.31893920898438
spy,2018-07-03,240.466796875
spy,2018-07-05,242.42857360839844
spy,2018-07-06,244.47906494140625
spy,2018-07-09,246.68045043945312
spy,2018-07-10,247.56809997558594
spy,2018-07-11,245.75721740722656
spy,2018-07-12,247.98533630371094
spy,2018-07-13,248.18063354492188
spy,2018-07-16,247.9586181640625
spy,2018-07-17,248.9617462158203
spy,2018-07-18,249.4854736328125
spy,2018-07-19,248.54454040527344
spy,2018-07-20,248.26048278808594
spy,2018-07-23,248.7220458984375
spy,2018-07-24,249.9737091064453
spy,2018-07-25,252.10398864746094
spy,2018-07-26,251.5092315673828
spy,2018-07-27,249.80503845214844
spy,2018-07-30,248.5001983642578
spy,2018-07-31,249.72511291503906
spy,2018-08-01,249.307861328125
spy,2018-08-02,250.6660919189453
spy,2018-08-03,251.7400665283203
spy,2018-08-06,252.6633758544922
spy,2018-08-07,253.49766540527344
spy,2018-08-08,253.39105224609375
spy,2018-08-09,253.04493713378906
spy,2018-08-10,251.3495330810547
spy,2018-08-13,250.4086151123047
spy,2018-08-14,252.0064239501953
spy,2018-08-15,250.12454223632812
spy,2018-08-16,252.14845275878906
spy,2018-08-17,253.03611755371094
spy,2018-08-20,253.57754516601562
spy,2018-08-21,254.1722412109375
spy,2018-08-22,254.02133178710938
spy,2018-08-23,253.68409729003906
spy,2018-08-24,255.2108612060547
spy,2018-08-27,257.2257995605469
spy,2018-08-28,257.35003662109375
spy,2018-08-29,258.7348937988281
spy,2018-08-30,257.68743896484375
spy,2018-08-31,257.6962585449219
spy,2018-09-04,257.25244140625
spy,2018-09-05,256.5600891113281
spy,2018-09-06,255.787841796875
spy,2018-09-07,255.29083251953125
spy,2018-09-10,255.7345733642578
spy,2018-09-11,256.5777893066406
spy,2018-09-12,256.6400146484375
spy,2018-09-13,258.15789794921875
spy,2018-09-14,258.20220947265625
spy,2018-09-17,256.83526611328125
spy,2018-09-18,258.22894287109375
spy,2018-09-19,258.5041198730469
spy,2018-09-20,260.5989074707031
spy,2018-09-21,260.36083984375
spy,2018-09-24,259.49591064453125
spy,2018-09-25,259.255126953125
spy,2018-09-26,258.4793701171875
spy,2018-09-27,259.2016296386719
spy,2018-09-28,259.2284240722656
spy,2018-10-01,260.1289978027344
spy,2018-10-02,259.9774169921875
spy,2018-10-03,260.1201171875
spy,2018-10-04,258.0870666503906
spy,2018-10-05,256.6426086425781
spy,2018-10-08,256.6426086425781
spy,2018-10-09,256.2679748535156
spy,2018-10-10,248.1537322998047
spy,2018-10-11,242.68783569335938
spy,2018-10-12,246.05831909179688
spy,2018-10-15,244.67630004882812
spy,2018-10-16,250.0263671875
spy,2018-10-17,250.0709228515625
spy,2018-10-18,246.4595947265625
spy,2018-10-19,246.32583618164062
spy,2018-10-22,245.22012329101562
spy,2018-10-23,243.97186279296875
spy,2018-10-24,236.57981872558594
spy,2018-10-25,240.82415771484375
spy,2018-10-26,236.58872985839844
spy,2018-10-29,235.27801513671875
spy,2018-10-30,238.76437377929688
spy,2018-10-31,241.31460571289062
spy,2018-11-01,243.88262939453125
spy,2018-11-02,242.43804931640625
spy,2018-11-05,243.7757110595703
spy,2018-11-06,245.31834411621094
spy,2018-11-07,250.5702667236328
spy,2018-11-08,250.11557006835938
spy,2018-11-09,247.6722412109375
spy,2018-11-12,243.04446411132812
spy,2018-11-13,242.58973693847656
spy,2018-11-14,240.93116760253906
spy,2018-11-15,243.4457244873047
spy,2018-11-16,244.078857421875
spy,2018-11-19,239.95037841796875
spy,2018-11-20,235.50979614257812
spy,2018-11-21,236.31236267089844
spy,2018-11-23,234.7340087890625
spy,2018-11-26,238.523681640625
spy,2018-11-27,239.32623291015625
spy,2018-11-28,244.8367462158203
spy,2018-11-29,244.3017578125
spy,2018-11-30,245.79086303710938
spy,2018-12-03,249.0454864501953
spy,2018-12-04,240.97576904296875
spy,2018-12-06,240.61019897460938
spy,2018-12-07,235.01939392089844
spy,2018-12-10,235.46530151367188
spy,2018-12-11,235.51873779296875
spy,2018-12-12,236.70469665527344
spy,2018-12-13,236.62440490722656
spy,2018-12-14,232.2551727294922
spy,2018-12-17,227.6986846923828
spy,2018-12-18,227.44903564453125
spy,2018-12-19,224.0428466796875
spy,2018-12-20,220.39584350585938
spy,2018-12-21,215.88003540039062
spy,2018-12-24,210.17593383789062
spy,2018-12-26,220.79498291015625
spy,2018-12-27,222.49014282226562
spy,2018-12-28,222.203125
spy,2018-12-31,224.14935302734375
spy,2019-01-02,224.38253784179688
spy,2019-01-03,219.0281524658203
spy,2019-01-04,226.36465454101562
spy,2019-01-07,228.14942932128906
spy,2019-01-08,230.29299926757812
spy,2019-01-09,231.3692626953125
spy,2019-01-10,232.18544006347656
spy,2019-01-11,232.27508544921875
spy,2019-01-14,230.8580322265625
spy,2019-01-15,233.50384521484375
spy,2019-01-16,234.0688934326172
spy,2019-01-17,235.84471130371094
spy,2019-01-18,238.98379516601562
spy,2019-01-22,235.75498962402344
spy,2019-01-23,236.24838256835938
spy,2019-01-24,236.37384033203125
spy,2019-01-25,238.3739013671875
spy,2019-01-28,236.56222534179688
spy,2019-01-29,236.24838256835938
spy,2019-01-30,239.9883270263672
spy,2019-01-31,242.09603881835938
spy,2019-02-01,242.21261596679688
spy,2019-02-04,243.9166259765625
spy,2019-02-05,244.9391632080078
spy,2019-02-06,244.6162567138672
spy,2019-02-07,242.28440856933594
spy,2019-02-08,242.58030700683594
spy,2019-02-11,242.71478271484375
spy,2019-02-12,245.83602905273438
spy,2019-02-13,246.63421630859375
spy,2019-02-14,246.0871124267578
spy,2019-02-15,248.76882934570312
spy,2019-02-19,249.1992645263672
spy,2019-02-20,249.70166015625
spy,2019-02-21,248.8137664794922
spy,2019-02-22,250.3563995361328
spy,2019-02-25,250.6970977783203
spy,2019-02-26,250.51773071289062
spy,2019-02-27,250.4100341796875
spy,2019-02-28,249.94378662109375
spy,2019-03-01,251.5043182373047
spy,2019-03-04,250.58941650390625
spy,2019-03-05,250.24864196777344
spy,2019-03-06,248.73289489746094
spy,2019-03-07,246.6521453857422
spy,2019-03-08,246.15884399414062
spy,2019-03-11,249.72848510742188
spy,2019-03-12,250.67013549804688
spy,2019-03-13,252.3294677734375
spy,2019-03-14,252.16799926757812
spy,2019-03-15,253.41380310058594
spy,2019-03-18,254.3326416015625
spy,2019-03-19,254.39573669433594
spy,2019-03-20,253.6300811767578
spy,2019-03-21,256.49481201171875
spy,2019-03-22,251.55812072753906
spy,2019-03-25,251.3689422607422
spy,2019-03-26,253.24267578125
spy,2019-03-27,251.91848754882812
spy,2019-03-28,252.87335205078125
spy,2019-03-29,254.4678497314453
spy,2019-04-01,257.4856262207031
spy,2019-04-02,257.6116943359375
spy,2019-04-03,258.01715087890625
spy,2019-04-04,258.7016906738281
spy,2019-04-05,259.9538879394531
spy,2019-04-08,260.1521301269531
spy,2019-04-09,258.81890869140625
spy,2019-04-10,259.70166015625
spy,2019-04-11,259.62957763671875
spy,2019-04-12,261.3862609863281
spy,2019-04-15,261.215087890625
spy,2019-04-16,261.3862609863281
spy,2019-04-17,260.74664306640625
spy,2019-04-18,261.26019287109375
spy,2019-04-22,261.48529052734375
spy,2019-04-23,263.83648681640625
spy,2019-04-24,263.25103759765625
spy,2019-04-25,263.0888366699219
spy,2019-04-26,264.3139343261719
spy,2019-04-29,264.72833251953125
spy,2019-04-30,264.8634338378906
spy,2019-05-01,262.87261962890625
spy,2019-05-02,262.30517578125
spy,2019-05-03,264.8724365234375
spy,2019-05-06,263.7825622558594
spy,2019-05-07,259.3774719238281
spy,2019-05-08,259.0170593261719
spy,2019-05-09,258.2332763671875
spy,2019-05-10,259.530517578125
spy,2019-05-13,253.00839233398438
spy,2019-05-14,255.2966766357422
spy,2019-05-15,256.7919006347656
spy,2019-05-16,259.1701965332031
spy,2019-05-17,257.4945983886719
spy,2019-05-20,255.7921142578125
spy,2019-05-21,258.09820556640625
spy,2019-05-22,257.3055419921875
spy,2019-05-23,254.1615753173828
spy,2019-05-24,254.7381134033203
spy,2019-05-28,252.368896484375
spy,2019-05-29,250.67532348632812
spy,2019-05-30,251.35992431640625
spy,2019-05-31,247.97276306152344
spy,2019-06-03,247.3422088623047
spy,2019-06-04,252.71128845214844
spy,2019-06-05,254.9002227783203
spy,2019-06-06,256.5577697753906
spy,2019-06-07,259.12506103515625
spy,2019-06-10,260.3142395019531
spy,2019-06-11,260.2511901855469
spy,2019-06-12,259.79180908203125
spy,2019-06-13,260.8638000488281
spy,2019-06-14,260.57550048828125
spy,2019-06-17,260.6746520996094
spy,2019-06-18,263.404052734375
spy,2019-06-19,263.9986572265625
spy,2019-06-20,266.52093505859375
spy,2019-06-21,266.133544921875
spy,2019-06-24,265.80780029296875
spy,2019-06-25,263.2007141113281
spy,2019-06-26,262.9380798339844
spy,2019-06-27,263.8705139160156
spy,2019-06-28,265.2283935546875
spy,2019-07-01,267.6362609863281
spy,2019-07-02,268.333251953125
spy,2019-07-03,270.4786682128906
spy,2019-07-05,270.1707763671875
spy,2019-07-08,268.68634033203125
spy,2019-07-09,269.021240234375
spy,2019-07-10,270.3066101074219
spy,2019-07-11,270.9402770996094
spy,2019-07-12,272.1533508300781
spy,2019-07-15,272.2438049316406
spy,2019-07-16,271.3657531738281
spy,2019-07-17,269.51910400390625
spy,2019-07-18,270.5057678222656
spy,2019-07-19,269.0030517578125
spy,2019-07-22,269.6639404296875
spy,2019-07-23,271.59197998046875
spy,2019-07-24,272.868408203125
spy,2019-07-25,271.5648498535156
spy,2019-07-26,273.3843688964844
spy,2019-07-29,272.8865051269531
spy,2019-07-30,272.2166442871094
spy,2019-07-31,269.238525390625
spy,2019-08-01,266.8939514160156
spy,2019-08-02,264.8843994140625
spy,2019-08-05,256.91845703125
spy,2019-08-06,260.521240234375
spy,2019-08-07,260.6752014160156
spy,2019-08-08,265.78961181640625
spy,2019-08-09,263.979248046875
spy,2019-08-12,260.76568603515625
spy,2019-08-13,264.82098388671875
spy,2019-08-14,256.99090576171875
spy,2019-08-15,257.66986083984375
spy,2019-08-16,261.47174072265625
spy,2019-08-19,264.62188720703125
spy,2019-08-20,262.59417724609375
spy,2019-08-21,264.7305603027344
spy,2019-08-22,264.64898681640625
spy,2019-08-23,257.85076904296875
spy,2019-08-26,260.7023010253906
spy,2019-08-27,259.6794128417969
spy,2019-08-28,261.5079345703125
spy,2019-08-29,264.84814453125
spy,2019-08-30,264.7305603027344
spy,2019-09-03,263.1825866699219
spy,2019-09-04,266.1698303222656
spy,2019-09-05,269.5915832519531
spy,2019-09-06,269.7996520996094
spy,2019-09-09,269.935546875
spy,2019-09-10,269.8721618652344
spy,2019-09-11,271.791259765625
spy,2019-09-12,272.73260498046875
spy,2019-09-13,272.5514831542969
spy,2019-09-16,271.7096862792969
spy,2019-09-17,272.3976745605469
spy,2019-09-18,272.56060791015625
spy,2019-09-19,272.54248046875
spy,2019-09-20,271.2548522949219
spy,2019-09-23,271.1911926269531
spy,2019-09-24,269.0631408691406
spy,2019-09-25,270.65472412109375
spy,2019-09-26,270.09075927734375
spy,2019-09-27,268.63568115234375
spy,2019-09-30,269.88153076171875
spy,2019-10-01,266.6714172363281
spy,2019-10-02,261.96075439453125
spy,2019-10-03,264.1069030761719
spy,2019-10-04,267.68084716796875
spy,2019-10-07,266.5260009765625
spy,2019-10-08,262.3882141113281
spy,2019-10-09,264.8798828125
spy,2019-10-10,266.6714172363281
spy,2019-10-11,269.43603515625
spy,2019-10-14,269.1358642578125
spy,2019-10-15,271.8004150390625
spy,2019-10-16,271.3638610839844
spy,2019-10-17,272.1642150878906
spy,2019-10-18,270.9729309082031
spy,2019-10-21,272.80987548828125
spy,2019-10-22,271.9186096191406
spy,2019-10-23,272.70989990234375
spy,2019-10-24,273.1554260253906
spy,2019-10-25,274.27398681640625
spy,2019-10-28,275.81988525390625
spy,2019-10-29,275.7381896972656
spy,2019-10-30,276.5838623046875
spy,2019-10-31,275.84722900390625
spy,2019-11-01,278.4026184082031
spy,2019-11-04,279.5212707519531
spy,2019-11-05,279.21197509765625
spy,2019-11-06,279.27569580078125
spy,2019-11-07,280.2578430175781
spy,2019-11-08,280.948974609375
spy,2019-11-11,280.41241455078125
spy,2019-11-12,281.0035095214844
spy,2019-11-13,281.0944519042969
spy,2019-11-14,281.5037536621094
spy,2019-11-15,283.5408020019531
spy,2019-11-18,283.74981689453125
spy,2019-11-19,283.6681213378906
spy,2019-11-20,282.6131591796875
spy,2019-11-21,282.1584777832031
spy,2019-11-22,282.7860412597656
spy,2019-11-25,284.9775695800781
spy,2019-11-26,285.6231689453125
spy,2019-11-27,286.8964538574219
spy,2019-11-29,285.8323974609375
spy,2019-12-02,283.4043884277344
spy,2019-12-03,281.5037536621094
spy,2019-12-04,283.2406921386719
spy,2019-12-05,283.74981689453125
spy,2019-12-06,286.3417053222656
spy,2019-12-09,285.4414367675781
spy,2019-12-10,285.1231384277344
spy,2019-12-11,285.9325866699219
spy,2019-12-12,288.3968505859375
spy,2019-12-13,288.5696716308594
spy,2019-12-16,290.55224609375
spy,2019-12-17,290.61590576171875
spy,2019-12-18,290.634033203125
spy,2019-12-19,291.82537841796875
spy,2019-12-20,293.1048583984375
spy,2019-12-23,293.5526123046875
spy,2019-12-24,293.561767578125
spy,2019-12-26,295.12451171875
spy,2019-12-27,295.05126953125
spy,2019-12-30,293.42462158203125
spy,2019-12-31,294.137451171875
spy,2020-01-02,296.88818359375
spy,2020-01-03,294.64007568359375
spy,2020-01-06,295.7641296386719
spy,2020-01-07,294.9325256347656
spy,2020-01-08,296.50433349609375
spy,2020-01-09,298.5148620605469
spy,2020-01-10,297.6557922363281
spy,2020-01-13,299.70281982421875
spy,2020-01-14,299.2459716796875
spy,2020-01-15,299.9222717285156
spy,2020-01-16,302.4171142578125
spy,2020-01-17,303.3583679199219
spy,2020-01-21,302.7643737792969
spy,2020-01-22,302.80096435546875
spy,2020-01-23,303.148193359375
spy,2020-01-24,300.4523010253906
spy,2020-01-27,295.63629150390625
spy,2020-01-28,298.73431396484375
spy,2020-01-29,298.4874572753906
spy,2020-01-30,299.4560852050781
spy,2020-01-31,294.0186462402344
spy,2020-02-03,296.2027893066406
spy,2020-02-04,300.7172546386719
spy,2020-02-05,304.1899719238281
spy,2020-02-06,305.2135314941406
spy,2020-02-07,303.5868225097656
spy,2020-02-10,305.8532409667969
spy,2020-02-11,306.38336181640625
spy,2020-02-12,308.3571472167969
spy,2020-02-13,308.02825927734375
spy,2020-02-14,308.521728515625
spy,2020-02-18,307.72662353515625
spy,2020-02-19,309.1979675292969
spy,2020-02-20,307.9277038574219
spy,2020-02-21,304.75653076171875
spy,2020-02-24,294.6492004394531
spy,2020-02-25,285.7206726074219
spy,2020-02-26,284.66973876953125
spy,2020-02-27,271.884765625
spy,2020-02-28,270.7424621582031
spy,2020-03-02,282.4673767089844
spy,2020-03-03,274.379638671875
spy,2020-03-04,285.91265869140625
spy,2020-03-05,276.408447265625
spy,2020-03-06,271.8390197753906
spy,2020-03-09,250.60989379882812
spy,2020-03-10,263.5777282714844
spy,2020-03-11,250.728759765625
spy,2020-03-12,226.7396697998047
spy,2020-03-13,246.122802734375
spy,2020-03-16,219.19119262695312
spy,2020-03-17,231.02578735351562
spy,2020-03-18,219.32823181152344
spy,2020-03-19,219.79429626464844
spy,2020-03-20,210.3224334716797
spy,2020-03-23,204.9448699951172
spy,2020-03-24,223.51358032226562
spy,2020-03-25,226.8595733642578
spy,2020-03-26,240.10586547851562
spy,2020-03-27,232.9541778564453
spy,2020-03-30,240.51954650878906
spy,2020-03-31,236.93447875976562
spy,2020-04-01,226.2712860107422
spy,2020-04-02,231.49258422851562
spy,2020-04-03,228.1465301513672
spy,2020-04-06,243.4702911376953
spy,2020-04-07,243.71852111816406
spy,2020-04-08,251.89974975585938
spy,2020-04-09,255.7329864501953
spy,2020-04-13,253.3981475830078
spy,2020-04-14,260.8715515136719
spy,2020-04-15,255.3285369873047
spy,2020-04-16,256.56036376953125
spy,2020-04-17,263.4914245605469
spy,2020-04-20,258.8491516113281
spy,2020-04-21,250.9897003173828
spy,2020-04-22,256.56036376953125
spy,2020-04-23,256.5418395996094
spy,2020-04-24,260.11773681640625
spy,2020-04-27,263.86834716796875
spy,2020-04-28,262.6548767089844
spy,2020-04-29,269.5307922363281
spy,2020-04-30,267.021240234375
spy,2020-05-01,259.9523010253906
spy,2020-05-04,260.6692810058594
spy,2020-05-05,263.0776672363281
spy,2020-05-06,261.2944030761719
spy,2020-05-07,264.4473876953125
spy,2020-05-08,268.82293701171875
spy,2020-05-11,268.878173828125
spy,2020-05-12,263.5190124511719
spy,2020-05-13,258.8583984375
spy,2020-05-14,261.9562683105469
spy,2020-05-15,263.1604309082031
spy,2020-05-18,271.1762390136719
spy,2020-05-19,268.3908386230469
spy,2020-05-20,272.95037841796875
spy,2020-05-21,271.06597900390625
spy,2020-05-22,271.5806884765625
spy,2020-05-26,274.9266662597656
spy,2020-05-27,279.017333984375
spy,2020-05-28,278.5025329589844
spy,2020-05-29,279.7435302734375
spy,2020-06-01,280.8741760253906
spy,2020-06-02,283.1997985839844
spy,2020-06-03,286.96881103515625
spy,2020-06-04,286.2149963378906
spy,2020-06-05,293.55059814453125
spy,2020-06-08,297.098876953125
spy,2020-06-09,294.88348388671875
spy,2020-06-10,293.23797607421875
spy,2020-06-11,276.33319091796875
spy,2020-06-12,279.6424560546875
spy,2020-06-15,282.25311279296875
spy,2020-06-16,287.68585205078125
spy,2020-06-17,286.4908447265625
spy,2020-06-18,286.60113525390625
spy,2020-06-19,284.9632263183594
spy,2020-06-22,286.79132080078125
spy,2020-06-23,288.11163330078125
spy,2020-06-24,280.7621765136719
spy,2020-06-25,283.772216796875
spy,2020-06-26,277.03216552734375
spy,2020-06-29,281.10382080078125
spy,2020-06-30,284.70477294921875
spy,2020-07-01,286.6988830566406
spy,2020-07-02,288.2777099609375
spy,2020-07-06,292.72802734375
spy,2020-07-07,289.7089538574219
spy,2020-07-08,291.9248352050781
spy,2020-07-09,290.26287841796875
spy,2020-07-10,293.2265930175781
spy,2020-07-13,290.6875
spy,2020-07-14,294.4546203613281
spy,2020-07-15,297.159912109375
spy,2020-07-16,296.18109130859375
spy,2020-07-17,297.039794921875
spy,2020-07-20,299.44036865234375
spy,2020-07-21,300.077392578125
spy,2020-07-22,301.7854309082031
spy,2020-07-23,298.18463134765625
spy,2020-07-24,296.26422119140625
spy,2020-07-27,298.4246520996094
spy,2020-07-28,296.5319519042969
spy,2020-07-29,300.1789855957031
spy,2020-07-30,299.10791015625
spy,2020-07-31,301.4715576171875
spy,2020-08-03,303.5673828125
spy,2020-08-04,304.739990234375
spy,2020-08-05,306.6327209472656
spy,2020-08-06,308.682373046875
spy,2020-08-07,308.904052734375
spy,2020-08-10,309.8272705078125
spy,2020-08-11,307.2698059082031
spy,2020-08-12,311.5538635253906
spy,2020-08-13,310.99066162109375
spy,2020-08-14,310.9999084472656
spy,2020-08-17,311.98773193359375
spy,2020-08-18,312.6617126464844
spy,2020-08-19,311.3598327636719
spy,2020-08-20,312.3293762207031
spy,2020-08-21,313.4373779296875
spy,2020-08-24,316.6134338378906
spy,2020-08-25,317.7213439941406
spy,2020-08-26,320.90673828125
spy,2020-08-27,321.6083984375
spy,2020-08-28,323.685791015625
spy,2020-08-31,322.5133056640625
spy,2020-09-01,325.5508728027344
spy,2020-09-02,330.2596435546875
spy,2020-09-03,318.89398193359375
spy,2020-09-04,316.290283203125
spy,2020-09-08,307.6482238769531
spy,2020-09-09,313.72357177734375
spy,2020-09-10,308.2762145996094
spy,2020-09-11,308.43316650390625
spy,2020-09-14,312.49554443359375
spy,2020-09-15,314.07440185546875
spy,2020-09-16,312.8279724121094
spy,2020-09-17,310.07659912109375
spy,2020-09-18,306.50677490234375
spy,2020-09-21,303.09552001953125
spy,2020-09-22,306.1822814941406
spy,2020-09-23,299.0816955566406
spy,2020-09-24,299.87890625
spy,2020-09-25,304.7270202636719
spy,2020-09-28,309.78826904296875
spy,2020-09-29,308.10125732421875
spy,2020-09-30,310.4371337890625
spy,2020-10-01,312.43023681640625
spy,2020-10-02,309.4638366699219
spy,2020-10-05,314.95159912109375
spy,2020-10-06,310.4742736816406
spy,2020-10-07,315.87860107421875
spy,2020-10-08,318.6780700683594
spy,2020-10-09,321.5238342285156
spy,2020-10-12,326.6964416503906
spy,2020-10-13,324.5644226074219
spy,2020-10-14,322.5250549316406
spy,2020-10-15,322.1264953613281
spy,2020-10-16,321.9317932128906
spy,2020-10-19,317.0373229980469
spy,2020-10-20,318.30731201171875
spy,2020-10-21,317.7048034667969
spy,2020-10-22,319.44744873046875
spy,2020-10-23,320.53204345703125
spy,2020-10-26,314.6086120605469
spy,2020-10-27,313.5240173339844
spy,2020-10-28,302.8081359863281
spy,2020-10-29,305.8857421875
spy,2020-10-30,302.6968688964844
spy,2020-11-02,306.0896301269531
spy,2020-11-03,311.493896484375
spy,2020-11-04,318.4555969238281
spy,2020-11-05,324.6663818359375
spy,2020-11-06,324.5921630859375
spy,2020-11-09,328.6708984375
spy,2020-11-10,328.1888732910156
spy,2020-11-11,330.6268005371094
spy,2020-11-12,327.4195556640625
spy,2020-11-13,331.9523620605469
spy,2020-11-16,336.0960998535156
spy,2020-11-17,334.2883605957031
spy,2020-11-18,330.26531982421875
spy,2020-11-19,331.6558532714844
spy,2020-11-20,329.3846740722656
spy,2020-11-23,331.3591003417969
spy,2020-11-24,336.6986389160156
spy,2020-11-25,336.179443359375
spy,2020-11-27,337.1157531738281
spy,2020-11-30,335.623291015625
spy,2020-12-01,339.2941589355469
spy,2020-12-02,340.00787353515625
spy,2020-12-03,339.9151916503906
spy,2020-12-04,342.8445129394531
spy,2020-12-07,342.13995361328125
spy,2020-12-08,343.14117431640625
spy,2020-12-09,340.0634460449219
spy,2020-12-10,339.9523620605469
spy,2020-12-11,339.55364990234375
spy,2020-12-14,338.0334777832031
spy,2020-12-15,342.603515625
spy,2020-12-16,343.14117431640625
spy,2020-12-17,345.0599365234375
spy,2020-12-18,343.6820983886719
spy,2020-12-21,342.4533386230469
spy,2020-12-22,341.8761901855469
spy,2020-12-23,342.18341064453125
spy,2020-12-24,343.5146789550781
spy,2020-12-28,346.46563720703125
spy,2020-12-29,345.80474853515625
spy,2020-12-30,346.298095703125
spy,2020-12-31,348.05767822265625
spy,2021-01-04,343.31915283203125
spy,2021-01-05,345.6836242675781
spy,2021-01-06,347.7503356933594
spy,2021-01-07,352.9170837402344
spy,2021-01-08,354.9278259277344
spy,2021-01-11,352.53533935546875
spy,2021-01-12,352.6097412109375
spy,2021-01-13,353.5594482421875
spy,2021-01-14,352.3212890625
spy,2021-01-15,349.75189208984375
spy,2021-01-19,352.49810791015625
spy,2021-01-20,357.37628173828125
spy,2021-01-21,357.7020568847656
spy,2021-01-22,356.4359436035156
spy,2021-01-25,357.8417053222656
spy,2021-01-26,357.2830505371094
spy,2021-01-27,348.551025390625
spy,2021-01-28,351.548583984375
spy,2021-01-29,344.5107727050781
spy,2021-02-01,350.2452087402344
spy,2021-02-02,355.1977844238281
spy,2021-02-03,355.4772033691406
spy,2021-02-04,359.51739501953125
spy,2021-02-05,360.9323425292969
spy,2021-02-08,363.5390319824219
spy,2021-02-09,363.2969665527344
spy,2021-02-10,363.138671875
spy,2021-02-11,363.7251892089844
spy,2021-02-12,365.52191162109375
spy,2021-02-16,365.20538330078125
spy,2021-02-17,365.28924560546875
spy,2021-02-18,363.7344970703125
spy,2021-02-19,363.09210205078125
spy,2021-02-22,360.2993469238281
spy,2021-02-23,360.7369384765625
spy,2021-02-24,364.7119445800781
spy,2021-02-25,355.9239196777344
spy,2021-02-26,354.090087890625
spy,2021-03-01,362.6732482910156
spy,2021-03-02,359.84320068359375
spy,2021-03-03,355.0768737792969
spy,2021-03-04,350.6827697753906
spy,2021-03-05,357.1341857910156
spy,2021-03-08,355.3561096191406
spy,2021-03-09,360.42974853515625
spy,2021-03-10,362.6732482910156
spy,2021-03-11,366.3504333496094
spy,2021-03-12,366.8438415527344
spy,2021-03-15,369.031494140625
spy,2021-03-16,368.5660705566406
spy,2021-03-17,369.8228454589844
spy,2021-03-18,364.4421081542969
spy,2021-03-19,363.7677001953125
spy,2021-03-22,366.67236328125
spy,2021-03-23,363.7864074707031
spy,2021-03-24,361.9370422363281
spy,2021-03-25,363.9731750488281
spy,2021-03-26,369.8385925292969
spy,2021-03-29,369.6517333984375
spy,2021-03-30,368.6710510253906
spy,2021-03-31,370.16546630859375
spy,2021-04-01,374.1629333496094
spy,2021-04-05,379.5333557128906
spy,2021-04-06,379.3091735839844
spy,2021-04-07,379.74810791015625
spy,2021-04-08,381.5506591796875
spy,2021-04-09,384.3246154785156
spy,2021-04-12,384.4647521972656
spy,2021-04-13,385.604248046875
spy,2021-04-14,384.2873840332031
spy,2021-04-15,388.4154968261719
spy,2021-04-16,389.7137145996094
spy,2021-04-19,387.799072265625
spy,2021-04-20,384.95977783203125
spy,2021-04-21,388.602294921875
spy,2021-04-22,385.05316162109375
spy,2021-04-23,389.22808837890625
spy,2021-04-26,390.04058837890625
spy,2021-04-27,389.9565734863281
spy,2021-04-28,389.8445129394531
spy,2021-04-29,392.32891845703125
spy,2021-04-30,389.7510681152344
spy,2021-05-03,390.5916442871094
spy,2021-05-04,388.1820373535156
spy,2021-05-05,388.30340576171875
spy,2021-05-06,391.40423583984375
spy,2021-05-07,394.2528381347656
spy,2021-05-10,390.348876953125
spy,2021-05-11,386.8650817871094
spy,2021-05-12,378.64605712890625
spy,2021-05-13,383.19451904296875
spy,2021-05-14,389.0785827636719
spy,2021-05-17,388.0885009765625
spy,2021-05-18,384.7449951171875
spy,2021-05-19,383.7361755371094
spy,2021-05-20,387.8644104003906
spy,2021-05-21,387.54693603515625
spy,2021-05-24,391.4977111816406
spy,2021-05-25,390.6290283203125
spy,2021-05-26,391.40423583984375
spy,2021-05-27,391.6097412109375
spy,2021-05-28,392.3102111816406
spy,2021-06-01,391.9647216796875
spy,2021-06-02,392.58099365234375
spy,2021-06-03,391.1240539550781
spy,2021-06-04,394.7012023925781
spy,2021-06-07,394.3182678222656
spy,2021-06-08,394.4023742675781
spy,2021-06-09,393.81390380859375
spy,2021-06-10,395.6445007324219
spy,2021-06-11,396.2983093261719
spy,2021-06-14,397.1856384277344
spy,2021-06-15,396.4571228027344
spy,2021-06-16,394.2435302734375
spy,2021-06-17,394.1127624511719
spy,2021-06-18,388.7960205078125
spy,2021-06-21,394.3621826171875
spy,2021-06-22,396.4703369140625
spy,2021-06-23,395.99249267578125
spy,2021-06-24,398.3350830078125
spy,2021-06-25,399.74993896484375
spy,2021-06-28,400.5558776855469
spy,2021-06-29,400.77142333984375
spy,2021-06-30,401.1086730957031
spy,2021-07-01,403.32952880859375
spy,2021-07-02,406.41241455078125
spy,2021-07-06,405.672119140625
spy,2021-07-07,407.10577392578125
spy,2021-07-08,403.7886657714844
spy,2021-07-09,408.0989990234375
spy,2021-07-12,409.5607604980469
spy,2021-07-13,408.1646423339844
spy,2021-07-14,408.773681640625
spy,2021-07-15,407.3775329589844
spy,2021-07-16,404.18218994140625
spy,2021-07-19,398.2133483886719
spy,2021-07-20,403.9198303222656
spy,2021-07-21,407.1900939941406
spy,2021-07-22,408.04278564453125
spy,2021-07-23,412.2407531738281
spy,2021-07-26,413.2527160644531
spy,2021-07-27,411.36932373046875
spy,2021-07-28,411.20062255859375
spy,2021-07-29,412.906005859375
spy,2021-07-30,410.9008483886719
spy,2021-08-02,410.0386962890625
spy,2021-08-03,413.37457275390625
spy,2021-08-04,411.3411865234375
spy,2021-08-05,413.9461669921875
spy,2021-08-06,414.63018798828125
spy,2021-08-09,414.2928466796875
spy,2021-08-10,414.8081970214844
spy,2021-08-11,415.8390197753906
spy,2021-08-12,417.085205078125
spy,2021-08-13,417.8442077636719
spy,2021-08-16,418.82806396484375
spy,2021-08-17,416.08258056640625
spy,2021-08-18,411.5285949707031
spy,2021-08-19,412.165771484375
spy,2021-08-20,415.4454650878906
spy,2021-08-23,419.0998229980469
spy,2021-08-24,419.7651672363281
spy,2021-08-25,420.64605712890625
spy,2021-08-26,418.1628112792969
spy,2021-08-27,421.90167236328125
spy,2021-08-30,423.7569885253906
spy,2021-08-31,423.129150390625
spy,2021-09-01,423.3540344238281
spy,2021-09-02,424.656494140625
spy,2021-09-03,424.5534362792969
spy,2021-09-07,423.0353698730469
spy,2021-09-08,422.5200500488281
spy,2021-09-09,420.7115783691406
spy,2021-09-10,417.3943786621094
spy,2021-09-13,418.46270751953125
spy,2021-09-14,416.2043762207031
spy,2021-09-15,419.680908203125
spy,2021-09-16,419.0155029296875
spy,2021-09-17,414.9338684082031
spy,2021-09-20,408.0152282714844
spy,2021-09-21,407.6297302246094
spy,2021-09-22,411.6061096191406
spy,2021-09-23,416.6072082519531
spy,2021-09-24,417.2933654785156
spy,2021-09-27,416.099609375
spy,2021-09-28,407.7143859863281
spy,2021-09-29,408.400634765625
spy,2021-09-30,403.4089660644531
spy,2021-10-01,408.203125
spy,2021-10-04,402.9390869140625
spy,2021-10-05,407.1315612792969
spy,2021-10-06,408.8235778808594
spy,2021-10-07,412.3581848144531
spy,2021-10-08,411.6061096191406
spy,2021-10-11,408.62615966796875
spy,2021-10-12,407.62042236328125
spy,2021-10-13,409.08685302734375
spy,2021-10-14,415.9679260253906
spy,2021-10-15,419.13592529296875
spy,2021-10-18,420.3766784667969
spy,2021-10-19,423.61993408203125
spy,2021-10-20,425.2837829589844
spy,2021-10-21,426.39300537109375
spy,2021-10-22,425.951171875
spy,2021-10-25,428.2354431152344
spy,2021-10-26,428.6208801269531
spy,2021-10-27,426.7220458984375
spy,2021-10-28,430.83935546875
spy,2021-10-29,431.713623046875
spy,2021-11-01,432.45623779296875
spy,2021-11-02,434.2046813964844
spy,2021-11-03,436.8555908203125
spy,2021-11-04,438.9142761230469
spy,2021-11-05,440.437255859375
spy,2021-11-08,440.8131408691406
spy,2021-11-09,439.35614013671875
spy,2021-11-10,435.8215637207031
spy,2021-11-11,435.96258544921875
spy,2021-11-12,439.25274658203125
spy,2021-11-15,439.4031066894531
spy,2021-11-16,441.14227294921875
spy,2021-11-17,440.0705871582031
spy,2021-11-18,441.56524658203125
spy,2021-11-19,440.77557373046875
spy,2021-11-22,439.5347900390625
spy,2021-11-23,440.1175842285156
spy,2021-11-24,441.2926330566406
spy,2021-11-26,431.4504699707031
spy,2021-11-29,436.7427978515625
spy,2021-11-30,428.244873046875
spy,2021-12-01,423.4882507324219
spy,2021-12-02,429.9745178222656
spy,2021-12-03,426.2331848144531
spy,2021-12-06,431.2812194824219
spy,2021-12-07,440.20220947265625
spy,2021-12-08,441.3677673339844
spy,2021-12-09,438.387939453125
spy,2021-12-10,442.5146789550781
spy,2021-12-13,438.5947265625
spy,2021-12-14,435.5771179199219
spy,2021-12-15,442.383056640625
spy,2021-12-16,438.4819641113281
spy,2021-12-17,433.8152160644531
spy,2021-12-20,429.20220947265625
spy,2021-12-21,436.824462890625
spy,2021-12-22,441.1921081542969
spy,2021-12-23,443.9372253417969
spy,2021-12-27,450.2199401855469
spy,2021-12-28,449.85205078125
spy,2021-12-29,450.4274597167969
spy,2021-12-30,449.1822509765625
spy,2021-12-31,448.0501403808594
spy,2022-01-03,450.6444396972656
spy,2022-01-04,450.4935302734375
spy,2022-01-05,441.84307861328125
spy,2022-01-06,441.427978515625
spy,2022-01-07,439.6828308105469
spy,2022-01-10,439.1356506347656
spy,2022-01-11,443.135498046875
spy,2022-01-12,444.3334655761719
spy,2022-01-13,438.21112060546875
spy,2022-01-14,438.390380859375
spy,2022-01-18,430.62664794921875
spy,2022-01-19,426.1552734375
spy,2022-01-20,421.43853759765625
spy,2022-01-21,413.1654052734375
spy,2022-01-24,414.9200134277344
spy,2022-01-25,409.854248046875
spy,2022-01-26,408.8260498046875
spy,2022-01-27,406.80731201171875
spy,2022-01-28,416.9104919433594
spy,2022-01-31,424.4195556640625
spy,2022-02-01,427.2872619628906
spy,2022-02-02,431.4378967285156
spy,2022-02-03,421.2969970703125
spy,2022-02-04,423.278076171875
spy,2022-02-07,421.91961669921875
spy,2022-02-08,425.3911437988281
spy,2022-02-09,431.6172180175781
spy,2022-02-10,423.86297607421875
spy,2022-02-11,415.50494384765625
spy,2022-02-14,414.1464538574219
spy,2022-02-15,420.82537841796875
spy,2022-02-16,421.2969970703125
spy,2022-02-17,412.2975769042969
spy,2022-02-18,409.62786865234375
spy,2022-02-22,405.23193359375
spy,2022-02-23,398.0436096191406
spy,2022-02-24,404.0338439941406
spy,2022-02-25,412.948486328125
spy,2022-02-28,411.8919677734375
spy,2022-03-01,405.6186828613281
spy,2022-03-02,413.08056640625
spy,2022-03-03,411.0240478515625
spy,2022-03-04,407.6846008300781
spy,2022-03-07,395.6663818359375
spy,2022-03-08,392.6665344238281
spy,2022-03-09,403.19427490234375
spy,2022-03-10,401.3736267089844
spy,2022-03-11,396.2701416015625
spy,2022-03-14,393.3740539550781
spy,2022-03-15,402.0245056152344
spy,2022-03-16,410.9391174316406
spy,2022-03-17,416.0804443359375
spy,2022-03-18,420.6375732421875
spy,2022-03-21,420.5145568847656
spy,2022-03-22,425.4351806640625
spy,2022-03-23,419.95623779296875
spy,2022-03-24,426.28680419921875
spy,2022-03-25,428.36865234375
spy,2022-03-28,431.4156188964844
spy,2022-03-29,436.752685546875
spy,2022-03-30,434.0557861328125
spy,2022-03-31,427.3750305175781
spy,2022-04-01,428.5863037109375
spy,2022-04-04,432.2578125
spy,2022-04-05,426.7978515625
spy,2022-04-06,422.5301208496094
spy,2022-04-07,424.6593322753906
spy,2022-04-08,423.5237731933594
spy,2022-04-11,416.28472900390625
spy,2022-04-12,414.7423400878906
spy,2022-04-13,419.4925842285156
spy,2022-04-14,414.2691955566406
spy,2022-04-18,414.43951416015625
spy,2022-04-19,421.12969970703125
spy,2022-04-20,420.8173828125
spy,2022-04-21,414.5246887207031
spy,2022-04-22,403.1504821777344
spy,2022-04-25,405.48779296875
spy,2022-04-26,393.7444763183594
spy,2022-04-27,394.85162353515625
spy,2022-04-28,404.8253173828125
spy,2022-04-29,389.86474609375
spy,2022-05-02,392.2115478515625
spy,2022-05-03,394.0094299316406
spy,2022-05-04,406.0082702636719
spy,2022-05-05,391.5775451660156
spy,2022-05-06,389.240234375
spy,2022-05-09,376.7778625488281
spy,2022-05-10,377.6484069824219
spy,2022-05-11,371.6490173339844
spy,2022-05-12,371.260986328125
spy,2022-05-13,380.1370849609375
spy,2022-05-16,378.59466552734375
spy,2022-05-17,386.3825378417969
spy,2022-05-18,370.8068542480469
spy,2022-05-19,368.5357360839844
spy,2022-05-20,368.6965637207031
spy,2022-05-23,375.5949401855469
spy,2022-05-24,372.72772216796875
spy,2022-05-25,376.0208435058594
spy,2022-05-26,383.53424072265625
spy,2022-05-27,392.9496154785156
spy,2022-05-31,390.7447509765625
spy,2022-06-01,387.5842590332031
spy,2022-06-02,394.9652099609375
spy,2022-06-03,388.4833068847656
spy,2022-06-06,389.6659851074219
spy,2022-06-07,393.4037780761719
spy,2022-06-08,389.12664794921875
spy,2022-06-09,379.87213134765625
spy,2022-06-10,368.8575439453125
spy,2022-06-13,354.8526306152344
spy,2022-06-14,353.7833557128906
spy,2022-06-15,358.82696533203125
spy,2022-06-16,346.95123291015625
spy,2022-06-17,347.69915771484375
spy,2022-06-21,356.4519958496094
spy,2022-06-22,355.8057556152344
spy,2022-06-23,359.29364013671875
spy,2022-06-24,370.71697998046875
spy,2022-06-27,369.3008728027344
spy,2022-06-28,361.75506591796875
spy,2022-06-29,361.46044921875
spy,2022-06-30,358.5238342285156
spy,2022-07-01,362.3157653808594
spy,2022-07-05,363.0000305175781
spy,2022-07-06,364.2259521484375
spy,2022-07-07,369.6810302734375
spy,2022-07-08,369.376953125
spy,2022-07-11,365.1573181152344
spy,2022-07-12,361.9261169433594
spy,2022-07-13,360.0254211425781
spy,2022-07-14,359.1510925292969
spy,2022-07-15,366.0126647949219
spy,2022-07-18,362.9905700683594
spy,2022-07-19,372.7981872558594
spy,2022-07-20,375.17413330078125
spy,2022-07-21,378.99456787109375
spy,2022-07-22,375.478271484375
spy,2022-07-25,375.9344787597656
spy,2022-07-26,371.48675537109375
spy,2022-07-27,381.1329345703125
spy,2022-07-28,385.91314697265625
spy,2022-07-29,391.5393981933594
spy,2022-08-01,390.37994384765625
spy,2022-08-02,387.8044128417969
spy,2022-08-03,393.8772888183594
spy,2022-08-04,393.6112365722656
spy,2022-08-05,392.9459228515625
spy,2022-08-08,392.4897155761719
spy,2022-08-09,390.93115234375
spy,2022-08-10,399.1422119140625
spy,2022-08-11,399.1422119140625
spy,2022-08-12,405.89935302734375
spy,2022-08-15,407.5718994140625
spy,2022-08-16,408.3703308105469
spy,2022-08-17,405.4716491699219
spy,2022-08-18,406.6501770019531
spy,2022-08-19,401.1855773925781
spy,2022-08-22,392.83184814453125
spy,2022-08-23,391.8815002441406
spy,2022-08-24,393.135986328125
spy,2022-08-25,398.6860656738281
spy,2022-08-26,385.1910095214844
spy,2022-08-29,382.6440124511719
spy,2022-08-30,378.4433288574219
spy,2022-08-31,375.5638427734375
spy,2022-09-01,376.7422790527344
spy,2022-09-02,372.7697448730469
spy,2022-09-06,371.3631896972656
spy,2022-09-07,378.0347595214844
spy,2022-09-08,380.5057678222656
spy,2022-09-09,386.4169616699219
spy,2022-09-12,390.57000732421875
spy,2022-09-13,373.5870361328125
spy,2022-09-14,375.0125732421875
spy,2022-09-15,370.7550048828125
spy,2022-09-16,367.9264831542969
spy,2022-09-19,370.7797546386719
spy,2022-09-20,366.52374267578125
spy,2022-09-21,360.1302185058594
spy,2022-09-22,357.1051025390625
spy,2022-09-23,351.1219177246094
spy,2022-09-26,347.6483154296875
spy,2022-09-27,346.7608642578125
spy,2022-09-28,353.5838928222656
spy,2022-09-29,346.1978454589844
spy,2022-09-30,340.8444519042969
spy,2022-10-03,349.8432312011719
spy,2022-10-04,360.6836853027344
spy,2022-10-05,359.8439025878906
spy,2022-10-06,356.1318054199219
spy,2022-10-07,346.1978454589844
spy,2022-10-10,343.5545654296875
spy,2022-10-11,341.37884521484375
spy,2022-10-12,340.2528076171875
spy,2022-10-13,349.23248291015625
spy,2022-10-14,341.2738952636719
spy,2022-10-17,350.0436096191406
spy,2022-10-18,354.1564636230469
spy,2022-10-19,351.6467590332031
spy,2022-10-20,348.6981506347656
spy,2022-10-21,357.1719055175781
spy,2022-10-24,361.54248046875
spy,2022-10-25,367.3157958984375
spy,2022-10-26,364.5483703613281
spy,2022-10-27,362.6016845703125
spy,2022-10-28,371.2282409667969
spy,2022-10-31,368.5467834472656
spy,2022-11-01,366.9340515136719
spy,2022-11-02,357.7254333496094
spy,2022-11-03,354.0419921875
spy,2022-11-04,359.13775634765625
spy,2022-11-07,362.5731506347656
spy,2022-11-08,364.5292663574219
spy,2022-11-09,357.0192565917969
spy,2022-11-10,376.6390075683594
spy,2022-11-11,380.28424072265625
spy,2022-11-14,377.0492858886719
spy,2022-11-15,380.2651672363281
spy,2022-11-16,377.36419677734375
spy,2022-11-17,376.2095031738281
spy,2022-11-18,377.9176330566406
spy,2022-11-21,376.54351806640625
spy,2022-11-22,381.61065673828125
spy,2022-11-23,384.01544189453125
spy,2022-11-25,383.9295654296875
spy,2022-11-28,377.80316162109375
spy,2022-11-29,377.154296875
spy,2022-11-30,389.0348815917969
spy,2022-12-01,388.74859619140625
spy,2022-12-02,388.3001403808594
spy,2022-12-05,381.31488037109375
spy,2022-12-06,375.8182678222656
spy,2022-12-07,375.178955078125
spy,2022-12-08,378.1180419921875
spy,2022-12-09,375.2934875488281
spy,2022-12-12,380.7041320800781
spy,2022-12-13,383.58599853515625
spy,2022-12-14,381.13360595703125
spy,2022-12-15,371.8103942871094
spy,2022-12-16,367.42071533203125
spy,2022-12-19,364.30511474609375
spy,2022-12-20,364.8036193847656
spy,2022-12-21,370.2584533691406
spy,2022-12-22,364.97613525390625
spy,2022-12-23,367.0755920410156
spy,2022-12-27,365.6280517578125
spy,2022-12-28,361.0840759277344
spy,2022-12-29,367.5837097167969
spy,2022-12-30,366.61541748046875
spy,2023-01-03,365.0720520019531
spy,2023-01-04,367.8905029296875
spy,2023-01-05,363.6916198730469
spy,2023-01-06,372.0318603515625
spy,2023-01-09,371.8209533691406
spy,2023-01-10,374.4283752441406
spy,2023-01-11,379.16412353515625
spy,2023-01-12,380.54461669921875
spy,2023-01-13,382.0209655761719
spy,2023-01-17,381.3211669921875
spy,2023-01-18,375.30078125
spy,2023-01-19,372.5687561035156
spy,2023-01-20,379.5093078613281
spy,2023-01-23,384.0628662109375
spy,2023-01-24,383.6506652832031
spy,2023-01-25,383.79443359375
spy,2023-01-26,388.0124816894531
spy,2023-01-27,388.90399169921875
spy,2023-01-30,384.0245666503906
spy,2023-01-31,389.6709899902344
spy,2023-02-01,393.8122863769531
spy,2023-02-02,399.5450439453125
spy,2023-02-03,395.2981872558594
spy,2023-02-06,392.8823547363281
spy,2023-02-07,398.0207214355469
spy,2023-02-08,393.66851806640625
spy,2023-02-09,390.2557067871094
spy,2023-02-10,391.16650390625
spy,2023-02-13,395.75836181640625
spy,2023-02-14,395.5762634277344
spy,2023-02-15,396.86083984375
spy,2023-02-16,391.3965148925781
spy,2023-02-17,390.418701171875
spy,2023-02-21,382.5865173339844
spy,2023-02-22,382.0593566894531
spy,2023-02-23,384.09161376953125
spy,2023-02-24,379.9886169433594
spy,2023-02-27,381.2828674316406
spy,2023-02-28,379.8735656738281
spy,2023-03-01,378.4163513183594
spy,2023-03-02,381.3594970703125
spy,2023-03-03,387.4755859375
spy,2023-03-06,387.74407958984375
spy,2023-03-07,381.8003845214844
spy,2023-03-08,382.4235534667969
spy,2023-03-09,375.367919921875
spy,2023-03-10,369.9515686035156
spy,2023-03-13,369.42425537109375
spy,2023-03-14,375.5308837890625
spy,2023-03-15,373.1822204589844
spy,2023-03-16,379.729736328125
spy,2023-03-17,375.28973388671875
spy,2023-03-20,378.89837646484375
spy,2023-03-21,383.8734436035156
spy,2023-03-22,377.3297424316406
spy,2023-03-23,378.3498840332031
spy,2023-03-24,380.83258056640625
spy,2023-03-27,381.54473876953125
spy,2023-03-28,380.68817138671875
spy,2023-03-29,386.2215576171875
spy,2023-03-30,388.48297119140625
spy,2023-03-31,393.9584045410156
spy,2023-04-03,395.4596252441406
spy,2023-04-04,393.265625
spy,2023-04-05,392.2358703613281
spy,2023-04-06,393.7659912109375
spy,2023-04-10,394.17010498046875
spy,2023-04-11,394.2760314941406
spy,2023-04-12,392.6689758300781
spy,2023-04-13,397.8846130371094
spy,2023-04-14,396.9127197265625
spy,2023-04-17,398.33697509765625
spy,2023-04-18,398.59674072265625
spy,2023-04-19,398.52947998046875
spy,2023-04-20,396.35455322265625
spy,2023-04-21,396.6625061035156
spy,2023-04-24,397.0763244628906
spy,2023-04-25,390.7731628417969
spy,2023-04-26,389.1180114746094
spy,2023-04-27,396.86456298828125
spy,2023-04-28,400.2519226074219
spy,2023-05-01,399.8477478027344
spy,2023-05-02,395.35382080078125
spy,2023-05-03,392.64013671875
spy,2023-05-04,389.8590087890625
spy,2023-05-05,397.0763244628906
spy,2023-05-08,397.1821594238281
spy,2023-05-09,395.4403991699219
spy,2023-05-10,397.28802490234375
spy,2023-05-11,396.5951843261719
spy,2023-05-12,396.0755615234375
spy,2023-05-15,397.44195556640625
spy,2023-05-16,394.7860412597656
spy,2023-05-17,399.57830810546875
spy,2023-05-18,403.4275207519531
spy,2023-05-19,402.84051513671875
spy,2023-05-22,403.004150390625
spy,2023-05-23,398.48126220703125
spy,2023-05-24,395.5943298339844
spy,2023-05-25,399.0201416015625
spy,2023-05-26,404.187744140625
spy,2023-05-30,404.3417053222656
spy,2023-05-31,402.09954833984375
spy,2023-06-01,405.91986083984375
spy,2023-06-02,411.7900085449219
spy,2023-06-05,411.0008850097656
spy,2023-06-06,411.8957824707031
spy,2023-06-07,410.47161865234375
spy,2023-06-08,412.95440673828125
spy,2023-06-09,413.6953125
spy,2023-06-12,417.4483337402344
spy,2023-06-13,420.2004699707031
spy,2023-06-14,420.70086669921875
spy,2023-06-15,425.9166259765625
spy,2023-06-16,424.4659118652344
spy,2023-06-20,422.26361083984375
spy,2023-06-21,420.1000671386719
spy,2023-06-22,421.6165466308594
spy,2023-06-23,418.4290771484375
spy,2023-06-26,416.719482421875
spy,2023-06-27,421.2880859375
spy,2023-06-28,421.5005798339844
spy,2023-06-29,423.16192626953125
spy,2023-06-30,428.1554870605469
spy,2023-07-03,428.64813232421875
spy,2023-07-05,428.01068115234375
spy,2023-07-06,424.6590881347656
spy,2023-07-07,423.5868835449219
spy,2023-07-10,424.6590881347656
spy,2023-07-11,427.363525390625
spy,2023-07-12,430.80206298828125
spy,2023-07-13,434.22125244140625
spy,2023-07-14,433.9508361816406
spy,2023-07-17,435.4576110839844
spy,2023-07-18,438.69329833984375
spy,2023-07-19,439.6688232421875
spy,2023-07-20,436.75189208984375
spy,2023-07-21,436.75189208984375
spy,2023-07-24,438.70294189453125
spy,2023-07-25,439.900634765625
spy,2023-07-26,439.96826171875
spy,2023-07-27,437.0513000488281
spy,2023-07-28,441.33013916015625
spy,2023-07-31,442.17041015625
spy,2023-08-01,440.9051513671875
spy,2023-08-02,434.7718505859375
spy,2023-08-03,433.52581787109375
spy,2023-08-04,431.5650939941406
spy,2023-08-07,435.3320007324219
spy,2023-08-08,433.43890380859375
spy,2023-08-09,430.54119873046875
spy,2023-08-10,430.69573974609375
spy,2023-08-11,430.4446716308594
spy,2023-08-14,432.8207702636719
spy,2023-08-15,427.77886962890625
spy,2023-08-16,424.6397705078125
spy,2023-08-17,421.4040222167969
spy,2023-08-18,421.6068420410156
spy,2023-08-21,424.3499755859375
spy,2023-08-22,423.2005920410156
spy,2023-08-23,427.9140930175781
spy,2023-08-24,421.98358154296875
spy,2023-08-25,424.95849609375
spy,2023-08-28,427.65325927734375
spy,2023-08-29,433.8349609375
spy,2023-08-30,435.6217956542969
spy,2023-08-31,434.9842224121094
spy,2023-09-01,435.7956848144531
spy,2023-09-05,433.91217041015625
spy,2023-09-06,430.9952087402344
spy,2023-09-07,429.67193603515625
spy,2023-09-08,430.3190612792969
spy,2023-09-11,433.14910888671875
spy,2023-09-12,430.7730407714844
spy,2023-09-13,431.27532958984375
spy,2023-09-14,434.993896484375
spy,2023-09-15,429.75299072265625
spy,2023-09-18,430.0050048828125
spy,2023-09-19,429.11328125
spy,2023-09-20,425.16827392578125
spy,2023-09-21,418.1409912109375
spy,2023-09-22,417.2007141113281
spy,2023-09-25,418.9551696777344
spy,2023-09-26,412.8002014160156
spy,2023-09-27,412.9649353027344
spy,2023-09-28,415.359130859375
spy,2023-09-29,414.35101318359375
spy,2023-10-02,414.1862487792969
spy,2023-10-03,408.6419372558594
spy,2023-10-04,411.61767578125
spy,2023-10-05,411.46258544921875
spy,2023-10-06,416.3477478027344
spy,2023-10-09,419.0133056640625
spy,2023-10-10,421.1942443847656
spy,2023-10-11,422.9195861816406
spy,2023-10-12,420.34124755859375
spy,2023-10-13,418.2475891113281
spy,2023-10-16,422.64813232421875
spy,2023-10-17,422.6287536621094
spy,2023-10-18,416.99713134765625
spy,2023-10-19,413.3332824707031
spy,2023-10-20,408.2542724609375
spy,2023-10-23,407.5466613769531
spy,2023-10-24,410.6192932128906
spy,2023-10-25,404.7259826660156
spy,2023-10-26,399.87957763671875
spy,2023-10-27,398.0670166015625
spy,2023-10-30,402.82623291015625
spy,2023-10-31,405.3560485839844
spy,2023-11-01,409.6790466308594
spy,2023-11-02,417.5303039550781
spy,2023-11-03,421.339599609375
spy,2023-11-06,422.30889892578125
spy,2023-11-07,423.5107727050781
spy,2023-11-08,423.8210144042969
spy,2023-11-09,420.5157165527344
spy,2023-11-10,427.0777893066406
spy,2023-11-13,426.67071533203125
spy,2023-11-14,434.9483947753906
spy,2023-11-15,435.86920166015625
spy,2023-11-16,436.40234375
spy,2023-11-17,436.9451599121094
spy,2023-11-20,440.30853271484375
spy,2023-11-21,439.3489685058594
spy,2023-11-22,441.04522705078125
spy,2023-11-24,441.316650390625
spy,2023-11-27,440.5217590332031
spy,2023-11-28,440.9579772949219
spy,2023-11-29,440.6477966308594
spy,2023-11-30,442.38287353515625
spy,2023-12-01,444.9998779296875
spy,2023-12-04,442.6638488769531
spy,2023-12-05,442.57672119140625
spy,2023-12-06,440.7932434082031
spy,2023-12-07,444.15667724609375
spy,2023-12-08,446.066162109375
spy,2023-12-11,447.8011169433594
spy,2023-12-12,449.8463439941406
spy,2023-12-13,456.0497741699219
spy,2023-12-14,457.513427734375
spy,2023-12-15,456.7601013183594
spy,2023-12-18,459.3294677734375
spy,2023-12-19,462.12255859375
spy,2023-12-20,455.71881103515625
spy,2023-12-21,460.03985595703125
spy,2023-12-22,460.9643859863281
spy,2023-12-26,462.9108581542969
spy,2023-12-27,463.7478332519531
spy,2023-12-28,463.9230651855469
spy,2023-12-29,462.5799560546875
spy,2024-01-02,459.9911804199219
spy,2024-01-03,456.234619140625
spy,2024-01-04,454.7650146484375
spy,2024-01-05,455.3879089355469
spy,2024-01-08,461.88897705078125
spy,2024-01-09,461.1883239746094
spy,2024-01-10,463.79644775390625
spy,2024-01-11,463.59210205078125
spy,2024-01-12,463.91326904296875
spy,2024-01-16,462.21014404296875
spy,2024-01-17,459.6408386230469
spy,2024-01-18,463.7283630371094
spy,2024-01-19,469.50927734375
spy,2024-01-22,470.501953125
spy,2024-01-23,471.87420654296875
spy,2024-01-24,472.3900146484375
spy,2024-01-25,474.95928955078125
spy,2024-01-26,474.3558654785156
spy,2024-01-29,478.1125183105469
spy,2024-01-30,477.7427062988281
spy,2024-01-31,469.9472351074219
spy,2024-02-01,476.0979919433594
spy,2024-02-02,481.110107421875
spy,2024-02-05,479.3582763671875
spy,2024-02-06,480.7499694824219
spy,2024-02-07,484.7596130371094
spy,2024-02-08,484.9737548828125
spy,2024-02-09,487.7765808105469
spy,2024-02-12,487.5624694824219
spy,2024-02-13,480.8471984863281
spy,2024-02-14,485.217041015625
spy,2024-02-15,488.5649108886719
spy,2024-02-16,486.13189697265625
spy,2024-02-20,483.4554748535156
spy,2024-02-21,483.89337158203125
spy,2024-02-22,493.9078369140625
spy,2024-02-23,494.2484436035156
spy,2024-02-26,492.4383239746094
spy,2024-02-27,493.3531188964844
spy,2024-02-28,492.7010803222656
spy,2024-02-29,494.4722595214844
spy,2024-03-01,499.114501953125
spy,2024-03-04,498.5792236328125
spy,2024-03-05,493.5964050292969
spy,2024-03-06,496.0975646972656
spy,2024-03-07,501.02203369140625
spy,2024-03-08,498.0148010253906
spy,2024-03-11,497.58660888671875
spy,2024-03-12,502.9393005371094
spy,2024-03-13,502.15087890625
spy,2024-03-14,501.1583557128906
spy,2024-03-15,497.7170715332031
spy,2024-03-18,500.675048828125
spy,2024-03-19,503.4573974609375
spy,2024-03-20,508.114013671875
spy,2024-03-21,509.793212890625
spy,2024-03-22,508.82666015625
spy,2024-03-25,507.4208984375
spy,2024-03-26,506.4837646484375
spy,2024-03-27,510.7401428222656
spy,2024-03-28,510.64251708984375
spy,2024-04-01,509.754150390625
spy,2024-04-02,506.51300048828125
spy,2024-04-03,507.0694580078125
spy,2024-04-04,500.8800964355469
spy,2024-04-05,506.1128234863281
spy,2024-04-08,506.39581298828125
spy,2024-04-09,506.9815979003906
spy,2024-04-10,501.9051818847656
spy,2024-04-11,505.69293212890625
spy,2024-04-12,498.71282958984375
spy,2024-04-15,492.4648742675781
spy,2024-04-16,491.5667419433594
spy,2024-04-17,488.65753173828125
spy,2024-04-18,487.6520080566406
spy,2024-04-19,483.39556884765625
spy,2024-04-22,487.84722900390625
spy,2024-04-23,493.6363525390625
spy,2024-04-24,493.402099609375
spy,2024-04-25,491.5277099609375
spy,2024-04-26,496.1843566894531
spy,2024-04-29,497.94158935546875
spy,2024-04-30,490.0536193847656
spy,2024-05-01,488.46234130859375
spy,2024-05-02,493.03106689453125
spy,2024-05-03,499.1423645019531
spy,2024-05-06,504.2969970703125
spy,2024-05-07,504.85345458984375
spy,2024-05-08,504.9022521972656
spy,2024-05-09,507.8113708496094
spy,2024-05-10,508.46551513671875
spy,2024-05-13,508.5338439941406
spy,2024-05-14,510.86700439453125
spy,2024-05-15,517.1932373046875
spy,2024-05-16,516.1289672851562
spy,2024-05-17,516.8709106445312
spy,2024-05-20,517.4663696289062
spy,2024-05-21,518.7355346679688
spy,2024-05-22,517.2418823242188
spy,2024-05-23,513.4639282226562
spy,2024-05-24,516.8612060546875
spy,2024-05-28,517.2222900390625
spy,2024-05-29,513.6004638671875
spy,2024-05-30,510.19342041015625
spy,2024-05-31,514.8403930664062
spy,2024-06-03,515.2601318359375
spy,2024-06-04,515.8361206054688
spy,2024-06-05,521.9668579101562
spy,2024-06-06,521.9572143554688
spy,2024-06-07,521.3225708007812
spy,2024-06-10,522.9332885742188
spy,2024-06-11,524.1927490234375
spy,2024-06-12,528.4979248046875
spy,2024-06-13,529.56201171875
spy,2024-06-14,529.88427734375
spy,2024-06-17,534.1015625
spy,2024-06-18,535.45849609375
spy,2024-06-20,534.0040283203125
spy,2024-06-21,533.2880859375
spy,2024-06-24,531.5545043945312
spy,2024-06-25,533.6015014648438
spy,2024-06-26,534.2674560546875
spy,2024-06-27,535.1097412109375
spy,2024-06-28,533.0039672851562
spy,2024-07-01,534.1009521484375
spy,2024-07-02,537.6953125
spy,2024-07-03,540.0949096679688
spy,2024-07-05,543.209228515625
spy,2024-07-08,543.8361206054688
spy,2024-07-09,544.3649291992188
spy,2024-07-10,549.7516479492188
spy,2024-07-11,545.0112915039062
spy,2024-07-12,548.448974609375
spy,2024-07-15,549.957275390625
spy,2024-07-16,553.2185668945312
spy,2024-07-17,545.4618530273438
spy,2024-07-18,541.27001953125
spy,2024-07-19,537.6757202148438
spy,2024-07-22,543.2191162109375
spy,2024-07-23,542.3670043945312
spy,2024-07-24,530.0755615234375
spy,2024-07-25,527.3137817382812
spy,2024-07-26,533.2194213867188
spy,2024-07-29,533.5328979492188
spy,2024-07-30,530.8297729492188
spy,2024-07-31,539.4581909179688
spy,2024-08-01,531.8189086914062
spy,2024-08-02,521.9173583984375
spy,2024-08-05,506.7171325683594
spy,2024-08-06,511.3888854980469
spy,2024-08-07,507.9707336425781
spy,2024-08-08,519.7136840820312
spy,2024-08-09,522.00537109375
spy,2024-08-12,522.2797241210938
spy,2024-08-13,530.8688354492188
spy,2024-08-14,532.5437622070312
spy,2024-08-15,541.671630859375
spy,2024-08-16,542.8861083984375
spy,2024-08-19,548.0767822265625
spy,2024-08-20,547.185546875
spy,2024-08-21,549.0659790039062
spy,2024-08-22,544.7566528320312
spy,2024-08-23,550.5449829101562
spy,2024-08-26,549.2324829101562
spy,2024-08-27,549.9866943359375
spy,2024-08-28,546.7937622070312
spy,2024-08-29,546.8427734375
spy,2024-08-30,552.0629272460938
spy,2024-09-03,540.7020263671875
spy,2024-09-04,539.5953369140625
spy,2024-09-05,538.2828979492188
spy,2024-09-06,529.2234497070312
spy,2024-09-09,535.1488647460938
spy,2024-09-10,537.4798583984375
spy,2024-09-11,542.9937744140625
spy,2024-09-12,547.5675659179688
spy,2024-09-13,550.4273071289062
spy,2024-09-16,551.240234375
spy,2024-09-17,551.4655151367188
spy,2024-09-18,549.8300170898438
spy,2024-09-19,559.21240234375
spy,2024-09-20,558.2457885742188
spy,2024-09-23,559.6408081054688
spy,2024-09-24,561.2421264648438
spy,2024-09-25,560.0042724609375
spy,2024-09-26,562.2244873046875
spy,2024-09-27,561.4091186523438
spy,2024-09-30,563.6588134765625
spy,2024-10-01,558.609375
spy,2024-10-02,558.8450317382812
spy,2024-10-03,557.8234252929688
spy,2024-10-04,562.892578125
spy,2024-10-07,557.8037719726562
spy,2024-10-08,563.0792236328125
spy,2024-10-09,566.9793090820312
spy,2024-10-10,565.987060546875
spy,2024-10-11,569.3763427734375
spy,2024-10-14,574.032958984375
spy,2024-10-15,569.5728759765625
spy,2024-10-16,572.0484619140625
spy,2024-10-17,572.09765625
spy,2024-10-18,574.2981567382812
spy,2024-10-21,573.3551025390625
spy,2024-10-22,573.050537109375
spy,2024-10-23,567.8142700195312
spy,2024-10-24,569.0423583984375
spy,2024-10-25,568.8458862304688
spy,2024-10-28,570.6043701171875
spy,2024-10-29,571.5277709960938
spy,2024-10-30,569.798828125
spy,2024-10-31,558.6290283203125
spy,2024-11-01,560.9866943359375
spy,2024-11-04,559.7783203125
spy,2024-11-05,566.547119140625
spy,2024-11-06,580.6345825195312
spy,2024-11-07,585.1240844726562
spy,2024-11-08,587.65869140625
spy,2024-11-11,588.2186889648438
spy,2024-11-12,586.3914794921875
spy,2024-11-13,586.6763305664062
spy,2024-11-14,582.9039306640625
spy,2024-11-15,575.4376831054688
spy,2024-11-18,577.7954711914062
spy,2024-11-19,579.9075317382812
spy,2024-11-20,580.1040649414062
spy,2024-11-21,583.21826171875
spy,2024-11-22,585.0259399414062
spy,2024-11-25,587.0103149414062
spy,2024-11-26,590.075439453125
spy,2024-11-27,588.2874145507812
spy,2024-11-29,591.94189453125
spy,2024-12-02,593.0029907226562
spy,2024-12-03,593.2779541015625
spy,2024-12-04,596.9619140625
spy,2024-12-05,595.9796142578125
spy,2024-12-06,597.1094360351562
spy,2024-12-09,594.034423828125
spy,2024-12-10,592.1875
spy,2024-12-11,596.7655639648438
spy,2024-12-12,593.690673828125
spy,2024-12-13,593.57275390625
spy,2024-12-16,596.1072998046875
spy,2024-12-17,593.6513061523438
spy,2024-12-18,575.9584350585938
spy,2024-12-19,575.7815551757812
spy,2024-12-20,582.6973266601562
spy,2024-12-23,586.1865844726562
spy,2024-12-24,592.7020874023438
spy,2024-12-26,592.7415771484375
spy,2024-12-27,586.5020141601562
spy,2024-12-30,579.80908203125
spy,2024-12-31,577.6997680664062
spy,2025-01-02,576.2803344726562
spy,2025-01-03,583.48583984375
spy,2025-01-06,586.8469848632812
spy,2025-01-07,580.2132568359375
spy,2025-01-08,581.0609741210938
spy,2025-01-10,572.189697265625
spy,2025-01-13,573.0768432617188
spy,2025-01-14,573.8653564453125
spy,2025-01-15,584.303955078125
spy,2025-01-16,583.1802368164062
spy,2025-01-17,589.0353393554688
spy,2025-01-21,594.4271240234375
spy,2025-01-22,597.7686157226562
spy,2025-01-23,601.03125
spy,2025-01-24,599.2766723632812
spy,2025-01-27,590.7997436523438
spy,2025-01-28,595.8760375976562
spy,2025-01-29,593.2048950195312
spy,2025-01-30,596.3886108398438
spy,2025-01-31,593.2146606445312
spy,2025-02-03,589.2225952148438
spy,2025-02-04,593.1752319335938
spy,2025-02-05,595.580322265625
spy,2025-02-06,597.6503295898438
spy,2025-02-07,592.1797485351562
spy,2025-02-10,596.2012939453125
spy,2025-02-11,596.65478515625
spy,2025-02-12,594.7327270507812
spy,2025-02-13,601.0115356445312
spy,2025-02-14,600.9820556640625
spy,2025-02-18,602.746337890625
spy,2025-02-19,604.165771484375
spy,2025-02-20,601.6522827148438
spy,2025-02-21,591.361572265625
spy,2025-02-24,588.6705932617188
spy,2025-02-25,585.7430419921875
spy,2025-02-26,586.0387573242188
spy,2025-02-27,576.6844482421875
spy,2025-02-28,585.6838989257812
spy,2025-03-03,575.4227294921875
spy,2025-03-04,568.6116333007812
spy,2025-03-05,574.7228393554688
spy,2025-03-06,564.52099609375
spy,2025-03-07,567.6849975585938
spy,2025-03-10,552.5643920898438
spy,2025-03-11,547.970947265625
spy,2025-03-12,550.8788452148438
spy,2025-03-13,543.5352783203125
spy,2025-03-14,554.762451171875
spy,2025-03-17,559.0404663085938
spy,2025-03-18,552.9981079101562
spy,2025-03-19,559.020751953125
spy,2025-03-20,557.4041748046875
spy,2025-03-21,557.5880126953125
spy,2025-03-24,567.5736083984375
spy,2025-03-25,568.93798828125
spy,2025-03-26,562.1458740234375
spy,2025-03-27,560.6529541015625
spy,2025-03-28,549.3623657226562
spy,2025-03-31,553.0501098632812
spy,2025-04-01,554.6121215820312
spy,2025-04-02,558.1220092773438
spy,2025-04-03,530.6171875
spy,2025-04-04,499.5533447265625
spy,2025-04-07,498.6635437011719
spy,2025-04-08,490.8531188964844
spy,2025-04-09,542.4022216796875
spy,2025-04-10,518.6345825195312
spy,2025-04-11,527.8884887695312
spy,2025-04-14,533.009765625
spy,2025-04-15,531.5169067382812
spy,2025-04-16,519.7023315429688
spy,2025-04-17,520.44384765625
spy,2025-04-21,508.0558776855469
spy,2025-04-22,521.2743530273438
spy,2025-04-23,529.3516845703125
spy,2025-04-24,540.4940185546875
spy,2025-04-25,544.3992919921875
spy,2025-04-28,544.6068725585938
spy,2025-04-29,548.03759765625
spy,2025-04-30,548.2550659179688
spy,2025-05-01,552.1405029296875
spy,2025-05-02,560.3365478515625
spy,2025-05-05,557.1233520507812
spy,2025-05-06,552.4667358398438
spy,2025-05-07,554.7901611328125
spy,2025-05-08,558.6558227539062
spy,2025-05-09,557.9439697265625
spy,2025-05-12,576.3826904296875
spy,2025-05-13,580.1890258789062
spy,2025-05-14,580.9305419921875
spy,2025-05-15,583.7679443359375
spy,2025-05-16,587.4655151367188
spy,2025-05-19,588.108154296875
spy,2025-05-20,586.130859375
spy,2025-05-21,576.2540893554688
spy,2025-05-22,576.4815063476562
spy,2025-05-23,572.5465698242188
spy,2025-05-27,584.4501953125
spy,2025-05-28,581.0689086914062
spy,2025-05-29,583.3626098632812
spy,2025-05-30,582.7101440429688
spy,2025-06-02,585.992431640625
spy,2025-06-03,589.3341064453125
spy,2025-06-04,589.1759033203125
spy,2025-06-05,586.3285522460938
spy,2025-06-06,592.3495483398438
spy,2025-06-09,592.8834838867188
spy,2025-06-10,596.244873046875
spy,2025-06-11,594.54443359375
spy,2025-06-12,596.9073486328125
spy,2025-06-13,590.2338256835938
spy,2025-06-16,595.8494262695312
spy,2025-06-17,590.7578735351562
spy,2025-06-18,590.6688232421875
spy,2025-06-20,589.2816162109375
spy,2025-06-23,595.1022338867188
spy,2025-06-24,601.6764526367188
spy,2025-06-25,602.0136108398438
spy,2025-06-26,606.7236938476562
spy,2025-06-27,609.7380981445312
spy,2025-06-30,612.6533813476562
spy,2025-07-01,612.455078125
spy,2025-07-02,615.2315063476562
spy,2025-07-03,620.0803833007812
spy,2025-07-07,615.4595947265625
spy,2025-07-08,615.1224365234375
spy,2025-07-09,618.8110961914062
spy,2025-07-10,620.5563354492188
spy,2025-07-11,618.3748168945312
spy,2025-07-14,619.5547485351562
spy,2025-07-15,616.9072875976562
spy,2025-07-16,618.9697265625
spy,2025-07-17,622.757568359375
spy,2025-07-18,622.301513671875
spy,2025-07-21,623.4815063476562
spy,2025-07-22,623.5707397460938
spy,2025-07-23,628.8757934570312
spy,2025-07-24,629.083984375
spy,2025-07-25,631.7413940429688
spy,2025-07-28,631.582763671875
spy,2025-07-29,629.9169311523438
spy,2025-07-30,629.1236572265625
spy,2025-07-31,626.763671875
spy,2025-08-01,616.4907836914062
spy,2025-08-04,625.8612670898438
spy,2025-08-05,622.688232421875
spy,2025-08-06,627.457763671875
spy,2025-08-07,626.9321899414062
spy,2025-08-08,631.82080078125
spy,2025-08-11,630.5713500976562
spy,2025-08-12,637.2844848632812
spy,2025-08-13,639.4659423828125
spy,2025-08-14,639.5254516601562
spy,2025-08-15,638.0281372070312
spy,2025-08-18,637.8892822265625
spy,2025-08-19,634.4286499023438
spy,2025-08-20,632.742919921875
spy,2025-08-21,630.2044677734375
spy,2025-08-22,639.8823852539062
spy,2025-08-25,637.0662231445312
spy,2025-08-26,639.733642578125
spy,2025-08-27,641.1912841796875
spy,2025-08-28,643.4619750976562
spy,2025-08-29,639.6245727539062
spy,2025-09-02,634.884765625
spy,2025-09-03,638.3256225585938
spy,2025-09-04,643.6602783203125
spy,2025-09-05,641.796142578125
spy,2025-09-08,643.3727416992188
spy,2025-09-09,644.8601684570312
spy,2025-09-10,646.724365234375
spy,2025-09-11,652.0988159179688
spy,2025-09-12,651.8805541992188
spy,2025-09-15,655.3511352539062
spy,2025-09-16,654.4487915039062
spy,2025-09-17,653.6357421875
spy,2025-09-18,656.6898803710938
spy,2025-09-19,659.9423217773438
spy,2025-09-22,663.0645751953125
spy,2025-09-23,659.4551391601562
spy,2025-09-24,657.3569946289062
spy,2025-09-25,654.3242797851562
spy,2025-09-26,658.072998046875
spy,2025-09-29,659.9224243164062
spy,2025-09-30,662.4082641601562
spy,2025-10-01,664.6654052734375
spy,2025-10-02,665.4309692382812
spy,2025-10-03,665.421142578125
spy,2025-10-06,667.8074951171875
spy,2025-10-07,665.3316040039062
spy,2025-10-08,669.2990112304688
spy,2025-10-09,667.3600463867188
spy,2025-10-10,649.32275390625
spy,2025-10-13,659.2860107421875
spy,2025-10-14,658.4805908203125
spy,2025-10-15,661.4039306640625
spy,2025-10-16,656.8995971679688
spy,2025-10-17,660.62841796875
spy,2025-10-20,667.499267578125
spy,2025-10-21,667.4893188476562
spy,2025-10-22,664.0191040039062
spy,2025-10-23,667.9566650390625
spy,2025-10-24,673.4155883789062
spy,2025-10-27,681.3603515625
spy,2025-10-28,683.1700439453125
spy,2025-10-29,683.4982299804688
spy,2025-10-30,675.9810180664062
spy,2025-10-31,678.1983032226562
spy,2025-11-03,679.4711303710938
spy,2025-11-04,671.4169921875
spy,2025-11-05,673.7437133789062
spy,2025-11-06,666.514892578125
spy,2025-11-07,667.1710815429688
spy,2025-11-10,677.5818481445312
spy,2025-11-11,679.1329956054688
spy,2025-11-12,679.5109252929688
spy,2025-11-13,668.235107421875
spy,2025-11-14,668.1256713867188
spy,2025-11-17,661.901123046875
spy,2025-11-18,656.3427734375
spy,2025-11-19,658.8783569335938
spy,2025-11-20,648.8355712890625
spy,2025-11-21,655.2987670898438
spy,2025-11-24,664.9437866210938
spy,2025-11-25,671.1982421875
spy,2025-11-26,675.8318481445312
spy,2025-11-28,679.5208129882812
spy,2025-12-01,676.41845703125
spy,2025-12-02,677.67138671875
spy,2025-12-03,680.0180053710938
spy,2025-12-04,680.51513671875
spy,2025-12-05,681.8078002929688
spy,2025-12-08,679.7594604492188
spy,2025-12-09,679.1727905273438
spy,2025-12-10,683.6771850585938
spy,2025-12-11,685.26806640625
spy,2025-12-12,677.9000854492188
spy,2025-12-15,676.8758544921875
spy,2025-12-16,675.0264282226562
spy,2025-12-17,667.5986938476562
spy,2025-12-18,672.6399536132812
spy,2025-12-19,678.7363891601562
spy,2025-12-22,682.96484375
spy,2025-12-23,686.0863037109375
spy,2025-12-24,688.4996948242188
spy,2025-12-26,688.4298706054688
spy,2025-12-29,685.9765625
spy,2025-12-30,685.138916015625
spy,2025-12-31,680.062744140625
spy,2026-01-02,681.309326171875
spy,2026-01-05,685.846923828125
spy,2026-01-06,689.92578125
spy,2026-01-07,687.701904296875
spy,2026-01-08,687.632080078125
spy,2026-01-09,692.1796264648438
spy,2026-01-12,693.2666625976562
spy,2026-01-13,691.8804931640625
spy,2026-01-14,688.479736328125
spy,2026-01-15,690.3546142578125
spy,2026-01-16,689.7761840820312
spy,2026-01-20,675.7345581054688
spy,2026-01-21,683.5332641601562
spy,2026-01-22,687.103515625
spy,2026-01-23,687.352783203125
spy,2026-01-26,690.84326171875
spy,2026-01-27,693.5957641601562
spy,2026-01-28,693.5259399414062
spy,2026-01-29,692.1497192382812
spy,2026-01-30,690.0853271484375
spy,2026-02-02,693.5159912109375
spy,2026-02-03,687.6520385742188
spy,2026-02-04,684.3211059570312
spy,2026-02-05,675.7744750976562
spy,2026-02-06,688.739013671875
spy,2026-02-09,692.0599975585938
