Item_Id,Date,Price
googl,2004-08-19,2.490427255630493
googl,2004-08-20,2.688241720199585
googl,2004-08-23,2.7152960300445557
googl,2004-08-24,2.6028614044189453
googl,2004-08-25,2.630908727645874
googl,2004-08-26,2.6783134937286377
googl,2004-08-27,2.6346309185028076
googl,2004-08-30,2.531877040863037
googl,2004-08-31,2.5408120155334473
googl,2004-09-01,2.488194465637207
googl,2004-09-02,2.5194668769836426
googl,2004-09-03,2.4822371006011963
googl,2004-09-07,2.5212042331695557
googl,2004-09-08,2.5390748977661133
googl,2004-09-09,2.5393221378326416
googl,2004-09-10,2.61427903175354
googl,2004-09-13,2.668137788772583
googl,2004-09-14,2.76716947555542
googl,2004-09-15,2.779827833175659
googl,2004-09-16,2.8287227153778076
googl,2004-09-17,2.916088819503784
googl,2004-09-20,2.9625017642974854
googl,2004-09-21,2.924776077270508
googl,2004-09-22,2.938178062438965
googl,2004-09-23,2.99873948097229
googl,2004-09-24,2.974167585372925
googl,2004-09-27,2.935199737548828
googl,2004-09-28,3.1486518383026123
googl,2004-09-29,3.2533907890319824
googl,2004-09-30,3.2166574001312256
googl,2004-10-01,3.290621042251587
googl,2004-10-04,3.3521745204925537
googl,2004-10-05,3.434328556060791
googl,2004-10-06,3.402310371398926
googl,2004-10-07,3.446241855621338
googl,2004-10-08,3.418443441390991
googl,2004-10-11,3.3571383953094482
googl,2004-10-12,3.410252094268799
googl,2004-10-13,3.497122049331665
googl,2004-10-14,3.5244247913360596
googl,2004-10-15,3.576793670654297
googl,2004-10-18,3.702134609222412
googl,2004-10-19,3.671854257583618
googl,2004-10-20,3.4869465827941895
googl,2004-10-21,3.707594871520996
googl,2004-10-22,4.279693126678467
googl,2004-10-25,4.651247978210449
googl,2004-10-26,4.512256145477295
googl,2004-10-27,4.6157546043396
googl,2004-10-28,4.797684192657471
googl,2004-10-29,4.731664180755615
googl,2004-11-01,4.865442276000977
googl,2004-11-02,4.8366522789001465
googl,2004-11-03,4.757228374481201
googl,2004-11-04,4.584232807159424
googl,2004-11-05,4.203248977661133
googl,2004-11-08,4.2826714515686035
googl,2004-11-09,4.1871161460876465
googl,2004-11-10,4.166266918182373
googl,2004-11-11,4.542535781860352
googl,2004-11-12,4.5172200202941895
googl,2004-11-15,4.5884528160095215
googl,2004-11-16,4.28242301940918
googl,2004-11-17,4.281430721282959
googl,2004-11-18,4.158324241638184
googl,2004-11-19,4.204489707946777
googl,2004-11-22,4.097763538360596
googl,2004-11-23,4.157827854156494
googl,2004-11-24,4.337523937225342
googl,2004-11-26,4.452439308166504
googl,2004-11-29,4.493640899658203
googl,2004-11-30,4.516723155975342
googl,2004-12-01,4.466587543487549
googl,2004-12-02,4.452688217163086
googl,2004-12-03,4.477508068084717
googl,2004-12-06,4.375499248504639
googl,2004-12-07,4.254873752593994
googl,2004-12-08,4.218885898590088
googl,2004-12-09,4.304512977600098
googl,2004-12-10,4.260334491729736
googl,2004-12-13,4.230551242828369
googl,2004-12-14,4.435066223144531
googl,2004-12-15,4.462120056152344
googl,2004-12-16,4.379965782165527
googl,2004-12-17,4.469566345214844
googl,2004-12-20,4.592175483703613
googl,2004-12-21,4.560654640197754
googl,2004-12-22,4.6239447593688965
googl,2004-12-23,4.663657188415527
googl,2004-12-27,4.763185024261475
googl,2004-12-28,4.7842817306518555
googl,2004-12-29,4.787755966186523
googl,2004-12-30,4.904409408569336
googl,2004-12-31,4.785027027130127
googl,2005-01-03,5.0312395095825195
googl,2005-01-04,4.827467918395996
googl,2005-01-05,4.8028974533081055
googl,2005-01-06,4.679789066314697
googl,2005-01-07,4.81133508682251
googl,2005-01-10,4.841367721557617
googl,2005-01-11,4.803640842437744
googl,2005-01-12,4.84930944442749
googl,2005-01-13,4.848069190979004
googl,2005-01-14,4.963232517242432
googl,2005-01-18,5.060776233673096
googl,2005-01-19,4.896963596343994
googl,2005-01-20,4.813072681427002
googl,2005-01-21,4.673089027404785
googl,2005-01-24,4.48544979095459
googl,2005-01-25,4.396099090576172
googl,2005-01-26,4.696915149688721
googl,2005-01-27,4.668124675750732
googl,2005-01-28,4.724217891693115
googl,2005-01-31,4.855266094207764
googl,2005-02-01,4.762936115264893
googl,2005-02-02,5.111903667449951
googl,2005-02-03,5.233521938323975
googl,2005-02-04,5.072192192077637
googl,2005-02-07,4.865442276000977
googl,2005-02-08,4.930222988128662
googl,2005-02-09,4.754993438720703
googl,2005-02-10,4.665642261505127
googl,2005-02-11,4.651247978210449
googl,2005-02-14,4.7899909019470215
googl,2005-02-15,4.845587253570557
googl,2005-02-16,4.924514293670654
googl,2005-02-17,4.911855220794678
googl,2005-02-18,4.913097381591797
googl,2005-02-22,4.749782085418701
googl,2005-02-23,4.813817501068115
googl,2005-02-24,4.688228607177734
googl,2005-02-25,4.613272190093994
googl,2005-02-28,4.665890693664551
googl,2005-03-01,4.617988109588623
googl,2005-03-02,4.596146106719971
googl,2005-03-03,4.641567230224609
googl,2005-03-04,4.614017486572266
googl,2005-03-07,4.686243534088135
googl,2005-03-08,4.596644401550293
googl,2005-03-09,4.501086711883545
googl,2005-03-10,4.467083930969238
googl,2005-03-11,4.412975311279297
googl,2005-03-14,4.34323263168335
googl,2005-03-15,4.433080673217773
googl,2005-03-16,4.358372211456299
googl,2005-03-17,4.449957847595215
googl,2005-03-18,4.468573093414307
googl,2005-03-21,4.489422798156738
googl,2005-03-22,4.432831764221191
googl,2005-03-23,4.442263126373291
googl,2005-03-24,4.448965549468994
googl,2005-03-28,4.502824306488037
googl,2005-03-29,4.456907749176025
googl,2005-03-30,4.478748798370361
googl,2005-03-31,4.48023796081543
googl,2005-04-01,4.468573093414307
googl,2005-04-04,4.598876476287842
googl,2005-04-05,4.680286884307861
googl,2005-04-06,4.696419715881348
googl,2005-04-07,4.8091020584106445
googl,2005-04-08,4.766659736633301
googl,2005-04-11,4.795947074890137
googl,2005-04-12,4.814065933227539
googl,2005-04-13,4.7885003089904785
googl,2005-04-14,4.751767635345459
googl,2005-04-15,4.591679573059082
googl,2005-04-18,4.6405744552612305
googl,2005-04-19,4.750527381896973
googl,2005-04-20,4.916819095611572
googl,2005-04-21,5.068718433380127
googl,2005-04-22,5.356380939483643
googl,2005-04-25,5.547989368438721
googl,2005-04-26,5.429350852966309
googl,2005-04-27,5.454914569854736
googl,2005-04-28,5.446724891662598
googl,2005-04-29,5.460375785827637
googl,2005-05-02,5.517213344573975
googl,2005-05-03,5.614010810852051
googl,2005-05-04,5.671343803405762
googl,2005-05-05,5.633617877960205
googl,2005-05-06,5.659430503845215
googl,2005-05-09,5.609791278839111
googl,2005-05-10,5.653970718383789
googl,2005-05-11,5.740591526031494
googl,2005-05-12,5.676805019378662
googl,2005-05-13,5.689711093902588
googl,2005-05-16,5.734634876251221
googl,2005-05-17,5.786260604858398
googl,2005-05-18,5.935925006866455
googl,2005-05-19,5.936420917510986
googl,2005-05-20,5.996733665466309
googl,2005-05-23,6.340240955352783
googl,2005-05-24,6.353890895843506
googl,2005-05-25,6.473275184631348
googl,2005-05-26,6.433314800262451
googl,2005-05-27,6.602090835571289
googl,2005-05-31,6.881811618804932
googl,2005-06-01,7.148128032684326
googl,2005-06-02,7.145646572113037
googl,2005-06-03,6.956022262573242
googl,2005-06-06,7.221098899841309
googl,2005-06-07,7.275204658508301
googl,2005-06-08,6.938648223876953
googl,2005-06-09,7.106182098388672
googl,2005-06-10,7.0116190910339355
googl,2005-06-13,7.017823219299316
googl,2005-06-14,6.908616542816162
googl,2005-06-15,6.820505142211914
googl,2005-06-16,6.8860297203063965
googl,2005-06-17,6.9570159912109375
googl,2005-06-20,7.115862846374512
googl,2005-06-21,7.1441569328308105
googl,2005-06-22,7.180393695831299
googl,2005-06-23,7.19057035446167
googl,2005-06-24,7.377711772918701
googl,2005-06-27,7.547728061676025
googl,2005-06-28,7.495607376098633
googl,2005-06-29,7.265277862548828
googl,2005-06-30,7.300769805908203
googl,2005-07-01,7.228792667388916
googl,2005-07-05,7.339488983154297
googl,2005-07-06,7.2354936599731445
googl,2005-07-07,7.335269927978516
googl,2005-07-08,7.352395534515381
googl,2005-07-11,7.280913829803467
googl,2005-07-12,7.241947650909424
googl,2005-07-13,7.417672157287598
googl,2005-07-14,7.468056678771973
googl,2005-07-15,7.475501537322998
googl,2005-07-18,7.434548854827881
googl,2005-07-19,7.691683292388916
googl,2005-07-20,7.743805885314941
googl,2005-07-21,7.79195499420166
googl,2005-07-22,7.505535125732422
googl,2005-07-25,7.3429646492004395
googl,2005-07-26,7.348921298980713
googl,2005-07-27,7.369770526885986
googl,2005-07-28,7.284636497497559
googl,2005-07-29,7.142171382904053
googl,2005-08-01,7.237728118896484
googl,2005-08-02,7.425861835479736
googl,2005-08-03,7.378952980041504
googl,2005-08-04,7.3896260261535645
googl,2005-08-05,7.256093978881836
googl,2005-08-08,7.228792667388916
googl,2005-08-09,7.236734867095947
googl,2005-08-10,7.090545654296875
googl,2005-08-11,7.050089359283447
googl,2005-08-12,7.190817832946777
googl,2005-08-15,7.048848628997803
googl,2005-08-16,7.0898003578186035
googl,2005-08-17,7.076150417327881
googl,2005-08-18,6.949320316314697
googl,2005-08-19,6.9495697021484375
googl,2005-08-22,6.80089807510376
googl,2005-08-23,6.939145088195801
googl,2005-08-24,7.013355731964111
googl,2005-08-25,7.013853549957275
googl,2005-08-26,7.038424968719482
googl,2005-08-29,7.159296989440918
googl,2005-08-30,7.13001012802124
googl,2005-08-31,7.098487854003906
googl,2005-09-01,7.104692459106445
googl,2005-09-02,7.159296989440918
googl,2005-09-06,7.126038074493408
googl,2005-09-07,7.318640232086182
googl,2005-09-08,7.331546306610107
googl,2005-09-09,7.423381328582764
googl,2005-09-12,7.687712669372559
googl,2005-09-13,7.73586368560791
googl,2005-09-14,7.520427227020264
googl,2005-09-15,7.510995388031006
googl,2005-09-16,7.450931072235107
googl,2005-09-19,7.54003381729126
googl,2005-09-20,7.642292022705078
googl,2005-09-21,7.741323471069336
googl,2005-09-22,7.728168964385986
googl,2005-09-23,7.827200412750244
googl,2005-09-26,7.8003950119018555
googl,2005-09-27,7.79195499420166
googl,2005-09-28,7.594886302947998
googl,2005-09-29,7.684733867645264
googl,2005-09-30,7.854501724243164
googl,2005-10-03,7.90960168838501
googl,2005-10-04,7.718985557556152
googl,2005-10-05,7.711787700653076
googl,2005-10-06,7.762421607971191
googl,2005-10-07,7.768377780914307
googl,2005-10-10,7.71029806137085
googl,2005-10-11,7.597367286682129
googl,2005-10-12,7.470042705535889
googl,2005-10-13,7.382426738739014
googl,2005-10-14,7.350161552429199
googl,2005-10-17,7.570066928863525
googl,2005-10-18,7.527376651763916
googl,2005-10-19,7.661899089813232
googl,2005-10-20,7.525391578674316
googl,2005-10-21,8.43628215789795
googl,2005-10-24,8.653454780578613
googl,2005-10-25,8.610267639160156
googl,2005-10-26,8.821981430053711
googl,2005-10-27,8.762908935546875
googl,2005-10-28,8.889740943908691
googl,2005-10-31,9.23647403717041
googl,2005-11-01,9.416168212890625
googl,2005-11-02,9.423614501953125
googl,2005-11-03,9.579236030578613
googl,2005-11-04,9.690428733825684
googl,2005-11-07,9.804601669311523
googl,2005-11-08,9.677273750305176
googl,2005-11-09,9.410460472106934
googl,2005-11-10,9.70705795288086
googl,2005-11-11,9.689684867858887
googl,2005-11-14,9.852751731872559
googl,2005-11-15,9.749253273010254
googl,2005-11-16,9.882038116455078
googl,2005-11-17,10.013583183288574
googl,2005-11-18,9.933168411254883
googl,2005-11-21,10.160269737243652
googl,2005-11-22,10.336737632751465
googl,2005-11-23,10.49533748626709
googl,2005-11-25,10.638299942016602
googl,2005-11-28,10.510726928710938
googl,2005-11-29,10.01581859588623
googl,2005-11-30,10.049821853637695
googl,2005-12-01,10.277668952941895
googl,2005-12-02,10.367268562316895
googl,2005-12-05,10.073151588439941
googl,2005-12-06,10.040637969970703
googl,2005-12-07,10.032696723937988
googl,2005-12-08,10.19228744506836
googl,2005-12-09,10.156299591064453
googl,2005-12-12,10.240934371948242
googl,2005-12-13,10.362054824829102
googl,2005-12-14,10.398538589477539
googl,2005-12-15,10.487643241882324
googl,2005-12-16,10.676276206970215
googl,2005-12-19,10.538525581359863
googl,2005-12-20,10.666097640991211
googl,2005-12-21,10.581462860107422
googl,2005-12-22,10.723185539245605
googl,2005-12-23,10.695634841918945
googl,2005-12-27,10.539518356323242
googl,2005-12-28,10.590398788452148
googl,2005-12-29,10.42807674407959
googl,2005-12-30,10.296778678894043
googl,2006-01-03,10.802360534667969
googl,2006-01-04,11.050806999206543
googl,2006-01-05,11.199726104736328
googl,2006-01-06,11.557629585266113
googl,2006-01-09,11.588407516479492
googl,2006-01-10,11.659391403198242
googl,2006-01-11,11.705805778503418
googl,2006-01-12,11.507245063781738
googl,2006-01-13,11.572274208068848
googl,2006-01-17,11.593618392944336
googl,2006-01-18,11.042617797851562
googl,2006-01-19,10.832639694213867
googl,2006-01-20,9.914552688598633
googl,2006-01-23,10.610502243041992
googl,2006-01-24,10.995955467224121
googl,2006-01-25,10.7470121383667
googl,2006-01-26,10.778532028198242
googl,2006-01-27,10.759172439575195
googl,2006-01-30,10.59362506866455
googl,2006-01-31,10.738572120666504
googl,2006-02-01,9.972134590148926
googl,2006-02-02,9.829668045043945
googl,2006-02-03,9.4700288772583
googl,2006-02-06,9.558138847351074
googl,2006-02-07,9.131731986999512
googl,2006-02-08,9.160524368286133
googl,2006-02-09,8.904630661010742
googl,2006-02-10,8.99993896484375
googl,2006-02-13,8.58023452758789
googl,2006-02-14,8.521163940429688
googl,2006-02-15,8.497832298278809
googl,2006-02-16,9.095498085021973
googl,2006-02-17,9.152334213256836
googl,2006-02-21,9.098723411560059
googl,2006-02-22,9.071420669555664
googl,2006-02-23,9.383655548095703
googl,2006-02-24,9.367025375366211
googl,2006-02-27,9.689188003540039
googl,2006-02-28,9.000190734863281
googl,2006-03-01,9.05429458618164
googl,2006-03-02,9.343446731567383
googl,2006-03-03,9.386384963989258
googl,2006-03-06,9.136201858520508
googl,2006-03-07,9.045608520507812
googl,2006-03-08,8.783263206481934
googl,2006-03-09,8.513222694396973
googl,2006-03-10,8.376714706420898
googl,2006-03-13,8.365792274475098
googl,2006-03-14,8.715752601623535
googl,2006-03-15,8.550450325012207
googl,2006-03-16,8.408234596252441
googl,2006-03-17,8.433550834655762
googl,2006-03-20,8.642037391662598
googl,2006-03-21,8.436776161193848
googl,2006-03-22,8.444222450256348
googl,2006-03-23,8.485672950744629
googl,2006-03-24,9.07911491394043
googl,2006-03-27,9.175665855407715
googl,2006-03-28,9.362061500549316
googl,2006-03-29,9.803359985351562
googl,2006-03-30,9.641037940979004
googl,2006-03-31,9.679757118225098
googl,2006-04-03,9.672309875488281
googl,2006-04-04,10.035674095153809
googl,2006-04-05,10.126266479492188
googl,2006-04-06,10.205442428588867
googl,2006-04-07,10.080846786499023
googl,2006-04-10,10.33450698852539
googl,2006-04-11,10.167716026306152
googl,2006-04-12,10.150094032287598
googl,2006-04-13,9.981566429138184
googl,2006-04-17,10.097227096557617
googl,2006-04-18,10.033190727233887
googl,2006-04-19,10.18856430053711
googl,2006-04-20,10.300252914428711
googl,2006-04-21,10.848773956298828
googl,2006-04-24,10.933162689208984
googl,2006-04-25,10.60206413269043
googl,2006-04-26,10.572527885437012
googl,2006-04-27,10.425098419189453
googl,2006-04-28,10.373223304748535
googl,2006-05-01,9.900651931762695
googl,2006-05-02,9.7988920211792
googl,2006-05-03,9.783254623413086
googl,2006-05-04,9.797651290893555
googl,2006-05-05,9.786480903625488
googl,2006-05-08,9.798395156860352
googl,2006-05-09,10.146369934082031
googl,2006-05-10,10.001919746398926
googl,2006-05-11,9.60529613494873
googl,2006-05-12,9.285865783691406
googl,2006-05-15,9.33724308013916
googl,2006-05-16,9.215624809265137
googl,2006-05-17,9.295049667358398
googl,2006-05-18,9.207930564880371
googl,2006-05-19,9.183856010437012
googl,2006-05-22,9.206938743591309
googl,2006-05-23,9.321852684020996
googl,2006-05-24,9.462581634521484
googl,2006-05-25,9.505767822265625
googl,2006-05-26,9.465063095092773
googl,2006-05-30,9.2315092086792
googl,2006-05-31,9.228530883789062
googl,2006-06-01,9.496585845947266
googl,2006-06-02,9.417658805847168
googl,2006-06-05,9.293559074401855
googl,2006-06-06,9.679509162902832
googl,2006-06-07,9.593134880065918
googl,2006-06-08,9.761662483215332
googl,2006-06-09,9.594624519348145
googl,2006-06-12,9.469780921936035
googl,2006-06-13,9.593382835388184
googl,2006-06-14,9.540515899658203
googl,2006-06-15,9.704577445983887
googl,2006-06-16,9.69713020324707
googl,2006-06-19,9.633590698242188
googl,2006-06-20,9.609517097473145
googl,2006-06-21,9.980820655822754
googl,2006-06-22,9.926713943481445
googl,2006-06-23,10.04858112335205
googl,2006-06-26,10.032696723937988
googl,2006-06-27,9.9855375289917
googl,2006-06-28,10.079605102539062
googl,2006-06-29,10.36999797821045
googl,2006-06-30,10.407723426818848
googl,2006-07-03,10.503777503967285
googl,2006-07-05,10.460589408874512
googl,2006-07-06,10.50352954864502
googl,2006-07-07,10.435522079467773
googl,2006-07-10,10.37967586517334
googl,2006-07-11,10.537530899047852
googl,2006-07-12,10.356100082397461
googl,2006-07-13,10.147114753723145
googl,2006-07-14,10.014827728271484
googl,2006-07-17,10.123783111572266
googl,2006-07-18,10.003655433654785
googl,2006-07-19,9.903135299682617
googl,2006-07-20,9.608275413513184
googl,2006-07-21,9.682486534118652
googl,2006-07-24,9.702094078063965
googl,2006-07-25,9.663872718811035
googl,2006-07-26,9.56806755065918
googl,2006-07-27,9.49112606048584
googl,2006-07-28,9.633096694946289
googl,2006-07-31,9.595369338989258
googl,2006-08-01,9.320116996765137
googl,2006-08-02,9.114606857299805
googl,2006-08-03,9.317137718200684
googl,2006-08-04,9.278915405273438
googl,2006-08-07,9.38067626953125
googl,2006-08-08,9.456378936767578
googl,2006-08-09,9.355607986450195
googl,2006-08-10,9.287602424621582
googl,2006-08-11,9.146129608154297
googl,2006-08-14,9.169212341308594
googl,2006-08-15,9.455633163452148
googl,2006-08-16,9.6231689453125
googl,2006-08-17,9.57551383972168
googl,2006-08-18,9.514952659606934
googl,2006-08-21,9.364544868469238
googl,2006-08-22,9.389116287231445
googl,2006-08-23,9.268491744995117
googl,2006-08-24,9.2759370803833
googl,2006-08-25,9.264272689819336
googl,2006-08-28,9.455137252807617
googl,2006-08-29,9.405495643615723
googl,2006-08-30,9.45017147064209
googl,2006-08-31,9.395071983337402
googl,2006-09-01,9.396810531616211
googl,2006-09-05,9.539772987365723
googl,2006-09-06,9.435033798217773
googl,2006-09-07,9.39408016204834
googl,2006-09-08,9.378194808959961
googl,2006-09-11,9.53307056427002
googl,2006-09-12,9.726914405822754
googl,2006-09-13,10.091022491455078
googl,2006-09-14,10.026737213134766
googl,2006-09-15,10.173174858093262
googl,2006-09-18,10.292560577392578
googl,2006-09-19,10.0225191116333
googl,2006-09-20,9.853495597839355
googl,2006-09-21,10.097970962524414
googl,2006-09-22,10.021774291992188
googl,2006-09-25,10.026737213134766
googl,2006-09-26,10.098469734191895
googl,2006-09-27,10.000429153442383
googl,2006-09-28,10.016810417175293
googl,2006-09-29,9.975113868713379
googl,2006-10-02,9.96369743347168
googl,2006-10-03,10.028227806091309
googl,2006-10-04,10.317625999450684
googl,2006-10-05,10.22107982635498
googl,2006-10-06,10.436763763427734
googl,2006-10-09,10.647732734680176
googl,2006-10-10,10.589405059814453
googl,2006-10-11,10.58568286895752
googl,2006-10-12,10.609012603759766
googl,2006-10-13,10.605538368225098
googl,2006-10-16,10.467785835266113
googl,2006-10-17,10.440239906311035
googl,2006-10-18,10.407228469848633
googl,2006-10-19,10.574762344360352
googl,2006-10-20,11.408957481384277
googl,2006-10-23,11.932908058166504
googl,2006-10-24,11.747503280639648
googl,2006-10-25,12.077357292175293
googl,2006-10-26,12.040127754211426
googl,2006-10-27,11.794412612915039
googl,2006-10-30,11.828413963317871
googl,2006-10-31,11.82394790649414
googl,2006-11-01,11.60329818725586
googl,2006-11-02,11.663113594055176
googl,2006-11-03,11.710022926330566
googl,2006-11-06,11.837846755981445
googl,2006-11-07,11.729135513305664
googl,2006-11-08,11.789447784423828
googl,2006-11-09,11.730624198913574
googl,2006-11-10,11.753458023071289
googl,2006-11-13,11.939111709594727
googl,2006-11-14,12.14437198638916
googl,2006-11-15,12.209649085998535
googl,2006-11-16,12.308183670043945
googl,2006-11-17,12.379913330078125
googl,2006-11-20,12.287086486816406
googl,2006-11-21,12.649455070495605
googl,2006-11-22,12.608752250671387
googl,2006-11-24,12.53404426574707
googl,2006-11-27,12.031442642211914
googl,2006-11-28,12.149335861206055
googl,2006-11-29,12.028960227966309
googl,2006-11-30,12.032931327819824
googl,2006-12-01,11.933402061462402
googl,2006-12-04,12.033923149108887
googl,2006-12-05,12.087286949157715
googl,2006-12-06,12.129728317260742
googl,2006-12-07,11.979071617126465
googl,2006-12-08,12.015558242797852
googl,2006-12-11,12.011088371276855
googl,2006-12-12,11.95772647857666
googl,2006-12-13,11.888479232788086
googl,2006-12-14,11.966165542602539
googl,2006-12-15,11.920992851257324
googl,2006-12-18,11.48664379119873
googl,2006-12-19,11.63134479522705
googl,2006-12-20,11.48912525177002
googl,2006-12-21,11.322832107543945
googl,2006-12-22,11.30744457244873
googl,2006-12-26,11.355843544006348
googl,2006-12-27,11.616453170776367
googl,2006-12-28,11.48068904876709
googl,2006-12-29,11.42906379699707
googl,2007-01-03,11.605531692504883
googl,2007-01-04,11.99445915222168
googl,2007-01-05,12.092000961303711
googl,2007-01-08,12.002403259277344
googl,2007-01-09,12.050056457519531
googl,2007-01-10,12.148344039916992
googl,2007-01-11,12.402996063232422
googl,2007-01-12,12.53404426574707
googl,2007-01-16,12.516173362731934
googl,2007-01-17,12.342432975769043
googl,2007-01-18,12.10788631439209
googl,2007-01-19,12.15554141998291
googl,2007-01-22,11.934395790100098
googl,2007-01-23,11.889967918395996
googl,2007-01-24,12.386861801147461
googl,2007-01-25,12.114339828491211
googl,2007-01-26,12.306693077087402
googl,2007-01-29,12.22304916381836
googl,2007-01-30,12.268966674804688
googl,2007-01-31,12.447174072265625
googl,2007-02-01,11.956982612609863
googl,2007-02-02,11.950777053833008
googl,2007-02-05,11.594860076904297
googl,2007-02-06,11.702079772949219
googl,2007-02-07,11.665594100952148
googl,2007-02-08,11.690913200378418
googl,2007-02-09,11.464059829711914
googl,2007-02-12,11.374707221984863
googl,2007-02-13,11.394810676574707
googl,2007-02-14,11.564330101013184
googl,2007-02-15,11.453632354736328
googl,2007-02-16,11.663859367370605
googl,2007-02-20,11.717470169067383
googl,2007-02-21,11.810792922973633
googl,2007-02-22,11.810543060302734
googl,2007-02-23,11.680734634399414
googl,2007-02-26,11.539510726928711
googl,2007-02-27,11.138421058654785
googl,2007-02-28,11.155299186706543
googl,2007-03-01,11.125019073486328
googl,2007-03-02,10.887988090515137
googl,2007-03-05,10.944329261779785
googl,2007-03-06,11.356341361999512
googl,2007-03-07,11.30893325805664
googl,2007-03-08,11.286100387573242
googl,2007-03-09,11.242416381835938
googl,2007-03-12,11.286844253540039
googl,2007-03-13,10.995955467224121
googl,2007-03-14,11.11931037902832
googl,2007-03-15,11.074386596679688
googl,2007-03-16,10.941847801208496
googl,2007-03-19,11.100198745727539
googl,2007-03-20,11.051799774169922
googl,2007-03-21,11.331520080566406
googl,2007-03-22,11.467781066894531
googl,2007-03-23,11.462570190429688
googl,2007-03-26,11.54124927520752
googl,2007-03-27,11.506997108459473
googl,2007-03-28,11.463810920715332
googl,2007-03-29,11.439985275268555
googl,2007-03-30,11.371478080749512
googl,2007-04-02,11.38066291809082
googl,2007-04-03,11.729881286621094
googl,2007-04-04,11.69066333770752
googl,2007-04-05,11.702825546264648
googl,2007-04-09,11.620919227600098
googl,2007-04-10,11.578478813171387
googl,2007-04-11,11.529582977294922
googl,2007-04-12,11.600566864013672
googl,2007-04-13,11.573265075683594
googl,2007-04-16,11.771328926086426
googl,2007-04-17,11.734844207763672
googl,2007-04-18,11.814516067504883
googl,2007-04-19,11.706299781799316
googl,2007-04-20,11.97510051727295
googl,2007-04-23,11.89071273803711
googl,2007-04-24,11.852241516113281
googl,2007-04-25,11.863659858703613
googl,2007-04-26,11.942835807800293
googl,2007-04-27,11.888976097106934
googl,2007-04-30,11.699597358703613
googl,2007-05-01,11.640528678894043
googl,2007-05-02,11.56060791015625
googl,2007-05-03,11.745516777038574
googl,2007-05-04,11.693146705627441
googl,2007-05-07,11.597589492797852
googl,2007-05-08,11.586173057556152
googl,2007-05-09,11.646732330322266
googl,2007-05-10,11.453632354736328
googl,2007-05-11,11.584434509277344
googl,2007-05-14,11.461328506469727
googl,2007-05-15,11.367507934570312
googl,2007-05-16,11.73012638092041
googl,2007-05-17,11.68917465209961
googl,2007-05-18,11.67328929901123
googl,2007-05-21,11.680242538452148
googl,2007-05-22,11.810792922973633
googl,2007-05-23,11.763882637023926
googl,2007-05-24,11.772818565368652
googl,2007-05-25,12.000914573669434
googl,2007-05-29,12.090018272399902
googl,2007-05-30,12.375194549560547
googl,2007-05-31,12.358070373535156
googl,2007-06-01,12.419872283935547
googl,2007-06-04,12.585420608520508
googl,2007-06-05,12.87755012512207
googl,2007-06-06,12.862909317016602
googl,2007-06-07,12.783731460571289
googl,2007-06-08,12.794404029846191
googl,2007-06-11,12.691402435302734
googl,2007-06-12,12.528335571289062
googl,2007-06-13,12.54000186920166
googl,2007-06-14,12.48043441772461
googl,2007-06-15,12.556133270263672
googl,2007-06-18,12.787205696105957
googl,2007-06-19,12.765118598937988
googl,2007-06-20,12.657397270202637
googl,2007-06-21,12.760152816772461
googl,2007-06-22,13.029945373535156
googl,2007-06-25,13.090506553649902
googl,2007-06-26,13.160994529724121
googl,2007-06-27,13.062459945678711
googl,2007-06-28,13.030688285827637
googl,2007-06-29,12.973355293273926
googl,2007-07-02,13.163972854614258
googl,2007-07-03,13.262260437011719
googl,2007-07-05,13.443197250366211
googl,2007-07-06,13.387847900390625
googl,2007-07-09,13.466279983520508
googl,2007-07-10,13.485638618469238
googl,2007-07-11,13.513684272766113
googl,2007-07-12,13.535030364990234
googl,2007-07-13,13.704548835754395
googl,2007-07-16,13.725150108337402
googl,2007-07-17,13.775039672851562
googl,2007-07-18,13.638528823852539
googl,2007-07-19,13.615942001342773
googl,2007-07-20,12.909320831298828
googl,2007-07-23,12.720440864562988
googl,2007-07-24,12.75742244720459
googl,2007-07-25,12.652186393737793
googl,2007-07-26,12.608505249023438
googl,2007-07-27,12.705052375793457
googl,2007-07-30,12.809793472290039
googl,2007-07-31,12.658143997192383
googl,2007-08-01,12.73111343383789
googl,2007-08-02,12.683211326599121
googl,2007-08-03,12.484405517578125
googl,2007-08-06,12.658143997192383
googl,2007-08-07,12.8075590133667
googl,2007-08-08,13.049800872802734
googl,2007-08-09,12.775540351867676
googl,2007-08-10,12.800858497619629
googl,2007-08-13,12.794652938842773
googl,2007-08-14,12.623397827148438
googl,2007-08-15,12.349136352539062
googl,2007-08-16,12.199471473693848
googl,2007-08-17,12.410937309265137
googl,2007-08-20,12.358319282531738
googl,2007-08-21,12.574004173278809
googl,2007-08-22,12.726398468017578
googl,2007-08-23,12.712498664855957
googl,2007-08-24,12.782242774963379
googl,2007-08-27,12.739055633544922
googl,2007-08-28,12.568793296813965
googl,2007-08-29,12.72962474822998
googl,2007-08-30,12.692891120910645
googl,2007-08-31,12.78844928741455
googl,2007-09-04,13.034165382385254
googl,2007-09-05,13.099936485290527
googl,2007-09-06,12.993707656860352
googl,2007-09-07,12.890210151672363
googl,2007-09-10,12.769336700439453
googl,2007-09-11,12.939351081848145
googl,2007-09-12,12.972114562988281
googl,2007-09-13,13.024981498718262
googl,2007-09-14,13.123517990112305
googl,2007-09-17,13.037887573242188
googl,2007-09-18,13.285343170166016
googl,2007-09-19,13.572757720947266
googl,2007-09-20,13.721179008483887
googl,2007-09-21,13.901620864868164
googl,2007-09-24,14.098194122314453
googl,2007-09-25,14.122516632080078
googl,2007-09-26,14.101666450500488
googl,2007-09-27,14.085287094116211
googl,2007-09-28,14.079577445983887
googl,2007-10-01,14.458827018737793
googl,2007-10-02,14.504494667053223
googl,2007-10-03,14.495312690734863
googl,2007-10-04,14.3714599609375
googl,2007-10-05,14.744255065917969
googl,2007-10-08,15.130701065063477
googl,2007-10-09,15.268698692321777
googl,2007-10-10,15.522109985351562
googl,2007-10-11,15.437971115112305
googl,2007-10-12,15.819948196411133
googl,2007-10-15,15.391060829162598
googl,2007-10-16,15.289050102233887
googl,2007-10-17,15.72290325164795
googl,2007-10-18,15.875297546386719
googl,2007-10-19,16.001628875732422
googl,2007-10-22,16.151540756225586
googl,2007-10-23,16.77253532409668
googl,2007-10-24,16.77377700805664
googl,2007-10-25,16.592344284057617
googl,2007-10-26,16.743499755859375
googl,2007-10-29,16.85841178894043
googl,2007-10-30,17.244115829467773
googl,2007-10-31,17.54766273498535
googl,2007-11-01,17.453594207763672
googl,2007-11-02,17.653146743774414
googl,2007-11-05,18.01055335998535
googl,2007-11-06,18.411144256591797
googl,2007-11-07,18.19148826599121
googl,2007-11-08,17.221033096313477
googl,2007-11-09,16.479660034179688
googl,2007-11-12,15.687907218933105
googl,2007-11-13,16.394777297973633
googl,2007-11-14,15.92642593383789
googl,2007-11-15,15.627842903137207
googl,2007-11-16,15.7266263961792
googl,2007-11-19,15.533528327941895
googl,2007-11-20,16.096691131591797
googl,2007-11-21,16.394031524658203
googl,2007-11-23,16.795618057250977
googl,2007-11-26,16.530046463012695
googl,2007-11-27,16.717931747436523
googl,2007-11-28,17.18181610107422
googl,2007-11-29,17.299463272094727
googl,2007-11-30,17.200180053710938
googl,2007-12-03,16.915502548217773
googl,2007-12-04,16.98077392578125
googl,2007-12-05,17.33694076538086
googl,2007-12-06,17.752674102783203
googl,2007-12-07,17.742996215820312
googl,2007-12-10,17.83110237121582
googl,2007-12-11,17.354066848754883
googl,2007-12-12,17.3577880859375
googl,2007-12-13,17.226245880126953
googl,2007-12-14,17.12472915649414
googl,2007-12-17,16.610214233398438
googl,2007-12-18,16.712474822998047
googl,2007-12-19,16.812246322631836
googl,2007-12-20,17.11802864074707
googl,2007-12-21,17.291767120361328
googl,2007-12-24,17.392040252685547
googl,2007-12-26,17.642969131469727
googl,2007-12-27,17.39228630065918
googl,2007-12-28,17.436716079711914
googl,2007-12-31,17.162456512451172
googl,2008-01-02,17.00634002685547
googl,2008-01-03,17.00981903076172
googl,2008-01-04,16.306663513183594
googl,2008-01-07,16.114315032958984
googl,2008-01-08,15.678228378295898
googl,2008-01-09,16.21234893798828
googl,2008-01-10,16.05176544189453
googl,2008-01-11,15.841294288635254
googl,2008-01-14,16.22774314880371
googl,2008-01-15,15.826401710510254
googl,2008-01-16,15.287810325622559
googl,2008-01-17,14.911540985107422
googl,2008-01-18,14.898138999938965
googl,2008-01-22,14.503500938415527
googl,2008-01-23,13.616687774658203
googl,2008-01-24,14.25877857208252
googl,2008-01-25,14.057984352111816
googl,2008-01-28,13.799361228942871
googl,2008-01-29,13.663846015930176
googl,2008-01-30,13.607999801635742
googl,2008-01-31,14.005864143371582
googl,2008-02-01,12.804580688476562
googl,2008-02-04,12.296518325805664
googl,2008-02-05,12.578720092773438
googl,2008-02-06,12.452384948730469
googl,2008-02-07,12.532803535461426
googl,2008-02-08,12.824187278747559
googl,2008-02-11,12.93513298034668
googl,2008-02-12,12.858936309814453
googl,2008-02-13,13.269207954406738
googl,2008-02-14,13.210386276245117
googl,2008-02-15,13.14560604095459
googl,2008-02-19,12.632081031799316
googl,2008-02-20,12.633323669433594
googl,2008-02-21,12.480928421020508
googl,2008-02-22,12.60353946685791
googl,2008-02-25,12.073387145996094
googl,2008-02-26,11.52114486694336
googl,2008-02-27,11.736332893371582
googl,2008-02-28,11.799127578735352
googl,2008-02-29,11.694634437561035
googl,2008-03-03,11.343186378479004
googl,2008-03-04,11.034921646118164
googl,2008-03-05,11.111865043640137
googl,2008-03-06,10.7395658493042
googl,2008-03-07,10.755699157714844
googl,2008-03-10,10.266003608703613
googl,2008-03-11,10.916779518127441
googl,2008-03-12,10.925219535827637
googl,2008-03-13,10.995458602905273
googl,2008-03-14,10.869125366210938
googl,2008-03-17,10.421127319335938
googl,2008-03-18,10.89990234375
googl,2008-03-19,10.722192764282227
googl,2008-03-20,10.760663032531738
googl,2008-03-24,11.431049346923828
googl,2008-03-25,11.188308715820312
googl,2008-03-26,11.372225761413574
googl,2008-03-27,11.022015571594238
googl,2008-03-28,10.873096466064453
googl,2008-03-31,10.932417869567871
googl,2008-04-01,11.558870315551758
googl,2008-04-02,11.558622360229492
googl,2008-04-03,11.296027183532715
googl,2008-04-04,11.692400932312012
googl,2008-04-07,11.834619522094727
googl,2008-04-08,11.610992431640625
googl,2008-04-09,11.52114486694336
googl,2008-04-10,11.642513275146484
googl,2008-04-11,11.353858947753906
googl,2008-04-14,11.210150718688965
googl,2008-04-15,11.090519905090332
googl,2008-04-16,11.293793678283691
googl,2008-04-17,11.157532691955566
googl,2008-04-18,13.38809585571289
googl,2008-04-21,13.347888946533203
googl,2008-04-22,13.775039672851562
googl,2008-04-23,13.563822746276855
googl,2008-04-24,13.478191375732422
googl,2008-04-25,13.503509521484375
googl,2008-04-28,13.703557014465332
googl,2008-04-29,13.861165046691895
googl,2008-04-30,14.253813743591309
googl,2008-05-01,14.72018051147461
googl,2008-05-02,14.42755126953125
googl,2008-05-05,14.765352249145508
googl,2008-05-06,14.553390502929688
googl,2008-05-07,14.370715141296387
googl,2008-05-08,14.470243453979492
googl,2008-05-09,14.226759910583496
googl,2008-05-12,14.518144607543945
googl,2008-05-13,14.469995498657227
googl,2008-05-14,14.303702354431152
googl,2008-05-15,14.420355796813965
googl,2008-05-16,14.397273063659668
googl,2008-05-19,14.33398151397705
googl,2008-05-20,14.360786437988281
googl,2008-05-21,13.650690078735352
googl,2008-05-22,13.637534141540527
googl,2008-05-23,13.517409324645996
googl,2008-05-27,13.921475410461426
googl,2008-05-28,14.103653907775879
googl,2008-05-29,14.469995498657227
googl,2008-05-30,14.53948974609375
googl,2008-06-02,14.271435737609863
googl,2008-06-03,14.080323219299316
googl,2008-06-04,14.202436447143555
googl,2008-06-05,14.551899909973145
googl,2008-06-06,14.072876930236816
googl,2008-06-09,13.846271514892578
googl,2008-06-10,13.754437446594238
googl,2008-06-11,13.531804084777832
googl,2008-06-12,13.724159240722656
googl,2008-06-13,14.184815406799316
googl,2008-06-16,14.217082023620605
googl,2008-06-17,14.133933067321777
googl,2008-06-18,13.958208084106445
googl,2008-06-19,13.90410327911377
googl,2008-06-20,13.562331199645996
googl,2008-06-23,13.532052040100098
googl,2008-06-24,13.459826469421387
googl,2008-06-25,13.675759315490723
googl,2008-06-26,13.12525463104248
googl,2008-06-27,13.106637001037598
googl,2008-06-30,13.065685272216797
googl,2008-07-01,13.271940231323242
googl,2008-07-02,13.081073760986328
googl,2008-07-03,13.328280448913574
googl,2008-07-07,13.499784469604492
googl,2008-07-08,13.763373374938965
googl,2008-07-09,13.44120979309082
googl,2008-07-10,13.416887283325195
googl,2008-07-11,13.248857498168945
googl,2008-07-14,12.946550369262695
googl,2008-07-15,12.809294700622559
googl,2008-07-16,13.293533325195312
googl,2008-07-17,13.239921569824219
googl,2008-07-18,11.946308135986328
googl,2008-07-21,11.635565757751465
googl,2008-07-22,11.841817855834961
googl,2008-07-23,12.142386436462402
googl,2008-07-24,11.804834365844727
googl,2008-07-25,12.210888862609863
googl,2008-07-28,11.842066764831543
googl,2008-07-29,11.990736961364746
googl,2008-07-30,11.980561256408691
googl,2008-07-31,11.7584228515625
googl,2008-08-01,11.612232208251953
googl,2008-08-04,11.491608619689941
googl,2008-08-05,11.909823417663574
googl,2008-08-06,12.070905685424805
googl,2008-08-07,11.891705513000488
googl,2008-08-08,12.286093711853027
googl,2008-08-11,12.430792808532715
googl,2008-08-12,12.474725723266602
googl,2008-08-13,12.410688400268555
googl,2008-08-14,12.5462064743042
googl,2008-08-15,12.661865234375
googl,2008-08-18,12.36775016784668
googl,2008-08-19,12.174155235290527
googl,2008-08-20,12.037647247314453
googl,2008-08-21,12.075620651245117
googl,2008-08-22,12.17638874053955
googl,2008-08-25,11.98825454711914
googl,2008-08-26,11.768599510192871
googl,2008-08-27,11.630104064941406
googl,2008-08-28,11.759166717529297
googl,2008-08-29,11.498806953430176
googl,2008-09-02,11.547452926635742
googl,2008-09-03,11.526604652404785
googl,2008-09-04,11.175402641296387
googl,2008-09-05,11.026233673095703
googl,2008-09-08,10.423111915588379
googl,2008-09-09,10.391094207763672
googl,2008-09-10,10.279403686523438
googl,2008-09-11,10.765626907348633
googl,2008-09-12,10.8626708984375
googl,2008-09-15,10.768356323242188
googl,2008-09-16,10.993474006652832
googl,2008-09-17,10.287598609924316
googl,2008-09-18,10.897916793823242
googl,2008-09-19,11.14785385131836
googl,2008-09-22,10.676025390625
googl,2008-09-23,10.654431343078613
googl,2008-09-24,10.799382209777832
googl,2008-09-25,10.910823822021484
googl,2008-09-26,10.6983642578125
googl,2008-09-29,9.456378936767578
googl,2008-09-30,9.940861701965332
googl,2008-10-01,10.218844413757324
googl,2008-10-02,9.691919326782227
googl,2008-10-03,9.603063583374023
googl,2008-10-06,9.213393211364746
googl,2008-10-07,8.587930679321289
googl,2008-10-08,8.391852378845215
googl,2008-10-09,8.165247917175293
googl,2008-10-10,8.240201950073242
googl,2008-10-13,9.456873893737793
googl,2008-10-14,9.002422332763672
googl,2008-10-15,8.418163299560547
googl,2008-10-16,8.76191520690918
googl,2008-10-17,9.2464017868042
googl,2008-10-20,9.414680480957031
googl,2008-10-21,9.00341510772705
googl,2008-10-22,8.827691078186035
googl,2008-10-23,8.744542121887207
googl,2008-10-24,8.421140670776367
googl,2008-10-27,8.177905082702637
googl,2008-10-28,9.152334213256836
googl,2008-10-29,8.885519981384277
googl,2008-10-30,8.927467346191406
googl,2008-10-31,8.919275283813477
googl,2008-11-03,8.59984302520752
googl,2008-11-04,9.107409477233887
googl,2008-11-05,8.494359016418457
googl,2008-11-06,8.220843315124512
googl,2008-11-07,8.21885871887207
googl,2008-11-10,7.912083148956299
googl,2008-11-11,7.73040246963501
googl,2008-11-12,7.2225871086120605
googl,2008-11-13,7.745791912078857
googl,2008-11-14,7.694662094116211
googl,2008-11-17,7.448945999145508
googl,2008-11-18,7.381931781768799
googl,2008-11-19,6.954037189483643
googl,2008-11-20,6.4422502517700195
googl,2008-11-21,6.513483047485352
googl,2008-11-24,6.389631748199463
googl,2008-11-25,7.0004496574401855
googl,2008-11-26,7.249641418457031
googl,2008-11-28,7.271234512329102
googl,2008-12-01,6.601841926574707
googl,2008-12-02,6.828199863433838
googl,2008-12-03,6.935421943664551
googl,2008-12-04,6.809087753295898
googl,2008-12-05,7.048600196838379
googl,2008-12-08,7.498335838317871
googl,2008-12-09,7.594141960144043
googl,2008-12-10,7.6648783683776855
googl,2008-12-11,7.451426982879639
googl,2008-12-12,7.837128162384033
googl,2008-12-15,7.710796356201172
googl,2008-12-16,8.073412895202637
googl,2008-12-17,7.824222087860107
googl,2008-12-18,7.701115131378174
googl,2008-12-19,7.698385238647461
googl,2008-12-22,7.374236583709717
googl,2008-12-23,7.396822929382324
googl,2008-12-24,7.5191850662231445
googl,2008-12-26,7.454902648925781
googl,2008-12-29,7.381931781768799
googl,2008-12-30,7.523155689239502
googl,2008-12-31,7.635838031768799
googl,2009-01-02,7.975125789642334
googl,2009-01-05,8.14216423034668
googl,2009-01-06,8.291333198547363
googl,2009-01-07,7.992250919342041
googl,2009-01-08,8.071179389953613
googl,2009-01-09,7.820003509521484
googl,2009-01-12,7.76093053817749
googl,2009-01-13,7.801387310028076
googl,2009-01-14,7.470042705535889
googl,2009-01-15,7.4208984375
googl,2009-01-16,7.4377760887146
googl,2009-01-20,7.017823219299316
googl,2009-01-21,7.522412300109863
googl,2009-01-22,7.607295513153076
googl,2009-01-23,8.059017181396484
googl,2009-01-26,8.03841781616211
googl,2009-01-27,8.22729778289795
googl,2009-01-28,8.653949737548828
googl,2009-01-29,8.521163940429688
googl,2009-01-30,8.402277946472168
googl,2009-02-02,8.452908515930176
googl,2009-02-03,8.449930191040039
googl,2009-02-04,8.513222694396973
googl,2009-02-05,8.779290199279785
googl,2009-02-06,9.215126991271973
googl,2009-02-09,9.401030540466309
googl,2009-02-10,8.898177146911621
googl,2009-02-11,8.886512756347656
googl,2009-02-12,9.01086139678955
googl,2009-02-13,8.877577781677246
googl,2009-02-17,8.50478458404541
googl,2009-02-18,8.764152526855469
googl,2009-02-19,8.504287719726562
googl,2009-02-20,8.59885025024414
googl,2009-02-23,8.192052841186523
googl,2009-02-24,8.574030876159668
googl,2009-02-25,8.47946548461914
googl,2009-02-26,8.368769645690918
googl,2009-02-27,8.388874053955078
googl,2009-03-02,8.120075225830078
googl,2009-03-03,8.078377723693848
googl,2009-03-04,7.915558815002441
googl,2009-03-05,7.585951805114746
googl,2009-03-06,7.65867280960083
googl,2009-03-09,7.219857692718506
googl,2009-03-10,7.648745536804199
googl,2009-03-11,7.890490531921387
googl,2009-03-12,8.029977798461914
googl,2009-03-13,8.052069664001465
googl,2009-03-16,7.934669494628906
googl,2009-03-17,8.323101997375488
googl,2009-03-18,8.267504692077637
googl,2009-03-19,8.18907356262207
googl,2009-03-20,8.194533348083496
googl,2009-03-23,8.652214050292969
googl,2009-03-24,8.616721153259277
googl,2009-03-25,8.539778709411621
googl,2009-03-26,8.768617630004883
googl,2009-03-27,8.629875183105469
googl,2009-03-30,8.50552749633789
googl,2009-03-31,8.638810157775879
googl,2009-04-01,8.788473129272461
googl,2009-04-02,8.997210502624512
googl,2009-04-03,9.177898406982422
googl,2009-04-06,9.139674186706543
googl,2009-04-07,8.901653289794922
googl,2009-04-08,8.984798431396484
googl,2009-04-09,9.245409965515137
googl,2009-04-13,9.384648323059082
googl,2009-04-14,9.156305313110352
googl,2009-04-15,9.419148445129395
googl,2009-04-16,9.648482322692871
googl,2009-04-17,9.735353469848633
googl,2009-04-20,9.414183616638184
googl,2009-04-21,9.468043327331543
googl,2009-04-22,9.527361869812012
googl,2009-04-23,9.547962188720703
googl,2009-04-24,9.667098045349121
googl,2009-04-27,9.579236030578613
googl,2009-04-28,9.523639678955078
googl,2009-04-29,9.716242790222168
googl,2009-04-30,9.827929496765137
googl,2009-05-01,9.771342277526855
googl,2009-05-04,9.977099418640137
googl,2009-05-05,10.002166748046875
googl,2009-05-06,10.014080047607422
googl,2009-05-07,9.843815803527832
googl,2009-05-08,10.109885215759277
googl,2009-05-11,10.126017570495605
googl,2009-05-12,9.903383255004883
googl,2009-05-13,9.668340682983398
googl,2009-05-14,9.617705345153809
googl,2009-05-15,9.679757118225098
googl,2009-05-18,9.84952449798584
googl,2009-05-19,9.900158882141113
googl,2009-05-20,9.857963562011719
googl,2009-05-21,9.841086387634277
googl,2009-05-22,9.76662540435791
googl,2009-05-26,10.03617000579834
googl,2009-05-27,10.065954208374023
googl,2009-05-28,10.18608283996582
googl,2009-05-29,10.35560131072998
googl,2009-06-01,10.587172508239746
googl,2009-06-02,10.632840156555176
googl,2009-06-03,10.713504791259766
googl,2009-06-04,10.927700996398926
googl,2009-06-05,11.027972221374512
googl,2009-06-08,10.890223503112793
googl,2009-06-09,10.81203842163086
googl,2009-06-10,10.73708438873291
googl,2009-06-11,10.647732734680176
googl,2009-06-12,10.544482231140137
googl,2009-06-15,10.344184875488281
googl,2009-06-16,10.325072288513184
googl,2009-06-17,10.30422306060791
googl,2009-06-18,10.276922225952148
googl,2009-06-19,10.426587104797363
googl,2009-06-22,10.110381126403809
googl,2009-06-23,10.068931579589844
googl,2009-06-24,10.158531188964844
googl,2009-06-25,10.319365501403809
googl,2009-06-26,10.556395530700684
googl,2009-06-29,10.527108192443848
googl,2009-06-30,10.463815689086914
googl,2009-07-01,10.399284362792969
googl,2009-07-02,10.138675689697266
googl,2009-07-06,10.166474342346191
googl,2009-07-07,9.84431266784668
googl,2009-07-08,9.98975658416748
googl,2009-07-09,10.185833930969238
googl,2009-07-10,10.285361289978027
googl,2009-07-13,10.531079292297363
googl,2009-07-14,10.540759086608887
googl,2009-07-15,10.875330924987793
googl,2009-07-16,10.985282897949219
googl,2009-07-17,10.67875862121582
googl,2009-07-20,10.676769256591797
googl,2009-07-21,10.620429992675781
googl,2009-07-22,10.615219116210938
googl,2009-07-23,10.854728698730469
googl,2009-07-24,11.087540626525879
googl,2009-07-27,11.039886474609375
googl,2009-07-28,10.917027473449707
googl,2009-07-29,10.827428817749023
googl,2009-07-30,11.060735702514648
googl,2009-07-31,10.996450424194336
googl,2009-08-03,11.223803520202637
googl,2009-08-04,11.261528968811035
googl,2009-08-05,11.197244644165039
googl,2009-08-06,11.177885055541992
googl,2009-08-07,11.345171928405762
googl,2009-08-10,11.333009719848633
googl,2009-08-11,11.266740798950195
googl,2009-08-12,11.381905555725098
googl,2009-08-13,11.473739624023438
googl,2009-08-14,11.417149543762207
googl,2009-08-17,11.042119026184082
googl,2009-08-18,11.051799774169922
googl,2009-08-19,11.019285202026367
googl,2009-08-20,11.427325248718262
googl,2009-08-21,11.547205924987793
googl,2009-08-24,11.633828163146973
googl,2009-08-25,11.699352264404297
googl,2009-08-26,11.615708351135254
googl,2009-08-27,11.567557334899902
googl,2009-08-28,11.535041809082031
googl,2009-08-31,11.458598136901855
googl,2009-09-01,11.311911582946777
googl,2009-09-02,11.243658065795898
googl,2009-09-03,11.355594635009766
googl,2009-09-04,11.449414253234863
googl,2009-09-08,11.382899284362793
googl,2009-09-09,11.5156831741333
googl,2009-09-10,11.688678741455078
googl,2009-09-11,11.718462944030762
googl,2009-09-14,11.792425155639648
googl,2009-09-15,11.852489471435547
googl,2009-09-16,12.119303703308105
googl,2009-09-17,12.204434394836426
googl,2009-09-18,12.197983741760254
googl,2009-09-21,12.335485458374023
googl,2009-09-22,12.386613845825195
googl,2009-09-23,12.371722221374512
googl,2009-09-24,12.329774856567383
googl,2009-09-25,12.223297119140625
googl,2009-09-28,12.373459815979004
googl,2009-09-29,12.373459815979004
googl,2009-09-30,12.3069429397583
googl,2009-10-01,12.092249870300293
googl,2009-10-02,12.027222633361816
googl,2009-10-05,12.125012397766113
googl,2009-10-06,12.378671646118164
googl,2009-10-07,12.845284461975098
googl,2009-10-08,12.76189136505127
googl,2009-10-09,12.813268661499023
googl,2009-10-12,13.006613731384277
googl,2009-10-13,13.057991981506348
googl,2009-10-14,13.286581039428711
googl,2009-10-15,13.152307510375977
googl,2009-10-16,13.647217750549316
googl,2009-10-19,13.702812194824219
googl,2009-10-20,13.693628311157227
googl,2009-10-21,13.678240776062012
googl,2009-10-22,13.752450942993164
googl,2009-10-23,13.742523193359375
googl,2009-10-26,13.755431175231934
googl,2009-10-27,13.60849666595459
googl,2009-10-28,13.410185813903809
googl,2009-10-29,13.677000999450684
googl,2009-10-30,13.306438446044922
googl,2009-11-02,13.253571510314941
googl,2009-11-03,13.335477828979492
googl,2009-11-04,13.410931587219238
googl,2009-11-05,13.617433547973633
googl,2009-11-06,13.678240776062012
googl,2009-11-09,13.961435317993164
googl,2009-11-10,14.066920280456543
googl,2009-11-11,14.161234855651855
googl,2009-11-12,14.093973159790039
googl,2009-11-13,14.19821834564209
googl,2009-11-16,14.303206443786621
googl,2009-11-17,14.333237648010254
googl,2009-11-18,14.312390327453613
googl,2009-11-19,14.221548080444336
googl,2009-11-20,14.146342277526855
googl,2009-11-23,14.453863143920898
googl,2009-11-24,14.47222900390625
googl,2009-11-25,14.538002014160156
googl,2009-11-27,14.389578819274902
googl,2009-11-30,14.469995498657227
googl,2009-12-01,14.640508651733398
googl,2009-12-02,14.581932067871094
googl,2009-12-03,14.538002014160156
googl,2009-12-04,14.519883155822754
googl,2009-12-07,14.550660133361816
googl,2009-12-08,14.570514678955078
googl,2009-12-09,14.619410514831543
googl,2009-12-10,14.6809663772583
googl,2009-12-11,14.656392097473145
googl,2009-12-14,14.785953521728516
googl,2009-12-15,14.72166633605957
googl,2009-12-16,14.836336135864258
googl,2009-12-17,14.741524696350098
googl,2009-12-18,14.80307674407959
googl,2009-12-21,14.859170913696289
googl,2009-12-22,14.919731140136719
googl,2009-12-23,15.181829452514648
googl,2009-12-24,15.350604057312012
googl,2009-12-28,15.459564208984375
googl,2009-12-29,15.373438835144043
googl,2009-12-30,15.456089973449707
googl,2009-12-31,15.387835502624512
googl,2010-01-04,15.555864334106445
googl,2010-01-05,15.487361907958984
googl,2010-01-06,15.096944808959961
googl,2010-01-07,14.745495796203613
googl,2010-01-08,14.942069053649902
googl,2010-01-11,14.919485092163086
googl,2010-01-12,14.655647277832031
googl,2010-01-13,14.57150936126709
googl,2010-01-14,14.64001178741455
googl,2010-01-15,14.39553451538086
googl,2010-01-19,14.584663391113281
googl,2010-01-20,14.40571117401123
googl,2010-01-21,14.469499588012695
googl,2010-01-22,13.651187896728516
googl,2010-01-25,13.402740478515625
googl,2010-01-26,13.462803840637207
googl,2010-01-27,13.454861640930176
googl,2010-01-28,13.261017799377441
googl,2010-01-29,13.153051376342773
googl,2010-02-01,13.229496955871582
googl,2010-02-02,13.18233871459961
googl,2010-02-03,13.423091888427734
googl,2010-02-04,13.074621200561523
googl,2010-02-05,13.186559677124023
googl,2010-02-08,13.240665435791016
googl,2010-02-09,13.314382553100586
googl,2010-02-10,13.264989852905273
googl,2010-02-11,13.31338882446289
googl,2010-02-12,13.231977462768555
googl,2010-02-16,13.435005187988281
googl,2010-02-17,13.358312606811523
googl,2010-02-18,13.482659339904785
googl,2010-02-19,13.421602249145508
googl,2010-02-22,13.472236633300781
googl,2010-02-23,13.280378341674805
googl,2010-02-24,13.191025733947754
googl,2010-02-25,13.065935134887695
googl,2010-02-26,13.075117111206055
googl,2010-03-01,13.221304893493652
googl,2010-03-02,13.429048538208008
googl,2010-03-03,13.534782409667969
googl,2010-03-04,13.764863014221191
googl,2010-03-05,14.00362777709961
googl,2010-03-08,13.96069049835205
googl,2010-03-09,13.903855323791504
googl,2010-03-10,14.307425498962402
googl,2010-03-11,14.423830032348633
googl,2010-03-12,14.384119033813477
googl,2010-03-15,13.978065490722656
googl,2010-03-16,14.028200149536133
googl,2010-03-17,14.037137031555176
googl,2010-03-18,14.057984352111816
googl,2010-03-19,13.899139404296875
googl,2010-03-22,13.837087631225586
googl,2010-03-23,13.626118659973145
googl,2010-03-24,13.832869529724121
googl,2010-03-25,13.970619201660156
googl,2010-03-26,13.96590518951416
googl,2010-03-29,13.959945678710938
googl,2010-03-30,14.065680503845215
googl,2010-03-31,14.075855255126953
googl,2010-04-01,14.117551803588867
googl,2010-04-05,14.172407150268555
googl,2010-04-06,14.103157043457031
googl,2010-04-07,13.987000465393066
googl,2010-04-08,14.085038185119629
googl,2010-04-09,14.053519248962402
googl,2010-04-12,14.215095520019531
googl,2010-04-13,14.563567161560059
googl,2010-04-14,14.618915557861328
googl,2010-04-15,14.775279998779297
googl,2010-04-16,13.6546630859375
googl,2010-04-19,13.653419494628906
googl,2010-04-20,13.776030540466309
googl,2010-04-21,13.757664680480957
googl,2010-04-22,13.57796859741211
googl,2010-04-23,13.526590347290039
googl,2010-04-26,13.195246696472168
googl,2010-04-27,13.131211280822754
googl,2010-04-28,13.134437561035156
googl,2010-04-29,13.204179763793945
googl,2010-04-30,13.047815322875977
googl,2010-05-03,13.16943359375
googl,2010-05-04,12.568048477172852
googl,2010-05-05,12.652186393737793
googl,2010-05-06,12.376934051513672
googl,2010-05-07,12.239679336547852
googl,2010-05-10,12.947295188903809
googl,2010-05-11,12.634563446044922
googl,2010-05-12,12.543723106384277
googl,2010-05-13,12.679985046386719
googl,2010-05-14,12.596837997436523
googl,2010-05-17,12.607759475708008
googl,2010-05-18,12.369487762451172
googl,2010-05-19,12.271698951721191
googl,2010-05-20,11.789695739746094
googl,2010-05-21,11.716228485107422
googl,2010-05-24,11.843058586120605
googl,2010-05-25,11.840825080871582
googl,2010-05-26,11.801112174987793
googl,2010-05-27,12.173163414001465
googl,2010-05-28,12.053282737731934
googl,2010-06-01,11.972369194030762
googl,2010-06-02,12.24538803100586
googl,2010-06-03,12.548935890197754
googl,2010-06-04,12.378174781799316
googl,2010-06-07,12.050552368164062
googl,2010-06-08,12.032186508178711
googl,2010-06-09,11.76512336730957
googl,2010-06-10,12.087533950805664
googl,2010-06-11,12.124516487121582
googl,2010-06-14,11.992719650268555
googl,2010-06-15,12.360055923461914
googl,2010-06-16,12.441465377807617
googl,2010-06-17,12.411930084228516
googl,2010-06-18,12.410688400268555
googl,2010-06-21,12.126004219055176
googl,2010-06-22,12.068670272827148
googl,2010-06-23,11.964427947998047
googl,2010-06-24,11.791929244995117
googl,2010-06-25,11.731863975524902
googl,2010-06-28,11.716972351074219
googl,2010-06-29,11.274682998657227
googl,2010-06-30,11.043607711791992
googl,2010-07-01,10.908092498779297
googl,2010-07-02,10.835123062133789
googl,2010-07-06,10.823210716247559
googl,2010-07-07,11.173913955688477
googl,2010-07-08,11.331768035888672
googl,2010-07-09,11.603049278259277
googl,2010-07-12,11.810049057006836
googl,2010-07-13,12.141888618469238
googl,2010-07-14,12.195005416870117
googl,2010-07-15,12.261521339416504
googl,2010-07-16,11.407469749450684
googl,2010-07-19,11.570536613464355
googl,2010-07-20,11.953010559082031
googl,2010-07-21,11.851495742797852
googl,2010-07-22,12.032931327819824
googl,2010-07-23,12.163235664367676
googl,2010-07-26,12.136181831359863
googl,2010-07-27,12.22702407836914
googl,2010-07-28,12.021513938903809
googl,2010-07-29,12.037396430969238
googl,2010-07-30,12.033923149108887
googl,2010-08-02,12.171920776367188
googl,2010-08-03,12.157526016235352
googl,2010-08-04,12.566805839538574
googl,2010-08-05,12.61098575592041
googl,2010-08-06,12.4154052734375
googl,2010-08-09,12.542729377746582
googl,2010-08-10,12.502025604248047
googl,2010-08-11,12.204933166503906
googl,2010-08-12,12.21163272857666
googl,2010-08-13,12.07115364074707
googl,2010-08-16,12.052289962768555
googl,2010-08-17,12.174652099609375
googl,2010-08-18,11.966910362243652
googl,2010-08-19,11.614964485168457
googl,2010-08-20,11.467286109924316
googl,2010-08-23,11.518166542053223
googl,2010-08-24,11.203449249267578
googl,2010-08-25,11.283618927001953
googl,2010-08-26,11.193273544311523
googl,2010-08-27,11.38810920715332
googl,2010-08-30,11.235715866088867
googl,2010-08-31,11.169445991516113
googl,2010-09-01,11.425339698791504
googl,2010-09-02,11.496076583862305
googl,2010-09-03,11.672794342041016
googl,2010-09-07,11.52635669708252
googl,2010-09-08,11.679741859436035
googl,2010-09-09,11.818735122680664
googl,2010-09-10,11.817741394042969
googl,2010-09-13,11.969887733459473
googl,2010-09-14,11.924219131469727
googl,2010-09-15,11.929431915283203
googl,2010-09-16,11.939855575561523
googl,2010-09-17,12.165468215942383
googl,2010-09-20,12.615453720092773
googl,2010-09-21,12.744019508361816
googl,2010-09-22,12.807063102722168
googl,2010-09-23,12.74451732635498
googl,2010-09-24,13.087279319763184
googl,2010-09-27,13.164718627929688
googl,2010-09-28,13.08430004119873
googl,2010-09-29,13.097206115722656
googl,2010-09-30,13.050048828125
googl,2010-10-01,13.045830726623535
googl,2010-10-04,12.964670181274414
googl,2010-10-05,13.358809471130371
googl,2010-10-06,13.262507438659668
googl,2010-10-07,13.154789924621582
googl,2010-10-08,13.312145233154297
googl,2010-10-11,13.373948097229004
googl,2010-10-12,13.437238693237305
googl,2010-10-13,13.484644889831543
googl,2010-10-14,13.425823211669922
googl,2010-10-15,14.927922248840332
googl,2010-10-18,15.331494331359863
googl,2010-10-19,15.086273193359375
googl,2010-10-20,15.089996337890625
googl,2010-10-21,15.189523696899414
googl,2010-10-22,15.202927589416504
googl,2010-10-25,15.301460266113281
googl,2010-10-26,15.353582382202148
googl,2010-10-27,15.300716400146484
googl,2010-10-28,15.353089332580566
googl,2010-10-29,15.231965065002441
googl,2010-11-01,15.264229774475098
googl,2010-11-02,15.279122352600098
googl,2010-11-03,15.392799377441406
googl,2010-11-04,15.494312286376953
googl,2010-11-05,15.514415740966797
googl,2010-11-08,15.556361198425293
googl,2010-11-09,15.507963180541992
googl,2010-11-10,15.45981216430664
googl,2010-11-11,15.318586349487305
googl,2010-11-12,14.973589897155762
googl,2010-11-15,14.779500961303711
googl,2010-11-16,14.487866401672363
googl,2010-11-17,14.483646392822266
googl,2010-11-18,14.806553840637207
googl,2010-11-19,14.664335250854492
googl,2010-11-22,14.6740140914917
googl,2010-11-23,14.470243453979492
googl,2010-11-24,14.767088890075684
googl,2010-11-26,14.643733978271484
googl,2010-11-29,14.447903633117676
googl,2010-11-30,13.792661666870117
googl,2010-12-01,14.007104873657227
googl,2010-12-02,14.192509651184082
googl,2010-12-03,14.221796989440918
googl,2010-12-06,14.354829788208008
googl,2010-12-07,14.572750091552734
googl,2010-12-08,14.657136917114258
googl,2010-12-09,14.6809663772583
googl,2010-12-10,14.698586463928223
googl,2010-12-13,14.758400917053223
googl,2010-12-14,14.765599250793457
googl,2010-12-15,14.6511812210083
googl,2010-12-16,14.686177253723145
googl,2010-12-17,14.663590431213379
googl,2010-12-20,14.769323348999023
googl,2010-12-21,14.968131065368652
googl,2010-12-22,15.028193473815918
googl,2010-12-23,14.99692153930664
googl,2010-12-27,14.951004028320312
googl,2010-12-28,14.865128517150879
googl,2010-12-29,14.916753768920898
googl,2010-12-30,14.863637924194336
googl,2010-12-31,14.742267608642578
googl,2011-01-03,14.999898910522461
googl,2011-01-04,14.944550514221191
googl,2011-01-05,15.117048263549805
googl,2011-01-06,15.227001190185547
googl,2011-01-07,15.299972534179688
googl,2011-01-10,15.244625091552734
googl,2011-01-11,15.289299964904785
googl,2011-01-12,15.310646057128906
googl,2011-01-13,15.306177139282227
googl,2011-01-14,15.492076873779297
googl,2011-01-18,15.875545501708984
googl,2011-01-19,15.679964065551758
googl,2011-01-20,15.556361198425293
googl,2011-01-21,15.185551643371582
googl,2011-01-24,15.166936874389648
googl,2011-01-25,15.38609790802002
googl,2011-01-26,15.301460266113281
googl,2011-01-27,15.308658599853516
googl,2011-01-28,14.916504859924316
googl,2011-01-31,14.90086841583252
googl,2011-02-01,15.16594409942627
googl,2011-02-02,15.18977165222168
googl,2011-02-03,15.143856048583984
googl,2011-02-04,15.16445541381836
googl,2011-02-07,15.246610641479492
googl,2011-02-08,15.348123550415039
googl,2011-02-09,15.301460266113281
googl,2011-02-10,15.299972534179688
googl,2011-02-11,15.500021934509277
googl,2011-02-14,15.59061336517334
googl,2011-02-15,15.4913330078125
googl,2011-02-16,15.493071556091309
googl,2011-02-17,15.51888370513916
googl,2011-02-18,15.63851547241211
googl,2011-02-22,15.145344734191895
googl,2011-02-23,15.172895431518555
googl,2011-02-24,15.110844612121582
googl,2011-02-25,15.141124725341797
googl,2011-02-28,15.224520683288574
googl,2011-03-01,14.910796165466309
googl,2011-03-02,14.911540985107422
googl,2011-03-03,15.129212379455566
googl,2011-03-04,14.90732192993164
googl,2011-03-07,14.684935569763184
googl,2011-03-08,14.701068878173828
googl,2011-03-09,14.687665939331055
googl,2011-03-10,14.402981758117676
googl,2011-03-11,14.313879013061523
googl,2011-03-14,14.147088050842285
googl,2011-03-15,14.136415481567383
googl,2011-03-16,13.82715892791748
googl,2011-03-17,13.932894706726074
googl,2011-03-18,13.925448417663574
googl,2011-03-21,14.308666229248047
googl,2011-03-22,14.32901668548584
googl,2011-03-23,14.449146270751953
googl,2011-03-24,14.566545486450195
googl,2011-03-25,14.389083862304688
googl,2011-03-28,14.28037166595459
googl,2011-03-29,14.43847370147705
googl,2011-03-30,14.441204071044922
googl,2011-03-31,14.563319206237793
googl,2011-04-01,14.688410758972168
googl,2011-04-04,14.586153030395508
googl,2011-04-05,14.124751091003418
googl,2011-04-06,14.251083374023438
googl,2011-04-07,14.39553451538086
googl,2011-04-08,14.34986686706543
googl,2011-04-11,14.330260276794434
googl,2011-04-12,14.162477493286133
googl,2011-04-13,14.303206443786621
googl,2011-04-14,14.35855484008789
googl,2011-04-15,13.171916007995605
googl,2011-04-18,13.076109886169434
googl,2011-04-19,12.944315910339355
googl,2011-04-20,13.04856014251709
googl,2011-04-21,13.032923698425293
googl,2011-04-25,13.031682968139648
googl,2011-04-26,13.224532127380371
googl,2011-04-27,13.347142219543457
googl,2011-04-28,13.352356910705566
googl,2011-04-29,13.504500389099121
googl,2011-05-02,13.366998672485352
googl,2011-05-03,13.251089096069336
googl,2011-05-04,13.298247337341309
googl,2011-05-05,13.260522842407227
googl,2011-05-06,13.286087036132812
googl,2011-05-09,13.3451566696167
googl,2011-05-10,13.46876049041748
googl,2011-05-11,13.289810180664062
googl,2011-05-12,13.279882431030273
googl,2011-05-13,13.143372535705566
googl,2011-05-16,12.86712646484375
googl,2011-05-17,13.1659574508667
googl,2011-05-18,13.149826049804688
googl,2011-05-19,13.185565948486328
googl,2011-05-20,13.006366729736328
googl,2011-05-23,12.866382598876953
googl,2011-05-24,12.863154411315918
googl,2011-05-25,12.898152351379395
googl,2011-05-26,12.859929084777832
googl,2011-05-27,12.928679466247559
googl,2011-05-31,13.130217552185059
googl,2011-06-01,13.045333862304688
googl,2011-06-02,13.106390953063965
googl,2011-06-03,12.982786178588867
googl,2011-06-06,12.932652473449707
googl,2011-06-07,12.882267951965332
googl,2011-06-08,12.885740280151367
googl,2011-06-09,12.825180053710938
googl,2011-06-10,12.645981788635254
googl,2011-06-13,12.52734375
googl,2011-06-14,12.617688179016113
googl,2011-06-15,12.483161926269531
googl,2011-06-16,12.41912841796875
googl,2011-06-17,12.038142204284668
googl,2011-06-20,12.027222633361816
googl,2011-06-21,12.236204147338867
googl,2011-06-22,12.087533950805664
googl,2011-06-23,11.919008255004883
googl,2011-06-24,11.786469459533691
googl,2011-06-27,11.983040809631348
googl,2011-06-28,12.252339363098145
googl,2011-06-29,12.349631309509277
googl,2011-06-30,12.568293571472168
googl,2011-07-01,12.931906700134277
googl,2011-07-05,13.215100288391113
googl,2011-07-06,13.287574768066406
googl,2011-07-07,13.566551208496094
googl,2011-07-08,13.203933715820312
googl,2011-07-11,13.087030410766602
googl,2011-07-12,13.254070281982422
googl,2011-07-13,13.359554290771484
googl,2011-07-14,13.1282320022583
googl,2011-07-15,14.832859992980957
googl,2011-07-18,14.766343116760254
googl,2011-07-19,14.955223083496094
googl,2011-07-20,14.776521682739258
googl,2011-07-21,15.065424919128418
googl,2011-07-22,15.344398498535156
googl,2011-07-25,15.363017082214355
googl,2011-07-26,15.450876235961914
googl,2011-07-27,15.071131706237793
googl,2011-07-28,15.163463592529297
googl,2011-07-29,14.983518600463867
googl,2011-08-01,15.059964179992676
googl,2011-08-02,14.703303337097168
googl,2011-08-03,14.920973777770996
googl,2011-08-04,14.33398151397705
googl,2011-08-05,14.371708869934082
googl,2011-08-08,13.552155494689941
googl,2011-08-09,14.231972694396973
googl,2011-08-10,13.626367568969727
googl,2011-08-11,13.952005386352539
googl,2011-08-12,13.992709159851074
googl,2011-08-15,13.830388069152832
googl,2011-08-16,13.37791919708252
googl,2011-08-17,13.232723236083984
googl,2011-08-18,12.531064987182617
googl,2011-08-19,12.184579849243164
googl,2011-08-22,12.364521980285645
googl,2011-08-23,12.877056121826172
googl,2011-08-24,12.987998962402344
googl,2011-08-25,12.90733528137207
googl,2011-08-26,13.076606750488281
googl,2011-08-29,13.379904747009277
googl,2011-08-30,13.420113563537598
googl,2011-08-31,13.426567077636719
googl,2011-09-01,13.216591835021973
googl,2011-09-02,13.026470184326172
googl,2011-09-06,12.960450172424316
googl,2011-09-07,13.254565238952637
googl,2011-09-08,13.277647972106934
googl,2011-09-09,13.026718139648438
googl,2011-09-12,13.15751838684082
googl,2011-09-13,13.142627716064453
googl,2011-09-14,13.20591926574707
googl,2011-09-15,13.466279983520508
googl,2011-09-16,13.568538665771484
googl,2011-09-19,13.568288803100586
googl,2011-09-20,13.567294120788574
googl,2011-09-21,13.382884979248047
googl,2011-09-22,12.922722816467285
googl,2011-09-23,13.043099403381348
googl,2011-09-26,13.201451301574707
googl,2011-09-27,13.386358261108398
googl,2011-09-28,13.125748634338379
googl,2011-09-29,13.092491149902344
googl,2011-09-30,12.783235549926758
googl,2011-10-03,12.298750877380371
googl,2011-10-04,12.457101821899414
googl,2011-10-05,12.526597023010254
googl,2011-10-06,12.775045394897461
googl,2011-10-07,12.785223007202148
googl,2011-10-10,13.332499504089355
googl,2011-10-11,13.481666564941406
googl,2011-10-12,13.61370849609375
googl,2011-10-13,13.87407112121582
googl,2011-10-14,14.685430526733398
googl,2011-10-17,14.455351829528809
googl,2011-10-18,14.656392097473145
googl,2011-10-19,14.412908554077148
googl,2011-10-20,14.486623764038086
googl,2011-10-21,14.65589714050293
googl,2011-10-24,14.80307674407959
googl,2011-10-25,14.473966598510742
googl,2011-10-26,14.552149772644043
googl,2011-10-27,14.85892391204834
googl,2011-10-28,14.895408630371094
googl,2011-10-31,14.709258079528809
googl,2011-11-01,14.362029075622559
googl,2011-11-02,14.515166282653809
googl,2011-11-03,14.829882621765137
googl,2011-11-04,14.796128273010254
googl,2011-11-07,15.09868335723877
googl,2011-11-08,15.198209762573242
googl,2011-11-09,14.915513038635254
googl,2011-11-10,14.769820213317871
googl,2011-11-11,15.099180221557617
googl,2011-11-14,15.214591026306152
googl,2011-11-15,15.302949905395508
googl,2011-11-16,15.176615715026855
googl,2011-11-17,14.91352653503418
googl,2011-11-18,14.764854431152344
googl,2011-11-21,14.418866157531738
googl,2011-11-22,14.39553451538086
googl,2011-11-23,14.150068283081055
googl,2011-11-25,13.97359848022461
googl,2011-11-28,14.598812103271484
googl,2011-11-29,14.468256950378418
googl,2011-11-30,14.876791954040527
googl,2011-12-01,15.233702659606934
googl,2011-12-02,15.397266387939453
googl,2011-12-05,15.528562545776367
googl,2011-12-06,15.481903076171875
googl,2011-12-07,15.472471237182617
googl,2011-12-08,15.290294647216797
googl,2011-12-09,15.572495460510254
googl,2011-12-12,15.522109985351562
googl,2011-12-13,15.528069496154785
googl,2011-12-14,15.340429306030273
googl,2011-12-15,15.376914024353027
googl,2011-12-16,15.536258697509766
googl,2011-12-19,15.433751106262207
googl,2011-12-20,15.645713806152344
googl,2011-12-21,15.532782554626465
googl,2011-12-22,15.629082679748535
googl,2011-12-23,15.714465141296387
googl,2011-12-27,15.890934944152832
googl,2011-12-28,15.877283096313477
googl,2011-12-29,15.944297790527344
googl,2011-12-30,16.031166076660156
googl,2012-01-03,16.51540184020996
googl,2012-01-04,16.586637496948242
googl,2012-01-05,16.35655403137207
googl,2012-01-06,16.133426666259766
googl,2012-01-09,15.449386596679688
googl,2012-01-10,15.466267585754395
googl,2012-01-11,15.536258697509766
googl,2012-01-12,15.627593994140625
googl,2012-01-13,15.51218318939209
googl,2012-01-17,15.601285934448242
googl,2012-01-18,15.708757400512695
googl,2012-01-19,15.874055862426758
googl,2012-01-20,14.544206619262695
googl,2012-01-23,14.532541275024414
googl,2012-01-24,14.418618202209473
googl,2012-01-25,14.13467788696289
googl,2012-01-26,14.100179672241211
googl,2012-01-27,14.395040512084961
googl,2012-01-30,14.338202476501465
googl,2012-01-31,14.39826488494873
googl,2012-02-01,14.41613483428955
googl,2012-02-02,14.522363662719727
googl,2012-02-03,14.800843238830566
googl,2012-02-06,15.117545127868652
googl,2012-02-07,15.059964179992676
googl,2012-02-08,15.136408805847168
googl,2012-02-09,15.176369667053223
googl,2012-02-10,15.038619995117188
googl,2012-02-13,15.194734573364258
googl,2012-02-14,15.134176254272461
googl,2012-02-15,15.02993106842041
googl,2012-02-16,15.05375862121582
googl,2012-02-17,15.007099151611328
googl,2012-02-21,15.239412307739258
googl,2012-02-22,15.089003562927246
googl,2012-02-23,15.043582916259766
googl,2012-02-24,15.137650489807129
googl,2012-02-27,15.123005867004395
googl,2012-02-28,15.348370552062988
googl,2012-02-29,15.344898223876953
googl,2012-03-01,15.447898864746094
googl,2012-03-02,15.419355392456055
googl,2012-03-05,15.245617866516113
googl,2012-03-06,15.015039443969727
googl,2012-03-07,15.060708999633789
googl,2012-03-08,15.069147109985352
googl,2012-03-09,14.898138999938965
googl,2012-03-12,15.019755363464355
googl,2012-03-13,15.333231925964355
googl,2012-03-14,15.288803100585938
googl,2012-03-15,15.416377067565918
googl,2012-03-16,15.513422966003418
googl,2012-03-19,15.735312461853027
googl,2012-03-20,15.723151206970215
googl,2012-03-21,15.884232521057129
googl,2012-03-22,16.034889221191406
googl,2012-03-23,15.949014663696289
googl,2012-03-26,16.116296768188477
googl,2012-03-27,16.058963775634766
googl,2012-03-28,16.275890350341797
googl,2012-03-29,16.093461990356445
googl,2012-03-30,15.915505409240723
googl,2012-04-02,16.05648422241211
googl,2012-04-03,15.949756622314453
googl,2012-04-04,15.764352798461914
googl,2012-04-05,15.694112777709961
googl,2012-04-09,15.657378196716309
googl,2012-04-10,15.55859661102295
googl,2012-04-11,15.784456253051758
googl,2012-04-12,16.15799331665039
googl,2012-04-13,15.502504348754883
googl,2012-04-16,15.042590141296387
googl,2012-04-17,15.129459381103516
googl,2012-04-18,15.0768404006958
googl,2012-04-19,14.874558448791504
googl,2012-04-20,14.794142723083496
googl,2012-04-23,14.832365989685059
googl,2012-04-24,14.923455238342285
googl,2012-04-25,15.133180618286133
googl,2012-04-26,15.275896072387695
googl,2012-04-27,15.263736724853516
googl,2012-04-30,15.012308120727539
googl,2012-05-01,15.001885414123535
googl,2012-05-02,15.072126388549805
googl,2012-05-03,15.165449142456055
googl,2012-05-04,14.816728591918945
googl,2012-05-07,15.079322814941406
googl,2012-05-08,15.209380149841309
googl,2012-05-09,15.119036674499512
googl,2012-05-10,15.230972290039062
googl,2012-05-11,15.02174186706543
googl,2012-05-14,14.99121379852295
googl,2012-05-15,15.167682647705078
googl,2012-05-16,15.609973907470703
googl,2012-05-17,15.464030265808105
googl,2012-05-18,14.901861190795898
googl,2012-05-21,15.242142677307129
googl,2012-05-22,14.911788940429688
googl,2012-05-23,15.126729965209961
googl,2012-05-24,14.982775688171387
googl,2012-05-25,14.681709289550781
googl,2012-05-29,14.751450538635254
googl,2012-05-30,14.59980297088623
googl,2012-05-31,14.416879653930664
googl,2012-06-01,14.171660423278809
googl,2012-06-04,14.360538482666016
googl,2012-06-05,14.157515525817871
googl,2012-06-06,14.409683227539062
googl,2012-06-07,14.351604461669922
googl,2012-06-08,14.406704902648926
googl,2012-06-11,14.110106468200684
googl,2012-06-12,14.025718688964844
googl,2012-06-13,13.926191329956055
googl,2012-06-14,13.875558853149414
googl,2012-06-15,14.011075019836426
googl,2012-06-18,14.16843318939209
googl,2012-06-19,14.433509826660156
googl,2012-06-20,14.333733558654785
googl,2012-06-21,14.028448104858398
googl,2012-06-22,14.184069633483887
googl,2012-06-25,13.916513442993164
googl,2012-06-26,14.015294075012207
googl,2012-06-27,14.129962921142578
googl,2012-06-28,14.006111145019531
googl,2012-06-29,14.397273063659668
googl,2012-07-02,14.407200813293457
googl,2012-07-03,14.589874267578125
googl,2012-07-05,14.790667533874512
googl,2012-07-06,14.54395866394043
googl,2012-07-09,14.54470443725586
googl,2012-07-10,14.437728881835938
googl,2012-07-11,14.176871299743652
googl,2012-07-12,14.159248352050781
googl,2012-07-13,14.309162139892578
googl,2012-07-16,14.269451141357422
googl,2012-07-17,14.314374923706055
googl,2012-07-18,14.414399147033691
googl,2012-07-19,14.719682693481445
googl,2012-07-20,15.160486221313477
googl,2012-07-23,15.276890754699707
googl,2012-07-24,15.079819679260254
googl,2012-07-25,15.09024429321289
googl,2012-07-26,15.223526000976562
googl,2012-07-27,15.759635925292969
googl,2012-07-30,15.693614959716797
googl,2012-07-31,15.710246086120605
googl,2012-08-01,15.703047752380371
googl,2012-08-02,15.605504035949707
googl,2012-08-03,15.917740821838379
googl,2012-08-06,15.954721450805664
googl,2012-08-07,15.89813232421875
googl,2012-08-08,15.94007682800293
googl,2012-08-09,15.943056106567383
googl,2012-08-10,15.934368133544922
googl,2012-08-13,16.38137435913086
googl,2012-08-14,16.596065521240234
googl,2012-08-15,16.568269729614258
googl,2012-08-16,16.700557708740234
googl,2012-08-17,16.80653953552246
googl,2012-08-20,16.766828536987305
googl,2012-08-21,16.617162704467773
googl,2012-08-22,16.807531356811523
googl,2012-08-23,16.7981014251709
googl,2012-08-24,16.843521118164062
googl,2012-08-27,16.609966278076172
googl,2012-08-28,16.80927085876465
googl,2012-08-29,17.076330184936523
googl,2012-08-30,16.919219970703125
googl,2012-08-31,17.003856658935547
googl,2012-09-04,16.903337478637695
googl,2012-09-05,16.895395278930664
googl,2012-09-06,17.359031677246094
googl,2012-09-07,17.52656364440918
googl,2012-09-10,17.393035888671875
googl,2012-09-11,17.180076599121094
googl,2012-09-12,17.147565841674805
googl,2012-09-13,17.52383041381836
googl,2012-09-14,17.614179611206055
googl,2012-09-17,17.621623992919922
googl,2012-09-18,17.8276309967041
googl,2012-09-19,18.05647087097168
googl,2012-09-20,18.071857452392578
googl,2012-09-21,18.21755027770996
googl,2012-09-24,18.599529266357422
googl,2012-09-25,18.594066619873047
googl,2012-09-26,18.700794219970703
googl,2012-09-27,18.7762451171875
googl,2012-09-28,18.726604461669922
googl,2012-10-01,18.907297134399414
googl,2012-10-02,18.788410186767578
googl,2012-10-03,18.92516326904297
googl,2012-10-04,19.06291389465332
googl,2012-10-05,19.052988052368164
googl,2012-10-08,18.80950355529785
googl,2012-10-09,18.468229293823242
googl,2012-10-10,18.479896545410156
googl,2012-10-11,18.651649475097656
googl,2012-10-12,18.48461151123047
googl,2012-10-15,18.391040802001953
googl,2012-10-16,18.483369827270508
googl,2012-10-17,18.751178741455078
googl,2012-10-18,17.249820709228516
googl,2012-10-19,16.921953201293945
googl,2012-10-22,16.844514846801758
googl,2012-10-23,16.886211395263672
googl,2012-10-24,16.810510635375977
googl,2012-10-25,16.82192611694336
googl,2012-10-26,16.757144927978516
googl,2012-10-31,16.88496971130371
googl,2012-11-01,17.065908432006836
googl,2012-11-02,17.074100494384766
googl,2012-11-05,16.950990676879883
googl,2012-11-06,16.920215606689453
googl,2012-11-07,16.557846069335938
googl,2012-11-08,16.18976593017578
googl,2012-11-09,16.456331253051758
googl,2012-11-12,16.527565002441406
googl,2012-11-13,16.3575496673584
googl,2012-11-14,16.196218490600586
googl,2012-11-15,16.064922332763672
googl,2012-11-16,16.062936782836914
googl,2012-11-19,16.584896087646484
googl,2012-11-20,16.628578186035156
googl,2012-11-21,16.52681541442871
googl,2012-11-23,16.578937530517578
googl,2012-11-26,16.40966796875
googl,2012-11-27,16.646947860717773
googl,2012-11-28,16.96861457824707
googl,2012-11-29,17.172632217407227
googl,2012-11-30,17.333467483520508
googl,2012-12-03,17.256027221679688
googl,2012-12-04,17.15128517150879
googl,2012-12-05,17.07161521911621
googl,2012-12-06,17.15376853942871
googl,2012-12-07,16.982013702392578
googl,2012-12-10,17.012046813964844
googl,2012-12-11,17.296483993530273
googl,2012-12-12,17.31336212158203
googl,2012-12-13,17.440935134887695
googl,2012-12-14,17.422571182250977
googl,2012-12-17,17.88968276977539
googl,2012-12-18,17.896875381469727
googl,2012-12-19,17.8730525970459
googl,2012-12-20,17.928892135620117
googl,2012-12-21,17.761857986450195
googl,2012-12-24,17.609710693359375
googl,2012-12-26,17.594072341918945
googl,2012-12-27,17.530038833618164
googl,2012-12-28,17.374174118041992
googl,2012-12-31,17.557092666625977
googl,2013-01-02,17.950984954833984
googl,2013-01-03,17.961406707763672
googl,2013-01-04,18.31633758544922
googl,2013-01-07,18.236412048339844
googl,2013-01-08,18.20042610168457
googl,2013-01-09,18.32005500793457
googl,2013-01-10,18.403451919555664
googl,2013-01-11,18.366470336914062
googl,2013-01-14,17.950984954833984
googl,2013-01-15,17.9926815032959
googl,2013-01-16,17.750934600830078
googl,2013-01-17,17.65488052368164
googl,2013-01-18,17.485855102539062
googl,2013-01-22,17.445154190063477
googl,2013-01-23,18.40394401550293
googl,2013-01-24,18.71940803527832
googl,2013-01-25,18.70600700378418
googl,2013-01-28,18.63303565979004
googl,2013-01-29,18.706254959106445
googl,2013-01-30,18.709976196289062
googl,2013-01-31,18.75614356994629
googl,2013-02-01,19.25030517578125
googl,2013-02-04,18.838790893554688
googl,2013-02-05,19.00558090209961
googl,2013-02-06,19.11553382873535
googl,2013-02-07,19.209352493286133
googl,2013-02-08,19.4927978515625
googl,2013-02-11,19.41957664489746
googl,2013-02-12,19.376890182495117
googl,2013-02-13,19.430496215820312
googl,2013-02-14,19.553604125976562
googl,2013-02-15,19.679443359375
googl,2013-02-19,20.025924682617188
googl,2013-02-20,19.66876983642578
googl,2013-02-21,19.744964599609375
googl,2013-02-22,19.848711013793945
googl,2013-02-25,19.6268253326416
googl,2013-02-26,19.610937118530273
googl,2013-02-27,19.85045051574707
googl,2013-02-28,19.885696411132812
googl,2013-03-01,20.009546279907227
googl,2013-03-04,20.389537811279297
googl,2013-03-05,20.8139591217041
googl,2013-03-06,20.63475799560547
googl,2013-03-07,20.665037155151367
googl,2013-03-08,20.638233184814453
googl,2013-03-11,20.720142364501953
googl,2013-03-12,20.541189193725586
googl,2013-03-13,20.484100341796875
googl,2013-03-14,20.39052963256836
googl,2013-03-15,20.21083641052246
googl,2013-03-18,20.049259185791016
googl,2013-03-19,20.136871337890625
googl,2013-03-20,20.221010208129883
googl,2013-03-21,20.135385513305664
googl,2013-03-22,20.11180305480957
googl,2013-03-25,20.095176696777344
googl,2013-03-26,20.164173126220703
googl,2013-03-27,19.921934127807617
googl,2013-03-28,19.711708068847656
googl,2013-04-01,19.885446548461914
googl,2013-04-02,20.179561614990234
googl,2013-04-03,20.009796142578125
googl,2013-04-04,19.733551025390625
googl,2013-04-05,19.43521499633789
googl,2013-04-08,19.231691360473633
googl,2013-04-09,19.301185607910156
googl,2013-04-10,19.612178802490234
googl,2013-04-11,19.617393493652344
googl,2013-04-12,19.60895347595215
googl,2013-04-15,19.407413482666016
googl,2013-04-16,19.69135284423828
googl,2013-04-17,19.423051834106445
googl,2013-04-18,19.00979995727539
googl,2013-04-19,19.852685928344727
googl,2013-04-22,19.858642578125
googl,2013-04-23,20.051986694335938
googl,2013-04-24,20.18973731994629
googl,2013-04-25,20.081768035888672
googl,2013-04-26,19.891155242919922
googl,2013-04-29,20.3289794921875
googl,2013-04-30,20.465736389160156
googl,2013-05-01,20.362977981567383
googl,2013-05-02,20.590829849243164
googl,2013-05-03,20.99067497253418
googl,2013-05-06,21.383573532104492
googl,2013-05-07,21.27635383605957
googl,2013-05-08,21.683399200439453
googl,2013-05-09,21.63003921508789
googl,2013-05-10,21.847211837768555
googl,2013-05-13,21.78019905090332
googl,2013-05-14,22.01772117614746
googl,2013-05-15,22.73228645324707
googl,2013-05-16,22.433950424194336
googl,2013-05-17,22.56574821472168
googl,2013-05-20,22.54961395263672
googl,2013-05-21,22.510894775390625
googl,2013-05-22,22.075305938720703
googl,2013-05-23,21.910751342773438
googl,2013-05-24,21.675703048706055
googl,2013-05-28,21.87302589416504
googl,2013-05-29,21.55135726928711
googl,2013-05-30,21.612165451049805
googl,2013-05-31,21.62358283996582
googl,2013-06-03,21.53447914123535
googl,2013-06-04,21.322769165039062
googl,2013-06-05,21.337656021118164
googl,2013-06-06,21.460269927978516
googl,2013-06-07,21.834802627563477
googl,2013-06-10,22.095163345336914
googl,2013-06-11,21.836788177490234
googl,2013-06-12,21.64244842529297
googl,2013-06-13,21.76704216003418
googl,2013-06-14,21.718395233154297
googl,2013-06-17,21.996625900268555
googl,2013-06-18,22.353288650512695
googl,2013-06-19,22.354778289794922
googl,2013-06-20,21.95914649963379
googl,2013-06-21,21.864587783813477
googl,2013-06-24,21.588090896606445
googl,2013-06-25,21.498987197875977
googl,2013-06-26,21.683895111083984
googl,2013-06-27,21.768783569335938
googl,2013-06-28,21.850685119628906
googl,2013-07-01,22.037084579467773
googl,2013-07-02,21.898836135864258
googl,2013-07-03,22.0010929107666
googl,2013-07-05,22.176321029663086
googl,2013-07-08,22.4642333984375
googl,2013-07-09,22.46795654296875
googl,2013-07-10,22.486570358276367
googl,2013-07-11,22.840255737304688
googl,2013-07-12,22.90875816345215
googl,2013-07-15,22.950700759887695
googl,2013-07-16,22.824615478515625
googl,2013-07-17,22.798307418823242
googl,2013-07-18,22.602975845336914
googl,2013-07-19,22.253511428833008
googl,2013-07-22,22.603471755981445
googl,2013-07-23,22.432218551635742
googl,2013-07-24,22.409879684448242
googl,2013-07-25,22.03261375427246
googl,2013-07-26,21.97429084777832
googl,2013-07-29,21.897844314575195
googl,2013-07-30,22.11253547668457
googl,2013-07-31,22.033855438232422
googl,2013-08-01,22.442638397216797
googl,2013-08-02,22.500967025756836
googl,2013-08-05,22.461999893188477
googl,2013-08-06,22.252769470214844
googl,2013-08-07,22.105833053588867
googl,2013-08-08,22.15572166442871
googl,2013-08-09,22.099878311157227
googl,2013-08-12,21.978260040283203
googl,2013-08-13,21.872528076171875
googl,2013-08-14,21.588584899902344
googl,2013-08-15,21.336666107177734
googl,2013-08-16,21.268413543701172
googl,2013-08-19,21.485336303710938
googl,2013-08-20,21.47962760925293
googl,2013-08-21,21.576675415039062
googl,2013-08-22,21.68538475036621
googl,2013-08-23,21.598514556884766
googl,2013-08-26,21.503704071044922
googl,2013-08-27,21.100627899169922
googl,2013-08-28,21.060916900634766
googl,2013-08-29,21.231678009033203
googl,2013-08-30,21.01996421813965
googl,2013-09-03,21.35453987121582
googl,2013-09-04,21.633760452270508
googl,2013-09-05,21.83057975769043
googl,2013-09-06,21.831077575683594
googl,2013-09-09,22.041301727294922
googl,2013-09-10,22.056690216064453
googl,2013-09-11,22.243335723876953
googl,2013-09-12,22.165645599365234
googl,2013-09-13,22.066617965698242
googl,2013-09-16,22.034103393554688
googl,2013-09-17,21.99315071105957
googl,2013-09-18,22.42030143737793
googl,2013-09-19,22.297937393188477
googl,2013-09-20,22.415088653564453
googl,2013-09-23,22.002830505371094
googl,2013-09-24,22.011268615722656
googl,2013-09-25,21.772750854492188
googl,2013-09-26,21.79608154296875
googl,2013-09-27,21.751903533935547
googl,2013-09-30,21.739988327026367
googl,2013-10-01,22.015241622924805
googl,2013-10-02,22.039813995361328
googl,2013-10-03,21.74445343017578
googl,2013-10-04,21.65163230895996
googl,2013-10-07,21.48756980895996
googl,2013-10-08,21.18799591064453
googl,2013-10-09,21.24234962463379
googl,2013-10-10,21.54962158203125
googl,2013-10-11,21.6426944732666
googl,2013-10-14,21.74495506286621
googl,2013-10-15,21.891393661499023
googl,2013-10-16,22.289003372192383
googl,2013-10-17,22.05967140197754
googl,2013-10-18,25.103086471557617
googl,2013-10-21,24.90179443359375
googl,2013-10-22,24.993627548217773
googl,2013-10-23,25.599483489990234
googl,2013-10-24,25.454036712646484
googl,2013-10-25,25.197153091430664
googl,2013-10-28,25.192190170288086
googl,2013-10-29,25.719362258911133
googl,2013-10-30,25.574909210205078
googl,2013-10-31,25.578882217407227
googl,2013-11-01,25.491018295288086
googl,2013-11-04,25.46793556213379
googl,2013-11-05,25.354013442993164
googl,2013-11-06,25.38454246520996
googl,2013-11-07,25.017210006713867
googl,2013-11-08,25.217750549316406
googl,2013-11-11,25.082731246948242
googl,2013-11-12,25.112266540527344
googl,2013-11-13,25.625791549682617
googl,2013-11-14,25.69429588317871
googl,2013-11-15,25.65284538269043
googl,2013-11-18,25.602956771850586
googl,2013-11-19,25.445350646972656
googl,2013-11-20,25.373619079589844
googl,2013-11-21,25.665502548217773
googl,2013-11-22,25.611392974853516
googl,2013-11-25,25.959863662719727
googl,2013-11-26,26.26961898803711
googl,2013-11-27,26.386274337768555
googl,2013-11-29,26.298906326293945
googl,2013-12-02,26.172073364257812
googl,2013-12-03,26.141799926757812
googl,2013-12-04,26.263912200927734
googl,2013-12-05,26.243059158325195
googl,2013-12-06,26.554054260253906
googl,2013-12-09,26.759315490722656
googl,2013-12-10,26.921144485473633
googl,2013-12-11,26.738218307495117
googl,2013-12-12,26.55628776550293
googl,2013-12-13,26.328689575195312
googl,2013-12-16,26.631244659423828
googl,2013-12-17,26.55380630493164
googl,2013-12-18,26.92337417602539
googl,2013-12-19,26.959861755371094
googl,2013-12-20,27.3172664642334
googl,2013-12-23,27.676654815673828
googl,2013-12-24,27.59574317932129
googl,2013-12-26,27.735233306884766
googl,2013-12-27,27.758563995361328
googl,2013-12-30,27.536670684814453
googl,2013-12-31,27.815898895263672
googl,2014-01-02,27.627513885498047
googl,2014-01-03,27.425975799560547
googl,2014-01-06,27.731760025024414
googl,2014-01-07,28.266380310058594
googl,2014-01-08,28.3252010345459
googl,2014-01-09,28.05243492126465
googl,2014-01-10,28.05094337463379
googl,2014-01-13,27.872241973876953
googl,2014-01-14,28.527982711791992
googl,2014-01-15,28.508621215820312
googl,2014-01-16,28.69725227355957
googl,2014-01-17,28.556028366088867
googl,2014-01-21,28.882905960083008
googl,2014-01-22,28.915668487548828
googl,2014-01-23,28.79355239868164
googl,2014-01-24,27.893335342407227
googl,2014-01-27,27.332408905029297
googl,2014-01-28,27.87298011779785
googl,2014-01-29,27.473630905151367
googl,2014-01-30,28.180253982543945
googl,2014-01-31,29.31154441833496
googl,2014-02-03,28.131607055664062
googl,2014-02-04,28.249006271362305
googl,2014-02-05,28.374095916748047
googl,2014-02-06,28.790081024169922
googl,2014-02-07,29.22393035888672
googl,2014-02-10,29.111989974975586
googl,2014-02-11,29.540136337280273
googl,2014-02-12,29.453514099121094
googl,2014-02-13,29.78138542175293
googl,2014-02-14,29.853363037109375
googl,2014-02-18,30.053905487060547
googl,2014-02-19,29.841947555541992
googl,2014-02-20,29.885875701904297
googl,2014-02-21,29.8779354095459
googl,2014-02-24,30.094362258911133
googl,2014-02-25,30.28026580810547
googl,2014-02-26,30.28448486328125
googl,2014-02-27,30.260656356811523
googl,2014-02-28,30.172300338745117
googl,2014-03-03,29.850631713867188
googl,2014-03-04,30.153928756713867
googl,2014-03-05,30.237075805664062
googl,2014-03-06,30.270584106445312
googl,2014-03-07,30.150951385498047
googl,2014-03-10,30.07103157043457
googl,2014-03-11,29.78361701965332
googl,2014-03-12,29.965051651000977
googl,2014-03-13,29.51233673095703
googl,2014-03-14,29.108760833740234
googl,2014-03-17,29.587791442871094
googl,2014-03-18,30.063339233398438
googl,2014-03-19,29.765249252319336
googl,2014-03-20,29.71337890625
googl,2014-03-21,29.3629207611084
googl,2014-03-24,28.73969268798828
googl,2014-03-25,28.759302139282227
googl,2014-03-26,28.09537124633789
googl,2014-03-27,27.656309127807617
googl,2014-03-28,27.802000045776367
googl,2014-03-31,27.662015914916992
googl,2014-04-01,28.167844772338867
googl,2014-04-02,28.17305564880371
googl,2014-04-03,28.34076499938965
googl,2014-04-04,27.03902244567871
googl,2014-04-07,26.80991554260254
googl,2014-04-08,27.646997451782227
googl,2014-04-09,28.11959457397461
googl,2014-04-10,27.11043357849121
googl,2014-04-11,26.66759490966797
googl,2014-04-14,27.036542892456055
googl,2014-04-15,27.21010971069336
googl,2014-04-16,27.963878631591797
googl,2014-04-17,26.94430923461914
googl,2014-04-21,26.747432708740234
googl,2014-04-22,27.051420211791992
googl,2014-04-23,26.65519905090332
googl,2014-04-24,26.502954483032227
googl,2014-04-25,25.94059944152832
googl,2014-04-28,25.93465232849121
googl,2014-04-29,26.596677780151367
googl,2014-04-30,26.52477264404297
googl,2014-05-01,26.70577621459961
googl,2014-05-02,26.474689483642578
googl,2014-05-05,26.547088623046875
googl,2014-05-06,25.914316177368164
googl,2014-05-07,25.687692642211914
googl,2014-05-08,25.795299530029297
googl,2014-05-09,26.115158081054688
googl,2014-05-12,26.700815200805664
googl,2014-05-13,26.855045318603516
googl,2014-05-14,26.501468658447266
googl,2014-05-15,26.239133834838867
googl,2014-05-16,26.198469161987305
googl,2014-05-19,26.720653533935547
googl,2014-05-20,26.798015594482422
googl,2014-05-21,27.259700775146484
googl,2014-05-22,27.544841766357422
googl,2014-05-23,27.958921432495117
googl,2014-05-27,28.50787925720215
googl,2014-05-28,28.288694381713867
googl,2014-05-29,28.29414939880371
googl,2014-05-30,28.348203659057617
googl,2014-06-02,27.98569679260254
googl,2014-06-03,27.498228073120117
googl,2014-06-04,27.461036682128906
googl,2014-06-05,28.014955520629883
googl,2014-06-06,28.069507598876953
googl,2014-06-09,28.302579879760742
googl,2014-06-10,28.18207550048828
googl,2014-06-11,28.142404556274414
googl,2014-06-12,27.745681762695312
googl,2014-06-13,27.78783416748047
googl,2014-06-16,27.388635635375977
googl,2014-06-17,27.305322647094727
googl,2014-06-18,27.80320930480957
googl,2014-06-19,28.017934799194336
googl,2014-06-20,28.093807220458984
googl,2014-06-23,28.4791202545166
googl,2014-06-24,28.3923397064209
googl,2014-06-25,29.05634880065918
googl,2014-06-26,28.99882698059082
googl,2014-06-27,29.044445037841797
googl,2014-06-30,28.993867874145508
googl,2014-07-01,29.332073211669922
googl,2014-07-02,29.296863555908203
googl,2014-07-03,29.410919189453125
googl,2014-07-07,29.295869827270508
googl,2014-07-08,28.682933807373047
googl,2014-07-09,28.92890167236328
googl,2014-07-10,28.764265060424805
googl,2014-07-11,29.09205436706543
googl,2014-07-14,29.469436645507812
googl,2014-07-15,29.409929275512695
googl,2014-07-16,29.288928985595703
googl,2014-07-17,28.802946090698242
googl,2014-07-18,30.007488250732422
googl,2014-07-21,29.67672348022461
googl,2014-07-22,29.931121826171875
googl,2014-07-23,30.011455535888672
googl,2014-07-24,29.903350830078125
googl,2014-07-25,29.65886878967285
googl,2014-07-28,29.70548439025879
googl,2014-07-29,29.45406150817871
googl,2014-07-30,29.527950286865234
googl,2014-07-31,28.739965438842773
googl,2014-08-01,28.444902420043945
googl,2014-08-04,28.874853134155273
googl,2014-08-05,28.42209243774414
googl,2014-08-06,28.489036560058594
googl,2014-08-07,28.356136322021484
googl,2014-08-08,28.660123825073242
googl,2014-08-11,28.625905990600586
googl,2014-08-12,28.371509552001953
googl,2014-08-13,28.98841094970703
googl,2014-08-14,28.99287223815918
googl,2014-08-15,28.946258544921875
googl,2014-08-18,29.392070770263672
googl,2014-08-19,29.61076545715332
googl,2014-08-20,29.526464462280273
googl,2014-08-21,29.378190994262695
googl,2014-08-22,29.384140014648438
googl,2014-08-25,29.286447525024414
googl,2014-08-26,29.164949417114258
googl,2014-08-27,28.91105079650879
googl,2014-08-28,28.778152465820312
googl,2014-08-29,28.879310607910156
googl,2014-09-02,29.19024085998535
googl,2014-09-03,29.234376907348633
googl,2014-09-04,29.41389274597168
googl,2014-09-05,29.643991470336914
googl,2014-09-08,29.83491325378418
googl,2014-09-09,29.355871200561523
googl,2014-09-10,29.427778244018555
googl,2014-09-11,29.3132266998291
googl,2014-09-12,29.005273818969727
googl,2014-09-15,28.843608856201172
googl,2014-09-16,29.197683334350586
googl,2014-09-17,29.421335220336914
googl,2014-09-18,29.618698120117188
googl,2014-09-19,30.021869659423828
googl,2014-09-22,29.618698120117188
googl,2014-09-23,29.31669807434082
googl,2014-09-24,29.675729751586914
googl,2014-09-25,29.022628784179688
googl,2014-09-26,29.154043197631836
googl,2014-09-29,29.14957618713379
googl,2014-09-30,29.179330825805664
googl,2014-10-01,28.743934631347656
googl,2014-10-02,28.80592155456543
googl,2014-10-03,29.072219848632812
googl,2014-10-06,29.14809226989746
googl,2014-10-07,28.469697952270508
googl,2014-10-08,28.9477481842041
googl,2014-10-09,28.306549072265625
googl,2014-10-10,27.53194808959961
googl,2014-10-13,27.01422691345215
googl,2014-10-14,27.209613800048828
googl,2014-10-15,26.814876556396484
googl,2014-10-16,26.625934600830078
googl,2014-10-17,25.934154510498047
googl,2014-10-20,26.400794982910156
googl,2014-10-21,26.68098258972168
googl,2014-10-22,26.912071228027344
googl,2014-10-23,27.455577850341797
googl,2014-10-24,27.220029830932617
googl,2014-10-27,27.26862335205078
googl,2014-10-28,27.717910766601562
googl,2014-10-29,27.693614959716797
googl,2014-10-30,27.783864974975586
googl,2014-10-31,28.160749435424805
googl,2014-11-03,27.957429885864258
googl,2014-11-04,27.978260040283203
googl,2014-11-05,27.569639205932617
googl,2014-11-06,27.358383178710938
googl,2014-11-07,27.364830017089844
googl,2014-11-10,27.68270492553711
googl,2014-11-11,27.834449768066406
googl,2014-11-12,27.683696746826172
googl,2014-11-13,27.593936920166016
googl,2014-11-14,27.53194808959961
googl,2014-11-17,27.107954025268555
googl,2014-11-18,27.00232696533203
googl,2014-11-19,27.135725021362305
googl,2014-11-20,26.965133666992188
googl,2014-11-21,27.070762634277344
googl,2014-11-24,27.149608612060547
googl,2014-11-25,27.236391067504883
googl,2014-11-26,27.16200828552246
googl,2014-11-28,27.22895050048828
googl,2014-12-01,26.761316299438477
googl,2014-12-02,26.708751678466797
googl,2014-12-03,26.62841796875
googl,2014-12-04,26.9066162109375
googl,2014-12-05,26.18756103515625
googl,2014-12-08,26.318973541259766
googl,2014-12-09,26.585771560668945
googl,2014-12-10,26.185577392578125
googl,2014-12-11,26.387409210205078
googl,2014-12-12,25.86175537109375
googl,2014-12-15,25.58057403564453
googl,2014-12-16,24.703824996948242
googl,2014-12-17,25.11492347717285
googl,2014-12-18,25.520076751708984
googl,2014-12-19,25.788856506347656
googl,2014-12-22,26.39682960510254
googl,2014-12-23,26.71767807006836
googl,2014-12-24,26.626432418823242
googl,2014-12-26,26.854053497314453
googl,2014-12-29,26.64527702331543
googl,2014-12-30,26.54460906982422
googl,2014-12-31,26.31550407409668
googl,2015-01-02,26.26045799255371
googl,2015-01-05,25.760093688964844
googl,2015-01-06,25.12434959411621
googl,2015-01-07,25.050457000732422
googl,2015-01-08,25.137741088867188
googl,2015-01-09,24.830774307250977
googl,2015-01-12,24.649276733398438
googl,2015-01-13,24.88433265686035
googl,2015-01-14,25.08913803100586
googl,2015-01-15,24.993927001953125
googl,2015-01-16,25.31378173828125
googl,2015-01-20,25.287994384765625
googl,2015-01-21,25.806211471557617
googl,2015-01-22,26.644779205322266
googl,2015-01-23,26.87537384033203
googl,2015-01-26,26.616016387939453
googl,2015-01-27,25.845882415771484
googl,2015-01-28,25.411474227905273
googl,2015-01-29,25.451148986816406
googl,2015-01-30,26.65717887878418
googl,2015-02-02,26.39187240600586
googl,2015-02-03,26.446422576904297
googl,2015-02-04,26.08936882019043
googl,2015-02-05,26.274343490600586
googl,2015-02-06,26.475183486938477
googl,2015-02-09,26.2470703125
googl,2015-02-10,26.786609649658203
googl,2015-02-11,26.679492950439453
googl,2015-02-12,27.07670783996582
googl,2015-02-13,27.332103729248047
googl,2015-02-17,27.02712059020996
googl,2015-02-18,26.91008758544922
googl,2015-02-19,27.098529815673828
googl,2015-02-20,26.867938995361328
googl,2015-02-23,26.530723571777344
googl,2015-02-24,26.711729049682617
googl,2015-02-25,27.14217185974121
googl,2015-02-26,27.73526954650879
googl,2015-02-27,27.90089988708496
googl,2015-03-02,28.515321731567383
googl,2015-03-03,28.7022762298584
googl,2015-03-04,28.679468154907227
googl,2015-03-05,28.83319664001465
googl,2015-03-06,28.410188674926758
googl,2015-03-09,28.469697952270508
googl,2015-03-10,27.76304054260254
googl,2015-03-11,27.556745529174805
googl,2015-03-12,27.8284969329834
googl,2015-03-13,27.42334747314453
googl,2015-03-16,27.851802825927734
googl,2015-03-17,27.651958465576172
googl,2015-03-18,28.075952529907227
googl,2015-03-19,27.952470779418945
googl,2015-03-20,28.015947341918945
googl,2015-03-23,28.03677749633789
googl,2015-03-24,28.640289306640625
googl,2015-03-25,28.11760711669922
googl,2015-03-26,27.95098114013672
googl,2015-03-27,27.64898109436035
googl,2015-03-30,27.827009201049805
googl,2015-03-31,27.507652282714844
googl,2015-04-01,27.249284744262695
googl,2015-04-02,26.843637466430664
googl,2015-04-06,26.97455406188965
googl,2015-04-07,27.019685745239258
googl,2015-04-08,27.21704864501953
googl,2015-04-09,27.1763858795166
googl,2015-04-10,27.202173233032227
googl,2015-04-13,27.207134246826172
googl,2015-04-14,26.76776695251465
googl,2015-04-15,26.830251693725586
googl,2015-04-16,26.95323371887207
googl,2015-04-17,26.418649673461914
googl,2015-04-20,27.00331687927246
googl,2015-04-21,26.923477172851562
googl,2015-04-22,27.233909606933594
googl,2015-04-23,27.64451789855957
googl,2015-04-24,28.447877883911133
googl,2015-04-27,28.073970794677734
googl,2015-04-28,27.987184524536133
googl,2015-04-29,27.83941078186035
googl,2015-04-30,27.21358299255371
googl,2015-05-01,27.332103729248047
googl,2015-05-04,27.4154109954834
googl,2015-05-05,26.92943000793457
googl,2015-05-06,26.53468894958496
googl,2015-05-07,26.879838943481445
googl,2015-05-08,27.222503662109375
googl,2015-05-11,27.0653018951416
googl,2015-05-12,26.715694427490234
googl,2015-05-13,26.75338363647461
googl,2015-05-14,27.234905242919922
googl,2015-05-15,27.100515365600586
googl,2015-05-18,27.10944175720215
googl,2015-05-19,27.23887062072754
googl,2015-05-20,27.3990478515625
googl,2015-05-21,27.612285614013672
googl,2015-05-22,27.498722076416016
googl,2015-05-26,27.135229110717773
googl,2015-05-27,27.485332489013672
googl,2015-05-28,27.481861114501953
googl,2015-05-29,27.04249382019043
googl,2015-06-01,27.23539924621582
googl,2015-06-02,27.470457077026367
googl,2015-06-03,27.536907196044922
googl,2015-06-04,27.358383178710938
googl,2015-06-05,27.251270294189453
googl,2015-06-08,26.95124626159668
googl,2015-06-09,26.885786056518555
googl,2015-06-10,27.40351104736328
googl,2015-06-11,27.27655792236328
googl,2015-06-12,27.14911460876465
googl,2015-06-15,26.927444458007812
googl,2015-06-16,27.020177841186523
googl,2015-06-17,27.105968475341797
googl,2015-06-18,27.581043243408203
googl,2015-06-19,27.647493362426758
googl,2015-06-22,27.754608154296875
googl,2015-06-23,27.938589096069336
googl,2015-06-24,27.699562072753906
googl,2015-06-25,27.6688175201416
googl,2015-06-26,27.42632293701172
googl,2015-06-29,26.840662002563477
googl,2015-06-30,26.78066062927246
googl,2015-07-01,26.94232177734375
googl,2015-07-02,27.142667770385742
googl,2015-07-06,27.057373046875
googl,2015-07-07,27.276065826416016
googl,2015-07-08,26.862977981567383
googl,2015-07-09,27.009265899658203
googl,2015-07-10,27.57756996154785
googl,2015-07-13,28.352169036865234
googl,2015-07-14,28.969566345214844
googl,2015-07-15,28.958656311035156
googl,2015-07-16,29.84235191345215
googl,2015-07-17,34.69424819946289
googl,2015-07-20,34.3580322265625
googl,2015-07-21,34.48250198364258
googl,2015-07-22,34.4701042175293
googl,2015-07-23,33.4599609375
googl,2015-07-24,32.47013473510742
googl,2015-07-27,32.643699645996094
googl,2015-07-28,32.71262741088867
googl,2015-07-29,32.800411224365234
googl,2015-07-30,32.95562744140625
googl,2015-07-31,32.60551834106445
googl,2015-08-03,32.963558197021484
googl,2015-08-04,32.792964935302734
googl,2015-08-05,33.3885498046875
googl,2015-08-06,33.23283386230469
googl,2015-08-07,32.94719314575195
googl,2015-08-10,32.88520431518555
googl,2015-08-11,34.23207092285156
googl,2015-08-12,34.290096282958984
googl,2015-08-13,34.04412078857422
googl,2015-08-14,34.18595504760742
googl,2015-08-17,34.4210090637207
googl,2015-08-18,34.15422058105469
googl,2015-08-19,34.417537689208984
googl,2015-08-20,33.69551086425781
googl,2015-08-21,31.937538146972656
googl,2015-08-24,30.65216064453125
googl,2015-08-25,30.372472763061523
googl,2015-08-26,32.71659469604492
googl,2015-08-27,33.12423324584961
googl,2015-08-28,32.7141227722168
googl,2015-08-31,32.125484466552734
googl,2015-09-01,31.219970703125
googl,2015-09-02,31.98117446899414
googl,2015-09-03,31.591402053833008
googl,2015-09-04,31.190216064453125
googl,2015-09-08,31.930103302001953
googl,2015-09-09,31.906795501708984
googl,2015-09-10,32.287147521972656
googl,2015-09-11,32.49642562866211
googl,2015-09-14,32.356075286865234
googl,2015-09-15,32.98091506958008
googl,2015-09-16,33.003231048583984
googl,2015-09-17,33.30821228027344
googl,2015-09-18,32.775108337402344
googl,2015-09-21,33.075626373291016
googl,2015-09-22,32.392276763916016
googl,2015-09-23,32.39674377441406
googl,2015-09-24,32.477073669433594
googl,2015-09-25,31.745128631591797
googl,2015-09-28,30.95664405822754
googl,2015-09-29,30.87531852722168
googl,2015-09-30,31.656858444213867
googl,2015-10-01,31.83686637878418
googl,2015-10-02,32.58021926879883
googl,2015-10-05,33.30870819091797
googl,2015-10-06,33.30672073364258
googl,2015-10-07,33.225399017333984
googl,2015-10-08,33.07661819458008
googl,2015-10-09,33.28688049316406
googl,2015-10-12,33.54425811767578
googl,2015-10-13,33.87849426269531
googl,2015-10-14,33.74163055419922
googl,2015-10-15,34.3669548034668
googl,2015-10-16,34.48101043701172
googl,2015-10-19,34.71061325073242
googl,2015-10-20,33.72129821777344
googl,2015-10-21,33.31465148925781
googl,2015-10-22,33.777828216552734
googl,2015-10-23,35.67167282104492
googl,2015-10-26,36.256343841552734
googl,2015-10-27,36.34064483642578
googl,2015-10-28,36.54396438598633
googl,2015-10-29,36.93721008300781
googl,2015-10-30,36.56727600097656
googl,2015-11-02,37.080528259277344
googl,2015-11-03,37.13409423828125
googl,2015-11-04,37.45592498779297
googl,2015-11-05,37.72173309326172
googl,2015-11-06,37.76784896850586
googl,2015-11-09,37.42914962768555
googl,2015-11-10,37.60221481323242
googl,2015-11-11,37.948856353759766
googl,2015-11-12,37.51642608642578
googl,2015-11-13,36.70017623901367
googl,2015-11-16,37.21343231201172
googl,2015-11-17,36.99325180053711
googl,2015-11-18,37.689002990722656
googl,2015-11-19,37.68553161621094
googl,2015-11-20,38.53153610229492
googl,2015-11-23,38.516658782958984
googl,2015-11-24,38.16606140136719
googl,2015-11-25,38.14771270751953
googl,2015-11-27,38.282100677490234
googl,2015-11-30,37.829837799072266
googl,2015-12-01,38.86825180053711
googl,2015-12-02,38.57368850708008
googl,2015-12-03,38.09514617919922
googl,2015-12-04,38.64113235473633
googl,2015-12-07,38.33268356323242
googl,2015-12-08,38.439300537109375
googl,2015-12-09,37.81496047973633
googl,2015-12-10,37.69049072265625
googl,2015-12-11,37.21343231201172
googl,2015-12-14,37.8144645690918
googl,2015-12-15,37.692970275878906
googl,2015-12-16,38.51120376586914
googl,2015-12-17,38.17597579956055
googl,2015-12-18,37.53228759765625
googl,2015-12-21,37.728179931640625
googl,2015-12-22,38.04208755493164
googl,2015-12-23,38.11051940917969
googl,2015-12-24,37.97811508178711
googl,2015-12-28,38.791385650634766
googl,2015-12-29,39.37259292602539
googl,2015-12-30,39.19108581542969
googl,2015-12-31,38.581626892089844
googl,2016-01-04,37.66073226928711
googl,2016-01-05,37.764373779296875
googl,2016-01-06,37.655277252197266
googl,2016-01-07,36.74629211425781
googl,2016-01-08,36.24592971801758
googl,2016-01-11,36.35303497314453
googl,2016-01-12,36.96151351928711
googl,2016-01-13,35.68357467651367
googl,2016-01-14,36.269737243652344
googl,2016-01-15,35.23329544067383
googl,2016-01-19,35.65927505493164
googl,2016-01-20,35.63349533081055
googl,2016-01-21,36.03566360473633
googl,2016-01-22,36.967464447021484
googl,2016-01-25,36.380313873291016
googl,2016-01-26,36.38875198364258
googl,2016-01-27,35.58489227294922
googl,2016-01-28,37.10830307006836
googl,2016-01-29,37.75545120239258
googl,2016-02-01,38.222591400146484
googl,2016-02-02,38.72543716430664
googl,2016-02-03,37.16185760498047
googl,2016-02-04,36.2022819519043
googl,2016-02-05,34.89955520629883
googl,2016-02-08,34.91938400268555
googl,2016-02-09,34.763675689697266
googl,2016-02-10,35.05278778076172
googl,2016-02-11,35.02848815917969
googl,2016-02-12,35.054771423339844
googl,2016-02-16,35.58787155151367
googl,2016-02-17,36.29849624633789
googl,2016-02-18,35.5814208984375
googl,2016-02-19,35.80953598022461
googl,2016-02-22,36.153690338134766
googl,2016-02-23,35.57051086425781
googl,2016-02-24,35.74953079223633
googl,2016-02-25,36.15716552734375
googl,2016-02-26,35.94590759277344
googl,2016-02-29,35.567039489746094
googl,2016-03-01,36.80431365966797
googl,2016-03-02,36.67091369628906
googl,2016-03-03,36.27964782714844
googl,2016-03-04,36.21171188354492
googl,2016-03-07,35.34785079956055
googl,2016-03-08,35.38405227661133
googl,2016-03-09,35.97317886352539
googl,2016-03-10,36.308414459228516
googl,2016-03-11,36.93820571899414
googl,2016-03-14,37.20450210571289
googl,2016-03-15,37.22087478637695
googl,2016-03-16,37.557586669921875
googl,2016-03-17,37.61312484741211
googl,2016-03-18,37.46088790893555
googl,2016-03-21,37.79561996459961
googl,2016-03-22,37.690982818603516
googl,2016-03-23,37.567501068115234
googl,2016-03-24,37.432621002197266
googl,2016-03-28,37.35526657104492
googl,2016-03-29,37.980587005615234
googl,2016-03-30,38.10208511352539
googl,2016-03-31,37.83231735229492
googl,2016-04-01,38.16804504394531
googl,2016-04-04,37.942405700683594
googl,2016-04-05,37.617591857910156
googl,2016-04-06,38.08869552612305
googl,2016-04-07,37.69445037841797
googl,2016-04-08,37.66222381591797
googl,2016-04-11,37.56650924682617
googl,2016-04-12,37.90273666381836
googl,2016-04-13,38.27912139892578
googl,2016-04-14,38.45170211791992
googl,2016-04-15,38.680301666259766
googl,2016-04-18,39.061161041259766
googl,2016-04-19,38.494346618652344
googl,2016-04-20,38.42839050292969
googl,2016-04-21,38.680301666259766
googl,2016-04-22,36.586116790771484
googl,2016-04-25,36.80630111694336
googl,2016-04-26,35.9712028503418
googl,2016-04-27,35.77730178833008
googl,2016-04-28,34.964027404785156
googl,2016-04-29,35.10386276245117
googl,2016-05-02,35.42768859863281
googl,2016-05-03,35.13163757324219
googl,2016-05-04,35.276939392089844
googl,2016-05-05,35.442569732666016
googl,2016-05-06,35.9617805480957
googl,2016-05-09,36.15765380859375
googl,2016-05-10,36.66596221923828
googl,2016-05-11,36.22807312011719
googl,2016-05-12,36.10508346557617
googl,2016-05-13,35.94442367553711
googl,2016-05-16,36.21567916870117
googl,2016-05-17,35.714317321777344
googl,2016-05-18,35.79316711425781
googl,2016-05-19,35.47232437133789
googl,2016-05-20,35.789695739746094
googl,2016-05-23,35.56852722167969
googl,2016-05-24,36.35106658935547
googl,2016-05-25,36.602481842041016
googl,2016-05-26,36.54446029663086
googl,2016-05-27,37.07358932495117
googl,2016-05-31,37.13557815551758
googl,2016-06-01,37.116233825683594
googl,2016-06-02,36.908451080322266
googl,2016-06-03,36.49140167236328
googl,2016-06-06,36.203773498535156
googl,2016-06-07,36.254852294921875
googl,2016-06-08,36.842002868652344
googl,2016-06-09,36.82167053222656
googl,2016-06-10,36.35899353027344
googl,2016-06-13,36.29403305053711
googl,2016-06-14,36.361968994140625
googl,2016-06-15,36.30940628051758
googl,2016-06-16,35.9156608581543
googl,2016-06-17,34.923858642578125
googl,2016-06-20,35.01708984375
googl,2016-06-21,35.15345764160156
googl,2016-06-22,35.232303619384766
googl,2016-06-23,35.45050048828125
googl,2016-06-24,33.979164123535156
googl,2016-06-27,33.777828216552734
googl,2016-06-28,34.27968215942383
googl,2016-06-29,34.47456741333008
googl,2016-06-30,34.888153076171875
googl,2016-07-01,35.22140121459961
googl,2016-07-05,34.955589294433594
googl,2016-07-06,35.15791702270508
googl,2016-07-07,35.073123931884766
googl,2016-07-08,35.594810485839844
googl,2016-07-11,36.06193923950195
googl,2016-07-12,36.32527542114258
googl,2016-07-13,36.175010681152344
googl,2016-07-14,36.48842239379883
googl,2016-07-15,36.47999572753906
googl,2016-07-18,37.35129165649414
googl,2016-07-19,37.36171340942383
googl,2016-07-20,37.543701171875
googl,2016-07-21,37.41129684448242
googl,2016-07-22,37.65280532836914
googl,2016-07-25,37.565521240234375
googl,2016-07-26,37.57196044921875
googl,2016-07-27,37.78620147705078
googl,2016-07-28,37.97811508178711
googl,2016-07-29,39.24265670776367
googl,2016-08-01,39.718719482421875
googl,2016-08-02,39.67805862426758
googl,2016-08-03,39.61854934692383
googl,2016-08-04,39.535736083984375
googl,2016-08-05,40.015769958496094
googl,2016-08-08,39.93146514892578
googl,2016-08-09,40.04304885864258
googl,2016-08-10,40.09313201904297
googl,2016-08-11,40.07875061035156
googl,2016-08-12,40.02172088623047
googl,2016-08-15,39.96767044067383
googl,2016-08-16,39.73112487792969
googl,2016-08-17,39.940887451171875
googl,2016-08-18,39.8084831237793
googl,2016-08-19,39.65475082397461
googl,2016-08-22,39.5208625793457
googl,2016-08-23,39.50300598144531
googl,2016-08-24,39.354732513427734
googl,2016-08-25,39.24067306518555
googl,2016-08-26,39.33589172363281
googl,2016-08-29,39.46482467651367
googl,2016-08-30,39.27141571044922
googl,2016-08-31,39.16877365112305
googl,2016-09-01,39.24563217163086
googl,2016-09-02,39.51689147949219
googl,2016-09-06,40.06982421875
googl,2016-09-07,40.068336486816406
googl,2016-09-08,39.81293869018555
googl,2016-09-09,39.100830078125
googl,2016-09-12,39.61359405517578
googl,2016-09-13,39.112728118896484
googl,2016-09-14,39.19900894165039
googl,2016-09-15,39.73310470581055
googl,2016-09-16,39.571441650390625
googl,2016-09-19,39.44350051879883
googl,2016-09-20,39.661197662353516
googl,2016-09-21,39.92155075073242
googl,2016-09-22,40.463077545166016
googl,2016-09-23,40.413978576660156
googl,2016-09-26,39.803524017333984
googl,2016-09-27,40.2042121887207
googl,2016-09-28,40.17098617553711
googl,2016-09-29,39.80302429199219
googl,2016-09-30,39.873443603515625
googl,2016-10-03,39.69095230102539
googl,2016-10-04,39.81046676635742
googl,2016-10-05,39.73310470581055
googl,2016-10-06,39.82484436035156
googl,2016-10-07,39.707313537597656
googl,2016-10-10,40.37480163574219
googl,2016-10-11,40.14668655395508
googl,2016-10-12,40.25577926635742
googl,2016-10-13,39.87443923950195
googl,2016-10-14,39.90022277832031
googl,2016-10-17,40.01130294799805
googl,2016-10-18,40.73780059814453
googl,2016-10-19,41.003108978271484
googl,2016-10-20,40.74474334716797
googl,2016-10-21,40.8652458190918
googl,2016-10-24,41.444461822509766
googl,2016-10-25,41.08790588378906
googl,2016-10-26,40.76804733276367
googl,2016-10-27,40.53250503540039
googl,2016-10-28,40.642093658447266
googl,2016-10-31,40.163047790527344
googl,2016-11-01,39.94386291503906
googl,2016-11-02,39.097862243652344
googl,2016-11-03,38.78891372680664
googl,2016-11-04,38.73485565185547
googl,2016-11-07,39.77278137207031
googl,2016-11-08,40.26619338989258
googl,2016-11-09,39.949317932128906
googl,2016-11-10,38.69469451904297
googl,2016-11-11,38.27119064331055
googl,2016-11-14,37.35228729248047
googl,2016-11-15,38.44029235839844
googl,2016-11-16,38.67931365966797
googl,2016-11-17,38.98578643798828
googl,2016-11-18,38.48046112060547
googl,2016-11-21,38.918338775634766
googl,2016-11-22,38.92825698852539
googl,2016-11-23,38.630714416503906
googl,2016-11-25,38.69171142578125
googl,2016-11-28,38.967430114746094
googl,2016-11-29,39.148441314697266
googl,2016-11-30,38.47599411010742
googl,2016-12-01,37.903228759765625
googl,2016-12-02,37.90968322753906
googl,2016-12-05,38.592041015625
googl,2016-12-06,38.49087142944336
googl,2016-12-07,39.249107360839844
googl,2016-12-08,39.43259048461914
googl,2016-12-09,40.14073181152344
googl,2016-12-12,40.06386947631836
googl,2016-12-13,40.43282699584961
googl,2016-12-14,40.55928039550781
googl,2016-12-15,40.44819259643555
googl,2016-12-16,40.16007614135742
googl,2016-12-19,40.29198455810547
googl,2016-12-20,40.425880432128906
googl,2016-12-21,40.2771110534668
googl,2016-12-22,40.15214920043945
googl,2016-12-23,40.05891799926758
googl,2016-12-27,40.1645393371582
googl,2016-12-28,39.89874267578125
googl,2016-12-29,39.81493377685547
googl,2016-12-30,39.297706604003906
googl,2017-01-03,40.06932830810547
googl,2017-01-04,40.05741882324219
googl,2017-01-05,40.31778335571289
googl,2017-01-06,40.92228317260742
googl,2017-01-09,41.01996994018555
googl,2017-01-10,40.961952209472656
googl,2017-01-11,41.15287399291992
googl,2017-01-12,41.136505126953125
googl,2017-01-13,41.20642852783203
googl,2017-01-17,41.03385543823242
googl,2017-01-18,41.11121368408203
googl,2017-01-19,40.88062286376953
googl,2017-01-20,41.069068908691406
googl,2017-01-23,41.875396728515625
googl,2017-01-24,42.1283073425293
googl,2017-01-25,42.570655822753906
googl,2017-01-26,42.49775695800781
googl,2017-01-27,41.905155181884766
googl,2017-01-30,40.85384750366211
googl,2017-01-31,40.673336029052734
googl,2017-02-01,40.42786407470703
googl,2017-02-02,40.5776252746582
googl,2017-02-03,40.67036056518555
googl,2017-02-06,40.74425506591797
googl,2017-02-07,41.12162780761719
googl,2017-02-08,41.15385818481445
googl,2017-02-09,41.16279220581055
googl,2017-02-10,41.40032958984375
googl,2017-02-13,41.60414505004883
googl,2017-02-14,41.657203674316406
googl,2017-02-15,41.52281951904297
googl,2017-02-16,41.763328552246094
googl,2017-02-17,41.980533599853516
googl,2017-02-21,42.11540985107422
googl,2017-02-22,42.21906280517578
googl,2017-02-23,42.201210021972656
googl,2017-02-24,42.04301452636719
googl,2017-02-27,42.135250091552734
googl,2017-02-28,41.90019607543945
googl,2017-03-01,42.486351013183594
googl,2017-03-02,42.1441764831543
googl,2017-03-03,42.10599136352539
googl,2017-03-06,42.016231536865234
googl,2017-03-07,42.20864486694336
googl,2017-03-08,42.33212661743164
googl,2017-03-09,42.5404052734375
googl,2017-03-10,42.717437744140625
googl,2017-03-13,42.87464141845703
googl,2017-03-14,42.94060134887695
googl,2017-03-15,43.06357955932617
googl,2017-03-16,43.14341735839844
googl,2017-03-17,43.260948181152344
googl,2017-03-20,43.03977584838867
googl,2017-03-21,42.1585578918457
googl,2017-03-22,42.141700744628906
googl,2017-03-23,41.63835906982422
googl,2017-03-24,41.41471481323242
googl,2017-03-27,41.581825256347656
googl,2017-03-28,41.68695831298828
googl,2017-03-29,42.145164489746094
googl,2017-03-30,42.125831604003906
googl,2017-03-31,42.042518615722656
googl,2017-04-03,42.486351013183594
googl,2017-04-04,42.27906799316406
googl,2017-04-05,42.09756088256836
googl,2017-04-06,41.90862274169922
googl,2017-04-07,41.75985336303711
googl,2017-04-10,41.740013122558594
googl,2017-04-11,41.64976119995117
googl,2017-04-12,41.72812271118164
googl,2017-04-13,41.66463851928711
googl,2017-04-17,42.4060173034668
googl,2017-04-18,42.34947967529297
googl,2017-04-19,42.47445297241211
googl,2017-04-20,42.651485443115234
googl,2017-04-21,42.5954475402832
googl,2017-04-24,43.58625411987305
googl,2017-04-25,44.077701568603516
googl,2017-04-26,44.09257888793945
googl,2017-04-27,44.206634521484375
googl,2017-04-28,45.847076416015625
googl,2017-05-01,46.258670806884766
googl,2017-05-02,46.47042465209961
googl,2017-05-03,47.03376770019531
googl,2017-05-04,47.344696044921875
googl,2017-05-05,47.12451934814453
googl,2017-05-08,47.54156494140625
googl,2017-05-09,47.443382263183594
googl,2017-05-10,47.35064697265625
googl,2017-05-11,47.402713775634766
googl,2017-05-12,47.36552429199219
googl,2017-05-15,47.567848205566406
googl,2017-05-16,47.83514404296875
googl,2017-05-17,46.72233200073242
googl,2017-05-18,47.13542556762695
googl,2017-05-19,47.34122085571289
googl,2017-05-22,47.80836486816406
googl,2017-05-23,48.129703521728516
googl,2017-05-24,48.47981262207031
googl,2017-05-25,49.18647384643555
googl,2017-05-26,49.25639724731445
googl,2017-05-30,49.400203704833984
googl,2017-05-31,48.949928283691406
googl,2017-06-01,49.00944137573242
googl,2017-06-02,49.39773178100586
googl,2017-06-05,49.78254699707031
googl,2017-06-06,49.42549514770508
googl,2017-06-07,49.66452407836914
googl,2017-06-08,49.80238723754883
googl,2017-06-09,48.10838317871094
googl,2017-06-12,47.696292877197266
googl,2017-06-13,48.12723159790039
googl,2017-06-14,47.999786376953125
googl,2017-06-15,47.61545944213867
googl,2017-06-16,47.53809356689453
googl,2017-06-19,48.36129379272461
googl,2017-06-20,48.05234909057617
googl,2017-06-21,48.528419494628906
googl,2017-06-22,48.43072509765625
googl,2017-06-23,48.90034103393555
googl,2017-06-26,48.20606994628906
googl,2017-06-27,47.01591110229492
googl,2017-06-28,47.6566162109375
googl,2017-06-29,46.506622314453125
googl,2017-06-30,46.102962493896484
googl,2017-07-03,45.59614944458008
googl,2017-07-05,46.23090362548828
googl,2017-07-06,46.00428009033203
googl,2017-07-07,46.654903411865234
googl,2017-07-10,47.160221099853516
googl,2017-07-11,47.285682678222656
googl,2017-07-12,47.98639678955078
googl,2017-07-13,48.045406341552734
googl,2017-07-14,48.44510269165039
googl,2017-07-17,48.39799118041992
googl,2017-07-18,48.94298553466797
googl,2017-07-19,49.23160171508789
googl,2017-07-20,49.20283889770508
googl,2017-07-21,49.28466796875
googl,2017-07-24,49.50632858276367
googl,2017-07-25,48.054325103759766
googl,2017-07-26,47.86985778808594
googl,2017-07-27,47.235103607177734
googl,2017-07-28,47.52371597290039
googl,2017-07-31,46.887474060058594
googl,2017-08-01,46.94004440307617
googl,2017-08-02,46.993595123291016
googl,2017-08-03,46.62960433959961
googl,2017-08-04,46.901859283447266
googl,2017-08-07,46.89987564086914
googl,2017-08-08,46.822509765625
googl,2017-08-09,46.61869812011719
googl,2017-08-10,45.80095291137695
googl,2017-08-11,46.123294830322266
googl,2017-08-14,46.56166458129883
googl,2017-08-15,46.5195198059082
googl,2017-08-16,46.82648468017578
googl,2017-08-17,46.00278854370117
googl,2017-08-18,45.92938995361328
googl,2017-08-21,45.66606903076172
googl,2017-08-22,46.63457107543945
googl,2017-08-23,46.74267578125
googl,2017-08-24,46.46051025390625
googl,2017-08-25,46.14362335205078
googl,2017-08-28,46.02609634399414
googl,2017-08-29,46.403968811035156
googl,2017-08-30,46.79473876953125
googl,2017-08-31,47.3704833984375
googl,2017-09-01,47.209312438964844
googl,2017-09-05,46.68812561035156
googl,2017-09-06,46.714908599853516
googl,2017-09-07,47.10517883300781
googl,2017-09-08,46.684654235839844
googl,2017-09-11,46.77788162231445
googl,2017-09-12,46.94449996948242
googl,2017-09-13,47.132450103759766
googl,2017-09-14,46.621177673339844
googl,2017-09-15,46.38115692138672
googl,2017-09-18,46.10643005371094
googl,2017-09-19,46.459014892578125
googl,2017-09-20,46.988643646240234
googl,2017-09-21,46.989139556884766
googl,2017-09-22,46.77639389038086
googl,2017-09-25,46.331077575683594
googl,2017-09-26,46.48727798461914
googl,2017-09-27,47.60157012939453
googl,2017-09-28,47.845062255859375
googl,2017-09-29,48.28690719604492
googl,2017-10-02,47.97697448730469
googl,2017-10-03,48.2055778503418
googl,2017-10-04,47.942752838134766
googl,2017-10-05,48.855709075927734
googl,2017-10-06,49.27474594116211
googl,2017-10-09,49.20879364013672
googl,2017-10-10,48.985130310058594
googl,2017-10-11,49.87032699584961
googl,2017-10-12,49.87032699584961
googl,2017-10-13,49.98041534423828
googl,2017-10-16,50.05380630493164
googl,2017-10-17,50.13562774658203
googl,2017-10-18,50.22191619873047
googl,2017-10-19,49.68138122558594
googl,2017-10-20,49.8415641784668
googl,2017-10-23,48.87306594848633
googl,2017-10-24,49.01935577392578
googl,2017-10-25,49.1666374206543
googl,2017-10-26,49.16465759277344
googl,2017-10-27,51.25984191894531
googl,2017-10-30,51.23306655883789
googl,2017-10-31,51.22859573364258
googl,2017-11-01,51.70267868041992
googl,2017-11-02,51.72102737426758
googl,2017-11-03,52.06915283203125
googl,2017-11-06,51.70664596557617
googl,2017-11-07,52.18816375732422
googl,2017-11-08,52.48074722290039
googl,2017-11-09,51.95657730102539
googl,2017-11-10,51.779544830322266
googl,2017-11-13,51.63325119018555
googl,2017-11-14,51.65507125854492
googl,2017-11-15,51.395713806152344
googl,2017-11-16,51.9937744140625
googl,2017-11-17,51.36992645263672
googl,2017-11-20,51.308929443359375
googl,2017-11-21,52.08452224731445
googl,2017-11-22,52.16485595703125
googl,2017-11-24,52.39297866821289
googl,2017-11-27,53.1611213684082
googl,2017-11-28,52.728702545166016
googl,2017-11-29,51.44381332397461
googl,2017-11-30,51.383811950683594
googl,2017-12-01,50.83336639404297
googl,2017-12-04,50.178768157958984
googl,2017-12-05,50.562103271484375
googl,2017-12-06,51.21272659301758
googl,2017-12-07,51.80036544799805
googl,2017-12-08,52.03889846801758
googl,2017-12-11,52.167335510253906
googl,2017-12-12,52.00865173339844
googl,2017-12-13,52.13857650756836
googl,2017-12-14,52.44008255004883
googl,2017-12-15,53.160621643066406
googl,2017-12-18,53.80976486206055
googl,2017-12-19,53.54643249511719
googl,2017-12-20,53.23798751831055
googl,2017-12-21,53.10359573364258
googl,2017-12-22,53.004913330078125
googl,2017-12-26,52.855648040771484
googl,2017-12-27,52.57545852661133
googl,2017-12-28,52.36471176147461
googl,2017-12-29,52.23824691772461
googl,2018-01-02,53.22063064575195
googl,2018-01-03,54.12862777709961
googl,2018-01-04,54.33888244628906
googl,2018-01-05,55.0594367980957
googl,2018-01-08,55.25382995605469
googl,2018-01-09,55.183414459228516
googl,2018-01-10,55.0519905090332
googl,2018-01-11,55.14671325683594
googl,2018-01-12,56.069091796875
googl,2018-01-16,56.07156753540039
googl,2018-01-17,56.488128662109375
googl,2018-01-18,56.332916259765625
googl,2018-01-19,56.706321716308594
googl,2018-01-22,57.730857849121094
googl,2018-01-23,58.32643127441406
googl,2018-01-24,58.084434509277344
googl,2018-01-25,58.62247848510742
googl,2018-01-26,58.891265869140625
googl,2018-01-29,58.837711334228516
googl,2018-01-30,58.38594055175781
googl,2018-01-31,58.6264533996582
googl,2018-02-01,58.595211029052734
googl,2018-02-02,55.501277923583984
googl,2018-02-05,52.68406677246094
googl,2018-02-06,53.77703094482422
googl,2018-02-07,52.337928771972656
googl,2018-02-08,49.972476959228516
googl,2018-02-09,51.88467025756836
googl,2018-02-12,52.29578399658203
googl,2018-02-13,52.27494812011719
googl,2018-02-14,53.19533920288086
googl,2018-02-15,54.120697021484375
googl,2018-02-16,54.325992584228516
googl,2018-02-20,54.7271842956543
googl,2018-02-21,55.231014251708984
googl,2018-02-22,55.040096282958984
googl,2018-02-23,55.942138671875
googl,2018-02-26,56.716251373291016
googl,2018-02-27,55.41747283935547
googl,2018-02-28,54.74354553222656
googl,2018-03-01,53.13137435913086
googl,2018-03-02,53.762657165527344
googl,2018-03-05,54.2892951965332
googl,2018-03-06,54.593780517578125
googl,2018-03-07,55.294986724853516
googl,2018-03-08,56.0061149597168
googl,2018-03-09,57.56621170043945
googl,2018-03-12,57.818634033203125
googl,2018-03-13,56.528289794921875
googl,2018-03-14,56.97361755371094
googl,2018-03-15,57.05890655517578
googl,2018-03-16,56.256046295166016
googl,2018-03-19,54.55262756347656
googl,2018-03-20,54.340877532958984
googl,2018-03-21,54.25161361694336
googl,2018-03-22,52.22585678100586
googl,2018-03-23,50.906761169433594
googl,2018-03-26,52.27246856689453
googl,2018-03-27,49.934295654296875
googl,2018-03-28,49.84701156616211
googl,2018-03-29,51.43191909790039
googl,2018-04-02,50.21646499633789
googl,2018-04-03,50.516483306884766
googl,2018-04-04,51.0634651184082
googl,2018-04-05,51.20875930786133
googl,2018-04-06,50.08356475830078
googl,2018-04-09,50.58640670776367
googl,2018-04-10,51.40018081665039
googl,2018-04-11,50.83286666870117
googl,2018-04-12,51.439353942871094
googl,2018-04-13,51.37736511230469
googl,2018-04-16,51.87624740600586
googl,2018-04-17,53.525611877441406
googl,2018-04-18,53.328739166259766
googl,2018-04-19,54.025978088378906
googl,2018-04-20,53.42444610595703
googl,2018-04-23,53.250389099121094
googl,2018-04-24,50.712860107421875
googl,2018-04-25,50.7302131652832
googl,2018-04-26,51.737884521484375
googl,2018-04-27,51.14974594116211
googl,2018-04-30,50.51152420043945
googl,2018-05-01,51.61093521118164
googl,2018-05-02,50.881961822509766
googl,2018-05-03,50.89435958862305
googl,2018-05-04,52.11922836303711
googl,2018-05-07,52.53876876831055
googl,2018-05-08,52.49562454223633
googl,2018-05-09,54.001182556152344
googl,2018-05-10,54.820411682128906
googl,2018-05-11,54.716766357421875
googl,2018-05-14,54.87644958496094
googl,2018-05-15,53.79885482788086
googl,2018-05-16,53.760169982910156
googl,2018-05-17,53.61983108520508
googl,2018-05-18,53.04359436035156
googl,2018-05-21,53.75620651245117
googl,2018-05-22,53.324764251708984
googl,2018-05-23,53.852901458740234
googl,2018-05-24,53.827613830566406
googl,2018-05-25,53.75967788696289
googl,2018-05-29,52.96574020385742
googl,2018-05-30,53.431888580322266
googl,2018-05-31,54.549156188964844
googl,2018-06-01,56.28480911254883
googl,2018-06-04,57.179412841796875
googl,2018-06-05,57.07923889160156
googl,2018-06-06,56.877410888671875
googl,2018-06-07,56.256046295166016
googl,2018-06-08,56.17124938964844
googl,2018-06-11,56.577388763427734
googl,2018-06-12,56.93889617919922
googl,2018-06-13,56.742523193359375
googl,2018-06-14,57.5300178527832
googl,2018-06-15,57.48835754394531
googl,2018-06-18,58.69390106201172
googl,2018-06-19,58.4514045715332
googl,2018-06-20,58.71819305419922
googl,2018-06-21,57.9926872253418
googl,2018-06-22,57.98524856567383
googl,2018-06-25,56.49705123901367
googl,2018-06-26,56.16678237915039
googl,2018-06-27,55.38920211791992
googl,2018-06-28,55.87717819213867
googl,2018-06-29,55.99668502807617
googl,2018-07-02,56.637386322021484
googl,2018-07-03,55.35647964477539
googl,2018-07-05,56.59672927856445
googl,2018-07-06,57.28057861328125
googl,2018-07-09,57.88557052612305
googl,2018-07-10,57.87863540649414
googl,2018-07-11,58.09286880493164
googl,2018-07-12,59.570648193359375
googl,2018-07-13,59.727359771728516
googl,2018-07-16,59.3350944519043
googl,2018-07-17,60.15680694580078
googl,2018-07-18,60.148372650146484
googl,2018-07-19,59.46353530883789
googl,2018-07-20,59.40303421020508
googl,2018-07-23,60.05366134643555
googl,2018-07-24,62.39183044433594
googl,2018-07-25,63.27404022216797
googl,2018-07-26,63.74811553955078
googl,2018-07-27,62.130985260009766
googl,2018-07-30,60.99785232543945
googl,2018-07-31,60.85800552368164
googl,2018-08-01,61.14414978027344
googl,2018-08-02,61.54780578613281
googl,2018-08-03,61.40053176879883
googl,2018-08-06,61.37622833251953
googl,2018-08-07,62.277278900146484
googl,2018-08-08,62.549530029296875
googl,2018-08-09,62.704742431640625
googl,2018-08-10,62.112152099609375
googl,2018-08-13,61.920230865478516
googl,2018-08-14,62.39133071899414
googl,2018-08-15,61.105953216552734
googl,2018-08-16,60.7013053894043
googl,2018-08-17,60.294166564941406
googl,2018-08-20,60.5966682434082
googl,2018-08-21,60.37152862548828
googl,2018-08-22,60.58675003051758
googl,2018-08-23,60.55748748779297
googl,2018-08-24,61.330604553222656
googl,2018-08-27,62.29859924316406
googl,2018-08-28,61.782371520996094
googl,2018-08-29,62.71416091918945
googl,2018-08-30,62.20785140991211
googl,2018-08-31,61.085140228271484
googl,2018-09-04,60.069026947021484
googl,2018-09-05,59.46353530883789
googl,2018-09-06,58.714229583740234
googl,2018-09-07,58.3968505859375
googl,2018-09-10,58.271385192871094
googl,2018-09-11,59.01176834106445
googl,2018-09-12,58.09981155395508
googl,2018-09-13,58.62247848510742
googl,2018-09-14,58.41618728637695
googl,2018-09-17,57.51613235473633
googl,2018-09-18,57.87714385986328
googl,2018-09-19,58.232215881347656
googl,2018-09-20,59.09012222290039
googl,2018-09-21,58.12559127807617
googl,2018-09-24,58.494544982910156
googl,2018-09-25,59.205169677734375
googl,2018-09-26,59.21360397338867
googl,2018-09-27,59.87314987182617
googl,2018-09-28,59.85926818847656
googl,2018-10-01,59.93117141723633
googl,2018-10-02,59.88703155517578
googl,2018-10-03,60.07993698120117
googl,2018-10-04,58.37105941772461
googl,2018-10-05,57.9128532409668
googl,2018-10-08,57.322227478027344
googl,2018-10-09,56.78913879394531
googl,2018-10-10,54.160362243652344
googl,2018-10-11,54.08994674682617
googl,2018-10-12,55.56772994995117
googl,2018-10-15,54.6701545715332
googl,2018-10-16,56.18959045410156
googl,2018-10-17,55.9173469543457
googl,2018-10-18,54.44550704956055
googl,2018-10-19,54.8060302734375
googl,2018-10-22,55.11299514770508
googl,2018-10-23,55.288543701171875
googl,2018-10-24,52.422725677490234
googl,2018-10-25,54.7271842956543
googl,2018-10-26,53.743309020996094
googl,2018-10-29,51.312400817871094
googl,2018-10-30,52.045345306396484
googl,2018-10-31,54.08201217651367
googl,2018-11-01,53.85390090942383
googl,2018-11-02,53.135337829589844
googl,2018-11-05,52.353790283203125
googl,2018-11-06,53.040122985839844
googl,2018-11-07,54.957767486572266
googl,2018-11-08,54.2828483581543
googl,2018-11-09,53.409576416015625
googl,2018-11-12,52.03790283203125
googl,2018-11-13,51.96897506713867
googl,2018-11-14,52.29677200317383
googl,2018-11-15,53.113521575927734
googl,2018-11-16,52.97566223144531
googl,2018-11-19,50.94989776611328
googl,2018-11-20,51.100154876708984
googl,2018-11-21,51.743839263916016
googl,2018-11-23,51.082801818847656
googl,2018-11-26,52.36421203613281
googl,2018-11-27,52.182708740234375
googl,2018-11-28,54.14202117919922
googl,2018-11-29,54.280372619628906
googl,2018-11-30,55.02769470214844
googl,2018-12-03,55.36044692993164
googl,2018-12-04,52.68803787231445
googl,2018-12-06,53.46213912963867
googl,2018-12-07,51.900047302246094
googl,2018-12-10,52.22734451293945
googl,2018-12-11,52.64736557006836
googl,2018-12-12,53.24641799926758
googl,2018-12-13,53.236995697021484
googl,2018-12-14,52.15444564819336
googl,2018-12-17,50.862125396728516
googl,2018-12-18,51.74284744262695
googl,2018-12-19,51.34860610961914
googl,2018-12-20,50.75947570800781
googl,2018-12-21,49.15622329711914
googl,2018-12-24,48.82992172241211
googl,2018-12-26,51.96302795410156
googl,2018-12-27,52.21345520019531
googl,2018-12-28,51.905006408691406
googl,2018-12-31,51.8197135925293
googl,2019-01-02,52.30173110961914
googl,2019-01-03,50.85319519042969
googl,2019-01-04,53.461639404296875
googl,2019-01-07,53.355018615722656
googl,2019-01-08,53.82365036010742
googl,2019-01-09,53.63917541503906
googl,2019-01-10,53.49932861328125
googl,2019-01-11,52.78721237182617
googl,2019-01-14,52.144527435302734
googl,2019-01-15,53.880184173583984
googl,2019-01-16,54.02894973754883
googl,2019-01-17,54.505516052246094
googl,2019-01-18,54.911155700683594
googl,2019-01-22,53.489410400390625
googl,2019-01-23,53.77604293823242
googl,2019-01-24,53.755706787109375
googl,2019-01-25,54.6240348815918
googl,2019-01-28,53.55040740966797
googl,2019-01-29,53.06441879272461
googl,2019-01-30,54.44947814941406
googl,2019-01-31,55.83303451538086
googl,2019-02-01,55.47251892089844
googl,2019-02-04,56.60317611694336
googl,2019-02-05,57.12139129638672
googl,2019-02-06,55.68427276611328
googl,2019-02-07,54.842227935791016
googl,2019-02-08,54.667171478271484
googl,2019-02-11,54.65428161621094
googl,2019-02-12,55.91685485839844
googl,2019-02-13,55.96891784667969
googl,2019-02-14,55.9971809387207
googl,2019-02-15,55.522605895996094
googl,2019-02-19,55.86379623413086
googl,2019-02-20,55.570213317871094
googl,2019-02-21,54.7579231262207
googl,2019-02-22,55.370361328125
googl,2019-02-25,55.408546447753906
googl,2019-02-26,55.640625
googl,2019-02-27,55.68427276611328
googl,2019-02-28,55.86576843261719
googl,2019-03-01,56.95526123046875
googl,2019-03-04,57.19826126098633
googl,2019-03-05,57.980289459228516
googl,2019-03-06,57.7695426940918
googl,2019-03-07,57.07080841064453
googl,2019-03-08,57.02717208862305
googl,2019-03-11,58.47966766357422
googl,2019-03-12,59.371788024902344
googl,2019-03-13,59.461551666259766
googl,2019-03-14,59.13772964477539
googl,2019-03-15,59.02714157104492
googl,2019-03-18,58.94036102294922
googl,2019-03-19,59.630157470703125
googl,2019-03-20,60.818824768066406
googl,2019-03-21,61.29985809326172
googl,2019-03-22,59.88753128051758
googl,2019-03-25,59.37823486328125
googl,2019-03-26,59.004329681396484
googl,2019-03-27,58.41767501831055
googl,2019-03-28,58.13302993774414
googl,2019-03-29,58.36214065551758
googl,2019-04-01,59.45758819580078
googl,2019-04-02,59.782894134521484
googl,2019-04-03,60.04423904418945
googl,2019-04-04,60.47269821166992
googl,2019-04-05,60.075965881347656
googl,2019-04-08,59.91877746582031
googl,2019-04-09,59.64155578613281
googl,2019-04-10,59.82801818847656
googl,2019-04-11,59.983734130859375
googl,2019-04-12,60.635353088378906
googl,2019-04-15,60.823795318603516
googl,2019-04-16,61.0905876159668
googl,2019-04-17,61.49871063232422
googl,2019-04-18,61.564666748046875
googl,2019-04-22,62.174129486083984
googl,2019-04-23,63.00872802734375
googl,2019-04-24,62.486053466796875
googl,2019-04-25,62.84756851196289
googl,2019-04-26,63.347434997558594
googl,2019-04-29,64.27873992919922
googl,2019-04-30,59.45659255981445
googl,2019-05-01,58.18510055541992
googl,2019-05-02,57.84739303588867
googl,2019-05-03,58.98994445800781
googl,2019-05-06,59.1838493347168
googl,2019-05-07,58.459835052490234
googl,2019-05-08,58.059146881103516
googl,2019-05-09,57.91979217529297
googl,2019-05-10,57.9034309387207
googl,2019-05-13,56.3636474609375
googl,2019-05-14,55.78196716308594
googl,2019-05-15,58.06013488769531
googl,2019-05-16,58.73952102661133
googl,2019-05-17,57.9599609375
googl,2019-05-20,56.76384735107422
googl,2019-05-21,57.24884033203125
googl,2019-05-22,57.31875991821289
googl,2019-05-23,56.797569274902344
googl,2019-05-24,56.463829040527344
googl,2019-05-28,56.51094436645508
googl,2019-05-29,55.53797912597656
googl,2019-05-30,55.610870361328125
googl,2019-05-31,54.871482849121094
googl,2019-06-03,51.511260986328125
googl,2019-06-04,52.29230499267578
googl,2019-06-05,51.803836822509766
googl,2019-06-06,51.95856857299805
googl,2019-06-07,52.980613708496094
googl,2019-06-10,53.69422149658203
googl,2019-06-11,53.60892105102539
googl,2019-06-12,53.512718200683594
googl,2019-06-13,54.10334014892578
googl,2019-06-14,53.8697624206543
googl,2019-06-17,54.246150970458984
googl,2019-06-18,54.80900573730469
googl,2019-06-19,54.772804260253906
googl,2019-06-20,55.20374298095703
googl,2019-06-21,55.80725860595703
googl,2019-06-24,55.3773078918457
googl,2019-06-25,53.93324661254883
googl,2019-06-26,53.573219299316406
googl,2019-06-27,53.39023208618164
googl,2019-06-28,53.69620132446289
googl,2019-07-01,54.549156188964844
googl,2019-07-02,55.17398452758789
googl,2019-07-03,55.689231872558594
googl,2019-07-05,56.16926193237305
googl,2019-07-08,55.381778717041016
googl,2019-07-09,55.75369644165039
googl,2019-07-10,56.577884674072266
googl,2019-07-11,56.735084533691406
googl,2019-07-12,56.797569274902344
googl,2019-07-15,57.053951263427734
googl,2019-07-16,57.20023727416992
googl,2019-07-17,56.86699676513672
googl,2019-07-18,56.891788482666016
googl,2019-07-19,56.11371994018555
googl,2019-07-22,56.49357986450195
googl,2019-07-23,56.93195724487305
googl,2019-07-24,56.51936721801758
googl,2019-07-25,56.331424713134766
googl,2019-07-26,61.75063705444336
googl,2019-07-29,61.58301544189453
googl,2019-07-30,60.89669418334961
googl,2019-07-31,60.410701751708984
googl,2019-08-01,60.09233474731445
googl,2019-08-02,59.3256721496582
googl,2019-08-05,57.26421356201172
googl,2019-08-06,58.07402038574219
googl,2019-08-07,58.313541412353516
googl,2019-08-08,59.815128326416016
googl,2019-08-09,58.95771408081055
googl,2019-08-12,58.243614196777344
googl,2019-08-13,59.346004486083984
googl,2019-08-14,57.735321044921875
googl,2019-08-15,57.98674011230469
googl,2019-08-16,58.4771842956543
googl,2019-08-19,59.52997970581055
googl,2019-08-20,58.691410064697266
googl,2019-08-21,59.09061813354492
googl,2019-08-22,59.08763885498047
googl,2019-08-23,57.206199645996094
googl,2019-08-26,58.078975677490234
googl,2019-08-27,58.06112289428711
googl,2019-08-28,58.2064208984375
googl,2019-08-29,59.22252655029297
googl,2019-08-30,59.038551330566406
googl,2019-09-03,57.998146057128906
googl,2019-09-04,58.628929138183594
googl,2019-09-05,60.112667083740234
googl,2019-09-06,59.82157516479492
googl,2019-09-09,59.76950454711914
googl,2019-09-10,59.790828704833984
googl,2019-09-11,60.499969482421875
googl,2019-09-12,61.24233627319336
googl,2019-09-13,61.49325942993164
googl,2019-09-16,61.07670211791992
googl,2019-09-17,60.98991775512695
googl,2019-09-18,61.127281188964844
googl,2019-09-19,61.42978286743164
googl,2019-09-20,60.98793029785156
googl,2019-09-23,61.22844696044922
googl,2019-09-24,60.41714859008789
googl,2019-09-25,61.78633117675781
googl,2019-09-26,61.60533142089844
googl,2019-09-27,60.7950325012207
googl,2019-09-30,60.55650329589844
googl,2019-10-01,59.80570602416992
googl,2019-10-02,58.41321563720703
googl,2019-10-03,58.9839973449707
googl,2019-10-04,60.05167770385742
googl,2019-10-07,59.91728210449219
googl,2019-10-08,59.018707275390625
googl,2019-10-09,59.62718200683594
googl,2019-10-10,59.977783203125
googl,2019-10-11,60.287227630615234
googl,2019-10-14,60.389381408691406
googl,2019-10-15,61.602848052978516
googl,2019-10-16,61.640541076660156
googl,2019-10-17,62.12651824951172
googl,2019-10-18,61.7104606628418
googl,2019-10-21,61.70401382446289
googl,2019-10-22,61.55128479003906
googl,2019-10-23,62.36604690551758
googl,2019-10-24,62.4394416809082
googl,2019-10-25,62.696815490722656
googl,2019-10-28,63.920684814453125
googl,2019-10-29,62.51630783081055
googl,2019-10-30,62.518287658691406
googl,2019-10-31,62.42406463623047
googl,2019-11-01,63.0910530090332
googl,2019-11-04,63.951934814453125
googl,2019-11-05,64.04267883300781
googl,2019-11-06,64.02136993408203
googl,2019-11-07,64.81133270263672
googl,2019-11-08,64.91349029541016
googl,2019-11-11,64.38188934326172
googl,2019-11-12,64.32882690429688
googl,2019-11-13,64.27774810791016
googl,2019-11-14,64.9209213256836
googl,2019-11-15,66.13043212890625
googl,2019-11-18,65.45104217529297
googl,2019-11-19,65.09152221679688
googl,2019-11-20,64.55941772460938
googl,2019-11-21,64.47412109375
googl,2019-11-22,64.15328216552734
googl,2019-11-25,64.74687194824219
googl,2019-11-26,65.11186981201172
googl,2019-11-27,65.06869506835938
googl,2019-11-29,64.66999816894531
googl,2019-12-02,63.91474533081055
googl,2019-12-03,64.20633697509766
googl,2019-12-04,65.40641021728516
googl,2019-12-05,65.80413055419922
googl,2019-12-06,66.42052459716797
googl,2019-12-09,66.59906005859375
googl,2019-12-10,66.59410858154297
googl,2019-12-11,66.66154479980469
googl,2019-12-12,66.8718032836914
googl,2019-12-13,66.79145812988281
googl,2019-12-16,67.4773178100586
googl,2019-12-17,67.18917846679688
googl,2019-12-18,67.0414047241211
googl,2019-12-19,67.26604461669922
googl,2019-12-20,67.00719451904297
googl,2019-12-23,66.9779281616211
googl,2019-12-24,66.67046356201172
googl,2019-12-26,67.56505584716797
googl,2019-12-27,67.17679595947266
googl,2019-12-30,66.4364013671875
googl,2019-12-31,66.42052459716797
googl,2020-01-02,67.87303161621094
googl,2020-01-03,67.51795196533203
googl,2020-01-06,69.31758880615234
googl,2020-01-07,69.1836929321289
googl,2020-01-08,69.67613220214844
googl,2020-01-09,70.40757751464844
googl,2020-01-10,70.86231994628906
googl,2020-01-13,71.41128540039062
googl,2020-01-14,70.94316101074219
googl,2020-01-15,71.37012481689453
googl,2020-01-16,71.91363525390625
googl,2020-01-17,73.36959838867188
googl,2020-01-21,73.50497436523438
googl,2020-01-22,73.58531188964844
googl,2020-01-23,73.62598419189453
googl,2020-01-24,72.70757293701172
googl,2020-01-27,70.99969482421875
googl,2020-01-28,71.93048858642578
googl,2020-01-29,72.23795318603516
googl,2020-01-30,72.116455078125
googl,2020-01-31,71.0517578125
googl,2020-02-03,73.5223388671875
googl,2020-02-04,71.67809295654297
googl,2020-02-05,71.7098159790039
googl,2020-02-06,73.19355773925781
googl,2020-02-07,73.3492660522461
googl,2020-02-10,74.81465911865234
googl,2020-02-11,74.88409423828125
googl,2020-02-12,75.30907440185547
googl,2020-02-13,75.04922485351562
googl,2020-02-14,75.31403350830078
googl,2020-02-18,75.3492431640625
googl,2020-02-19,75.61852264404297
googl,2020-02-20,75.22774505615234
googl,2020-02-21,73.56497955322266
googl,2020-02-24,70.41105651855469
googl,2020-02-25,68.74778747558594
googl,2020-02-26,68.95359802246094
googl,2020-02-27,65.20854949951172
googl,2020-02-28,66.41358947753906
googl,2020-03-02,68.74778747558594
googl,2020-03-03,66.33771514892578
googl,2020-03-04,68.51374053955078
googl,2020-03-05,65.19913482666016
googl,2020-03-06,64.25592041015625
googl,2020-03-09,60.291194915771484
googl,2020-03-10,63.235862731933594
googl,2020-03-11,60.04869842529297
googl,2020-03-12,55.121917724609375
googl,2020-03-13,60.2158203125
googl,2020-03-16,53.21022033691406
googl,2020-03-17,55.44475173950195
googl,2020-03-18,54.112266540527344
googl,2020-03-19,55.127864837646484
googl,2020-03-20,52.972686767578125
googl,2020-03-23,52.274452209472656
googl,2020-03-24,56.03734588623047
googl,2020-03-25,54.629486083984375
googl,2020-03-26,57.66936492919922
googl,2020-03-27,55.05794906616211
googl,2020-03-30,56.845672607421875
googl,2020-03-31,57.62126159667969
googl,2020-04-01,54.653289794921875
googl,2020-04-02,55.3936767578125
googl,2020-04-03,54.187137603759766
googl,2020-04-06,58.67455291748047
googl,2020-04-07,58.643314361572266
googl,2020-04-08,59.85529708862305
googl,2020-04-09,59.83396911621094
googl,2020-04-13,60.02440643310547
googl,2020-04-14,62.7429313659668
googl,2020-04-15,62.34968566894531
googl,2020-04-16,62.35612869262695
googl,2020-04-17,63.42578125
googl,2020-04-20,62.54059600830078
googl,2020-04-21,60.11118698120117
googl,2020-04-22,62.40472412109375
googl,2020-04-23,63.03749465942383
googl,2020-04-24,63.3067741394043
googl,2020-04-27,63.02212142944336
googl,2020-04-28,61.12430953979492
googl,2020-04-29,66.55889892578125
googl,2020-04-30,66.78303527832031
googl,2020-05-01,65.3260726928711
googl,2020-05-04,65.602783203125
googl,2020-05-05,66.89807891845703
googl,2020-05-06,66.72006225585938
googl,2020-05-07,67.90277862548828
googl,2020-05-08,68.64961242675781
googl,2020-05-11,69.6042251586914
googl,2020-05-12,68.19536590576172
googl,2020-05-13,66.8638687133789
googl,2020-05-14,67.28687286376953
googl,2020-05-15,68.09024047851562
googl,2020-05-18,68.69126892089844
googl,2020-05-19,68.15669250488281
googl,2020-05-20,69.88044738769531
googl,2020-05-21,69.76093292236328
googl,2020-05-22,70.082763671875
googl,2020-05-26,70.48593139648438
googl,2020-05-27,70.43186950683594
googl,2020-05-28,70.33073425292969
googl,2020-05-29,71.08845520019531
googl,2020-06-01,71.1553955078125
googl,2020-06-02,71.52436065673828
googl,2020-06-03,71.37261199951172
googl,2020-06-04,70.13533020019531
googl,2020-06-05,71.4107894897461
googl,2020-06-08,71.8084945678711
googl,2020-06-09,72.00884246826172
googl,2020-06-10,72.6346664428711
googl,2020-06-11,69.52041625976562
googl,2020-06-12,70.0669174194336
googl,2020-06-15,70.45469665527344
googl,2020-06-16,71.73065948486328
googl,2020-06-17,72.03164672851562
googl,2020-06-18,71.11821746826172
googl,2020-06-19,70.64810180664062
googl,2020-06-22,71.93843078613281
googl,2020-06-23,72.5989761352539
googl,2020-06-24,71.04779815673828
googl,2020-06-25,71.46434783935547
googl,2020-06-26,67.56855010986328
googl,2020-06-29,69.28585815429688
googl,2020-06-30,70.32128143310547
googl,2020-07-01,71.50897216796875
googl,2020-07-02,72.89402770996094
googl,2020-07-06,74.36784362792969
googl,2020-07-07,73.88534545898438
googl,2020-07-08,74.563720703125
googl,2020-07-09,75.31055450439453
googl,2020-07-10,76.3197250366211
googl,2020-07-13,74.99170684814453
googl,2020-07-14,75.4196548461914
googl,2020-07-15,75.22229766845703
googl,2020-07-16,75.12508392333984
googl,2020-07-17,75.2208023071289
googl,2020-07-20,77.5510482788086
googl,2020-07-21,77.15828704833984
googl,2020-07-22,77.60113525390625
googl,2020-07-23,75.21585083007812
googl,2020-07-24,74.79235076904297
googl,2020-07-27,75.84463500976562
googl,2020-07-28,74.56621551513672
googl,2020-07-29,75.55106353759766
googl,2020-07-30,76.2879867553711
googl,2020-07-31,73.78764343261719
googl,2020-08-03,73.53026580810547
googl,2020-08-04,73.06114959716797
googl,2020-08-05,73.3482666015625
googl,2020-08-06,74.63066864013672
googl,2020-08-07,74.30438232421875
googl,2020-08-10,74.22752380371094
googl,2020-08-11,73.42018127441406
googl,2020-08-12,74.74424743652344
googl,2020-08-13,75.21087646484375
googl,2020-08-14,74.61480712890625
googl,2020-08-17,75.19053649902344
googl,2020-08-18,77.15135192871094
googl,2020-08-19,76.59742736816406
googl,2020-08-20,78.16645050048828
googl,2020-08-21,78.13274383544922
googl,2020-08-24,78.60781860351562
googl,2020-08-25,79.63432312011719
googl,2020-08-26,81.53263854980469
googl,2020-08-27,80.75853729248047
googl,2020-08-28,81.29955291748047
googl,2020-08-31,80.8086166381836
googl,2020-09-01,82.07564544677734
googl,2020-09-02,85.16561126708984
googl,2020-09-03,80.80763244628906
googl,2020-09-04,78.41242218017578
googl,2020-09-08,75.5555419921875
googl,2020-09-09,76.72734069824219
googl,2020-09-10,75.6770248413086
googl,2020-09-11,75.16675567626953
googl,2020-09-14,74.82308959960938
googl,2020-09-15,76.1268081665039
googl,2020-09-16,74.98474884033203
googl,2020-09-17,73.74251556396484
googl,2020-09-18,71.95974731445312
googl,2020-09-21,70.92085266113281
googl,2020-09-22,72.39268493652344
googl,2020-09-23,69.89183807373047
googl,2020-09-24,70.55982208251953
googl,2020-09-25,71.36319732666016
googl,2020-09-28,72.33514404296875
googl,2020-09-29,72.70013427734375
googl,2020-09-30,72.6792984008789
googl,2020-10-01,73.7851791381836
googl,2020-10-02,72.18339538574219
googl,2020-10-05,73.53375244140625
googl,2020-10-06,71.956298828125
googl,2020-10-07,72.35895538330078
googl,2020-10-08,73.56350708007812
googl,2020-10-09,74.9034194946289
googl,2020-10-12,77.5882339477539
googl,2020-10-13,77.71121215820312
googl,2020-10-14,77.53119659423828
googl,2020-10-15,77.1359634399414
googl,2020-10-16,77.74246215820312
googl,2020-10-19,75.87042999267578
googl,2020-10-20,76.91826629638672
googl,2020-10-21,78.64945983886719
googl,2020-10-22,79.67449188232422
googl,2020-10-23,80.9797134399414
googl,2020-10-26,78.5651626586914
googl,2020-10-27,79.28868103027344
googl,2020-10-28,74.9207763671875
googl,2020-10-29,77.20589447021484
googl,2020-10-30,80.14311981201172
googl,2020-11-02,80.55026245117188
googl,2020-11-03,81.6084976196289
googl,2020-11-04,86.57694244384766
googl,2020-11-05,87.40261840820312
googl,2020-11-06,87.2652587890625
googl,2020-11-09,87.34905242919922
googl,2020-11-10,86.17377471923828
googl,2020-11-11,86.6453857421875
googl,2020-11-12,86.42668914794922
googl,2020-11-13,87.88661193847656
googl,2020-11-16,87.9743881225586
googl,2020-11-17,87.3609619140625
googl,2020-11-18,86.31857299804688
googl,2020-11-19,87.20773315429688
googl,2020-11-20,86.10733795166016
googl,2020-11-23,85.66993713378906
googl,2020-11-24,87.47205352783203
googl,2020-11-25,87.48345947265625
googl,2020-11-27,88.61856079101562
googl,2020-11-30,87.00093841552734
googl,2020-12-01,89.03214263916016
googl,2020-12-02,90.50051879882812
googl,2020-12-03,90.34529113769531
googl,2020-12-04,90.44052124023438
googl,2020-12-07,90.10676574707031
googl,2020-12-08,89.82411193847656
googl,2020-12-09,88.16431427001953
googl,2020-12-10,87.65801239013672
googl,2020-12-11,88.01258087158203
googl,2020-12-14,86.89481353759766
googl,2020-12-15,87.33220672607422
googl,2020-12-16,87.13928985595703
googl,2020-12-17,86.3121337890625
googl,2020-12-18,85.6034927368164
googl,2020-12-21,86.01705932617188
googl,2020-12-22,85.30595397949219
googl,2020-12-23,85.70315551757812
googl,2020-12-24,85.99723052978516
googl,2020-12-28,87.97091674804688
googl,2020-12-29,87.16757202148438
googl,2020-12-30,86.10089111328125
googl,2020-12-31,86.91365814208984
googl,2021-01-04,85.5990219116211
googl,2021-01-05,86.28932189941406
googl,2021-01-06,85.4378662109375
googl,2021-01-07,87.98977661132812
googl,2021-01-08,89.15464782714844
googl,2021-01-11,87.09467315673828
googl,2021-01-12,86.15938568115234
googl,2021-01-13,86.64636993408203
googl,2021-01-14,85.8365707397461
googl,2021-01-15,85.67290496826172
googl,2021-01-19,88.49211120605469
googl,2021-01-20,93.2329330444336
googl,2021-01-21,93.43525695800781
googl,2021-01-22,93.85232543945312
googl,2021-01-25,93.93761444091797
googl,2021-01-26,94.6155014038086
googl,2021-01-27,90.20148468017578
googl,2021-01-28,91.90043640136719
googl,2021-01-29,90.6190414428711
googl,2021-02-01,93.87760925292969
googl,2021-02-02,95.16941833496094
googl,2021-02-03,102.10014343261719
googl,2021-02-04,101.83981323242188
googl,2021-02-05,103.58537292480469
googl,2021-02-08,103.37163543701172
googl,2021-02-09,102.91887664794922
googl,2021-02-10,103.46881866455078
googl,2021-02-11,103.58139038085938
googl,2021-02-12,103.89282989501953
googl,2021-02-16,104.66990661621094
googl,2021-02-17,105.06266021728516
googl,2021-02-18,104.42740631103516
googl,2021-02-19,103.5843734741211
googl,2021-02-22,101.87104797363281
googl,2021-02-23,102.16163635253906
googl,2021-02-24,103.33641052246094
googl,2021-02-25,99.97123718261719
googl,2021-02-26,100.26679992675781
googl,2021-03-01,102.63473510742188
googl,2021-03-02,102.37785339355469
googl,2021-03-03,99.74610900878906
googl,2021-03-04,100.86286926269531
googl,2021-03-05,103.99398803710938
googl,2021-03-08,99.55220031738281
googl,2021-03-09,101.18174743652344
googl,2021-03-10,100.9749526977539
googl,2021-03-11,104.16606903076172
googl,2021-03-12,101.65977478027344
googl,2021-03-15,101.87995910644531
googl,2021-03-16,103.34040832519531
googl,2021-03-17,103.257568359375
googl,2021-03-18,100.238525390625
googl,2021-03-19,100.51722717285156
googl,2021-03-22,100.70219421386719
googl,2021-03-23,101.22982788085938
googl,2021-03-24,100.7934341430664
googl,2021-03-25,100.78997802734375
googl,2021-03-26,100.40666198730469
googl,2021-03-29,101.45101165771484
googl,2021-03-30,101.48472595214844
googl,2021-03-31,102.28065490722656
googl,2021-04-01,105.6160888671875
googl,2021-04-05,110.03852844238281
googl,2021-04-06,109.55750274658203
googl,2021-04-07,111.03380584716797
googl,2021-04-08,111.59912872314453
googl,2021-04-09,112.60283660888672
googl,2021-04-12,111.31102752685547
googl,2021-04-13,111.79747772216797
googl,2021-04-14,111.17662811279297
googl,2021-04-15,113.32585906982422
googl,2021-04-16,113.20188903808594
googl,2021-04-19,113.54951477050781
googl,2021-04-20,113.01641845703125
googl,2021-04-21,112.98368835449219
googl,2021-04-22,111.70278930664062
googl,2021-04-23,114.05384826660156
googl,2021-04-26,114.54975128173828
googl,2021-04-27,113.61003112792969
googl,2021-04-28,116.98511505126953
googl,2021-04-29,118.65730285644531
googl,2021-04-30,116.71039581298828
googl,2021-05-03,116.19367218017578
googl,2021-05-04,114.3960189819336
googl,2021-05-05,114.78975677490234
googl,2021-05-06,115.90950775146484
googl,2021-05-07,116.63253021240234
googl,2021-05-10,113.64820098876953
googl,2021-05-11,112.57259368896484
googl,2021-05-12,109.11070251464844
googl,2021-05-13,110.53841400146484
googl,2021-05-14,112.98517608642578
googl,2021-05-17,113.50785064697266
googl,2021-05-18,112.19620513916016
googl,2021-05-19,112.64399719238281
googl,2021-05-20,114.4019775390625
googl,2021-05-21,113.7662124633789
googl,2021-05-24,117.08429718017578
googl,2021-05-25,117.17505645751953
googl,2021-05-26,118.03990936279297
googl,2021-05-27,117.16563415527344
googl,2021-05-28,116.87653350830078
googl,2021-06-01,118.08303833007812
googl,2021-06-02,117.55789184570312
googl,2021-06-03,116.41681671142578
googl,2021-06-04,118.69745635986328
googl,2021-06-07,119.1303939819336
googl,2021-06-08,118.93896484375
googl,2021-06-09,119.41007232666016
googl,2021-06-10,120.7584228515625
googl,2021-06-11,120.51396179199219
googl,2021-06-14,121.44178771972656
googl,2021-06-15,120.4241943359375
googl,2021-06-16,119.78248596191406
googl,2021-06-17,120.74554443359375
googl,2021-06-18,119.12642669677734
googl,2021-06-21,120.81398010253906
googl,2021-06-22,121.32772064208984
googl,2021-06-23,121.12589263916016
googl,2021-06-24,121.495849609375
googl,2021-06-25,121.5042724609375
googl,2021-06-28,121.53153991699219
googl,2021-06-29,121.27021026611328
googl,2021-06-30,121.08869934082031
googl,2021-07-01,121.4407958984375
googl,2021-07-02,124.23074340820312
googl,2021-07-06,125.15559387207031
googl,2021-07-07,125.437255859375
googl,2021-07-08,124.01898193359375
googl,2021-07-09,124.48960876464844
googl,2021-07-12,125.93465423583984
googl,2021-07-13,126.29765319824219
googl,2021-07-14,127.18580627441406
googl,2021-07-15,125.96391296386719
googl,2021-07-16,125.92919921875
googl,2021-07-19,123.55680847167969
googl,2021-07-20,125.17493438720703
googl,2021-07-21,126.50345611572266
googl,2021-07-22,127.3687973022461
googl,2021-07-23,131.92465209960938
googl,2021-07-26,132.936279296875
googl,2021-07-27,130.8187713623047
googl,2021-07-28,134.97842407226562
googl,2021-07-29,134.66448974609375
googl,2021-07-30,133.62213134765625
googl,2021-08-02,133.74908447265625
googl,2021-08-03,134.51821899414062
googl,2021-08-04,134.017822265625
googl,2021-08-05,135.13461303710938
googl,2021-08-06,134.6258087158203
googl,2021-08-09,135.79066467285156
googl,2021-08-10,135.685546875
googl,2021-08-11,135.16189575195312
googl,2021-08-12,136.06936645507812
googl,2021-08-13,136.5985107421875
googl,2021-08-16,137.17575073242188
googl,2021-08-17,135.541259765625
googl,2021-08-18,134.33868408203125
googl,2021-08-19,134.56777954101562
googl,2021-08-20,136.30296325683594
googl,2021-08-23,138.89353942871094
googl,2021-08-24,140.10353088378906
googl,2021-08-25,140.9143524169922
googl,2021-08-26,140.2810821533203
googl,2021-08-27,142.82354736328125
googl,2021-08-30,143.40525817871094
googl,2021-08-31,143.5113983154297
googl,2021-09-01,144.02513122558594
googl,2021-09-02,142.11244201660156
googl,2021-09-03,142.56124877929688
googl,2021-09-07,143.09780883789062
googl,2021-09-08,142.5131378173828
googl,2021-09-09,142.36434936523438
googl,2021-09-10,139.72122192382812
googl,2021-09-13,141.16578674316406
googl,2021-09-14,141.3760223388672
googl,2021-09-15,143.24557495117188
googl,2021-09-16,142.43280029296875
googl,2021-09-17,139.64585876464844
googl,2021-09-20,137.58238220214844
googl,2021-09-21,137.89332580566406
googl,2021-09-22,139.133544921875
googl,2021-09-23,140.0583953857422
googl,2021-09-24,141.0492401123047
googl,2021-09-27,139.91558837890625
googl,2021-09-28,134.7165985107422
googl,2021-09-29,133.25218200683594
googl,2021-09-30,132.58023071289062
googl,2021-10-01,135.42372131347656
googl,2021-10-04,132.56387329101562
googl,2021-10-05,134.90797424316406
googl,2021-10-06,136.43734741210938
googl,2021-10-07,138.08375549316406
googl,2021-10-08,138.6396484375
googl,2021-10-11,137.77528381347656
googl,2021-10-12,135.33047485351562
googl,2021-10-13,136.45419311523438
googl,2021-10-14,139.9939422607422
googl,2021-10-15,140.2091827392578
googl,2021-10-18,141.6076202392578
googl,2021-10-19,142.06288146972656
googl,2021-10-20,140.60687255859375
googl,2021-10-21,140.72293090820312
googl,2021-10-22,136.43882751464844
googl,2021-10-25,136.3203125
googl,2021-10-26,138.16656494140625
googl,2021-10-27,145.01890563964844
googl,2021-10-28,144.65347290039062
googl,2021-10-29,146.83245849609375
googl,2021-11-01,142.32070922851562
googl,2021-11-02,144.24037170410156
googl,2021-11-03,145.39630126953125
googl,2021-11-04,147.0521240234375
googl,2021-11-05,147.6318359375
googl,2021-11-08,147.8093719482422
googl,2021-11-09,147.69778442382812
googl,2021-11-10,144.6975555419922
googl,2021-11-11,144.5716094970703
googl,2021-11-12,147.45924377441406
googl,2021-11-15,147.23507690429688
googl,2021-11-16,146.66384887695312
googl,2021-11-17,146.8334197998047
googl,2021-11-18,148.61021423339844
googl,2021-11-19,147.70570373535156
googl,2021-11-22,145.1027374267578
googl,2021-11-23,144.58702087402344
googl,2021-11-24,144.9221954345703
googl,2021-11-26,141.0175018310547
googl,2021-11-29,144.3375701904297
googl,2021-11-30,140.73431396484375
googl,2021-12-01,139.89527893066406
googl,2021-12-02,141.7940673828125
googl,2021-12-03,140.8374481201172
googl,2021-12-06,141.9815216064453
googl,2021-12-07,146.06228637695312
googl,2021-12-08,146.97177124023438
googl,2021-12-09,146.4282684326172
googl,2021-12-10,146.7882843017578
googl,2021-12-13,144.63111877441406
googl,2021-12-14,142.72735595703125
googl,2021-12-15,145.24057006835938
googl,2021-12-16,143.26095581054688
googl,2021-12-17,140.563232421875
googl,2021-12-20,140.44619750976562
googl,2021-12-21,142.2964324951172
googl,2021-12-22,145.2147979736328
googl,2021-12-23,145.71221923828125
googl,2021-12-27,146.69407653808594
googl,2021-12-28,145.4845733642578
googl,2021-12-29,145.4528350830078
googl,2021-12-30,145.00204467773438
googl,2021-12-31,143.66461181640625
googl,2022-01-03,143.80296325683594
googl,2022-01-04,143.2158203125
googl,2022-01-05,136.64561462402344
googl,2022-01-06,136.6183624267578
googl,2022-01-07,135.8938446044922
googl,2022-01-10,137.53277587890625
googl,2022-01-11,138.59051513671875
googl,2022-01-12,140.2711639404297
googl,2022-01-13,137.4509735107422
googl,2022-01-14,138.33714294433594
googl,2022-01-18,134.88319396972656
googl,2022-01-19,134.0089111328125
googl,2022-01-20,132.2147216796875
googl,2022-01-21,129.2830047607422
googl,2022-01-24,129.73179626464844
googl,2022-01-25,125.89448547363281
googl,2022-01-26,128.1736297607422
googl,2022-01-27,127.94749450683594
googl,2022-01-28,132.25790405273438
googl,2022-01-31,134.19436645507812
googl,2022-02-01,136.5157012939453
googl,2022-02-02,146.78680419921875
googl,2022-02-03,141.9170379638672
googl,2022-02-04,142.11839294433594
googl,2022-02-07,138.0599365234375
googl,2022-02-08,138.25631713867188
googl,2022-02-09,140.4313201904297
googl,2022-02-10,137.48367309570312
googl,2022-02-11,133.18174743652344
googl,2022-02-14,134.41505432128906
googl,2022-02-15,135.48867797851562
googl,2022-02-16,136.60891723632812
googl,2022-02-17,131.4525604248047
googl,2022-02-18,129.3340606689453
googl,2022-02-22,128.74937438964844
googl,2022-02-23,126.54212951660156
googl,2022-02-24,131.60328674316406
googl,2022-02-25,133.3572998046875
googl,2022-02-28,133.9499053955078
googl,2022-03-01,132.96253967285156
googl,2022-03-02,133.4683837890625
googl,2022-03-03,132.80191040039062
googl,2022-03-04,130.82521057128906
googl,2022-03-07,125.3425521850586
googl,2022-03-08,126.06259155273438
googl,2022-03-09,132.3263397216797
googl,2022-03-10,131.3439483642578
googl,2022-03-11,128.80592346191406
googl,2022-03-14,124.9185562133789
googl,2022-03-15,128.13893127441406
googl,2022-03-16,132.18797302246094
googl,2022-03-17,132.74188232421875
googl,2022-03-18,135.00961303710938
googl,2022-03-21,134.98582458496094
googl,2022-03-22,138.7214813232422
googl,2022-03-23,137.14202880859375
googl,2022-03-24,140.41151428222656
googl,2022-03-25,140.51168823242188
googl,2022-03-28,140.29595947265625
googl,2022-03-29,141.3373565673828
googl,2022-03-30,140.7749786376953
googl,2022-03-31,137.9275360107422
googl,2022-04-01,139.00161743164062
googl,2022-04-04,141.79954528808594
googl,2022-04-05,139.4385223388672
googl,2022-04-06,135.42869567871094
googl,2022-04-07,134.7745819091797
googl,2022-04-08,132.19491577148438
googl,2022-04-11,127.76751708984375
googl,2022-04-12,126.66758728027344
googl,2022-04-13,128.8292236328125
googl,2022-04-14,125.69116973876953
googl,2022-04-18,126.6299057006836
googl,2022-04-19,128.94326782226562
googl,2022-04-20,126.99041748046875
googl,2022-04-21,123.7913589477539
googl,2022-04-22,118.65482330322266
googl,2022-04-25,122.06514739990234
googl,2022-04-26,117.67739868164062
googl,2022-04-27,113.35760498046875
googl,2022-04-28,117.55094909667969
googl,2022-04-29,113.17412567138672
googl,2022-05-02,115.62733459472656
googl,2022-05-03,116.37218475341797
googl,2022-05-04,121.2588119506836
googl,2022-05-05,115.55047607421875
googl,2022-05-06,114.79769134521484
googl,2022-05-09,111.58872985839844
googl,2022-05-10,113.457275390625
googl,2022-05-11,112.67127227783203
googl,2022-05-12,111.91899871826172
googl,2022-05-13,115.09920501708984
googl,2022-05-16,113.50686645507812
googl,2022-05-17,115.51824188232422
googl,2022-05-18,110.98223114013672
googl,2022-05-19,109.47915649414062
googl,2022-05-20,108.01525115966797
googl,2022-05-23,110.57410430908203
googl,2022-05-24,105.10133361816406
googl,2022-05-25,104.93769836425781
googl,2022-05-26,106.90890502929688
googl,2022-05-27,111.39581298828125
googl,2022-05-31,112.8294677734375
googl,2022-06-01,112.9583969116211
googl,2022-06-02,116.6583251953125
googl,2022-06-03,113.60208129882812
googl,2022-06-06,115.86289978027344
googl,2022-06-07,116.1891860961914
googl,2022-06-08,116.23334503173828
googl,2022-06-09,113.8941650390625
googl,2022-06-10,110.25028228759766
googl,2022-06-13,105.52037811279297
googl,2022-06-14,105.84072875976562
googl,2022-06-15,108.86473083496094
googl,2022-06-16,105.16432189941406
googl,2022-06-17,106.26521301269531
googl,2022-06-21,110.62964630126953
googl,2022-06-22,110.5736083984375
googl,2022-06-23,111.32191467285156
googl,2022-06-24,117.00792694091797
googl,2022-06-27,114.88397979736328
googl,2022-06-28,111.08935546875
googl,2022-06-29,110.78585815429688
googl,2022-06-30,108.0698013305664
googl,2022-07-01,107.84616088867188
googl,2022-07-05,112.33455657958984
googl,2022-07-06,113.63282012939453
googl,2022-07-07,117.80931091308594
googl,2022-07-08,118.37513732910156
googl,2022-07-11,114.72827911376953
googl,2022-07-12,113.08585357666016
googl,2022-07-13,110.44070434570312
googl,2022-07-14,109.46277618408203
googl,2022-07-15,110.86123657226562
googl,2022-07-18,108.13624572753906
googl,2022-07-19,112.87706756591797
googl,2022-07-20,112.96633911132812
googl,2022-07-21,113.40271759033203
googl,2022-07-22,107.01551818847656
googl,2022-07-25,106.62871551513672
googl,2022-07-26,104.15911865234375
googl,2022-07-27,112.13321685791016
googl,2022-07-28,113.2837142944336
googl,2022-07-29,115.36650085449219
googl,2022-08-01,113.91846466064453
googl,2022-08-02,114.18624877929688
googl,2022-08-03,117.11206817626953
googl,2022-08-04,117.22118377685547
googl,2022-08-05,116.50707244873047
googl,2022-08-08,116.33847045898438
googl,2022-08-09,115.67395782470703
googl,2022-08-10,118.71879577636719
googl,2022-08-11,117.86583709716797
googl,2022-08-12,120.68256378173828
googl,2022-08-15,121.07928466796875
googl,2022-08-16,120.70238494873047
googl,2022-08-17,118.57002258300781
googl,2022-08-18,119.18494415283203
googl,2022-08-19,116.24919891357422
googl,2022-08-22,113.30355072021484
googl,2022-08-23,112.9266586303711
googl,2022-08-24,112.75806427001953
googl,2022-08-25,115.69379425048828
googl,2022-08-26,109.4355239868164
googl,2022-08-29,108.5230712890625
googl,2022-08-30,108.04700469970703
googl,2022-08-31,107.33290100097656
googl,2022-09-01,108.84043884277344
googl,2022-09-02,106.9659194946289
googl,2022-09-06,105.9344482421875
googl,2022-09-07,108.55281066894531
googl,2022-09-08,107.4915771484375
googl,2022-09-09,109.74296569824219
googl,2022-09-12,109.95125579833984
googl,2022-09-13,103.4648666381836
googl,2022-09-14,104.13928985595703
googl,2022-09-15,102.0664291381836
googl,2022-09-16,101.95733642578125
googl,2022-09-19,102.22511291503906
googl,2022-09-20,100.31092834472656
googl,2022-09-21,98.46617126464844
googl,2022-09-22,99.31912231445312
googl,2022-09-23,97.93059539794922
googl,2022-09-26,97.36527252197266
googl,2022-09-27,96.70077514648438
googl,2022-09-28,99.22987365722656
googl,2022-09-29,96.62142944335938
googl,2022-09-30,94.8659439086914
googl,2022-10-03,97.83141326904297
googl,2022-10-04,100.80683135986328
googl,2022-10-05,100.59855651855469
googl,2022-10-06,100.58863067626953
googl,2022-10-07,97.87108612060547
googl,2022-10-10,97.05782318115234
googl,2022-10-11,96.38339233398438
googl,2022-10-12,96.7602767944336
googl,2022-10-13,98.24797821044922
googl,2022-10-14,95.76848602294922
googl,2022-10-17,99.15052032470703
googl,2022-10-18,99.94396209716797
googl,2022-10-19,98.81330871582031
googl,2022-10-20,99.15052032470703
googl,2022-10-21,100.3010025024414
googl,2022-10-24,101.67960357666016
googl,2022-10-25,103.62355041503906
googl,2022-10-26,94.1518325805664
googl,2022-10-27,91.46405029296875
googl,2022-10-28,95.50068664550781
googl,2022-10-31,93.73527526855469
googl,2022-11-01,89.72840118408203
googl,2022-11-02,86.25708770751953
googl,2022-11-03,82.74610137939453
googl,2022-11-04,85.87028503417969
googl,2022-11-07,87.7646255493164
googl,2022-11-08,88.17127227783203
googl,2022-11-09,86.60421752929688
googl,2022-11-10,93.16996002197266
googl,2022-11-11,95.61971282958984
googl,2022-11-14,94.91551971435547
googl,2022-11-15,97.63306427001953
googl,2022-11-16,98.03970336914062
googl,2022-11-17,97.55371856689453
googl,2022-11-18,96.63134002685547
googl,2022-11-21,94.81633758544922
googl,2022-11-22,96.25446319580078
googl,2022-11-23,97.65290069580078
googl,2022-11-25,96.66110229492188
googl,2022-11-28,95.26266479492188
googl,2022-11-29,94.40970611572266
googl,2022-11-30,100.16216278076172
googl,2022-12-01,100.16216278076172
googl,2022-12-02,99.61666107177734
googl,2022-12-05,98.66453552246094
googl,2022-12-06,96.18504333496094
googl,2022-12-07,94.16175079345703
googl,2022-12-08,92.94183349609375
googl,2022-12-09,92.06905364990234
googl,2022-12-12,92.54512023925781
googl,2022-12-13,94.84608459472656
googl,2022-12-14,94.29068756103516
googl,2022-12-15,90.11520385742188
googl,2022-12-16,89.52012634277344
googl,2022-12-19,87.71503448486328
googl,2022-12-20,88.29027557373047
googl,2022-12-21,88.84569549560547
googl,2022-12-22,87.04061889648438
googl,2022-12-23,88.49856567382812
googl,2022-12-27,86.67365264892578
googl,2022-12-28,85.31485748291016
googl,2022-12-29,87.7249526977539
googl,2022-12-30,87.50676727294922
googl,2023-01-03,88.38946533203125
googl,2023-01-04,87.35798645019531
googl,2023-01-05,85.4933853149414
googl,2023-01-06,86.6240463256836
googl,2023-01-09,87.29846954345703
googl,2023-01-10,87.69519805908203
googl,2023-01-11,90.76978302001953
googl,2023-01-12,90.38298034667969
googl,2023-01-13,91.3648681640625
googl,2023-01-17,90.54167175292969
googl,2023-01-18,90.3730697631836
googl,2023-01-19,92.28724670410156
googl,2023-01-20,97.21649932861328
googl,2023-01-23,98.97200775146484
googl,2023-01-24,96.89913177490234
googl,2023-01-25,94.43946075439453
googl,2023-01-26,96.72061920166016
googl,2023-01-27,98.5554428100586
googl,2023-01-30,96.14537811279297
googl,2023-01-31,98.02976989746094
googl,2023-02-01,99.60674285888672
googl,2023-02-02,106.8568344116211
googl,2023-02-03,103.92108154296875
googl,2023-02-06,102.05650329589844
googl,2023-02-07,106.75765228271484
googl,2023-02-08,98.5554428100586
googl,2023-02-09,94.23117065429688
googl,2023-02-10,93.79476928710938
googl,2023-02-13,93.8344497680664
googl,2023-02-14,93.90388488769531
googl,2023-02-15,96.14537811279297
googl,2023-02-16,94.72708129882812
googl,2023-02-17,93.57658386230469
googl,2023-02-21,91.03759002685547
googl,2023-02-22,90.89873504638672
googl,2023-02-23,90.14494323730469
googl,2023-02-24,88.39937591552734
googl,2023-02-27,89.13331604003906
googl,2023-02-28,89.32176208496094
googl,2023-03-01,89.61930084228516
googl,2023-03-02,91.24584197998047
googl,2023-03-03,92.88232421875
googl,2023-03-06,94.35018920898438
googl,2023-03-07,93.09061431884766
googl,2023-03-08,93.47740936279297
googl,2023-03-09,91.563232421875
googl,2023-03-10,89.8870849609375
googl,2023-03-13,90.36315155029297
googl,2023-03-14,93.19969940185547
googl,2023-03-15,95.32215118408203
googl,2023-03-16,99.49765014648438
googl,2023-03-17,100.78699493408203
googl,2023-03-20,100.39027404785156
googl,2023-03-21,104.0599365234375
googl,2023-03-22,102.52264404296875
googl,2023-03-23,104.73436737060547
googl,2023-03-24,104.57567596435547
googl,2023-03-27,101.62010955810547
googl,2023-03-28,100.20182800292969
googl,2023-03-29,100.55888366699219
googl,2023-03-30,100.06298828125
googl,2023-03-31,102.87970733642578
googl,2023-04-03,103.5045394897461
googl,2023-04-04,103.86157989501953
googl,2023-04-05,103.61363983154297
googl,2023-04-06,107.53125762939453
googl,2023-04-10,105.56748962402344
googl,2023-04-11,104.48641967773438
googl,2023-04-12,103.78224182128906
googl,2023-04-13,106.54936981201172
googl,2023-04-14,107.97756958007812
googl,2023-04-17,105.10133361816406
googl,2023-04-18,103.64337921142578
googl,2023-04-19,103.32601165771484
googl,2023-04-20,104.42691040039062
googl,2023-04-21,104.54593658447266
googl,2023-04-24,105.10133361816406
googl,2023-04-25,102.99871063232422
googl,2023-04-26,102.85986328125
googl,2023-04-27,106.70805358886719
googl,2023-04-28,106.46011352539062
googl,2023-05-01,106.32124328613281
googl,2023-05-02,104.45665740966797
googl,2023-05-03,104.54593658447266
googl,2023-05-04,103.83184051513672
googl,2023-05-05,104.7046127319336
googl,2023-05-08,106.88658905029297
googl,2023-05-09,106.47002410888672
googl,2023-05-10,110.83395385742188
googl,2023-05-11,115.61444854736328
googl,2023-05-12,116.54674530029297
googl,2023-05-15,115.55494689941406
googl,2023-05-16,118.53035736083984
googl,2023-05-17,119.84944915771484
googl,2023-05-18,121.8231201171875
googl,2023-05-19,121.75371551513672
googl,2023-05-22,124.02494049072266
googl,2023-05-23,121.55535125732422
googl,2023-05-24,119.9089584350586
googl,2023-05-25,122.46781921386719
googl,2023-05-26,123.58853912353516
googl,2023-05-30,122.65624237060547
googl,2023-05-31,121.86280822753906
googl,2023-06-01,122.70584869384766
googl,2023-06-02,123.6480484008789
googl,2023-06-05,124.97706604003906
googl,2023-06-06,126.26641082763672
googl,2023-06-07,121.495849609375
googl,2023-06-08,121.1387939453125
googl,2023-06-09,121.22804260253906
googl,2023-06-12,122.62650299072266
googl,2023-06-13,122.81492614746094
googl,2023-06-14,122.65624237060547
googl,2023-06-15,124.06460571289062
googl,2023-06-16,122.51738739013672
googl,2023-06-20,122.0909194946289
googl,2023-06-21,119.56182861328125
googl,2023-06-22,122.14051055908203
googl,2023-06-23,121.33714294433594
googl,2023-06-26,117.36993408203125
googl,2023-06-27,117.36002349853516
googl,2023-06-28,119.19486236572266
googl,2023-06-29,118.12370300292969
googl,2023-06-30,118.71879577636719
googl,2023-07-03,118.91715240478516
googl,2023-07-05,120.75199127197266
googl,2023-07-06,119.12542724609375
googl,2023-07-07,118.50059509277344
googl,2023-07-10,115.49542236328125
googl,2023-07-11,116.17977142333984
googl,2023-07-12,117.9551010131836
googl,2023-07-13,123.51911926269531
googl,2023-07-14,124.39189147949219
googl,2023-07-17,123.62822723388672
googl,2023-07-18,122.74551391601562
googl,2023-07-19,121.02967834472656
googl,2023-07-20,118.22289276123047
googl,2023-07-21,119.0361557006836
googl,2023-07-24,120.5337905883789
googl,2023-07-25,121.20820617675781
googl,2023-07-26,128.21034240722656
googl,2023-07-27,128.33924865722656
googl,2023-07-28,131.4932098388672
googl,2023-07-31,131.63204956054688
googl,2023-08-01,130.47166442871094
googl,2023-08-02,127.32764434814453
googl,2023-08-03,127.39705657958984
googl,2023-08-04,127.05985260009766
googl,2023-08-07,130.45179748535156
googl,2023-08-08,130.32286071777344
googl,2023-08-09,128.5971221923828
googl,2023-08-10,128.6269073486328
googl,2023-08-11,128.49795532226562
googl,2023-08-14,130.25344848632812
googl,2023-08-15,128.71615600585938
googl,2023-08-16,127.64501190185547
googl,2023-08-17,128.85499572753906
googl,2023-08-18,126.4151840209961
googl,2023-08-21,127.31771087646484
googl,2023-08-22,128.0218963623047
googl,2023-08-23,131.28492736816406
googl,2023-08-24,128.71615600585938
googl,2023-08-25,128.81533813476562
googl,2023-08-28,129.93606567382812
googl,2023-08-29,133.46690368652344
googl,2023-08-30,134.7661895751953
googl,2023-08-31,135.0537872314453
googl,2023-09-01,134.54794311523438
googl,2023-09-05,134.65707397460938
googl,2023-09-06,133.35780334472656
googl,2023-09-07,134.15122985839844
googl,2023-09-08,135.26205444335938
googl,2023-09-11,135.79763793945312
googl,2023-09-12,134.23056030273438
googl,2023-09-13,135.58937072753906
googl,2023-09-14,136.96795654296875
googl,2023-09-15,136.27369689941406
googl,2023-09-18,137.0770721435547
googl,2023-09-19,136.908447265625
googl,2023-09-20,132.64370727539062
googl,2023-09-21,129.37075805664062
googl,2023-09-22,129.18231201171875
googl,2023-09-25,130.0352783203125
googl,2023-09-26,127.51607513427734
googl,2023-09-27,129.4699249267578
googl,2023-09-28,131.22543334960938
googl,2023-09-29,129.78732299804688
googl,2023-10-02,133.07017517089844
googl,2023-10-03,131.3444366455078
googl,2023-10-04,134.13140869140625
googl,2023-10-05,133.9628143310547
googl,2023-10-06,136.45223999023438
googl,2023-10-09,137.28533935546875
googl,2023-10-10,136.92828369140625
googl,2023-10-11,139.3978729248047
googl,2023-10-12,137.83084106445312
googl,2023-10-13,136.23402404785156
googl,2023-10-16,137.9597625732422
googl,2023-10-17,138.57467651367188
googl,2023-10-18,136.82913208007812
googl,2023-10-19,136.620849609375
googl,2023-10-20,134.48846435546875
googl,2023-10-23,135.3810577392578
googl,2023-10-24,137.67213439941406
googl,2023-10-25,124.58035278320312
googl,2023-10-26,121.27764129638672
googl,2023-10-27,121.16854095458984
googl,2023-10-30,123.43978118896484
googl,2023-10-31,123.0628890991211
googl,2023-11-01,125.41346740722656
googl,2023-11-02,126.44493865966797
googl,2023-11-03,128.041748046875
googl,2023-11-06,129.18231201171875
googl,2023-11-07,129.8964080810547
googl,2023-11-08,130.75927734375
googl,2023-11-09,129.17239379882812
googl,2023-11-10,131.5031280517578
googl,2023-11-13,131.00721740722656
googl,2023-11-14,132.52467346191406
googl,2023-11-15,133.5164794921875
googl,2023-11-16,135.80751037597656
googl,2023-11-17,134.20083618164062
googl,2023-11-20,135.13311767578125
googl,2023-11-21,135.84722900390625
googl,2023-11-22,137.3547821044922
googl,2023-11-24,135.56948852539062
googl,2023-11-27,135.29180908203125
googl,2023-11-28,136.07534790039062
googl,2023-11-29,133.8834686279297
googl,2023-11-30,131.44361877441406
googl,2023-12-01,130.7790985107422
googl,2023-12-04,128.21034240722656
googl,2023-12-05,129.916259765625
googl,2023-12-06,128.95419311523438
googl,2023-12-07,135.80751037597656
googl,2023-12-08,133.8834686279297
googl,2023-12-11,132.1973876953125
googl,2023-12-12,131.43370056152344
googl,2023-12-13,131.48330688476562
googl,2023-12-14,130.8584747314453
googl,2023-12-15,131.51303100585938
googl,2023-12-18,134.6868133544922
googl,2023-12-19,135.52984619140625
googl,2023-12-20,137.20599365234375
googl,2023-12-21,139.26893615722656
googl,2023-12-22,140.33018493652344
googl,2023-12-26,140.3599395751953
googl,2023-12-27,139.21934509277344
googl,2023-12-28,139.08047485351562
googl,2023-12-29,138.54495239257812
googl,2024-01-02,137.03736877441406
googl,2024-01-03,137.78126525878906
googl,2024-01-04,135.27198791503906
googl,2024-01-05,134.61737060546875
googl,2024-01-08,137.70188903808594
googl,2024-01-09,139.79458618164062
googl,2024-01-10,141.1136932373047
googl,2024-01-11,140.91534423828125
googl,2024-01-12,141.4806671142578
googl,2024-01-16,141.32199096679688
googl,2024-01-17,140.31031799316406
googl,2024-01-18,142.30384826660156
googl,2024-01-19,145.1800994873047
googl,2024-01-22,144.79327392578125
googl,2024-01-23,145.83465576171875
googl,2024-01-24,147.4810791015625
googl,2024-01-25,150.62506103515625
googl,2024-01-26,150.94244384765625
googl,2024-01-29,152.2516326904297
googl,2024-01-30,150.21844482421875
googl,2024-01-31,138.95156860351562
googl,2024-02-01,140.0028839111328
googl,2024-02-02,141.21287536621094
googl,2024-02-05,142.502197265625
googl,2024-02-06,142.9187774658203
googl,2024-02-07,144.34698486328125
googl,2024-02-08,144.7139434814453
googl,2024-02-09,147.7786102294922
googl,2024-02-12,146.32066345214844
googl,2024-02-13,143.95025634765625
googl,2024-02-14,144.74368286132812
googl,2024-02-15,141.59970092773438
googl,2024-02-16,139.36814880371094
googl,2024-02-20,139.96322631835938
googl,2024-02-21,141.38148498535156
googl,2024-02-22,142.9088592529297
googl,2024-02-23,142.7799072265625
googl,2024-02-26,136.4423065185547
googl,2024-02-27,137.7415771484375
googl,2024-02-28,135.26205444335938
googl,2024-02-29,137.3249969482422
googl,2024-03-01,136.0158233642578
googl,2024-03-04,132.2569122314453
googl,2024-03-05,131.58245849609375
googl,2024-03-06,130.32286071777344
googl,2024-03-07,133.27847290039062
googl,2024-03-08,134.30001831054688
googl,2024-03-11,136.54150390625
googl,2024-03-12,137.3646697998047
googl,2024-03-13,138.6440887451172
googl,2024-03-14,141.92697143554688
googl,2024-03-15,140.022705078125
googl,2024-03-18,146.4694366455078
googl,2024-03-19,145.8247528076172
googl,2024-03-20,147.52073669433594
googl,2024-03-21,146.39010620117188
googl,2024-03-22,149.53411865234375
googl,2024-03-25,148.83985900878906
googl,2024-03-26,149.4349365234375
googl,2024-03-27,149.63330078125
googl,2024-03-28,149.69277954101562
googl,2024-04-01,154.21542358398438
googl,2024-04-02,153.2930450439453
googl,2024-04-03,153.65008544921875
googl,2024-04-04,149.29608154296875
googl,2024-04-05,151.2499237060547
googl,2024-04-08,153.5806427001953
googl,2024-04-09,155.31631469726562
googl,2024-04-10,154.86007690429688
googl,2024-04-11,158.10328674316406
googl,2024-04-12,156.43704223632812
googl,2024-04-15,153.59059143066406
googl,2024-04-16,153.13433837890625
googl,2024-04-17,154.19558715820312
googl,2024-04-18,154.73114013671875
googl,2024-04-19,152.82688903808594
googl,2024-04-22,154.99893188476562
googl,2024-04-23,156.9626922607422
googl,2024-04-24,157.82557678222656
googl,2024-04-25,154.72120666503906
googl,2024-04-26,170.54046630859375
googl,2024-04-29,164.7880096435547
googl,2024-04-30,161.4456329345703
googl,2024-05-01,162.51678466796875
googl,2024-05-02,165.25416564941406
googl,2024-05-03,165.86912536621094
googl,2024-05-06,166.72203063964844
googl,2024-05-07,169.8462371826172
googl,2024-05-08,167.99156188964844
googl,2024-05-09,168.56680297851562
googl,2024-05-10,167.2675323486328
googl,2024-05-13,167.75352478027344
googl,2024-05-14,168.94369506835938
googl,2024-05-15,171.09588623046875
googl,2024-05-16,172.75221252441406
googl,2024-05-17,174.61679077148438
googl,2024-05-20,175.4697265625
googl,2024-05-21,176.39212036132812
googl,2024-05-22,174.93418884277344
googl,2024-05-23,172.1273651123047
googl,2024-05-24,173.55557250976562
googl,2024-05-28,174.95399475097656
googl,2024-05-29,174.45806884765625
googl,2024-05-30,170.6991729736328
googl,2024-05-31,171.0859832763672
googl,2024-06-03,171.75048828125
googl,2024-06-04,172.36538696289062
googl,2024-06-05,173.9721221923828
googl,2024-06-06,175.2812957763672
googl,2024-06-07,173.02992248535156
googl,2024-06-10,173.77462768554688
googl,2024-06-11,175.37322998046875
googl,2024-06-12,176.5349884033203
googl,2024-06-13,173.92356872558594
googl,2024-06-14,175.54205322265625
googl,2024-06-17,175.9888916015625
googl,2024-06-18,173.85403442382812
googl,2024-06-20,175.0554962158203
googl,2024-06-21,178.36199951171875
googl,2024-06-24,177.95489501953125
googl,2024-06-25,182.73094177246094
googl,2024-06-26,182.58201599121094
googl,2024-06-27,184.10121154785156
googl,2024-06-28,180.8642120361328
googl,2024-07-01,181.6982879638672
googl,2024-07-02,183.93238830566406
googl,2024-07-03,184.50833129882812
googl,2024-07-05,189.2545623779297
googl,2024-07-08,187.6956329345703
googl,2024-07-09,187.64598083496094
googl,2024-07-10,189.8304443359375
googl,2024-07-11,184.26007080078125
googl,2024-07-12,183.76361083984375
googl,2024-07-15,185.21328735351562
googl,2024-07-16,182.62171936035156
googl,2024-07-17,179.74220275878906
googl,2024-07-18,176.43568420410156
googl,2024-07-19,176.40589904785156
googl,2024-07-22,180.38760375976562
googl,2024-07-23,180.5067596435547
googl,2024-07-24,171.41139221191406
googl,2024-07-25,166.0991668701172
googl,2024-07-26,165.82115173339844
googl,2024-07-29,168.33331298828125
googl,2024-07-30,169.0879364013672
googl,2024-07-31,170.3291015625
googl,2024-08-01,169.5546112060547
googl,2024-08-02,165.4835662841797
googl,2024-08-05,158.12586975097656
googl,2024-08-06,157.17263793945312
googl,2024-08-07,157.8180389404297
googl,2024-08-08,160.88624572753906
googl,2024-08-09,162.5146484375
googl,2024-08-12,161.14439392089844
googl,2024-08-13,163.00120544433594
googl,2024-08-14,159.2379608154297
googl,2024-08-15,160.161376953125
googl,2024-08-16,161.8096923828125
googl,2024-08-19,165.4934844970703
googl,2024-08-20,165.99989318847656
googl,2024-08-21,164.67929077148438
googl,2024-08-22,162.64373779296875
googl,2024-08-23,164.45089721679688
googl,2024-08-26,164.98707580566406
googl,2024-08-27,163.51751708984375
googl,2024-08-28,161.700439453125
googl,2024-08-29,160.63800048828125
googl,2024-08-30,162.22669982910156
googl,2024-09-03,156.24920654296875
googl,2024-09-04,155.3456268310547
googl,2024-09-05,156.1300506591797
googl,2024-09-06,149.85467529296875
googl,2024-09-09,147.85621643066406
googl,2024-09-10,147.8065185546875
googl,2024-09-11,150.29214477539062
googl,2024-09-12,153.80186462402344
googl,2024-09-13,156.55596923828125
googl,2024-09-16,157.15249633789062
googl,2024-09-17,158.40528869628906
googl,2024-09-18,158.89247131347656
googl,2024-09-19,161.20909118652344
googl,2024-09-20,162.65078735351562
googl,2024-09-23,160.92076110839844
googl,2024-09-24,161.3582305908203
googl,2024-09-25,160.5628204345703
googl,2024-09-26,161.7957000732422
googl,2024-09-27,163.00868225097656
googl,2024-09-30,164.89779663085938
googl,2024-10-01,166.03126525878906
googl,2024-10-02,164.9077606201172
googl,2024-10-03,164.9077606201172
googl,2024-10-04,166.10086059570312
googl,2024-10-07,162.0442657470703
googl,2024-10-08,163.43624877929688
googl,2024-10-09,160.9307098388672
googl,2024-10-10,161.14942932128906
googl,2024-10-11,162.3027801513672
googl,2024-10-14,164.01290893554688
googl,2024-10-15,164.5100555419922
googl,2024-10-16,164.21176147460938
googl,2024-10-17,161.99453735351562
googl,2024-10-18,162.4817352294922
googl,2024-10-21,163.12802124023438
googl,2024-10-22,164.19187927246094
googl,2024-10-23,161.84539794921875
googl,2024-10-24,161.78578186035156
googl,2024-10-25,164.32113647460938
googl,2024-10-28,165.76278686523438
googl,2024-10-29,168.70579528808594
googl,2024-10-30,173.45835876464844
googl,2024-10-31,170.12757873535156
googl,2024-11-01,170.3065643310547
googl,2024-11-04,168.26834106445312
googl,2024-11-05,168.76544189453125
googl,2024-11-06,175.49659729003906
googl,2024-11-07,179.71224975585938
googl,2024-11-08,177.32601928710938
googl,2024-11-11,179.31455993652344
googl,2024-11-12,180.57725524902344
googl,2024-11-13,177.8529815673828
googl,2024-11-14,174.57192993164062
googl,2024-11-15,171.49969482421875
googl,2024-11-18,174.29351806640625
googl,2024-11-19,177.0973358154297
googl,2024-11-20,174.9696044921875
googl,2024-11-21,166.66757202148438
googl,2024-11-22,163.81405639648438
googl,2024-11-25,166.68743896484375
googl,2024-11-26,168.14903259277344
googl,2024-11-27,168.25839233398438
googl,2024-11-29,167.97998046875
googl,2024-12-02,170.50543212890625
googl,2024-12-03,170.3562774658203
googl,2024-12-04,173.36886596679688
googl,2024-12-05,171.64881896972656
googl,2024-12-06,173.70697021484375
googl,2024-12-09,174.56295776367188
googl,2024-12-10,184.31788635253906
googl,2024-12-11,194.50079345703125
googl,2024-12-12,191.07664489746094
googl,2024-12-13,188.9464874267578
googl,2024-12-16,195.75498962402344
googl,2024-12-17,194.52069091796875
googl,2024-12-18,187.53302001953125
googl,2024-12-19,187.64248657226562
googl,2024-12-20,190.52914428710938
googl,2024-12-23,193.73434448242188
googl,2024-12-24,195.20751953125
googl,2024-12-26,194.6998748779297
googl,2024-12-27,191.8729248046875
googl,2024-12-30,190.35995483398438
googl,2024-12-31,188.42886352539062
googl,2025-01-02,188.55825805664062
googl,2025-01-03,190.9073944091797
googl,2025-01-06,195.96401977539062
googl,2025-01-07,194.59039306640625
googl,2025-01-08,193.05746459960938
googl,2025-01-10,191.15625
googl,2025-01-13,190.1309814453125
googl,2025-01-14,188.78721618652344
googl,2025-01-15,194.65011596679688
googl,2025-01-16,192.02223205566406
googl,2025-01-17,195.09805297851562
googl,2025-01-21,197.1385955810547
googl,2025-01-22,197.45712280273438
googl,2025-01-23,197.0689239501953
googl,2025-01-24,199.28866577148438
googl,2025-01-27,190.92730712890625
googl,2025-01-28,194.4012451171875
googl,2025-01-29,194.5107421875
googl,2025-01-30,199.9456329345703
googl,2025-01-31,203.0811309814453
googl,2025-02-03,200.303955078125
googl,2025-02-04,205.43028259277344
googl,2025-02-05,190.4495391845703
googl,2025-02-06,190.71829223632812
googl,2025-02-07,184.48707580566406
googl,2025-02-10,185.6118927001953
googl,2025-02-11,184.46717834472656
googl,2025-02-12,182.76504516601562
googl,2025-02-13,185.28341674804688
googl,2025-02-14,184.37759399414062
googl,2025-02-18,182.92431640625
googl,2025-02-19,184.4174041748047
googl,2025-02-20,183.710693359375
googl,2025-02-21,178.83322143554688
googl,2025-02-24,178.42510986328125
googl,2025-02-25,174.61273193359375
googl,2025-02-26,171.93511962890625
googl,2025-02-27,167.72457885742188
googl,2025-02-28,169.4963836669922
googl,2025-03-03,166.24143981933594
googl,2025-03-04,170.13345336914062
googl,2025-03-05,172.2238006591797
googl,2025-03-06,171.556884765625
googl,2025-03-07,173.05990600585938
googl,2025-03-10,165.2968292236328
googl,2025-03-11,163.47315979003906
googl,2025-03-12,166.5325469970703
googl,2025-03-13,162.19760131835938
googl,2025-03-14,164.91815185546875
googl,2025-03-17,163.7222900390625
googl,2025-03-18,160.11480712890625
googl,2025-03-19,163.32369995117188
googl,2025-03-20,162.23744201660156
googl,2025-03-21,163.42333984375
googl,2025-03-24,167.1005859375
googl,2025-03-25,169.9706268310547
googl,2025-03-26,164.48963928222656
googl,2025-03-27,161.6793975830078
googl,2025-03-28,153.79672241210938
googl,2025-03-31,154.1056365966797
googl,2025-04-01,156.52725219726562
googl,2025-04-02,156.49734497070312
googl,2025-04-03,150.19918823242188
googl,2025-04-04,145.09689331054688
googl,2025-04-07,146.24290466308594
googl,2025-04-08,144.19998168945312
googl,2025-04-09,158.1615753173828
googl,2025-04-10,152.2919464111328
googl,2025-04-11,156.5970001220703
googl,2025-04-14,158.5203399658203
googl,2025-04-15,155.76988220214844
googl,2025-04-16,152.80018615722656
googl,2025-04-17,150.63768005371094
googl,2025-04-21,147.15972900390625
googl,2025-04-22,150.9465789794922
googl,2025-04-23,154.81320190429688
googl,2025-04-24,158.7296142578125
googl,2025-04-25,161.4003448486328
googl,2025-04-28,160.05502319335938
googl,2025-04-29,159.60658264160156
googl,2025-04-30,158.2512664794922
googl,2025-05-01,160.7426300048828
googl,2025-05-02,163.46319580078125
googl,2025-05-05,163.64259338378906
googl,2025-05-06,162.66595458984375
googl,2025-05-07,150.85691833496094
googl,2025-05-08,153.74688720703125
googl,2025-05-09,152.22219848632812
googl,2025-05-12,157.91246032714844
googl,2025-05-13,158.97872924804688
googl,2025-05-14,164.79855346679688
googl,2025-05-15,163.3934326171875
googl,2025-05-16,165.61573791503906
googl,2025-05-19,165.9645233154297
googl,2025-05-20,163.41336059570312
googl,2025-05-21,167.97755432128906
googl,2025-05-22,170.27955627441406
googl,2025-05-23,167.8878631591797
googl,2025-05-27,172.30255126953125
googl,2025-05-28,171.76441955566406
googl,2025-05-29,171.26614379882812
googl,2025-05-30,171.1465606689453
googl,2025-06-02,168.4459228515625
googl,2025-06-03,165.60577392578125
googl,2025-06-04,167.46929931640625
googl,2025-06-05,167.62876892089844
googl,2025-06-06,173.079833984375
googl,2025-06-09,175.69395446777344
googl,2025-06-10,178.1983184814453
googl,2025-06-11,176.9511260986328
googl,2025-06-12,175.30484008789062
googl,2025-06-13,174.2771453857422
googl,2025-06-16,176.3724365234375
googl,2025-06-17,175.55426025390625
googl,2025-06-18,172.93020629882812
googl,2025-06-20,166.26522827148438
googl,2025-06-23,164.8184814453125
googl,2025-06-24,166.39492797851562
googl,2025-06-25,170.29612731933594
googl,2025-06-26,173.14968872070312
googl,2025-06-27,178.1284637451172
googl,2025-06-30,175.83364868164062
googl,2025-07-01,175.4445343017578
googl,2025-07-02,178.23822021484375
googl,2025-07-03,179.126220703125
googl,2025-07-07,176.3923797607422
googl,2025-07-08,173.9678497314453
googl,2025-07-09,176.2227783203125
googl,2025-07-10,177.2205047607422
googl,2025-07-11,179.7847442626953
googl,2025-07-14,181.1516571044922
googl,2025-07-15,181.59068298339844
googl,2025-07-16,182.55848693847656
googl,2025-07-17,183.16712951660156
googl,2025-07-18,184.64378356933594
googl,2025-07-21,189.67245483398438
googl,2025-07-22,190.90966796875
googl,2025-07-23,189.80215454101562
googl,2025-07-24,191.73780822753906
googl,2025-07-25,192.74551391601562
googl,2025-07-28,192.14688110351562
googl,2025-07-29,195.3097381591797
googl,2025-07-30,196.08799743652344
googl,2025-07-31,191.46839904785156
googl,2025-08-01,188.70465087890625
googl,2025-08-04,194.60133361816406
googl,2025-08-05,194.232177734375
googl,2025-08-06,195.64898681640625
googl,2025-08-07,196.07801818847656
googl,2025-08-08,200.9669952392578
googl,2025-08-11,200.54794311523438
googl,2025-08-12,202.88267517089844
googl,2025-08-13,201.5057830810547
googl,2025-08-14,202.48358154296875
googl,2025-08-15,203.44142150878906
googl,2025-08-18,203.0423126220703
googl,2025-08-19,201.11666870117188
googl,2025-08-20,198.87173461914062
googl,2025-08-21,199.3007354736328
googl,2025-08-22,205.62648010253906
googl,2025-08-25,208.02110290527344
googl,2025-08-26,206.67413330078125
googl,2025-08-27,207.01336669921875
googl,2025-08-28,211.1640167236328
googl,2025-08-29,212.43116760253906
googl,2025-09-02,210.87466430664062
googl,2025-09-03,230.14122009277344
googl,2025-09-04,231.77755737304688
googl,2025-09-05,234.47146606445312
googl,2025-09-08,233.72247314453125
googl,2025-09-09,239.30491638183594
googl,2025-09-10,238.84552001953125
googl,2025-09-11,240.0438995361328
googl,2025-09-12,240.4733123779297
googl,2025-09-15,251.26864624023438
googl,2025-09-16,250.8192596435547
googl,2025-09-17,249.19146728515625
googl,2025-09-18,251.68807983398438
googl,2025-09-19,254.3744354248047
googl,2025-09-22,252.18739318847656
googl,2025-09-23,251.31858825683594
googl,2025-09-24,246.80470275878906
googl,2025-09-25,245.45654296875
googl,2025-09-26,246.2055206298828
googl,2025-09-29,243.71890258789062
googl,2025-09-30,242.77020263671875
googl,2025-10-01,244.5677490234375
googl,2025-10-02,245.35667419433594
googl,2025-10-03,245.01715087890625
googl,2025-10-06,250.09024047851562
googl,2025-10-07,245.42657470703125
googl,2025-10-08,244.2881317138672
googl,2025-10-09,241.2023162841797
googl,2025-10-10,236.2490692138672
googl,2025-10-13,243.81875610351562
googl,2025-10-14,245.1169891357422
googl,2025-10-15,250.68942260742188
googl,2025-10-16,251.1188507080078
googl,2025-10-17,252.9563446044922
googl,2025-10-20,256.2019348144531
googl,2025-10-21,250.12020874023438
googl,2025-10-22,251.34854125976562
googl,2025-10-23,252.73666381835938
googl,2025-10-24,259.5673828125
googl,2025-10-27,268.9046630859375
googl,2025-10-28,267.1071472167969
googl,2025-10-29,274.197509765625
googl,2025-10-30,281.09814453125
googl,2025-10-31,280.8085021972656
googl,2025-11-03,283.3350830078125
googl,2025-11-04,277.1634521484375
googl,2025-11-05,283.92425537109375
googl,2025-11-06,284.3636779785156
googl,2025-11-07,278.45172119140625
googl,2025-11-10,289.7064208984375
googl,2025-11-11,290.914794921875
googl,2025-11-12,286.3210144042969
googl,2025-11-13,278.19207763671875
googl,2025-11-14,276.0350036621094
googl,2025-11-17,284.63330078125
googl,2025-11-18,283.8943176269531
googl,2025-11-19,292.4127502441406
googl,2025-11-20,289.05731201171875
googl,2025-11-21,299.25347900390625
googl,2025-11-24,318.14776611328125
googl,2025-11-25,323.0011901855469
googl,2025-11-26,319.5159606933594
googl,2025-11-28,319.7456359863281
googl,2025-12-01,314.46282958984375
googl,2025-12-02,315.38153076171875
googl,2025-12-03,319.19635009765625
googl,2025-12-04,317.1890869140625
googl,2025-12-05,320.8341064453125
googl,2025-12-08,313.49932861328125
googl,2025-12-09,316.85693359375
googl,2025-12-10,319.9847412109375
googl,2025-12-11,312.210205078125
googl,2025-12-12,309.07244873046875
googl,2025-12-15,308.003173828125
googl,2025-12-16,306.3543395996094
googl,2025-12-17,296.5112609863281
googl,2025-12-18,302.2472229003906
googl,2025-12-19,306.9439392089844
googl,2025-12-22,309.56207275390625
googl,2025-12-23,314.1288757324219
googl,2025-12-24,313.8690490722656
googl,2025-12-26,313.2894592285156
googl,2025-12-29,313.33941650390625
googl,2025-12-30,313.6292419433594
googl,2025-12-31,312.7798156738281
googl,2026-01-02,314.9283142089844
googl,2026-01-05,316.3173522949219
googl,2026-01-06,314.1188659667969
googl,2026-01-07,321.7535095214844
googl,2026-01-08,325.2110595703125
googl,2026-01-09,328.3388671875
googl,2026-01-12,331.62652587890625
googl,2026-01-13,335.7336730957031
googl,2026-01-14,335.603759765625
googl,2026-01-15,332.5458984375
googl,2026-01-16,329.7678527832031
googl,2026-01-20,321.77349853515625
googl,2026-01-21,328.1490173339844
googl,2026-01-22,330.3074951171875
googl,2026-01-23,327.6993103027344
googl,2026-01-26,333.02557373046875
googl,2026-01-27,334.31463623046875
googl,2026-01-28,335.7736511230469
googl,2026-01-29,338.0120544433594
googl,2026-01-30,337.7622375488281
googl,2026-02-02,343.4482421875
googl,2026-02-03,339.47100830078125
googl,2026-02-04,332.80572509765625
googl,2026-02-05,331.0169677734375
googl,2026-02-06,322.63287353515625
googl,2026-02-09,324.09185791015625
googl,2026-02-10,318.3558654785156
googl,2026-02-11,310.7412414550781
googl,2026-02-12,308.7826232910156
googl,2026-02-13,305.50494384765625
googl,2026-02-17,301.8075256347656
googl,2026-02-18,303.1166076660156
googl,2026-02-19,302.636962890625
googl,2026-02-20,314.7584228515625
googl,2026-02-23,311.2708740234375
googl,2026-02-24,310.6813049316406
googl,2026-02-25,312.67987060546875
googl,2026-02-26,307.1637878417969
googl,2026-02-27,311.54071044921875
googl,2026-03-02,306.3043518066406
googl,2026-03-03,303.3664245605469
googl,2026-03-04,302.9167785644531
googl,2026-03-05,300.6683349609375
googl,2026-03-06,298.30999755859375
googl,2026-03-09,306.3599853515625
googl,2026-03-10,307.0400085449219
googl,2026-03-11,308.70001220703125
googl,2026-03-12,303.54998779296875
googl,2026-03-13,302.2799987792969
googl,2026-03-16,305.55999755859375
googl,2026-03-17,310.9200134277344
googl,2026-03-18,307.69000244140625
googl,2026-03-19,307.1300048828125
googl,2026-03-20,301.0
googl,2026-03-23,302.05999755859375
googl,2026-03-24,290.44000244140625
googl,2026-03-25,290.92999267578125
googl,2026-03-26,280.9200134277344
googl,2026-03-27,274.3399963378906
googl,2026-03-30,273.5
googl,2026-03-31,287.55999755859375
googl,2026-04-01,297.3900146484375
googl,2026-04-02,295.7699890136719
googl,2026-04-06,299.989990234375
googl,2026-04-07,305.4599914550781
googl,2026-04-08,317.32000732421875
googl,2026-04-09,318.489990234375
googl,2026-04-10,317.239990234375
googl,2026-04-13,321.30999755859375
