Item_Id,Date,Price
googl,2004-08-19,2.4904274940490723
googl,2004-08-20,2.688241958618164
googl,2004-08-23,2.7152960300445557
googl,2004-08-24,2.6028614044189453
googl,2004-08-25,2.630908489227295
googl,2004-08-26,2.678313732147217
googl,2004-08-27,2.6346306800842285
googl,2004-08-30,2.5318775177001953
googl,2004-08-31,2.5408120155334473
googl,2004-09-01,2.488194227218628
googl,2004-09-02,2.5194668769836426
googl,2004-09-03,2.4822373390197754
googl,2004-09-07,2.5212042331695557
googl,2004-09-08,2.539074659347534
googl,2004-09-09,2.5393223762512207
googl,2004-09-10,2.614279270172119
googl,2004-09-13,2.668138265609741
googl,2004-09-14,2.767169713973999
googl,2004-09-15,2.77982759475708
googl,2004-09-16,2.8287227153778076
googl,2004-09-17,2.916088819503784
googl,2004-09-20,2.9625022411346436
googl,2004-09-21,2.9247758388519287
googl,2004-09-22,2.938178062438965
googl,2004-09-23,2.998739719390869
googl,2004-09-24,2.974167585372925
googl,2004-09-27,2.935199499130249
googl,2004-09-28,3.148651361465454
googl,2004-09-29,3.2533910274505615
googl,2004-09-30,3.2166576385498047
googl,2004-10-01,3.290620803833008
googl,2004-10-04,3.3521740436553955
googl,2004-10-05,3.434328556060791
googl,2004-10-06,3.4023098945617676
googl,2004-10-07,3.446241855621338
googl,2004-10-08,3.4184436798095703
googl,2004-10-11,3.3571383953094482
googl,2004-10-12,3.410252094268799
googl,2004-10-13,3.497122287750244
googl,2004-10-14,3.5244247913360596
googl,2004-10-15,3.576793909072876
googl,2004-10-18,3.702134847640991
googl,2004-10-19,3.671854257583618
googl,2004-10-20,3.4869465827941895
googl,2004-10-21,3.707594871520996
googl,2004-10-22,4.279693603515625
googl,2004-10-25,4.651247024536133
googl,2004-10-26,4.512257099151611
googl,2004-10-27,4.615755081176758
googl,2004-10-28,4.797684669494629
googl,2004-10-29,4.731664657592773
googl,2004-11-01,4.865443229675293
googl,2004-11-02,4.8366522789001465
googl,2004-11-03,4.757229328155518
googl,2004-11-04,4.584233283996582
googl,2004-11-05,4.203248500823975
googl,2004-11-08,4.282671928405762
googl,2004-11-09,4.187115669250488
googl,2004-11-10,4.166266918182373
googl,2004-11-11,4.54253625869751
googl,2004-11-12,4.5172200202941895
googl,2004-11-15,4.588451862335205
googl,2004-11-16,4.282423496246338
googl,2004-11-17,4.281430721282959
googl,2004-11-18,4.158324241638184
googl,2004-11-19,4.204488754272461
googl,2004-11-22,4.097763538360596
googl,2004-11-23,4.157827377319336
googl,2004-11-24,4.337523937225342
googl,2004-11-26,4.45244026184082
googl,2004-11-29,4.493641376495361
googl,2004-11-30,4.516723155975342
googl,2004-12-01,4.466587543487549
googl,2004-12-02,4.452688217163086
googl,2004-12-03,4.477509021759033
googl,2004-12-06,4.375499248504639
googl,2004-12-07,4.254873752593994
googl,2004-12-08,4.2188849449157715
googl,2004-12-09,4.304513454437256
googl,2004-12-10,4.260334491729736
googl,2004-12-13,4.230550289154053
googl,2004-12-14,4.435067176818848
googl,2004-12-15,4.462120056152344
googl,2004-12-16,4.379964828491211
googl,2004-12-17,4.4695658683776855
googl,2004-12-20,4.592175006866455
googl,2004-12-21,4.560655117034912
googl,2004-12-22,4.623945236206055
googl,2004-12-23,4.663656711578369
googl,2004-12-27,4.763185024261475
googl,2004-12-28,4.784281253814697
googl,2004-12-29,4.787756443023682
googl,2004-12-30,4.904410362243652
googl,2004-12-31,4.7850260734558105
googl,2005-01-03,5.031239032745361
googl,2005-01-04,4.827467441558838
googl,2005-01-05,4.8028974533081055
googl,2005-01-06,4.679790019989014
googl,2005-01-07,4.811335563659668
googl,2005-01-10,4.841367721557617
googl,2005-01-11,4.803640365600586
googl,2005-01-12,4.84930944442749
googl,2005-01-13,4.848068714141846
googl,2005-01-14,4.96323299407959
googl,2005-01-18,5.0607757568359375
googl,2005-01-19,4.896963596343994
googl,2005-01-20,4.81307315826416
googl,2005-01-21,4.673088550567627
googl,2005-01-24,4.4854512214660645
googl,2005-01-25,4.3960981369018555
googl,2005-01-26,4.696915626525879
googl,2005-01-27,4.668124675750732
googl,2005-01-28,4.724218368530273
googl,2005-01-31,4.855266094207764
googl,2005-02-01,4.762936592102051
googl,2005-02-02,5.111903667449951
googl,2005-02-03,5.233521938323975
googl,2005-02-04,5.0721917152404785
googl,2005-02-07,4.865443229675293
googl,2005-02-08,4.93022346496582
googl,2005-02-09,4.754993915557861
googl,2005-02-10,4.665641784667969
googl,2005-02-11,4.651247024536133
googl,2005-02-14,4.789990425109863
googl,2005-02-15,4.845587253570557
googl,2005-02-16,4.924514293670654
googl,2005-02-17,4.911855697631836
googl,2005-02-18,4.913097381591797
googl,2005-02-22,4.749782562255859
googl,2005-02-23,4.813817977905273
googl,2005-02-24,4.688228607177734
googl,2005-02-25,4.613272190093994
googl,2005-02-28,4.665890693664551
googl,2005-03-01,4.6179890632629395
googl,2005-03-02,4.596147060394287
googl,2005-03-03,4.641568660736084
googl,2005-03-04,4.614016532897949
googl,2005-03-07,4.686244010925293
googl,2005-03-08,4.596643924713135
googl,2005-03-09,4.501086711883545
googl,2005-03-10,4.46708345413208
googl,2005-03-11,4.412975311279297
googl,2005-03-14,4.34323263168335
googl,2005-03-15,4.433080673217773
googl,2005-03-16,4.358371734619141
googl,2005-03-17,4.449958324432373
googl,2005-03-18,4.468573570251465
googl,2005-03-21,4.489421844482422
googl,2005-03-22,4.432831764221191
googl,2005-03-23,4.442263603210449
googl,2005-03-24,4.448965549468994
googl,2005-03-28,4.502824306488037
googl,2005-03-29,4.456907749176025
googl,2005-03-30,4.478749752044678
googl,2005-03-31,4.48023796081543
googl,2005-04-01,4.468573570251465
googl,2005-04-04,4.598877429962158
googl,2005-04-05,4.680286407470703
googl,2005-04-06,4.696418762207031
googl,2005-04-07,4.809101104736328
googl,2005-04-08,4.766659736633301
googl,2005-04-11,4.795947074890137
googl,2005-04-12,4.814065933227539
googl,2005-04-13,4.788500785827637
googl,2005-04-14,4.751767635345459
googl,2005-04-15,4.59168004989624
googl,2005-04-18,4.640573978424072
googl,2005-04-19,4.750527381896973
googl,2005-04-20,4.916819095611572
googl,2005-04-21,5.068718433380127
googl,2005-04-22,5.356380462646484
googl,2005-04-25,5.547990322113037
googl,2005-04-26,5.429350852966309
googl,2005-04-27,5.4549150466918945
googl,2005-04-28,5.446724891662598
googl,2005-04-29,5.460375785827637
googl,2005-05-02,5.517212867736816
googl,2005-05-03,5.614010334014893
googl,2005-05-04,5.671343803405762
googl,2005-05-05,5.633618354797363
googl,2005-05-06,5.659430027008057
googl,2005-05-09,5.609790802001953
googl,2005-05-10,5.6539716720581055
googl,2005-05-11,5.740592002868652
googl,2005-05-12,5.676805019378662
googl,2005-05-13,5.689712047576904
googl,2005-05-16,5.734635353088379
googl,2005-05-17,5.786261081695557
googl,2005-05-18,5.935925006866455
googl,2005-05-19,5.936420917510986
googl,2005-05-20,5.99673318862915
googl,2005-05-23,6.340240955352783
googl,2005-05-24,6.353891849517822
googl,2005-05-25,6.473275661468506
googl,2005-05-26,6.433315277099609
googl,2005-05-27,6.602091312408447
googl,2005-05-31,6.881811618804932
googl,2005-06-01,7.148127555847168
googl,2005-06-02,7.145646572113037
googl,2005-06-03,6.9560227394104
googl,2005-06-06,7.22109842300415
googl,2005-06-07,7.275205135345459
googl,2005-06-08,6.938648223876953
googl,2005-06-09,7.106182098388672
googl,2005-06-10,7.011619567871094
googl,2005-06-13,7.017824172973633
googl,2005-06-14,6.908616065979004
googl,2005-06-15,6.820505142211914
googl,2005-06-16,6.886030197143555
googl,2005-06-17,6.957015037536621
googl,2005-06-20,7.115862846374512
googl,2005-06-21,7.144156455993652
googl,2005-06-22,7.180394172668457
googl,2005-06-23,7.19057035446167
googl,2005-06-24,7.377712249755859
googl,2005-06-27,7.547728061676025
googl,2005-06-28,7.495606899261475
googl,2005-06-29,7.265277862548828
googl,2005-06-30,7.300770282745361
googl,2005-07-01,7.228793144226074
googl,2005-07-05,7.339488983154297
googl,2005-07-06,7.235493183135986
googl,2005-07-07,7.335270404815674
googl,2005-07-08,7.352396011352539
googl,2005-07-11,7.280913829803467
googl,2005-07-12,7.241948127746582
googl,2005-07-13,7.417671203613281
googl,2005-07-14,7.4680562019348145
googl,2005-07-15,7.475502014160156
googl,2005-07-18,7.434548377990723
googl,2005-07-19,7.691683769226074
googl,2005-07-20,7.743805885314941
googl,2005-07-21,7.791955947875977
googl,2005-07-22,7.505534648895264
googl,2005-07-25,7.342965126037598
googl,2005-07-26,7.348920822143555
googl,2005-07-27,7.369770050048828
googl,2005-07-28,7.284636974334717
googl,2005-07-29,7.142171382904053
googl,2005-08-01,7.237728118896484
googl,2005-08-02,7.425861835479736
googl,2005-08-03,7.37895393371582
googl,2005-08-04,7.389626502990723
googl,2005-08-05,7.256093978881836
googl,2005-08-08,7.228793144226074
googl,2005-08-09,7.236734867095947
googl,2005-08-10,7.090545654296875
googl,2005-08-11,7.050088882446289
googl,2005-08-12,7.190817832946777
googl,2005-08-15,7.048848628997803
googl,2005-08-16,7.089800834655762
googl,2005-08-17,7.076150894165039
googl,2005-08-18,6.9493207931518555
googl,2005-08-19,6.949568748474121
googl,2005-08-22,6.80089807510376
googl,2005-08-23,6.939144611358643
googl,2005-08-24,7.013355731964111
googl,2005-08-25,7.013852596282959
googl,2005-08-26,7.038424015045166
googl,2005-08-29,7.15929651260376
googl,2005-08-30,7.130009651184082
googl,2005-08-31,7.0984883308410645
googl,2005-09-01,7.104692459106445
googl,2005-09-02,7.15929651260376
googl,2005-09-06,7.126038551330566
googl,2005-09-07,7.31864070892334
googl,2005-09-08,7.331546783447266
googl,2005-09-09,7.423380374908447
googl,2005-09-12,7.6877121925354
googl,2005-09-13,7.73586368560791
googl,2005-09-14,7.520426273345947
googl,2005-09-15,7.510994911193848
googl,2005-09-16,7.450932025909424
googl,2005-09-19,7.540034294128418
googl,2005-09-20,7.642291069030762
googl,2005-09-21,7.741322994232178
googl,2005-09-22,7.72816801071167
googl,2005-09-23,7.827200412750244
googl,2005-09-26,7.800394058227539
googl,2005-09-27,7.791955947875977
googl,2005-09-28,7.594886779785156
googl,2005-09-29,7.684733867645264
googl,2005-09-30,7.854501724243164
googl,2005-10-03,7.909602165222168
googl,2005-10-04,7.718985557556152
googl,2005-10-05,7.711788177490234
googl,2005-10-06,7.762420654296875
googl,2005-10-07,7.768377780914307
googl,2005-10-10,7.710298538208008
googl,2005-10-11,7.597367763519287
googl,2005-10-12,7.4700422286987305
googl,2005-10-13,7.382427215576172
googl,2005-10-14,7.350162029266357
googl,2005-10-17,7.570066452026367
googl,2005-10-18,7.527376174926758
googl,2005-10-19,7.661899566650391
googl,2005-10-20,7.525390625
googl,2005-10-21,8.436281204223633
googl,2005-10-24,8.65345573425293
googl,2005-10-25,8.610265731811523
googl,2005-10-26,8.821980476379395
googl,2005-10-27,8.762909889221191
googl,2005-10-28,8.889739036560059
googl,2005-10-31,9.236472129821777
googl,2005-11-01,9.416170120239258
googl,2005-11-02,9.423615455627441
googl,2005-11-03,9.579235076904297
googl,2005-11-04,9.690430641174316
googl,2005-11-07,9.804601669311523
googl,2005-11-08,9.677275657653809
googl,2005-11-09,9.410462379455566
googl,2005-11-10,9.707058906555176
googl,2005-11-11,9.689684867858887
googl,2005-11-14,9.852749824523926
googl,2005-11-15,9.749252319335938
googl,2005-11-16,9.882039070129395
googl,2005-11-17,10.01358413696289
googl,2005-11-18,9.933168411254883
googl,2005-11-21,10.160268783569336
googl,2005-11-22,10.336738586425781
googl,2005-11-23,10.495338439941406
googl,2005-11-25,10.638298988342285
googl,2005-11-28,10.510727882385254
googl,2005-11-29,10.015819549560547
googl,2005-11-30,10.049821853637695
googl,2005-12-01,10.277668952941895
googl,2005-12-02,10.367267608642578
googl,2005-12-05,10.073153495788574
googl,2005-12-06,10.040637969970703
googl,2005-12-07,10.032694816589355
googl,2005-12-08,10.19228744506836
googl,2005-12-09,10.156298637390137
googl,2005-12-12,10.240933418273926
googl,2005-12-13,10.362054824829102
googl,2005-12-14,10.398539543151855
googl,2005-12-15,10.487645149230957
googl,2005-12-16,10.676275253295898
googl,2005-12-19,10.538524627685547
googl,2005-12-20,10.666099548339844
googl,2005-12-21,10.581462860107422
googl,2005-12-22,10.723185539245605
googl,2005-12-23,10.695633888244629
googl,2005-12-27,10.539517402648926
googl,2005-12-28,10.590396881103516
googl,2005-12-29,10.42807674407959
googl,2005-12-30,10.296778678894043
googl,2006-01-03,10.802360534667969
googl,2006-01-04,11.05080795288086
googl,2006-01-05,11.199726104736328
googl,2006-01-06,11.55763053894043
googl,2006-01-09,11.588406562805176
googl,2006-01-10,11.659391403198242
googl,2006-01-11,11.705805778503418
googl,2006-01-12,11.507245063781738
googl,2006-01-13,11.572272300720215
googl,2006-01-17,11.593618392944336
googl,2006-01-18,11.042617797851562
googl,2006-01-19,10.832639694213867
googl,2006-01-20,9.914551734924316
googl,2006-01-23,10.610502243041992
googl,2006-01-24,10.995955467224121
googl,2006-01-25,10.747013092041016
googl,2006-01-26,10.778532981872559
googl,2006-01-27,10.759173393249512
googl,2006-01-30,10.593624114990234
googl,2006-01-31,10.738571166992188
googl,2006-02-01,9.972135543823242
googl,2006-02-02,9.829668045043945
googl,2006-02-03,9.470027923583984
googl,2006-02-06,9.558140754699707
googl,2006-02-07,9.131731986999512
googl,2006-02-08,9.160524368286133
googl,2006-02-09,8.904630661010742
googl,2006-02-10,8.999939918518066
googl,2006-02-13,8.58023452758789
googl,2006-02-14,8.521162986755371
googl,2006-02-15,8.497831344604492
googl,2006-02-16,9.095497131347656
googl,2006-02-17,9.15233325958252
googl,2006-02-21,9.098723411560059
googl,2006-02-22,9.071420669555664
googl,2006-02-23,9.383655548095703
googl,2006-02-24,9.367025375366211
googl,2006-02-27,9.689188957214355
googl,2006-02-28,9.000190734863281
googl,2006-03-01,9.054296493530273
googl,2006-03-02,9.3434476852417
googl,2006-03-03,9.386384963989258
googl,2006-03-06,9.136201858520508
googl,2006-03-07,9.045607566833496
googl,2006-03-08,8.783263206481934
googl,2006-03-09,8.513222694396973
googl,2006-03-10,8.37671184539795
googl,2006-03-13,8.365791320800781
googl,2006-03-14,8.715753555297852
googl,2006-03-15,8.55045223236084
googl,2006-03-16,8.408234596252441
googl,2006-03-17,8.433548927307129
googl,2006-03-20,8.642036437988281
googl,2006-03-21,8.436776161193848
googl,2006-03-22,8.444221496582031
googl,2006-03-23,8.485671997070312
googl,2006-03-24,9.079113960266113
googl,2006-03-27,9.175665855407715
googl,2006-03-28,9.362060546875
googl,2006-03-29,9.803359031677246
googl,2006-03-30,9.641037940979004
googl,2006-03-31,9.679758071899414
googl,2006-04-03,9.672309875488281
googl,2006-04-04,10.035674095153809
googl,2006-04-05,10.126265525817871
googl,2006-04-06,10.20544147491455
googl,2006-04-07,10.080845832824707
googl,2006-04-10,10.334506034851074
googl,2006-04-11,10.167716026306152
googl,2006-04-12,10.150093078613281
googl,2006-04-13,9.981565475463867
googl,2006-04-17,10.097228050231934
googl,2006-04-18,10.033190727233887
googl,2006-04-19,10.18856430053711
googl,2006-04-20,10.300251960754395
googl,2006-04-21,10.848773956298828
googl,2006-04-24,10.933161735534668
googl,2006-04-25,10.602062225341797
googl,2006-04-26,10.572527885437012
googl,2006-04-27,10.425098419189453
googl,2006-04-28,10.373224258422852
googl,2006-05-01,9.900652885437012
googl,2006-05-02,9.798891067504883
googl,2006-05-03,9.783254623413086
googl,2006-05-04,9.797651290893555
googl,2006-05-05,9.786480903625488
googl,2006-05-08,9.798395156860352
googl,2006-05-09,10.146371841430664
googl,2006-05-10,10.001919746398926
googl,2006-05-11,9.605298042297363
googl,2006-05-12,9.285863876342773
googl,2006-05-15,9.337242126464844
googl,2006-05-16,9.215624809265137
googl,2006-05-17,9.295047760009766
googl,2006-05-18,9.207930564880371
googl,2006-05-19,9.183855056762695
googl,2006-05-22,9.206938743591309
googl,2006-05-23,9.321855545043945
googl,2006-05-24,9.4625825881958
googl,2006-05-25,9.505768775939941
googl,2006-05-26,9.465063095092773
googl,2006-05-30,9.231510162353516
googl,2006-05-31,9.228531837463379
googl,2006-06-01,9.496586799621582
googl,2006-06-02,9.417657852172852
googl,2006-06-05,9.293559074401855
googl,2006-06-06,9.679509162902832
googl,2006-06-07,9.593134880065918
googl,2006-06-08,9.761661529541016
googl,2006-06-09,9.594627380371094
googl,2006-06-12,9.469780921936035
googl,2006-06-13,9.5933837890625
googl,2006-06-14,9.54051685333252
googl,2006-06-15,9.704577445983887
googl,2006-06-16,9.697131156921387
googl,2006-06-19,9.633590698242188
googl,2006-06-20,9.609517097473145
googl,2006-06-21,9.980820655822754
googl,2006-06-22,9.926715850830078
googl,2006-06-23,10.04858112335205
googl,2006-06-26,10.032694816589355
googl,2006-06-27,9.985536575317383
googl,2006-06-28,10.079607009887695
googl,2006-06-29,10.369997024536133
googl,2006-06-30,10.407723426818848
googl,2006-07-03,10.503777503967285
googl,2006-07-05,10.460590362548828
googl,2006-07-06,10.50352954864502
googl,2006-07-07,10.43552303314209
googl,2006-07-10,10.379677772521973
googl,2006-07-11,10.537530899047852
googl,2006-07-12,10.356100082397461
googl,2006-07-13,10.147114753723145
googl,2006-07-14,10.014826774597168
googl,2006-07-17,10.12378215789795
googl,2006-07-18,10.003656387329102
googl,2006-07-19,9.903136253356934
googl,2006-07-20,9.6082763671875
googl,2006-07-21,9.682486534118652
googl,2006-07-24,9.702095031738281
googl,2006-07-25,9.663873672485352
googl,2006-07-26,9.568068504333496
googl,2006-07-27,9.49112606048584
googl,2006-07-28,9.633094787597656
googl,2006-07-31,9.595370292663574
googl,2006-08-01,9.320116996765137
googl,2006-08-02,9.114608764648438
googl,2006-08-03,9.317139625549316
googl,2006-08-04,9.278916358947754
googl,2006-08-07,9.380677223205566
googl,2006-08-08,9.456378936767578
googl,2006-08-09,9.355608940124512
googl,2006-08-10,9.287599563598633
googl,2006-08-11,9.14612865447998
googl,2006-08-14,9.169214248657227
googl,2006-08-15,9.455633163452148
googl,2006-08-16,9.6231689453125
googl,2006-08-17,9.575514793395996
googl,2006-08-18,9.514952659606934
googl,2006-08-21,9.364543914794922
googl,2006-08-22,9.389115333557129
googl,2006-08-23,9.268489837646484
googl,2006-08-24,9.275936126708984
googl,2006-08-25,9.26427173614502
googl,2006-08-28,9.4551362991333
googl,2006-08-29,9.405496597290039
googl,2006-08-30,9.450172424316406
googl,2006-08-31,9.395072937011719
googl,2006-09-01,9.396809577941895
googl,2006-09-05,9.539772033691406
googl,2006-09-06,9.435033798217773
googl,2006-09-07,9.394079208374023
googl,2006-09-08,9.378195762634277
googl,2006-09-11,9.533071517944336
googl,2006-09-12,9.726914405822754
googl,2006-09-13,10.091022491455078
googl,2006-09-14,10.026739120483398
googl,2006-09-15,10.173176765441895
googl,2006-09-18,10.292561531066895
googl,2006-09-19,10.0225191116333
googl,2006-09-20,9.853494644165039
googl,2006-09-21,10.097970008850098
googl,2006-09-22,10.021774291992188
googl,2006-09-25,10.026739120483398
googl,2006-09-26,10.098468780517578
googl,2006-09-27,10.000429153442383
googl,2006-09-28,10.01681137084961
googl,2006-09-29,9.975112915039062
googl,2006-10-02,9.963696479797363
googl,2006-10-03,10.028227806091309
googl,2006-10-04,10.317626953125
googl,2006-10-05,10.221078872680664
googl,2006-10-06,10.436762809753418
googl,2006-10-09,10.64773178100586
googl,2006-10-10,10.589404106140137
googl,2006-10-11,10.585681915283203
googl,2006-10-12,10.609014511108398
googl,2006-10-13,10.605539321899414
googl,2006-10-16,10.467788696289062
googl,2006-10-17,10.440238952636719
googl,2006-10-18,10.407228469848633
googl,2006-10-19,10.574760437011719
googl,2006-10-20,11.408958435058594
googl,2006-10-23,11.932908058166504
googl,2006-10-24,11.747501373291016
googl,2006-10-25,12.077357292175293
googl,2006-10-26,12.040127754211426
googl,2006-10-27,11.794411659240723
googl,2006-10-30,11.828413009643555
googl,2006-10-31,11.823946952819824
googl,2006-11-01,11.60329818725586
googl,2006-11-02,11.663116455078125
googl,2006-11-03,11.710023880004883
googl,2006-11-06,11.837847709655762
googl,2006-11-07,11.729133605957031
googl,2006-11-08,11.789446830749512
googl,2006-11-09,11.730623245239258
googl,2006-11-10,11.753458976745605
googl,2006-11-13,11.93911075592041
googl,2006-11-14,12.144372940063477
googl,2006-11-15,12.209650039672852
googl,2006-11-16,12.308183670043945
googl,2006-11-17,12.379913330078125
googl,2006-11-20,12.28708553314209
googl,2006-11-21,12.649455070495605
googl,2006-11-22,12.608753204345703
googl,2006-11-24,12.534045219421387
googl,2006-11-27,12.031440734863281
googl,2006-11-28,12.149337768554688
googl,2006-11-29,12.028960227966309
googl,2006-11-30,12.032931327819824
googl,2006-12-01,11.933402061462402
googl,2006-12-04,12.03392219543457
googl,2006-12-05,12.087285995483398
googl,2006-12-06,12.129728317260742
googl,2006-12-07,11.979071617126465
googl,2006-12-08,12.015558242797852
googl,2006-12-11,12.011088371276855
googl,2006-12-12,11.95772647857666
googl,2006-12-13,11.888479232788086
googl,2006-12-14,11.966164588928223
googl,2006-12-15,11.92099380493164
googl,2006-12-18,11.486645698547363
googl,2006-12-19,11.63134479522705
googl,2006-12-20,11.489126205444336
googl,2006-12-21,11.322832107543945
googl,2006-12-22,11.30744457244873
googl,2006-12-26,11.35584545135498
googl,2006-12-27,11.616453170776367
googl,2006-12-28,11.480688095092773
googl,2006-12-29,11.429062843322754
googl,2007-01-03,11.605530738830566
googl,2007-01-04,11.994458198547363
googl,2007-01-05,12.092000961303711
googl,2007-01-08,12.002402305603027
googl,2007-01-09,12.050055503845215
googl,2007-01-10,12.148344039916992
googl,2007-01-11,12.402996063232422
googl,2007-01-12,12.534045219421387
googl,2007-01-16,12.51617431640625
googl,2007-01-17,12.34243392944336
googl,2007-01-18,12.107888221740723
googl,2007-01-19,12.155540466308594
googl,2007-01-22,11.934396743774414
googl,2007-01-23,11.88996696472168
googl,2007-01-24,12.386860847473145
googl,2007-01-25,12.114339828491211
googl,2007-01-26,12.306694030761719
googl,2007-01-29,12.223050117492676
googl,2007-01-30,12.268966674804688
googl,2007-01-31,12.447174072265625
googl,2007-02-01,11.956981658935547
googl,2007-02-02,11.950777053833008
googl,2007-02-05,11.59485912322998
googl,2007-02-06,11.702079772949219
googl,2007-02-07,11.665595054626465
googl,2007-02-08,11.690913200378418
googl,2007-02-09,11.464058876037598
googl,2007-02-12,11.374707221984863
googl,2007-02-13,11.394810676574707
googl,2007-02-14,11.564332008361816
googl,2007-02-15,11.453635215759277
googl,2007-02-16,11.663858413696289
googl,2007-02-20,11.717470169067383
googl,2007-02-21,11.810791015625
googl,2007-02-22,11.810544967651367
googl,2007-02-23,11.68073558807373
googl,2007-02-26,11.539511680603027
googl,2007-02-27,11.138421058654785
googl,2007-02-28,11.155298233032227
googl,2007-03-01,11.125019073486328
googl,2007-03-02,10.887989044189453
googl,2007-03-05,10.944331169128418
googl,2007-03-06,11.356339454650879
googl,2007-03-07,11.30893325805664
googl,2007-03-08,11.286099433898926
googl,2007-03-09,11.242415428161621
googl,2007-03-12,11.286845207214355
googl,2007-03-13,10.995955467224121
googl,2007-03-14,11.119309425354004
googl,2007-03-15,11.074387550354004
googl,2007-03-16,10.941847801208496
googl,2007-03-19,11.100198745727539
googl,2007-03-20,11.051799774169922
googl,2007-03-21,11.331521034240723
googl,2007-03-22,11.467782020568848
googl,2007-03-23,11.462569236755371
googl,2007-03-26,11.541248321533203
googl,2007-03-27,11.506998062133789
googl,2007-03-28,11.463810920715332
googl,2007-03-29,11.439984321594238
googl,2007-03-30,11.371479034423828
googl,2007-04-02,11.38066291809082
googl,2007-04-03,11.729880332946777
googl,2007-04-04,11.690664291381836
googl,2007-04-05,11.702825546264648
googl,2007-04-09,11.620920181274414
googl,2007-04-10,11.57847785949707
googl,2007-04-11,11.529582977294922
googl,2007-04-12,11.600567817687988
googl,2007-04-13,11.573265075683594
googl,2007-04-16,11.771329879760742
googl,2007-04-17,11.734843254089355
googl,2007-04-18,11.81451416015625
googl,2007-04-19,11.706299781799316
googl,2007-04-20,11.97510051727295
googl,2007-04-23,11.89071273803711
googl,2007-04-24,11.852241516113281
googl,2007-04-25,11.863658905029297
googl,2007-04-26,11.942834854125977
googl,2007-04-27,11.888975143432617
googl,2007-04-30,11.69959831237793
googl,2007-05-01,11.640528678894043
googl,2007-05-02,11.56060791015625
googl,2007-05-03,11.745516777038574
googl,2007-05-04,11.693146705627441
googl,2007-05-07,11.597588539123535
googl,2007-05-08,11.586173057556152
googl,2007-05-09,11.64673137664795
googl,2007-05-10,11.453635215759277
googl,2007-05-11,11.584434509277344
googl,2007-05-14,11.461326599121094
googl,2007-05-15,11.367507934570312
googl,2007-05-16,11.73012638092041
googl,2007-05-17,11.68917465209961
googl,2007-05-18,11.67328929901123
googl,2007-05-21,11.680240631103516
googl,2007-05-22,11.810791015625
googl,2007-05-23,11.763883590698242
googl,2007-05-24,11.772817611694336
googl,2007-05-25,12.0009126663208
googl,2007-05-29,12.090018272399902
googl,2007-05-30,12.375194549560547
googl,2007-05-31,12.35806941986084
googl,2007-06-01,12.41987133026123
googl,2007-06-04,12.585420608520508
googl,2007-06-05,12.877551078796387
googl,2007-06-06,12.862907409667969
googl,2007-06-07,12.783732414245605
googl,2007-06-08,12.794404983520508
googl,2007-06-11,12.69140338897705
googl,2007-06-12,12.528335571289062
googl,2007-06-13,12.54000186920166
googl,2007-06-14,12.480433464050293
googl,2007-06-15,12.556133270263672
googl,2007-06-18,12.78720760345459
googl,2007-06-19,12.765116691589355
googl,2007-06-20,12.657398223876953
googl,2007-06-21,12.760151863098145
googl,2007-06-22,13.029946327209473
googl,2007-06-25,13.090507507324219
googl,2007-06-26,13.160993576049805
googl,2007-06-27,13.062458992004395
googl,2007-06-28,13.030688285827637
googl,2007-06-29,12.973355293273926
googl,2007-07-02,13.163973808288574
googl,2007-07-03,13.262260437011719
googl,2007-07-05,13.443197250366211
googl,2007-07-06,13.387847900390625
googl,2007-07-09,13.466279983520508
googl,2007-07-10,13.485638618469238
googl,2007-07-11,13.513684272766113
googl,2007-07-12,13.535030364990234
googl,2007-07-13,13.704548835754395
googl,2007-07-16,13.725150108337402
googl,2007-07-17,13.775038719177246
googl,2007-07-18,13.638528823852539
googl,2007-07-19,13.615942001342773
googl,2007-07-20,12.909320831298828
googl,2007-07-23,12.720441818237305
googl,2007-07-24,12.757424354553223
googl,2007-07-25,12.652186393737793
googl,2007-07-26,12.608504295349121
googl,2007-07-27,12.705052375793457
googl,2007-07-30,12.809793472290039
googl,2007-07-31,12.658143043518066
googl,2007-08-01,12.731115341186523
googl,2007-08-02,12.683213233947754
googl,2007-08-03,12.484405517578125
googl,2007-08-06,12.658143043518066
googl,2007-08-07,12.8075590133667
googl,2007-08-08,13.049800872802734
googl,2007-08-09,12.775542259216309
googl,2007-08-10,12.800857543945312
googl,2007-08-13,12.79465389251709
googl,2007-08-14,12.623395919799805
googl,2007-08-15,12.349137306213379
googl,2007-08-16,12.199471473693848
googl,2007-08-17,12.410937309265137
googl,2007-08-20,12.358319282531738
googl,2007-08-21,12.574005126953125
googl,2007-08-22,12.726397514343262
googl,2007-08-23,12.712498664855957
googl,2007-08-24,12.782244682312012
googl,2007-08-27,12.739055633544922
googl,2007-08-28,12.568791389465332
googl,2007-08-29,12.72962474822998
googl,2007-08-30,12.692893028259277
googl,2007-08-31,12.788446426391602
googl,2007-09-04,13.03416633605957
googl,2007-09-05,13.099936485290527
googl,2007-09-06,12.993709564208984
googl,2007-09-07,12.890210151672363
googl,2007-09-10,12.769335746765137
googl,2007-09-11,12.939352989196777
googl,2007-09-12,12.972114562988281
googl,2007-09-13,13.024981498718262
googl,2007-09-14,13.123517036437988
googl,2007-09-17,13.037886619567871
googl,2007-09-18,13.285343170166016
googl,2007-09-19,13.572754859924316
googl,2007-09-20,13.721179962158203
googl,2007-09-21,13.901619911193848
googl,2007-09-24,14.098193168640137
googl,2007-09-25,14.122516632080078
googl,2007-09-26,14.101668357849121
googl,2007-09-27,14.085287094116211
googl,2007-09-28,14.079578399658203
googl,2007-10-01,14.458826065063477
googl,2007-10-02,14.504495620727539
googl,2007-10-03,14.495311737060547
googl,2007-10-04,14.3714599609375
googl,2007-10-05,14.744255065917969
googl,2007-10-08,15.130701065063477
googl,2007-10-09,15.268697738647461
googl,2007-10-10,15.522109985351562
googl,2007-10-11,15.437971115112305
googl,2007-10-12,15.819950103759766
googl,2007-10-15,15.391060829162598
googl,2007-10-16,15.289051055908203
googl,2007-10-17,15.72290325164795
googl,2007-10-18,15.875297546386719
googl,2007-10-19,16.001630783081055
googl,2007-10-22,16.15154266357422
googl,2007-10-23,16.772537231445312
googl,2007-10-24,16.77377700805664
googl,2007-10-25,16.592344284057617
googl,2007-10-26,16.743494033813477
googl,2007-10-29,16.85841178894043
googl,2007-10-30,17.244115829467773
googl,2007-10-31,17.54766273498535
googl,2007-11-01,17.453594207763672
googl,2007-11-02,17.653146743774414
googl,2007-11-05,18.01055335998535
googl,2007-11-06,18.41114616394043
googl,2007-11-07,18.191490173339844
googl,2007-11-08,17.221033096313477
googl,2007-11-09,16.47966194152832
googl,2007-11-12,15.687907218933105
googl,2007-11-13,16.394777297973633
googl,2007-11-14,15.92642593383789
googl,2007-11-15,15.627843856811523
googl,2007-11-16,15.7266263961792
googl,2007-11-19,15.533528327941895
googl,2007-11-20,16.09669303894043
googl,2007-11-21,16.394031524658203
googl,2007-11-23,16.79561996459961
googl,2007-11-26,16.530046463012695
googl,2007-11-27,16.717933654785156
googl,2007-11-28,17.181814193725586
googl,2007-11-29,17.299461364746094
googl,2007-11-30,17.20018196105957
googl,2007-12-03,16.91550064086914
googl,2007-12-04,16.980772018432617
googl,2007-12-05,17.336938858032227
googl,2007-12-06,17.752674102783203
googl,2007-12-07,17.742996215820312
googl,2007-12-10,17.831106185913086
googl,2007-12-11,17.354063034057617
googl,2007-12-12,17.357789993286133
googl,2007-12-13,17.226247787475586
googl,2007-12-14,17.12472915649414
googl,2007-12-17,16.610214233398438
googl,2007-12-18,16.712472915649414
googl,2007-12-19,16.812246322631836
googl,2007-12-20,17.118026733398438
googl,2007-12-21,17.29176902770996
googl,2007-12-24,17.392040252685547
googl,2007-12-26,17.64297103881836
googl,2007-12-27,17.39228630065918
googl,2007-12-28,17.436717987060547
googl,2007-12-31,17.162456512451172
googl,2008-01-02,17.00634002685547
googl,2008-01-03,17.00981330871582
googl,2008-01-04,16.306665420532227
googl,2008-01-07,16.11431121826172
googl,2008-01-08,15.678228378295898
googl,2008-01-09,16.212350845336914
googl,2008-01-10,16.051767349243164
googl,2008-01-11,15.841294288635254
googl,2008-01-14,16.227739334106445
googl,2008-01-15,15.826401710510254
googl,2008-01-16,15.287809371948242
googl,2008-01-17,14.911540985107422
googl,2008-01-18,14.898137092590332
googl,2008-01-22,14.503500938415527
googl,2008-01-23,13.616687774658203
googl,2008-01-24,14.258777618408203
googl,2008-01-25,14.057985305786133
googl,2008-01-28,13.799361228942871
googl,2008-01-29,13.663846015930176
googl,2008-01-30,13.607999801635742
googl,2008-01-31,14.005865097045898
googl,2008-02-01,12.804580688476562
googl,2008-02-04,12.296516418457031
googl,2008-02-05,12.578720092773438
googl,2008-02-06,12.452385902404785
googl,2008-02-07,12.53280258178711
googl,2008-02-08,12.824188232421875
googl,2008-02-11,12.935134887695312
googl,2008-02-12,12.858936309814453
googl,2008-02-13,13.269207954406738
googl,2008-02-14,13.210386276245117
googl,2008-02-15,13.145606994628906
googl,2008-02-19,12.63208293914795
googl,2008-02-20,12.633323669433594
googl,2008-02-21,12.480927467346191
googl,2008-02-22,12.603540420532227
googl,2008-02-25,12.073387145996094
googl,2008-02-26,11.521143913269043
googl,2008-02-27,11.736333847045898
googl,2008-02-28,11.799129486083984
googl,2008-02-29,11.694635391235352
googl,2008-03-03,11.343185424804688
googl,2008-03-04,11.03492259979248
googl,2008-03-05,11.111863136291504
googl,2008-03-06,10.739566802978516
googl,2008-03-07,10.75570011138916
googl,2008-03-10,10.266002655029297
googl,2008-03-11,10.916779518127441
googl,2008-03-12,10.925220489501953
googl,2008-03-13,10.99545955657959
googl,2008-03-14,10.869125366210938
googl,2008-03-17,10.421127319335938
googl,2008-03-18,10.89990234375
googl,2008-03-19,10.72219181060791
googl,2008-03-20,10.760663032531738
googl,2008-03-24,11.431048393249512
googl,2008-03-25,11.188309669494629
googl,2008-03-26,11.372224807739258
googl,2008-03-27,11.022018432617188
googl,2008-03-28,10.87309741973877
googl,2008-03-31,10.932415962219238
googl,2008-04-01,11.558869361877441
googl,2008-04-02,11.558621406555176
googl,2008-04-03,11.296027183532715
googl,2008-04-04,11.692400932312012
googl,2008-04-07,11.834619522094727
googl,2008-04-08,11.610992431640625
googl,2008-04-09,11.521143913269043
googl,2008-04-10,11.642513275146484
googl,2008-04-11,11.35385799407959
googl,2008-04-14,11.210150718688965
googl,2008-04-15,11.090518951416016
googl,2008-04-16,11.293794631958008
googl,2008-04-17,11.157533645629883
googl,2008-04-18,13.38809585571289
googl,2008-04-21,13.34788703918457
googl,2008-04-22,13.775038719177246
googl,2008-04-23,13.563822746276855
googl,2008-04-24,13.478191375732422
googl,2008-04-25,13.503508567810059
googl,2008-04-28,13.703557968139648
googl,2008-04-29,13.861164093017578
googl,2008-04-30,14.253814697265625
googl,2008-05-01,14.720179557800293
googl,2008-05-02,14.427553176879883
googl,2008-05-05,14.765352249145508
googl,2008-05-06,14.553389549255371
googl,2008-05-07,14.37071418762207
googl,2008-05-08,14.470242500305176
googl,2008-05-09,14.226759910583496
googl,2008-05-12,14.518144607543945
googl,2008-05-13,14.469996452331543
googl,2008-05-14,14.303701400756836
googl,2008-05-15,14.420356750488281
googl,2008-05-16,14.397273063659668
googl,2008-05-19,14.33398151397705
googl,2008-05-20,14.360787391662598
googl,2008-05-21,13.650691032409668
googl,2008-05-22,13.637537002563477
googl,2008-05-23,13.517409324645996
googl,2008-05-27,13.921476364135742
googl,2008-05-28,14.103652000427246
googl,2008-05-29,14.469996452331543
googl,2008-05-30,14.539491653442383
googl,2008-06-02,14.27143669128418
googl,2008-06-03,14.080324172973633
googl,2008-06-04,14.202437400817871
googl,2008-06-05,14.551900863647461
googl,2008-06-06,14.0728759765625
googl,2008-06-09,13.846270561218262
googl,2008-06-10,13.754437446594238
googl,2008-06-11,13.531804084777832
googl,2008-06-12,13.724159240722656
googl,2008-06-13,14.184815406799316
googl,2008-06-16,14.217082023620605
googl,2008-06-17,14.133934020996094
googl,2008-06-18,13.958209991455078
googl,2008-06-19,13.90410327911377
googl,2008-06-20,13.562331199645996
googl,2008-06-23,13.532052040100098
googl,2008-06-24,13.45982551574707
googl,2008-06-25,13.675756454467773
googl,2008-06-26,13.125253677368164
googl,2008-06-27,13.106637954711914
googl,2008-06-30,13.06568717956543
googl,2008-07-01,13.271939277648926
googl,2008-07-02,13.081074714660645
googl,2008-07-03,13.32828140258789
googl,2008-07-07,13.499784469604492
googl,2008-07-08,13.763372421264648
googl,2008-07-09,13.44120979309082
googl,2008-07-10,13.416886329650879
googl,2008-07-11,13.248856544494629
googl,2008-07-14,12.946551322937012
googl,2008-07-15,12.809296607971191
googl,2008-07-16,13.293532371520996
googl,2008-07-17,13.239921569824219
googl,2008-07-18,11.946308135986328
googl,2008-07-21,11.635565757751465
googl,2008-07-22,11.841816902160645
googl,2008-07-23,12.14238452911377
googl,2008-07-24,11.80483627319336
googl,2008-07-25,12.21088981628418
googl,2008-07-28,11.842066764831543
googl,2008-07-29,11.990736961364746
googl,2008-07-30,11.980560302734375
googl,2008-07-31,11.7584228515625
googl,2008-08-01,11.61223316192627
googl,2008-08-04,11.491610527038574
googl,2008-08-05,11.909823417663574
googl,2008-08-06,12.070905685424805
googl,2008-08-07,11.891705513000488
googl,2008-08-08,12.286093711853027
googl,2008-08-11,12.430793762207031
googl,2008-08-12,12.474725723266602
googl,2008-08-13,12.410687446594238
googl,2008-08-14,12.546205520629883
googl,2008-08-15,12.661866188049316
googl,2008-08-18,12.36775016784668
googl,2008-08-19,12.174155235290527
googl,2008-08-20,12.037647247314453
googl,2008-08-21,12.0756196975708
googl,2008-08-22,12.176389694213867
googl,2008-08-25,11.98825454711914
googl,2008-08-26,11.768599510192871
googl,2008-08-27,11.63010311126709
googl,2008-08-28,11.75916576385498
googl,2008-08-29,11.49880599975586
googl,2008-09-02,11.547453880310059
googl,2008-09-03,11.526604652404785
googl,2008-09-04,11.175403594970703
googl,2008-09-05,11.026235580444336
googl,2008-09-08,10.423112869262695
googl,2008-09-09,10.391096115112305
googl,2008-09-10,10.27940559387207
googl,2008-09-11,10.765626907348633
googl,2008-09-12,10.862671852111816
googl,2008-09-15,10.768356323242188
googl,2008-09-16,10.993473052978516
googl,2008-09-17,10.287596702575684
googl,2008-09-18,10.897916793823242
googl,2008-09-19,11.147852897644043
googl,2008-09-22,10.676026344299316
googl,2008-09-23,10.654433250427246
googl,2008-09-24,10.799384117126465
googl,2008-09-25,10.910822868347168
googl,2008-09-26,10.698365211486816
googl,2008-09-29,9.456378936767578
googl,2008-09-30,9.940860748291016
googl,2008-10-01,10.218843460083008
googl,2008-10-02,9.69191837310791
googl,2008-10-03,9.603062629699707
googl,2008-10-06,9.213391304016113
googl,2008-10-07,8.587929725646973
googl,2008-10-08,8.391853332519531
googl,2008-10-09,8.165247917175293
googl,2008-10-10,8.240202903747559
googl,2008-10-13,9.456872940063477
googl,2008-10-14,9.002422332763672
googl,2008-10-15,8.418161392211914
googl,2008-10-16,8.761916160583496
googl,2008-10-17,9.2464017868042
googl,2008-10-20,9.414679527282715
googl,2008-10-21,9.003414154052734
googl,2008-10-22,8.827691078186035
googl,2008-10-23,8.744544982910156
googl,2008-10-24,8.42113971710205
googl,2008-10-27,8.177906036376953
googl,2008-10-28,9.15233325958252
googl,2008-10-29,8.885519027709961
googl,2008-10-30,8.927464485168457
googl,2008-10-31,8.919275283813477
googl,2008-11-03,8.599843978881836
googl,2008-11-04,9.107409477233887
googl,2008-11-05,8.494359970092773
googl,2008-11-06,8.220843315124512
googl,2008-11-07,8.21885871887207
googl,2008-11-10,7.912083148956299
googl,2008-11-11,7.730401992797852
googl,2008-11-12,7.2225871086120605
googl,2008-11-13,7.745791435241699
googl,2008-11-14,7.6946611404418945
googl,2008-11-17,7.448945045471191
googl,2008-11-18,7.381931304931641
googl,2008-11-19,6.954036712646484
googl,2008-11-20,6.442249298095703
googl,2008-11-21,6.513483047485352
googl,2008-11-24,6.389631271362305
googl,2008-11-25,7.0004496574401855
googl,2008-11-26,7.249641418457031
googl,2008-11-28,7.271234512329102
googl,2008-12-01,6.601841449737549
googl,2008-12-02,6.828200817108154
googl,2008-12-03,6.935421466827393
googl,2008-12-04,6.809088230133057
googl,2008-12-05,7.048600196838379
googl,2008-12-08,7.498336315155029
googl,2008-12-09,7.594141960144043
googl,2008-12-10,7.664877414703369
googl,2008-12-11,7.4514265060424805
googl,2008-12-12,7.837128639221191
googl,2008-12-15,7.7107954025268555
googl,2008-12-16,8.073413848876953
googl,2008-12-17,7.824222087860107
googl,2008-12-18,7.701115131378174
googl,2008-12-19,7.698385238647461
googl,2008-12-22,7.374237060546875
googl,2008-12-23,7.396823406219482
googl,2008-12-24,7.519184589385986
googl,2008-12-26,7.454902172088623
googl,2008-12-29,7.381931304931641
googl,2008-12-30,7.523156642913818
googl,2008-12-31,7.635838985443115
googl,2009-01-02,7.975127220153809
googl,2009-01-05,8.14216423034668
googl,2009-01-06,8.291332244873047
googl,2009-01-07,7.992251396179199
googl,2009-01-08,8.071178436279297
googl,2009-01-09,7.820002555847168
googl,2009-01-12,7.760931491851807
googl,2009-01-13,7.801388263702393
googl,2009-01-14,7.4700422286987305
googl,2009-01-15,7.420897960662842
googl,2009-01-16,7.437775611877441
googl,2009-01-20,7.017824172973633
googl,2009-01-21,7.5224127769470215
googl,2009-01-22,7.607295036315918
googl,2009-01-23,8.059019088745117
googl,2009-01-26,8.03841781616211
googl,2009-01-27,8.227296829223633
googl,2009-01-28,8.653949737548828
googl,2009-01-29,8.521162986755371
googl,2009-01-30,8.402276992797852
googl,2009-02-02,8.452909469604492
googl,2009-02-03,8.449931144714355
googl,2009-02-04,8.513222694396973
googl,2009-02-05,8.779291152954102
googl,2009-02-06,9.215127944946289
googl,2009-02-09,9.401029586791992
googl,2009-02-10,8.898179054260254
googl,2009-02-11,8.886512756347656
googl,2009-02-12,9.010860443115234
googl,2009-02-13,8.877578735351562
googl,2009-02-17,8.504782676696777
googl,2009-02-18,8.764152526855469
googl,2009-02-19,8.504288673400879
googl,2009-02-20,8.598851203918457
googl,2009-02-23,8.192051887512207
googl,2009-02-24,8.574029922485352
googl,2009-02-25,8.479467391967773
googl,2009-02-26,8.368769645690918
googl,2009-02-27,8.388874053955078
googl,2009-03-02,8.120074272155762
googl,2009-03-03,8.078376770019531
googl,2009-03-04,7.9155592918396
googl,2009-03-05,7.585951805114746
googl,2009-03-06,7.658673286437988
googl,2009-03-09,7.219857692718506
googl,2009-03-10,7.648745536804199
googl,2009-03-11,7.890490531921387
googl,2009-03-12,8.029977798461914
googl,2009-03-13,8.052067756652832
googl,2009-03-16,7.9346699714660645
googl,2009-03-17,8.323101043701172
googl,2009-03-18,8.267504692077637
googl,2009-03-19,8.18907356262207
googl,2009-03-20,8.194535255432129
googl,2009-03-23,8.652214050292969
googl,2009-03-24,8.616721153259277
googl,2009-03-25,8.539778709411621
googl,2009-03-26,8.768617630004883
googl,2009-03-27,8.629876136779785
googl,2009-03-30,8.50552749633789
googl,2009-03-31,8.638809204101562
googl,2009-04-01,8.788475036621094
googl,2009-04-02,8.997210502624512
googl,2009-04-03,9.177898406982422
googl,2009-04-06,9.13967514038086
googl,2009-04-07,8.901652336120605
googl,2009-04-08,8.984800338745117
googl,2009-04-09,9.245408058166504
googl,2009-04-13,9.384648323059082
googl,2009-04-14,9.156304359436035
googl,2009-04-15,9.419147491455078
googl,2009-04-16,9.648481369018555
googl,2009-04-17,9.735352516174316
googl,2009-04-20,9.414183616638184
googl,2009-04-21,9.468042373657227
googl,2009-04-22,9.527361869812012
googl,2009-04-23,9.54796314239502
googl,2009-04-24,9.667098999023438
googl,2009-04-27,9.579235076904297
googl,2009-04-28,9.523639678955078
googl,2009-04-29,9.716240882873535
googl,2009-04-30,9.827929496765137
googl,2009-05-01,9.771342277526855
googl,2009-05-04,9.977099418640137
googl,2009-05-05,10.002166748046875
googl,2009-05-06,10.014081001281738
googl,2009-05-07,9.843815803527832
googl,2009-05-08,10.109884262084961
googl,2009-05-11,10.126019477844238
googl,2009-05-12,9.9033842086792
googl,2009-05-13,9.66833782196045
googl,2009-05-14,9.617708206176758
googl,2009-05-15,9.679758071899414
googl,2009-05-18,9.849525451660156
googl,2009-05-19,9.900157928466797
googl,2009-05-20,9.857962608337402
googl,2009-05-21,9.841085433959961
googl,2009-05-22,9.76662540435791
googl,2009-05-26,10.03617000579834
googl,2009-05-27,10.065954208374023
googl,2009-05-28,10.186083793640137
googl,2009-05-29,10.35560131072998
googl,2009-06-01,10.587170600891113
googl,2009-06-02,10.632840156555176
googl,2009-06-03,10.713504791259766
googl,2009-06-04,10.92770004272461
googl,2009-06-05,11.027972221374512
googl,2009-06-08,10.89022159576416
googl,2009-06-09,10.81203842163086
googl,2009-06-10,10.737083435058594
googl,2009-06-11,10.64773178100586
googl,2009-06-12,10.544483184814453
googl,2009-06-15,10.344183921813965
googl,2009-06-16,10.3250732421875
googl,2009-06-17,10.304224967956543
googl,2009-06-18,10.276924133300781
googl,2009-06-19,10.426587104797363
googl,2009-06-22,10.110382080078125
googl,2009-06-23,10.06893253326416
googl,2009-06-24,10.158531188964844
googl,2009-06-25,10.319366455078125
googl,2009-06-26,10.556395530700684
googl,2009-06-29,10.527108192443848
googl,2009-06-30,10.463815689086914
googl,2009-07-01,10.399285316467285
googl,2009-07-02,10.13867473602295
googl,2009-07-06,10.166475296020508
googl,2009-07-07,9.84431266784668
googl,2009-07-08,9.989755630493164
googl,2009-07-09,10.185832977294922
googl,2009-07-10,10.285360336303711
googl,2009-07-13,10.531079292297363
googl,2009-07-14,10.54075813293457
googl,2009-07-15,10.875329971313477
googl,2009-07-16,10.985281944274902
googl,2009-07-17,10.678757667541504
googl,2009-07-20,10.67677116394043
googl,2009-07-21,10.620429992675781
googl,2009-07-22,10.615218162536621
googl,2009-07-23,10.854729652404785
googl,2009-07-24,11.087540626525879
googl,2009-07-27,11.039887428283691
googl,2009-07-28,10.917028427124023
googl,2009-07-29,10.827428817749023
googl,2009-07-30,11.060735702514648
googl,2009-07-31,10.996451377868652
googl,2009-08-03,11.22380256652832
googl,2009-08-04,11.261527061462402
googl,2009-08-05,11.197246551513672
googl,2009-08-06,11.177884101867676
googl,2009-08-07,11.345171928405762
googl,2009-08-10,11.333009719848633
googl,2009-08-11,11.266740798950195
googl,2009-08-12,11.381905555725098
googl,2009-08-13,11.473738670349121
googl,2009-08-14,11.41714859008789
googl,2009-08-17,11.042119979858398
googl,2009-08-18,11.051799774169922
googl,2009-08-19,11.019286155700684
googl,2009-08-20,11.427326202392578
googl,2009-08-21,11.54720401763916
googl,2009-08-24,11.633827209472656
googl,2009-08-25,11.699352264404297
googl,2009-08-26,11.615708351135254
googl,2009-08-27,11.567557334899902
googl,2009-08-28,11.535041809082031
googl,2009-08-31,11.458598136901855
googl,2009-09-01,11.311912536621094
googl,2009-09-02,11.243659019470215
googl,2009-09-03,11.355595588684082
googl,2009-09-04,11.449414253234863
googl,2009-09-08,11.382898330688477
googl,2009-09-09,11.5156831741333
googl,2009-09-10,11.688678741455078
googl,2009-09-11,11.718461990356445
googl,2009-09-14,11.792425155639648
googl,2009-09-15,11.852489471435547
googl,2009-09-16,12.119303703308105
googl,2009-09-17,12.204435348510742
googl,2009-09-18,12.197983741760254
googl,2009-09-21,12.335485458374023
googl,2009-09-22,12.386613845825195
googl,2009-09-23,12.371722221374512
googl,2009-09-24,12.3297758102417
googl,2009-09-25,12.223297119140625
googl,2009-09-28,12.37346076965332
googl,2009-09-29,12.37346076965332
googl,2009-09-30,12.306941986083984
googl,2009-10-01,12.092248916625977
googl,2009-10-02,12.027222633361816
googl,2009-10-05,12.125011444091797
googl,2009-10-06,12.378671646118164
googl,2009-10-07,12.845283508300781
googl,2009-10-08,12.761889457702637
googl,2009-10-09,12.813267707824707
googl,2009-10-12,13.006614685058594
googl,2009-10-13,13.057991981506348
googl,2009-10-14,13.286582946777344
googl,2009-10-15,13.15230941772461
googl,2009-10-16,13.647215843200684
googl,2009-10-19,13.702813148498535
googl,2009-10-20,13.69363021850586
googl,2009-10-21,13.678239822387695
googl,2009-10-22,13.752450942993164
googl,2009-10-23,13.742523193359375
googl,2009-10-26,13.755431175231934
googl,2009-10-27,13.608497619628906
googl,2009-10-28,13.410185813903809
googl,2009-10-29,13.677000045776367
googl,2009-10-30,13.306439399719238
googl,2009-11-02,13.253572463989258
googl,2009-11-03,13.335477828979492
googl,2009-11-04,13.410931587219238
googl,2009-11-05,13.617431640625
googl,2009-11-06,13.678239822387695
googl,2009-11-09,13.96143627166748
googl,2009-11-10,14.066920280456543
googl,2009-11-11,14.161235809326172
googl,2009-11-12,14.093974113464355
googl,2009-11-13,14.198217391967773
googl,2009-11-16,14.303204536437988
googl,2009-11-17,14.33323860168457
googl,2009-11-18,14.312389373779297
googl,2009-11-19,14.221548080444336
googl,2009-11-20,14.146342277526855
googl,2009-11-23,14.453862190246582
googl,2009-11-24,14.47222900390625
googl,2009-11-25,14.538002967834473
googl,2009-11-27,14.389577865600586
googl,2009-11-30,14.469996452331543
googl,2009-12-01,14.640507698059082
googl,2009-12-02,14.581931114196777
googl,2009-12-03,14.538002967834473
googl,2009-12-04,14.519883155822754
googl,2009-12-07,14.550661087036133
googl,2009-12-08,14.570515632629395
googl,2009-12-09,14.61941146850586
googl,2009-12-10,14.680964469909668
googl,2009-12-11,14.656391143798828
googl,2009-12-14,14.7859525680542
googl,2009-12-15,14.721668243408203
googl,2009-12-16,14.836337089538574
googl,2009-12-17,14.741524696350098
googl,2009-12-18,14.803075790405273
googl,2009-12-21,14.859170913696289
googl,2009-12-22,14.919733047485352
googl,2009-12-23,15.181830406188965
googl,2009-12-24,15.350604057312012
googl,2009-12-28,15.459563255310059
googl,2009-12-29,15.373438835144043
googl,2009-12-30,15.45608901977539
googl,2009-12-31,15.387834548950195
googl,2010-01-04,15.555865287780762
googl,2010-01-05,15.487361907958984
googl,2010-01-06,15.096944808959961
googl,2010-01-07,14.745495796203613
googl,2010-01-08,14.942070960998535
googl,2010-01-11,14.919483184814453
googl,2010-01-12,14.655648231506348
googl,2010-01-13,14.57150936126709
googl,2010-01-14,14.640012741088867
googl,2010-01-15,14.395536422729492
googl,2010-01-19,14.584662437438965
googl,2010-01-20,14.40571117401123
googl,2010-01-21,14.469498634338379
googl,2010-01-22,13.6511869430542
googl,2010-01-25,13.402741432189941
googl,2010-01-26,13.46280574798584
googl,2010-01-27,13.45486068725586
googl,2010-01-28,13.261017799377441
googl,2010-01-29,13.15305233001709
googl,2010-02-01,13.229497909545898
googl,2010-02-02,13.182337760925293
googl,2010-02-03,13.423091888427734
googl,2010-02-04,13.07462215423584
googl,2010-02-05,13.18655776977539
googl,2010-02-08,13.2406644821167
googl,2010-02-09,13.314380645751953
googl,2010-02-10,13.264989852905273
googl,2010-02-11,13.313387870788574
googl,2010-02-12,13.231978416442871
googl,2010-02-16,13.435006141662598
googl,2010-02-17,13.358312606811523
googl,2010-02-18,13.482661247253418
googl,2010-02-19,13.421603202819824
googl,2010-02-22,13.472236633300781
googl,2010-02-23,13.280378341674805
googl,2010-02-24,13.191025733947754
googl,2010-02-25,13.065933227539062
googl,2010-02-26,13.075117111206055
googl,2010-03-01,13.221306800842285
googl,2010-03-02,13.429049491882324
googl,2010-03-03,13.534781455993652
googl,2010-03-04,13.764862060546875
googl,2010-03-05,14.003628730773926
googl,2010-03-08,13.96069049835205
googl,2010-03-09,13.903854370117188
googl,2010-03-10,14.307425498962402
googl,2010-03-11,14.423830032348633
googl,2010-03-12,14.384117126464844
googl,2010-03-15,13.97806453704834
googl,2010-03-16,14.028200149536133
googl,2010-03-17,14.037137985229492
googl,2010-03-18,14.057985305786133
googl,2010-03-19,13.899137496948242
googl,2010-03-22,13.837088584899902
googl,2010-03-23,13.626118659973145
googl,2010-03-24,13.832869529724121
googl,2010-03-25,13.970619201660156
googl,2010-03-26,13.965902328491211
googl,2010-03-29,13.959946632385254
googl,2010-03-30,14.065679550170898
googl,2010-03-31,14.07585620880127
googl,2010-04-01,14.117552757263184
googl,2010-04-05,14.172406196594238
googl,2010-04-06,14.103158950805664
googl,2010-04-07,13.9870023727417
googl,2010-04-08,14.085039138793945
googl,2010-04-09,14.05351734161377
googl,2010-04-12,14.215095520019531
googl,2010-04-13,14.563567161560059
googl,2010-04-14,14.618915557861328
googl,2010-04-15,14.775280952453613
googl,2010-04-16,13.6546630859375
googl,2010-04-19,13.653420448303223
googl,2010-04-20,13.776031494140625
googl,2010-04-21,13.75766372680664
googl,2010-04-22,13.577969551086426
googl,2010-04-23,13.526591300964355
googl,2010-04-26,13.195244789123535
googl,2010-04-27,13.131209373474121
googl,2010-04-28,13.134435653686523
googl,2010-04-29,13.204180717468262
googl,2010-04-30,13.04781436920166
googl,2010-05-03,13.169432640075684
googl,2010-05-04,12.568046569824219
googl,2010-05-05,12.652186393737793
googl,2010-05-06,12.376933097839355
googl,2010-05-07,12.239681243896484
googl,2010-05-10,12.947294235229492
googl,2010-05-11,12.634563446044922
googl,2010-05-12,12.543722152709961
googl,2010-05-13,12.679985046386719
googl,2010-05-14,12.59683895111084
googl,2010-05-17,12.607759475708008
googl,2010-05-18,12.369487762451172
googl,2010-05-19,12.271698951721191
googl,2010-05-20,11.78969669342041
googl,2010-05-21,11.716227531433105
googl,2010-05-24,11.843057632446289
googl,2010-05-25,11.840825080871582
googl,2010-05-26,11.801112174987793
googl,2010-05-27,12.173162460327148
googl,2010-05-28,12.053282737731934
googl,2010-06-01,11.972370147705078
googl,2010-06-02,12.24538803100586
googl,2010-06-03,12.54893684387207
googl,2010-06-04,12.378174781799316
googl,2010-06-07,12.050551414489746
googl,2010-06-08,12.032185554504395
googl,2010-06-09,11.765124320983887
googl,2010-06-10,12.08753490447998
googl,2010-06-11,12.124515533447266
googl,2010-06-14,11.992722511291504
googl,2010-06-15,12.360055923461914
googl,2010-06-16,12.441465377807617
googl,2010-06-17,12.411931037902832
googl,2010-06-18,12.410687446594238
googl,2010-06-21,12.126004219055176
googl,2010-06-22,12.068669319152832
googl,2010-06-23,11.964427947998047
googl,2010-06-24,11.791929244995117
googl,2010-06-25,11.731864929199219
googl,2010-06-28,11.716972351074219
googl,2010-06-29,11.274682998657227
googl,2010-06-30,11.043608665466309
googl,2010-07-01,10.908093452453613
googl,2010-07-02,10.835122108459473
googl,2010-07-06,10.823208808898926
googl,2010-07-07,11.173913955688477
googl,2010-07-08,11.331768035888672
googl,2010-07-09,11.603048324584961
googl,2010-07-12,11.810047149658203
googl,2010-07-13,12.141890525817871
googl,2010-07-14,12.195005416870117
googl,2010-07-15,12.261520385742188
googl,2010-07-16,11.407470703125
googl,2010-07-19,11.570535659790039
googl,2010-07-20,11.953010559082031
googl,2010-07-21,11.851496696472168
googl,2010-07-22,12.032931327819824
googl,2010-07-23,12.163236618041992
googl,2010-07-26,12.136181831359863
googl,2010-07-27,12.227023124694824
googl,2010-07-28,12.021512985229492
googl,2010-07-29,12.037397384643555
googl,2010-07-30,12.03392219543457
googl,2010-08-02,12.171921730041504
googl,2010-08-03,12.157526016235352
googl,2010-08-04,12.56680679321289
googl,2010-08-05,12.610984802246094
googl,2010-08-06,12.415404319763184
googl,2010-08-09,12.542731285095215
googl,2010-08-10,12.502026557922363
googl,2010-08-11,12.20493221282959
googl,2010-08-12,12.21163272857666
googl,2010-08-13,12.07115364074707
googl,2010-08-16,12.052289962768555
googl,2010-08-17,12.174651145935059
googl,2010-08-18,11.96690845489502
googl,2010-08-19,11.61496353149414
googl,2010-08-20,11.46728515625
googl,2010-08-23,11.518165588378906
googl,2010-08-24,11.203449249267578
googl,2010-08-25,11.28361701965332
googl,2010-08-26,11.19327449798584
googl,2010-08-27,11.38810920715332
googl,2010-08-30,11.23571491241455
googl,2010-08-31,11.16944694519043
googl,2010-09-01,11.425338745117188
googl,2010-09-02,11.496075630187988
googl,2010-09-03,11.6727933883667
googl,2010-09-07,11.526357650756836
googl,2010-09-08,11.679740905761719
googl,2010-09-09,11.818734169006348
googl,2010-09-10,11.817741394042969
googl,2010-09-13,11.969886779785156
googl,2010-09-14,11.924219131469727
googl,2010-09-15,11.92943000793457
googl,2010-09-16,11.93985652923584
googl,2010-09-17,12.165467262268066
googl,2010-09-20,12.615453720092773
googl,2010-09-21,12.744019508361816
googl,2010-09-22,12.807064056396484
googl,2010-09-23,12.744516372680664
googl,2010-09-24,13.087278366088867
googl,2010-09-27,13.164718627929688
googl,2010-09-28,13.084299087524414
googl,2010-09-29,13.09720516204834
googl,2010-09-30,13.050050735473633
googl,2010-10-01,13.045831680297852
googl,2010-10-04,12.964668273925781
googl,2010-10-05,13.358808517456055
googl,2010-10-06,13.262506484985352
googl,2010-10-07,13.154789924621582
googl,2010-10-08,13.312146186828613
googl,2010-10-11,13.37394905090332
googl,2010-10-12,13.437239646911621
googl,2010-10-13,13.484644889831543
googl,2010-10-14,13.425823211669922
googl,2010-10-15,14.927922248840332
googl,2010-10-18,15.331494331359863
googl,2010-10-19,15.086272239685059
googl,2010-10-20,15.089997291564941
googl,2010-10-21,15.189523696899414
googl,2010-10-22,15.202925682067871
googl,2010-10-25,15.30146312713623
googl,2010-10-26,15.353584289550781
googl,2010-10-27,15.300719261169434
googl,2010-10-28,15.353086471557617
googl,2010-10-29,15.231966018676758
googl,2010-11-01,15.264232635498047
googl,2010-11-02,15.27912425994873
googl,2010-11-03,15.39279842376709
googl,2010-11-04,15.49431037902832
googl,2010-11-05,15.514415740966797
googl,2010-11-08,15.556361198425293
googl,2010-11-09,15.507963180541992
googl,2010-11-10,15.459813117980957
googl,2010-11-11,15.318588256835938
googl,2010-11-12,14.973591804504395
googl,2010-11-15,14.779500007629395
googl,2010-11-16,14.487866401672363
googl,2010-11-17,14.48364543914795
googl,2010-11-18,14.806553840637207
googl,2010-11-19,14.664336204528809
googl,2010-11-22,14.674013137817383
googl,2010-11-23,14.470242500305176
googl,2010-11-24,14.767088890075684
googl,2010-11-26,14.6437349319458
googl,2010-11-29,14.447903633117676
googl,2010-11-30,13.7926607131958
googl,2010-12-01,14.007104873657227
googl,2010-12-02,14.192508697509766
googl,2010-12-03,14.221796035766602
googl,2010-12-06,14.354828834533691
googl,2010-12-07,14.572750091552734
googl,2010-12-08,14.65713882446289
googl,2010-12-09,14.680964469909668
googl,2010-12-10,14.698585510253906
googl,2010-12-13,14.758400917053223
googl,2010-12-14,14.76560115814209
googl,2010-12-15,14.651180267333984
googl,2010-12-16,14.686176300048828
googl,2010-12-17,14.663591384887695
googl,2010-12-20,14.769322395324707
googl,2010-12-21,14.968128204345703
googl,2010-12-22,15.028193473815918
googl,2010-12-23,14.99692153930664
googl,2010-12-27,14.951004981994629
googl,2010-12-28,14.865127563476562
googl,2010-12-29,14.916753768920898
googl,2010-12-30,14.863637924194336
googl,2010-12-31,14.742268562316895
googl,2011-01-03,14.999900817871094
googl,2011-01-04,14.944551467895508
googl,2011-01-05,15.117048263549805
googl,2011-01-06,15.227002143859863
googl,2011-01-07,15.299972534179688
googl,2011-01-10,15.244624137878418
googl,2011-01-11,15.289299011230469
googl,2011-01-12,15.310646057128906
googl,2011-01-13,15.306177139282227
googl,2011-01-14,15.492077827453613
googl,2011-01-18,15.875547409057617
googl,2011-01-19,15.67996597290039
googl,2011-01-20,15.556361198425293
googl,2011-01-21,15.185551643371582
googl,2011-01-24,15.166937828063965
googl,2011-01-25,15.38609504699707
googl,2011-01-26,15.30146312713623
googl,2011-01-27,15.308660507202148
googl,2011-01-28,14.916505813598633
googl,2011-01-31,14.900869369506836
googl,2011-02-01,15.165945053100586
googl,2011-02-02,15.189772605895996
googl,2011-02-03,15.143856048583984
googl,2011-02-04,15.164457321166992
googl,2011-02-07,15.246609687805176
googl,2011-02-08,15.348121643066406
googl,2011-02-09,15.30146312713623
googl,2011-02-10,15.299972534179688
googl,2011-02-11,15.500020027160645
googl,2011-02-14,15.59061336517334
googl,2011-02-15,15.491332054138184
googl,2011-02-16,15.493071556091309
googl,2011-02-17,15.51888370513916
googl,2011-02-18,15.638516426086426
googl,2011-02-22,15.145346641540527
googl,2011-02-23,15.172894477844238
googl,2011-02-24,15.110844612121582
googl,2011-02-25,15.141125679016113
googl,2011-02-28,15.224519729614258
googl,2011-03-01,14.910797119140625
googl,2011-03-02,14.911540985107422
googl,2011-03-03,15.12921142578125
googl,2011-03-04,14.90732192993164
googl,2011-03-07,14.684934616088867
googl,2011-03-08,14.701067924499512
googl,2011-03-09,14.687665939331055
googl,2011-03-10,14.402982711791992
googl,2011-03-11,14.31387710571289
googl,2011-03-14,14.147087097167969
googl,2011-03-15,14.136414527893066
googl,2011-03-16,13.827159881591797
googl,2011-03-17,13.932892799377441
googl,2011-03-18,13.925447463989258
googl,2011-03-21,14.30866527557373
googl,2011-03-22,14.329017639160156
googl,2011-03-23,14.44914722442627
googl,2011-03-24,14.566545486450195
googl,2011-03-25,14.389083862304688
googl,2011-03-28,14.28037166595459
googl,2011-03-29,14.438474655151367
googl,2011-03-30,14.441205024719238
googl,2011-03-31,14.56331729888916
googl,2011-04-01,14.688410758972168
googl,2011-04-04,14.586152076721191
googl,2011-04-05,14.124751091003418
googl,2011-04-06,14.251083374023438
googl,2011-04-07,14.395536422729492
googl,2011-04-08,14.349865913391113
googl,2011-04-11,14.330259323120117
googl,2011-04-12,14.162477493286133
googl,2011-04-13,14.303204536437988
googl,2011-04-14,14.358552932739258
googl,2011-04-15,13.171915054321289
googl,2011-04-18,13.07611083984375
googl,2011-04-19,12.944315910339355
googl,2011-04-20,13.048559188842773
googl,2011-04-21,13.032923698425293
googl,2011-04-25,13.031682968139648
googl,2011-04-26,13.224532127380371
googl,2011-04-27,13.347142219543457
googl,2011-04-28,13.35235595703125
googl,2011-04-29,13.504501342773438
googl,2011-05-02,13.366999626159668
googl,2011-05-03,13.251091003417969
googl,2011-05-04,13.298247337341309
googl,2011-05-05,13.26052188873291
googl,2011-05-06,13.286087989807129
googl,2011-05-09,13.3451566696167
googl,2011-05-10,13.46876049041748
googl,2011-05-11,13.28980827331543
googl,2011-05-12,13.279881477355957
googl,2011-05-13,13.143372535705566
googl,2011-05-16,12.86712646484375
googl,2011-05-17,13.1659574508667
googl,2011-05-18,13.149827003479004
googl,2011-05-19,13.185565948486328
googl,2011-05-20,13.006365776062012
googl,2011-05-23,12.866382598876953
googl,2011-05-24,12.863154411315918
googl,2011-05-25,12.898151397705078
googl,2011-05-26,12.859929084777832
googl,2011-05-27,12.928680419921875
googl,2011-05-31,13.130217552185059
googl,2011-06-01,13.045333862304688
googl,2011-06-02,13.106389999389648
googl,2011-06-03,12.982787132263184
googl,2011-06-06,12.932652473449707
googl,2011-06-07,12.882266998291016
googl,2011-06-08,12.885740280151367
googl,2011-06-09,12.825180053710938
googl,2011-06-10,12.645981788635254
googl,2011-06-13,12.527342796325684
googl,2011-06-14,12.617687225341797
googl,2011-06-15,12.483163833618164
googl,2011-06-16,12.41912841796875
googl,2011-06-17,12.038142204284668
googl,2011-06-20,12.027222633361816
googl,2011-06-21,12.236204147338867
googl,2011-06-22,12.08753490447998
googl,2011-06-23,11.91900634765625
googl,2011-06-24,11.786469459533691
googl,2011-06-27,11.983041763305664
googl,2011-06-28,12.252339363098145
googl,2011-06-29,12.349632263183594
googl,2011-06-30,12.568296432495117
googl,2011-07-01,12.931907653808594
googl,2011-07-05,13.215102195739746
googl,2011-07-06,13.287574768066406
googl,2011-07-07,13.566551208496094
googl,2011-07-08,13.20393180847168
googl,2011-07-11,13.087031364440918
googl,2011-07-12,13.254069328308105
googl,2011-07-13,13.359553337097168
googl,2011-07-14,13.1282320022583
googl,2011-07-15,14.832859992980957
googl,2011-07-18,14.76634407043457
googl,2011-07-19,14.95522403717041
googl,2011-07-20,14.776521682739258
googl,2011-07-21,15.065425872802734
googl,2011-07-22,15.344400405883789
googl,2011-07-25,15.363015174865723
googl,2011-07-26,15.45087718963623
googl,2011-07-27,15.07113265991211
googl,2011-07-28,15.16346263885498
googl,2011-07-29,14.983519554138184
googl,2011-08-01,15.059964179992676
googl,2011-08-02,14.703303337097168
googl,2011-08-03,14.92097282409668
googl,2011-08-04,14.33398151397705
googl,2011-08-05,14.371708869934082
googl,2011-08-08,13.552155494689941
googl,2011-08-09,14.231972694396973
googl,2011-08-10,13.62636661529541
googl,2011-08-11,13.952004432678223
googl,2011-08-12,13.992708206176758
googl,2011-08-15,13.830388069152832
googl,2011-08-16,13.377920150756836
googl,2011-08-17,13.232721328735352
googl,2011-08-18,12.531065940856934
googl,2011-08-19,12.184579849243164
googl,2011-08-22,12.364521980285645
googl,2011-08-23,12.877056121826172
googl,2011-08-24,12.98799991607666
googl,2011-08-25,12.90733528137207
googl,2011-08-26,13.076606750488281
googl,2011-08-29,13.379904747009277
googl,2011-08-30,13.420113563537598
googl,2011-08-31,13.426567077636719
googl,2011-09-01,13.216591835021973
googl,2011-09-02,13.026471138000488
googl,2011-09-06,12.96044921875
googl,2011-09-07,13.25456428527832
googl,2011-09-08,13.277647018432617
googl,2011-09-09,13.026719093322754
googl,2011-09-12,13.157519340515137
googl,2011-09-13,13.142627716064453
googl,2011-09-14,13.205918312072754
googl,2011-09-15,13.466279983520508
googl,2011-09-16,13.568536758422852
googl,2011-09-19,13.568288803100586
googl,2011-09-20,13.56729507446289
googl,2011-09-21,13.382884979248047
googl,2011-09-22,12.922722816467285
googl,2011-09-23,13.043099403381348
googl,2011-09-26,13.20145034790039
googl,2011-09-27,13.386359214782715
googl,2011-09-28,13.125749588012695
googl,2011-09-29,13.09249210357666
googl,2011-09-30,12.783235549926758
googl,2011-10-03,12.298751831054688
googl,2011-10-04,12.457100868225098
googl,2011-10-05,12.52659797668457
googl,2011-10-06,12.775044441223145
googl,2011-10-07,12.785222053527832
googl,2011-10-10,13.332501411437988
googl,2011-10-11,13.481667518615723
googl,2011-10-12,13.61370849609375
googl,2011-10-13,13.874070167541504
googl,2011-10-14,14.685431480407715
googl,2011-10-17,14.455350875854492
googl,2011-10-18,14.656391143798828
googl,2011-10-19,14.412908554077148
googl,2011-10-20,14.486623764038086
googl,2011-10-21,14.655896186828613
googl,2011-10-24,14.803075790405273
googl,2011-10-25,14.473967552185059
googl,2011-10-26,14.552148818969727
googl,2011-10-27,14.85892391204834
googl,2011-10-28,14.895408630371094
googl,2011-10-31,14.709258079528809
googl,2011-11-01,14.362029075622559
googl,2011-11-02,14.515166282653809
googl,2011-11-03,14.82988166809082
googl,2011-11-04,14.796127319335938
googl,2011-11-07,15.098682403564453
googl,2011-11-08,15.198211669921875
googl,2011-11-09,14.915511131286621
googl,2011-11-10,14.769821166992188
googl,2011-11-11,15.099180221557617
googl,2011-11-14,15.214590072631836
googl,2011-11-15,15.302950859069824
googl,2011-11-16,15.176615715026855
googl,2011-11-17,14.913527488708496
googl,2011-11-18,14.76485538482666
googl,2011-11-21,14.418867111206055
googl,2011-11-22,14.395536422729492
googl,2011-11-23,14.150066375732422
googl,2011-11-25,13.973597526550293
googl,2011-11-28,14.598810195922852
googl,2011-11-29,14.468257904052734
googl,2011-11-30,14.876794815063477
googl,2011-12-01,15.23370361328125
googl,2011-12-02,15.39726734161377
googl,2011-12-05,15.528564453125
googl,2011-12-06,15.481902122497559
googl,2011-12-07,15.4724702835083
googl,2011-12-08,15.290291786193848
googl,2011-12-09,15.572495460510254
googl,2011-12-12,15.522109985351562
googl,2011-12-13,15.528067588806152
googl,2011-12-14,15.340429306030273
googl,2011-12-15,15.376914024353027
googl,2011-12-16,15.536258697509766
googl,2011-12-19,15.433752059936523
googl,2011-12-20,15.645712852478027
googl,2011-12-21,15.532784461975098
googl,2011-12-22,15.629082679748535
googl,2011-12-23,15.71446418762207
googl,2011-12-27,15.890933990478516
googl,2011-12-28,15.877283096313477
googl,2011-12-29,15.944295883178711
googl,2011-12-30,16.031164169311523
googl,2012-01-03,16.51540184020996
googl,2012-01-04,16.586637496948242
googl,2012-01-05,16.356552124023438
googl,2012-01-06,16.133424758911133
googl,2012-01-09,15.44938850402832
googl,2012-01-10,15.466265678405762
googl,2012-01-11,15.536258697509766
googl,2012-01-12,15.627594947814941
googl,2012-01-13,15.51218318939209
googl,2012-01-17,15.601286888122559
googl,2012-01-18,15.708756446838379
googl,2012-01-19,15.874056816101074
googl,2012-01-20,14.544206619262695
googl,2012-01-23,14.532541275024414
googl,2012-01-24,14.418619155883789
googl,2012-01-25,14.134678840637207
googl,2012-01-26,14.100178718566895
googl,2012-01-27,14.395039558410645
googl,2012-01-30,14.338203430175781
googl,2012-01-31,14.398265838623047
googl,2012-02-01,14.416135787963867
googl,2012-02-02,14.522363662719727
googl,2012-02-03,14.8008451461792
googl,2012-02-06,15.117546081542969
googl,2012-02-07,15.059964179992676
googl,2012-02-08,15.136409759521484
googl,2012-02-09,15.17636775970459
googl,2012-02-10,15.038619995117188
googl,2012-02-13,15.194735527038574
googl,2012-02-14,15.134174346923828
googl,2012-02-15,15.029932022094727
googl,2012-02-16,15.05375862121582
googl,2012-02-17,15.007099151611328
googl,2012-02-21,15.239411354064941
googl,2012-02-22,15.08900260925293
googl,2012-02-23,15.043584823608398
googl,2012-02-24,15.137649536132812
googl,2012-02-27,15.123007774353027
googl,2012-02-28,15.348371505737305
googl,2012-02-29,15.34489631652832
googl,2012-03-01,15.447898864746094
googl,2012-03-02,15.419356346130371
googl,2012-03-05,15.245617866516113
googl,2012-03-06,15.015040397644043
googl,2012-03-07,15.060708999633789
googl,2012-03-08,15.069148063659668
googl,2012-03-09,14.898137092590332
googl,2012-03-12,15.019757270812988
googl,2012-03-13,15.333230018615723
googl,2012-03-14,15.288803100585938
googl,2012-03-15,15.416378021240234
googl,2012-03-16,15.513422966003418
googl,2012-03-19,15.735313415527344
googl,2012-03-20,15.723150253295898
googl,2012-03-21,15.884233474731445
googl,2012-03-22,16.03489112854004
googl,2012-03-23,15.94901180267334
googl,2012-03-26,16.116296768188477
googl,2012-03-27,16.058963775634766
googl,2012-03-28,16.275890350341797
googl,2012-03-29,16.09346580505371
googl,2012-03-30,15.915504455566406
googl,2012-04-02,16.056482315063477
googl,2012-04-03,15.94975757598877
googl,2012-04-04,15.764352798461914
googl,2012-04-05,15.694111824035645
googl,2012-04-09,15.657379150390625
googl,2012-04-10,15.55859661102295
googl,2012-04-11,15.784457206726074
googl,2012-04-12,16.15799903869629
googl,2012-04-13,15.502504348754883
googl,2012-04-16,15.04258918762207
googl,2012-04-17,15.129460334777832
googl,2012-04-18,15.076841354370117
googl,2012-04-19,14.874558448791504
googl,2012-04-20,14.794143676757812
googl,2012-04-23,14.832366943359375
googl,2012-04-24,14.923453330993652
googl,2012-04-25,15.133183479309082
googl,2012-04-26,15.275897026062012
googl,2012-04-27,15.263733863830566
googl,2012-04-30,15.012310028076172
googl,2012-05-01,15.001885414123535
googl,2012-05-02,15.072126388549805
googl,2012-05-03,15.165450096130371
googl,2012-05-04,14.816728591918945
googl,2012-05-07,15.079323768615723
googl,2012-05-08,15.209378242492676
googl,2012-05-09,15.119034767150879
googl,2012-05-10,15.230972290039062
googl,2012-05-11,15.02174186706543
googl,2012-05-14,14.991212844848633
googl,2012-05-15,15.167682647705078
googl,2012-05-16,15.609972953796387
googl,2012-05-17,15.464031219482422
googl,2012-05-18,14.901863098144531
googl,2012-05-21,15.242141723632812
googl,2012-05-22,14.911789894104004
googl,2012-05-23,15.126729011535645
googl,2012-05-24,14.98277473449707
googl,2012-05-25,14.681710243225098
googl,2012-05-29,14.751452445983887
googl,2012-05-30,14.59980297088623
googl,2012-05-31,14.41688060760498
googl,2012-06-01,14.171660423278809
googl,2012-06-04,14.360538482666016
googl,2012-06-05,14.157513618469238
googl,2012-06-06,14.409683227539062
googl,2012-06-07,14.351603507995605
googl,2012-06-08,14.406704902648926
googl,2012-06-11,14.110106468200684
googl,2012-06-12,14.025718688964844
googl,2012-06-13,13.926190376281738
googl,2012-06-14,13.875558853149414
googl,2012-06-15,14.01107406616211
googl,2012-06-18,14.168435096740723
googl,2012-06-19,14.433509826660156
googl,2012-06-20,14.333734512329102
googl,2012-06-21,14.028448104858398
googl,2012-06-22,14.184069633483887
googl,2012-06-25,13.916512489318848
googl,2012-06-26,14.015294075012207
googl,2012-06-27,14.129962921142578
googl,2012-06-28,14.006110191345215
googl,2012-06-29,14.397273063659668
googl,2012-07-02,14.40719985961914
googl,2012-07-03,14.589874267578125
googl,2012-07-05,14.790667533874512
googl,2012-07-06,14.543957710266113
googl,2012-07-09,14.544703483581543
googl,2012-07-10,14.43773078918457
googl,2012-07-11,14.176870346069336
googl,2012-07-12,14.159250259399414
googl,2012-07-13,14.309163093566895
googl,2012-07-16,14.269451141357422
googl,2012-07-17,14.314374923706055
googl,2012-07-18,14.414398193359375
googl,2012-07-19,14.719683647155762
googl,2012-07-20,15.160483360290527
googl,2012-07-23,15.276888847351074
googl,2012-07-24,15.07982063293457
googl,2012-07-25,15.09024429321289
googl,2012-07-26,15.223526000976562
googl,2012-07-27,15.759635925292969
googl,2012-07-30,15.693614959716797
googl,2012-07-31,15.710245132446289
googl,2012-08-01,15.703047752380371
googl,2012-08-02,15.605504989624023
googl,2012-08-03,15.91773796081543
googl,2012-08-06,15.954723358154297
googl,2012-08-07,15.89813232421875
googl,2012-08-08,15.940075874328613
googl,2012-08-09,15.9430570602417
googl,2012-08-10,15.934368133544922
googl,2012-08-13,16.381376266479492
googl,2012-08-14,16.596065521240234
googl,2012-08-15,16.568269729614258
googl,2012-08-16,16.700559616088867
googl,2012-08-17,16.806537628173828
googl,2012-08-20,16.766830444335938
googl,2012-08-21,16.617164611816406
googl,2012-08-22,16.807531356811523
googl,2012-08-23,16.7981014251709
googl,2012-08-24,16.843523025512695
googl,2012-08-27,16.609966278076172
googl,2012-08-28,16.80927085876465
googl,2012-08-29,17.076332092285156
googl,2012-08-30,16.91922378540039
googl,2012-08-31,17.003854751586914
googl,2012-09-04,16.903335571289062
googl,2012-09-05,16.89539337158203
googl,2012-09-06,17.359027862548828
googl,2012-09-07,17.526561737060547
googl,2012-09-10,17.393035888671875
googl,2012-09-11,17.180078506469727
googl,2012-09-12,17.147563934326172
googl,2012-09-13,17.523832321166992
googl,2012-09-14,17.614177703857422
googl,2012-09-17,17.621625900268555
googl,2012-09-18,17.8276309967041
googl,2012-09-19,18.056467056274414
googl,2012-09-20,18.071857452392578
googl,2012-09-21,18.21755027770996
googl,2012-09-24,18.599529266357422
googl,2012-09-25,18.594066619873047
googl,2012-09-26,18.700790405273438
googl,2012-09-27,18.7762451171875
googl,2012-09-28,18.726606369018555
googl,2012-10-01,18.90729522705078
googl,2012-10-02,18.788408279418945
googl,2012-10-03,18.9251651763916
googl,2012-10-04,19.06291389465332
googl,2012-10-05,19.052988052368164
googl,2012-10-08,18.809505462646484
googl,2012-10-09,18.468231201171875
googl,2012-10-10,18.47989845275879
googl,2012-10-11,18.651649475097656
googl,2012-10-12,18.48461151123047
googl,2012-10-15,18.391040802001953
googl,2012-10-16,18.48337173461914
googl,2012-10-17,18.751178741455078
googl,2012-10-18,17.24982261657715
googl,2012-10-19,16.921955108642578
googl,2012-10-22,16.844514846801758
googl,2012-10-23,16.886211395263672
googl,2012-10-24,16.81051254272461
googl,2012-10-25,16.821928024291992
googl,2012-10-26,16.75714683532715
googl,2012-10-31,16.884967803955078
googl,2012-11-01,17.065906524658203
googl,2012-11-02,17.0740966796875
googl,2012-11-05,16.950992584228516
googl,2012-11-06,16.92021369934082
googl,2012-11-07,16.557844161987305
googl,2012-11-08,16.18976593017578
googl,2012-11-09,16.456329345703125
googl,2012-11-12,16.527563095092773
googl,2012-11-13,16.3575496673584
googl,2012-11-14,16.196216583251953
googl,2012-11-15,16.064922332763672
googl,2012-11-16,16.06293487548828
googl,2012-11-19,16.584897994995117
googl,2012-11-20,16.628578186035156
googl,2012-11-21,16.52681541442871
googl,2012-11-23,16.57893943786621
googl,2012-11-26,16.409669876098633
googl,2012-11-27,16.646949768066406
googl,2012-11-28,16.968612670898438
googl,2012-11-29,17.172636032104492
googl,2012-11-30,17.333463668823242
googl,2012-12-03,17.25602912902832
googl,2012-12-04,17.151287078857422
googl,2012-12-05,17.071613311767578
googl,2012-12-06,17.153772354125977
googl,2012-12-07,16.98201560974121
googl,2012-12-10,17.012048721313477
googl,2012-12-11,17.29648208618164
googl,2012-12-12,17.3133602142334
googl,2012-12-13,17.440937042236328
googl,2012-12-14,17.422569274902344
googl,2012-12-17,17.889680862426758
googl,2012-12-18,17.89687728881836
googl,2012-12-19,17.873048782348633
googl,2012-12-20,17.928895950317383
googl,2012-12-21,17.761857986450195
googl,2012-12-24,17.609712600708008
googl,2012-12-26,17.594074249267578
googl,2012-12-27,17.530038833618164
googl,2012-12-28,17.37417221069336
googl,2012-12-31,17.557092666625977
googl,2013-01-02,17.950984954833984
googl,2013-01-03,17.961410522460938
googl,2013-01-04,18.316333770751953
googl,2013-01-07,18.236413955688477
googl,2013-01-08,18.200424194335938
googl,2013-01-09,18.320056915283203
googl,2013-01-10,18.4034481048584
googl,2013-01-11,18.366470336914062
googl,2013-01-14,17.950984954833984
googl,2013-01-15,17.9926815032959
googl,2013-01-16,17.75093650817871
googl,2013-01-17,17.65488052368164
googl,2013-01-18,17.485858917236328
googl,2013-01-22,17.445152282714844
googl,2013-01-23,18.403947830200195
googl,2013-01-24,18.719411849975586
googl,2013-01-25,18.706005096435547
googl,2013-01-28,18.633031845092773
googl,2013-01-29,18.706254959106445
googl,2013-01-30,18.709978103637695
googl,2013-01-31,18.756141662597656
googl,2013-02-01,19.250307083129883
googl,2013-02-04,18.838790893554688
googl,2013-02-05,19.005584716796875
googl,2013-02-06,19.11553192138672
googl,2013-02-07,19.2093505859375
googl,2013-02-08,19.492795944213867
googl,2013-02-11,19.419578552246094
googl,2013-02-12,19.376888275146484
googl,2013-02-13,19.430500030517578
googl,2013-02-14,19.55360221862793
googl,2013-02-15,19.679439544677734
googl,2013-02-19,20.025924682617188
googl,2013-02-20,19.66876792907715
googl,2013-02-21,19.744964599609375
googl,2013-02-22,19.848711013793945
googl,2013-02-25,19.62682342529297
googl,2013-02-26,19.610937118530273
googl,2013-02-27,19.850452423095703
googl,2013-02-28,19.88569450378418
googl,2013-03-01,20.009546279907227
googl,2013-03-04,20.389537811279297
googl,2013-03-05,20.81395721435547
googl,2013-03-06,20.6347599029541
googl,2013-03-07,20.6650390625
googl,2013-03-08,20.638233184814453
googl,2013-03-11,20.72014045715332
googl,2013-03-12,20.541189193725586
googl,2013-03-13,20.484102249145508
googl,2013-03-14,20.390531539916992
googl,2013-03-15,20.21083641052246
googl,2013-03-18,20.04925537109375
googl,2013-03-19,20.136871337890625
googl,2013-03-20,20.221010208129883
googl,2013-03-21,20.135385513305664
googl,2013-03-22,20.111804962158203
googl,2013-03-25,20.095172882080078
googl,2013-03-26,20.164175033569336
googl,2013-03-27,19.92193031311035
googl,2013-03-28,19.711706161499023
googl,2013-04-01,19.885446548461914
googl,2013-04-02,20.179561614990234
googl,2013-04-03,20.009794235229492
googl,2013-04-04,19.733549118041992
googl,2013-04-05,19.43521499633789
googl,2013-04-08,19.231691360473633
googl,2013-04-09,19.30118751525879
googl,2013-04-10,19.612180709838867
googl,2013-04-11,19.617393493652344
googl,2013-04-12,19.60895538330078
googl,2013-04-15,19.40741539001465
googl,2013-04-16,19.691354751586914
googl,2013-04-17,19.423049926757812
googl,2013-04-18,19.00979995727539
googl,2013-04-19,19.852685928344727
googl,2013-04-22,19.858640670776367
googl,2013-04-23,20.051986694335938
googl,2013-04-24,20.189739227294922
googl,2013-04-25,20.081771850585938
googl,2013-04-26,19.891159057617188
googl,2013-04-29,20.3289794921875
googl,2013-04-30,20.46573829650879
googl,2013-05-01,20.362979888916016
googl,2013-05-02,20.59082794189453
googl,2013-05-03,20.990676879882812
googl,2013-05-06,21.383573532104492
googl,2013-05-07,21.276350021362305
googl,2013-05-08,21.683399200439453
googl,2013-05-09,21.63003921508789
googl,2013-05-10,21.847211837768555
googl,2013-05-13,21.78019905090332
googl,2013-05-14,22.017723083496094
googl,2013-05-15,22.732288360595703
googl,2013-05-16,22.4339542388916
googl,2013-05-17,22.56574821472168
googl,2013-05-20,22.54961585998535
googl,2013-05-21,22.510896682739258
googl,2013-05-22,22.075307846069336
googl,2013-05-23,21.910749435424805
googl,2013-05-24,21.67570686340332
googl,2013-05-28,21.873023986816406
googl,2013-05-29,21.55135726928711
googl,2013-05-30,21.612167358398438
googl,2013-05-31,21.62358283996582
googl,2013-06-03,21.53447723388672
googl,2013-06-04,21.322765350341797
googl,2013-06-05,21.337657928466797
googl,2013-06-06,21.460269927978516
googl,2013-06-07,21.834800720214844
googl,2013-06-10,22.09516143798828
googl,2013-06-11,21.8367862701416
googl,2013-06-12,21.642446517944336
googl,2013-06-13,21.767044067382812
googl,2013-06-14,21.718395233154297
googl,2013-06-17,21.996627807617188
googl,2013-06-18,22.353288650512695
googl,2013-06-19,22.35477638244629
googl,2013-06-20,21.959144592285156
googl,2013-06-21,21.86458396911621
googl,2013-06-24,21.588090896606445
googl,2013-06-25,21.49898910522461
googl,2013-06-26,21.683895111083984
googl,2013-06-27,21.768781661987305
googl,2013-06-28,21.850685119628906
googl,2013-07-01,22.037084579467773
googl,2013-07-02,21.898839950561523
googl,2013-07-03,22.0010986328125
googl,2013-07-05,22.176319122314453
googl,2013-07-08,22.4642333984375
googl,2013-07-09,22.46795654296875
googl,2013-07-10,22.486572265625
googl,2013-07-11,22.840253829956055
googl,2013-07-12,22.90875816345215
googl,2013-07-15,22.950702667236328
googl,2013-07-16,22.82461929321289
googl,2013-07-17,22.798309326171875
googl,2013-07-18,22.602975845336914
googl,2013-07-19,22.253509521484375
googl,2013-07-22,22.60347557067871
googl,2013-07-23,22.432218551635742
googl,2013-07-24,22.40987777709961
googl,2013-07-25,22.032615661621094
googl,2013-07-26,21.974288940429688
googl,2013-07-29,21.897842407226562
googl,2013-07-30,22.11253547668457
googl,2013-07-31,22.033855438232422
googl,2013-08-01,22.442638397216797
googl,2013-08-02,22.50096893310547
googl,2013-08-05,22.461999893188477
googl,2013-08-06,22.25276756286621
googl,2013-08-07,22.105836868286133
googl,2013-08-08,22.155725479125977
googl,2013-08-09,22.09988021850586
googl,2013-08-12,21.978256225585938
googl,2013-08-13,21.872526168823242
googl,2013-08-14,21.58858871459961
googl,2013-08-15,21.336668014526367
googl,2013-08-16,21.268407821655273
googl,2013-08-19,21.485336303710938
googl,2013-08-20,21.479629516601562
googl,2013-08-21,21.576675415039062
googl,2013-08-22,21.68538475036621
googl,2013-08-23,21.59851837158203
googl,2013-08-26,21.503704071044922
googl,2013-08-27,21.100627899169922
googl,2013-08-28,21.060916900634766
googl,2013-08-29,21.231678009033203
googl,2013-08-30,21.01996421813965
googl,2013-09-03,21.354536056518555
googl,2013-09-04,21.633758544921875
googl,2013-09-05,21.830581665039062
googl,2013-09-06,21.83108139038086
googl,2013-09-09,22.041301727294922
googl,2013-09-10,22.05668830871582
googl,2013-09-11,22.243337631225586
googl,2013-09-12,22.1656494140625
googl,2013-09-13,22.066617965698242
googl,2013-09-16,22.03410530090332
googl,2013-09-17,21.993148803710938
googl,2013-09-18,22.42030143737793
googl,2013-09-19,22.297935485839844
googl,2013-09-20,22.415088653564453
googl,2013-09-23,22.002830505371094
googl,2013-09-24,22.011268615722656
googl,2013-09-25,21.772750854492188
googl,2013-09-26,21.796083450317383
googl,2013-09-27,21.751903533935547
googl,2013-09-30,21.739988327026367
googl,2013-10-01,22.015243530273438
googl,2013-10-02,22.039813995361328
googl,2013-10-03,21.744455337524414
googl,2013-10-04,21.65163230895996
googl,2013-10-07,21.48756980895996
googl,2013-10-08,21.18799591064453
googl,2013-10-09,21.242347717285156
googl,2013-10-10,21.54962158203125
googl,2013-10-11,21.642696380615234
googl,2013-10-14,21.74495506286621
googl,2013-10-15,21.891387939453125
googl,2013-10-16,22.289005279541016
googl,2013-10-17,22.059669494628906
googl,2013-10-18,25.10308265686035
googl,2013-10-21,24.901796340942383
googl,2013-10-22,24.993629455566406
googl,2013-10-23,25.599485397338867
googl,2013-10-24,25.454038619995117
googl,2013-10-25,25.1971492767334
googl,2013-10-28,25.19218635559082
googl,2013-10-29,25.7193660736084
googl,2013-10-30,25.574907302856445
googl,2013-10-31,25.57888412475586
googl,2013-11-01,25.491018295288086
googl,2013-11-04,25.467933654785156
googl,2013-11-05,25.354013442993164
googl,2013-11-06,25.384540557861328
googl,2013-11-07,25.017208099365234
googl,2013-11-08,25.217754364013672
googl,2013-11-11,25.08272933959961
googl,2013-11-12,25.112266540527344
googl,2013-11-13,25.625791549682617
googl,2013-11-14,25.694292068481445
googl,2013-11-15,25.652841567993164
googl,2013-11-18,25.602954864501953
googl,2013-11-19,25.445354461669922
googl,2013-11-20,25.373615264892578
googl,2013-11-21,25.66550636291504
googl,2013-11-22,25.611392974853516
googl,2013-11-25,25.95986557006836
googl,2013-11-26,26.269620895385742
googl,2013-11-27,26.386272430419922
googl,2013-11-29,26.298904418945312
googl,2013-12-02,26.172077178955078
googl,2013-12-03,26.141796112060547
googl,2013-12-04,26.263912200927734
googl,2013-12-05,26.243061065673828
googl,2013-12-06,26.554054260253906
googl,2013-12-09,26.75931739807129
googl,2013-12-10,26.921140670776367
googl,2013-12-11,26.738218307495117
googl,2013-12-12,26.556289672851562
googl,2013-12-13,26.32868766784668
googl,2013-12-16,26.631242752075195
googl,2013-12-17,26.553804397583008
googl,2013-12-18,26.923372268676758
googl,2013-12-19,26.959861755371094
googl,2013-12-20,27.317264556884766
googl,2013-12-23,27.676658630371094
googl,2013-12-24,27.595745086669922
googl,2013-12-26,27.7352352142334
googl,2013-12-27,27.758563995361328
googl,2013-12-30,27.536672592163086
googl,2013-12-31,27.81589698791504
googl,2014-01-02,27.62751579284668
googl,2014-01-03,27.42597770690918
googl,2014-01-06,27.731760025024414
googl,2014-01-07,28.26637840270996
googl,2014-01-08,28.32520294189453
googl,2014-01-09,28.052433013916016
googl,2014-01-10,28.05094337463379
googl,2014-01-13,27.87224006652832
googl,2014-01-14,28.52798080444336
googl,2014-01-15,28.50861930847168
googl,2014-01-16,28.697254180908203
googl,2014-01-17,28.556028366088867
googl,2014-01-21,28.882904052734375
googl,2014-01-22,28.915668487548828
googl,2014-01-23,28.793554306030273
googl,2014-01-24,27.893335342407227
googl,2014-01-27,27.33240509033203
googl,2014-01-28,27.872982025146484
googl,2014-01-29,27.473628997802734
googl,2014-01-30,28.180253982543945
googl,2014-01-31,29.311546325683594
googl,2014-02-03,28.131607055664062
googl,2014-02-04,28.249004364013672
googl,2014-02-05,28.374095916748047
googl,2014-02-06,28.79007911682129
googl,2014-02-07,29.223928451538086
googl,2014-02-10,29.11199188232422
googl,2014-02-11,29.54013442993164
googl,2014-02-12,29.453514099121094
googl,2014-02-13,29.78138542175293
googl,2014-02-14,29.853361129760742
googl,2014-02-18,30.05390739440918
googl,2014-02-19,29.84194564819336
googl,2014-02-20,29.885879516601562
googl,2014-02-21,29.8779354095459
googl,2014-02-24,30.094364166259766
googl,2014-02-25,30.280263900756836
googl,2014-02-26,30.28448486328125
googl,2014-02-27,30.260658264160156
googl,2014-02-28,30.17229652404785
googl,2014-03-03,29.850631713867188
googl,2014-03-04,30.1539306640625
googl,2014-03-05,30.237075805664062
googl,2014-03-06,30.270586013793945
googl,2014-03-07,30.150951385498047
googl,2014-03-10,30.071035385131836
googl,2014-03-11,29.78362274169922
googl,2014-03-12,29.96505355834961
googl,2014-03-13,29.512338638305664
googl,2014-03-14,29.108762741088867
googl,2014-03-17,29.58778953552246
googl,2014-03-18,30.063337326049805
googl,2014-03-19,29.76525115966797
googl,2014-03-20,29.71337890625
googl,2014-03-21,29.3629207611084
googl,2014-03-24,28.73969268798828
googl,2014-03-25,28.75930404663086
googl,2014-03-26,28.09537124633789
googl,2014-03-27,27.656307220458984
googl,2014-03-28,27.802000045776367
googl,2014-03-31,27.66201400756836
googl,2014-04-01,28.167844772338867
googl,2014-04-02,28.17305564880371
googl,2014-04-03,28.34076499938965
googl,2014-04-04,27.039024353027344
googl,2014-04-07,26.80991554260254
googl,2014-04-08,27.64699363708496
googl,2014-04-09,28.11958885192871
googl,2014-04-10,27.110431671142578
googl,2014-04-11,26.667593002319336
googl,2014-04-14,27.036540985107422
googl,2014-04-15,27.21010971069336
googl,2014-04-16,27.963876724243164
googl,2014-04-17,26.944305419921875
googl,2014-04-21,26.747432708740234
googl,2014-04-22,27.05141830444336
googl,2014-04-23,26.655195236206055
googl,2014-04-24,26.502954483032227
googl,2014-04-25,25.940601348876953
googl,2014-04-28,25.93465232849121
googl,2014-04-29,26.596675872802734
googl,2014-04-30,26.52477264404297
googl,2014-05-01,26.705778121948242
googl,2014-05-02,26.474689483642578
googl,2014-05-05,26.547088623046875
googl,2014-05-06,25.91431999206543
googl,2014-05-07,25.68769073486328
googl,2014-05-08,25.79530143737793
googl,2014-05-09,26.115158081054688
googl,2014-05-12,26.700817108154297
googl,2014-05-13,26.85504722595215
googl,2014-05-14,26.501468658447266
googl,2014-05-15,26.2391300201416
googl,2014-05-16,26.198469161987305
googl,2014-05-19,26.720653533935547
googl,2014-05-20,26.798015594482422
googl,2014-05-21,27.259702682495117
googl,2014-05-22,27.54483985900879
googl,2014-05-23,27.958919525146484
googl,2014-05-27,28.507884979248047
googl,2014-05-28,28.288694381713867
googl,2014-05-29,28.294145584106445
googl,2014-05-30,28.348203659057617
googl,2014-06-02,27.985698699951172
googl,2014-06-03,27.498226165771484
googl,2014-06-04,27.461036682128906
googl,2014-06-05,28.014955520629883
googl,2014-06-06,28.06950569152832
googl,2014-06-09,28.302579879760742
googl,2014-06-10,28.18207550048828
googl,2014-06-11,28.142404556274414
googl,2014-06-12,27.745681762695312
googl,2014-06-13,27.78783416748047
googl,2014-06-16,27.38863754272461
googl,2014-06-17,27.305320739746094
googl,2014-06-18,27.803207397460938
googl,2014-06-19,28.017932891845703
googl,2014-06-20,28.09380340576172
googl,2014-06-23,28.47911834716797
googl,2014-06-24,28.392337799072266
googl,2014-06-25,29.05634880065918
googl,2014-06-26,28.998823165893555
googl,2014-06-27,29.04444694519043
googl,2014-06-30,28.993864059448242
googl,2014-07-01,29.332069396972656
googl,2014-07-02,29.296859741210938
googl,2014-07-03,29.410917282104492
googl,2014-07-07,29.29587173461914
googl,2014-07-08,28.68293571472168
googl,2014-07-09,28.92890167236328
googl,2014-07-10,28.764263153076172
googl,2014-07-11,29.092052459716797
googl,2014-07-14,29.469436645507812
googl,2014-07-15,29.409927368164062
googl,2014-07-16,29.28892707824707
googl,2014-07-17,28.80294418334961
googl,2014-07-18,30.007488250732422
googl,2014-07-21,29.676721572875977
googl,2014-07-22,29.931119918823242
googl,2014-07-23,30.01146125793457
googl,2014-07-24,29.903348922729492
googl,2014-07-25,29.658870697021484
googl,2014-07-28,29.705486297607422
googl,2014-07-29,29.454063415527344
googl,2014-07-30,29.527950286865234
googl,2014-07-31,28.739967346191406
googl,2014-08-01,28.444902420043945
googl,2014-08-04,28.874849319458008
googl,2014-08-05,28.422090530395508
googl,2014-08-06,28.489036560058594
googl,2014-08-07,28.356138229370117
googl,2014-08-08,28.66012191772461
googl,2014-08-11,28.625905990600586
googl,2014-08-12,28.371511459350586
googl,2014-08-13,28.988412857055664
googl,2014-08-14,28.992876052856445
googl,2014-08-15,28.946260452270508
googl,2014-08-18,29.392072677612305
googl,2014-08-19,29.610763549804688
googl,2014-08-20,29.526464462280273
googl,2014-08-21,29.378190994262695
googl,2014-08-22,29.384140014648438
googl,2014-08-25,29.28644561767578
googl,2014-08-26,29.16495132446289
googl,2014-08-27,28.91105079650879
googl,2014-08-28,28.778152465820312
googl,2014-08-29,28.879310607910156
googl,2014-09-02,29.190244674682617
googl,2014-09-03,29.234376907348633
googl,2014-09-04,29.413894653320312
googl,2014-09-05,29.643991470336914
googl,2014-09-08,29.834915161132812
googl,2014-09-09,29.355873107910156
googl,2014-09-10,29.427780151367188
googl,2014-09-11,29.31322479248047
googl,2014-09-12,29.005273818969727
googl,2014-09-15,28.843608856201172
googl,2014-09-16,29.19767951965332
googl,2014-09-17,29.42133331298828
googl,2014-09-18,29.618703842163086
googl,2014-09-19,30.021869659423828
googl,2014-09-22,29.618703842163086
googl,2014-09-23,29.31669807434082
googl,2014-09-24,29.675731658935547
googl,2014-09-25,29.022628784179688
googl,2014-09-26,29.154043197631836
googl,2014-09-29,29.14957618713379
googl,2014-09-30,29.179332733154297
googl,2014-10-01,28.743932723999023
googl,2014-10-02,28.80592155456543
googl,2014-10-03,29.072216033935547
googl,2014-10-06,29.148090362548828
googl,2014-10-07,28.469701766967773
googl,2014-10-08,28.9477481842041
googl,2014-10-09,28.306547164916992
googl,2014-10-10,27.531951904296875
googl,2014-10-13,27.01422691345215
googl,2014-10-14,27.209611892700195
googl,2014-10-15,26.814876556396484
googl,2014-10-16,26.625934600830078
googl,2014-10-17,25.934154510498047
googl,2014-10-20,26.40079689025879
googl,2014-10-21,26.680984497070312
googl,2014-10-22,26.912073135375977
googl,2014-10-23,27.45557975769043
googl,2014-10-24,27.220027923583984
googl,2014-10-27,27.26862335205078
googl,2014-10-28,27.717912673950195
googl,2014-10-29,27.693614959716797
googl,2014-10-30,27.78386688232422
googl,2014-10-31,28.16075325012207
googl,2014-11-03,27.95743179321289
googl,2014-11-04,27.978260040283203
googl,2014-11-05,27.569639205932617
googl,2014-11-06,27.358383178710938
googl,2014-11-07,27.36482810974121
googl,2014-11-10,27.68270492553711
googl,2014-11-11,27.834447860717773
googl,2014-11-12,27.68369483947754
googl,2014-11-13,27.593935012817383
googl,2014-11-14,27.531951904296875
googl,2014-11-17,27.107954025268555
googl,2014-11-18,27.0023250579834
googl,2014-11-19,27.135723114013672
googl,2014-11-20,26.965133666992188
googl,2014-11-21,27.07076072692871
googl,2014-11-24,27.149608612060547
googl,2014-11-25,27.236392974853516
googl,2014-11-26,27.162004470825195
googl,2014-11-28,27.228952407836914
googl,2014-12-01,26.761316299438477
googl,2014-12-02,26.70875358581543
googl,2014-12-03,26.628416061401367
googl,2014-12-04,26.906618118286133
googl,2014-12-05,26.187562942504883
googl,2014-12-08,26.3189754486084
googl,2014-12-09,26.58576774597168
googl,2014-12-10,26.185579299926758
googl,2014-12-11,26.387409210205078
googl,2014-12-12,25.86175537109375
googl,2014-12-15,25.580577850341797
googl,2014-12-16,24.703826904296875
googl,2014-12-17,25.114927291870117
googl,2014-12-18,25.520078659057617
googl,2014-12-19,25.788854598999023
googl,2014-12-22,26.396831512451172
googl,2014-12-23,26.71767807006836
googl,2014-12-24,26.626432418823242
googl,2014-12-26,26.854049682617188
googl,2014-12-29,26.64527702331543
googl,2014-12-30,26.54460906982422
googl,2014-12-31,26.31550407409668
googl,2015-01-02,26.26045799255371
googl,2015-01-05,25.760093688964844
googl,2015-01-06,25.124347686767578
googl,2015-01-07,25.050458908081055
googl,2015-01-08,25.13773536682129
googl,2015-01-09,24.830772399902344
googl,2015-01-12,24.64927864074707
googl,2015-01-13,24.884328842163086
googl,2015-01-14,25.089136123657227
googl,2015-01-15,24.993925094604492
googl,2015-01-16,25.313779830932617
googl,2015-01-20,25.287994384765625
googl,2015-01-21,25.806211471557617
googl,2015-01-22,26.6447811126709
googl,2015-01-23,26.87537384033203
googl,2015-01-26,26.61602020263672
googl,2015-01-27,25.845882415771484
googl,2015-01-28,25.411470413208008
googl,2015-01-29,25.451147079467773
googl,2015-01-30,26.657180786132812
googl,2015-02-02,26.39187240600586
googl,2015-02-03,26.446420669555664
googl,2015-02-04,26.089372634887695
googl,2015-02-05,26.274343490600586
googl,2015-02-06,26.475181579589844
googl,2015-02-09,26.2470703125
googl,2015-02-10,26.78660774230957
googl,2015-02-11,26.679492950439453
googl,2015-02-12,27.07671356201172
googl,2015-02-13,27.332101821899414
googl,2015-02-17,27.02712059020996
googl,2015-02-18,26.91008758544922
googl,2015-02-19,27.098529815673828
googl,2015-02-20,26.867938995361328
googl,2015-02-23,26.53072166442871
googl,2015-02-24,26.711727142333984
googl,2015-02-25,27.14217185974121
googl,2015-02-26,27.735271453857422
googl,2015-02-27,27.90089988708496
googl,2015-03-02,28.515321731567383
googl,2015-03-03,28.7022762298584
googl,2015-03-04,28.67946434020996
googl,2015-03-05,28.833194732666016
googl,2015-03-06,28.41019058227539
googl,2015-03-09,28.469701766967773
googl,2015-03-10,27.763038635253906
googl,2015-03-11,27.556745529174805
googl,2015-03-12,27.8284969329834
googl,2015-03-13,27.423349380493164
googl,2015-03-16,27.851806640625
googl,2015-03-17,27.651954650878906
googl,2015-03-18,28.07595443725586
googl,2015-03-19,27.95247459411621
googl,2015-03-20,28.015947341918945
googl,2015-03-23,28.036775588989258
googl,2015-03-24,28.640287399291992
googl,2015-03-25,28.11760902404785
googl,2015-03-26,27.950986862182617
googl,2015-03-27,27.648983001708984
googl,2015-03-30,27.827011108398438
googl,2015-03-31,27.50765037536621
googl,2015-04-01,27.249282836914062
googl,2015-04-02,26.843637466430664
googl,2015-04-06,26.97455596923828
googl,2015-04-07,27.019681930541992
googl,2015-04-08,27.217052459716797
googl,2015-04-09,27.176387786865234
googl,2015-04-10,27.20217514038086
googl,2015-04-13,27.20713233947754
googl,2015-04-14,26.76776695251465
googl,2015-04-15,26.830249786376953
googl,2015-04-16,26.953231811523438
googl,2015-04-17,26.418651580810547
googl,2015-04-20,27.003320693969727
googl,2015-04-21,26.92347526550293
googl,2015-04-22,27.23391342163086
googl,2015-04-23,27.644519805908203
googl,2015-04-24,28.447877883911133
googl,2015-04-27,28.0739688873291
googl,2015-04-28,27.9871883392334
googl,2015-04-29,27.839406967163086
googl,2015-04-30,27.213579177856445
googl,2015-05-01,27.332101821899414
googl,2015-05-04,27.41541290283203
googl,2015-05-05,26.929428100585938
googl,2015-05-06,26.534690856933594
googl,2015-05-07,26.879837036132812
googl,2015-05-08,27.22250747680664
googl,2015-05-11,27.065303802490234
googl,2015-05-12,26.715694427490234
googl,2015-05-13,26.75338363647461
googl,2015-05-14,27.234901428222656
googl,2015-05-15,27.100515365600586
googl,2015-05-18,27.109439849853516
googl,2015-05-19,27.23887062072754
googl,2015-05-20,27.3990478515625
googl,2015-05-21,27.61228370666504
googl,2015-05-22,27.49872398376465
googl,2015-05-26,27.135229110717773
googl,2015-05-27,27.48533058166504
googl,2015-05-28,27.48185920715332
googl,2015-05-29,27.04249382019043
googl,2015-06-01,27.235401153564453
googl,2015-06-02,27.470455169677734
googl,2015-06-03,27.536907196044922
googl,2015-06-04,27.358383178710938
googl,2015-06-05,27.25126838684082
googl,2015-06-08,26.951250076293945
googl,2015-06-09,26.885787963867188
googl,2015-06-10,27.40351104736328
googl,2015-06-11,27.276561737060547
googl,2015-06-12,27.14911651611328
googl,2015-06-15,26.927448272705078
googl,2015-06-16,27.020179748535156
googl,2015-06-17,27.10597038269043
googl,2015-06-18,27.58104133605957
googl,2015-06-19,27.647493362426758
googl,2015-06-22,27.754608154296875
googl,2015-06-23,27.938589096069336
googl,2015-06-24,27.69956398010254
googl,2015-06-25,27.66881561279297
googl,2015-06-26,27.42632293701172
googl,2015-06-29,26.840662002563477
googl,2015-06-30,26.78066062927246
googl,2015-07-01,26.942323684692383
googl,2015-07-02,27.14266586303711
googl,2015-07-06,27.057371139526367
googl,2015-07-07,27.27606201171875
googl,2015-07-08,26.862979888916016
googl,2015-07-09,27.009267807006836
googl,2015-07-10,27.577571868896484
googl,2015-07-13,28.352169036865234
googl,2015-07-14,28.969568252563477
googl,2015-07-15,28.95865821838379
googl,2015-07-16,29.84235382080078
googl,2015-07-17,34.69425582885742
googl,2015-07-20,34.358028411865234
googl,2015-07-21,34.48250198364258
googl,2015-07-22,34.4701042175293
googl,2015-07-23,33.459957122802734
googl,2015-07-24,32.470130920410156
googl,2015-07-27,32.643699645996094
googl,2015-07-28,32.712623596191406
googl,2015-07-29,32.80040740966797
googl,2015-07-30,32.95561981201172
googl,2015-07-31,32.60551834106445
googl,2015-08-03,32.963558197021484
googl,2015-08-04,32.79296875
googl,2015-08-05,33.388545989990234
googl,2015-08-06,33.23283386230469
googl,2015-08-07,32.94719314575195
googl,2015-08-10,32.88520431518555
googl,2015-08-11,34.23207092285156
googl,2015-08-12,34.290096282958984
googl,2015-08-13,34.044124603271484
googl,2015-08-14,34.18594741821289
googl,2015-08-17,34.42101287841797
googl,2015-08-18,34.154212951660156
googl,2015-08-19,34.417537689208984
googl,2015-08-20,33.69550323486328
googl,2015-08-21,31.93754005432129
googl,2015-08-24,30.65216064453125
googl,2015-08-25,30.37247085571289
googl,2015-08-26,32.71659851074219
googl,2015-08-27,33.12422561645508
googl,2015-08-28,32.7141227722168
googl,2015-08-31,32.125484466552734
googl,2015-09-01,31.219968795776367
googl,2015-09-02,31.981172561645508
googl,2015-09-03,31.591400146484375
googl,2015-09-04,31.190214157104492
googl,2015-09-08,31.930097579956055
googl,2015-09-09,31.90679359436035
googl,2015-09-10,32.28715133666992
googl,2015-09-11,32.49641418457031
googl,2015-09-14,32.3560791015625
googl,2015-09-15,32.98091506958008
googl,2015-09-16,33.00322723388672
googl,2015-09-17,33.30820846557617
googl,2015-09-18,32.77511978149414
googl,2015-09-21,33.075626373291016
googl,2015-09-22,32.392276763916016
googl,2015-09-23,32.39674758911133
googl,2015-09-24,32.47707748413086
googl,2015-09-25,31.745128631591797
googl,2015-09-28,30.956645965576172
googl,2015-09-29,30.875316619873047
googl,2015-09-30,31.656856536865234
googl,2015-10-01,31.83686637878418
googl,2015-10-02,32.580230712890625
googl,2015-10-05,33.30870056152344
googl,2015-10-06,33.306724548339844
googl,2015-10-07,33.22539520263672
googl,2015-10-08,33.07661819458008
googl,2015-10-09,33.28688430786133
googl,2015-10-12,33.544254302978516
googl,2015-10-13,33.87849426269531
googl,2015-10-14,33.74162292480469
googl,2015-10-15,34.36695861816406
googl,2015-10-16,34.48101043701172
googl,2015-10-19,34.71062088012695
googl,2015-10-20,33.721290588378906
googl,2015-10-21,33.31465148925781
googl,2015-10-22,33.777828216552734
googl,2015-10-23,35.67167663574219
googl,2015-10-26,36.25634002685547
googl,2015-10-27,36.34064483642578
googl,2015-10-28,36.54396438598633
googl,2015-10-29,36.937217712402344
googl,2015-10-30,36.5672721862793
googl,2015-11-02,37.08052444458008
googl,2015-11-03,37.13408279418945
googl,2015-11-04,37.455928802490234
googl,2015-11-05,37.72172927856445
googl,2015-11-06,37.767845153808594
googl,2015-11-09,37.42914962768555
googl,2015-11-10,37.60222244262695
googl,2015-11-11,37.948856353759766
googl,2015-11-12,37.51642990112305
googl,2015-11-13,36.70017623901367
googl,2015-11-16,37.21342849731445
googl,2015-11-17,36.993247985839844
googl,2015-11-18,37.68899917602539
googl,2015-11-19,37.68553161621094
googl,2015-11-20,38.531532287597656
googl,2015-11-23,38.516658782958984
googl,2015-11-24,38.16605758666992
googl,2015-11-25,38.147705078125
googl,2015-11-27,38.282100677490234
googl,2015-11-30,37.82984161376953
googl,2015-12-01,38.86825180053711
googl,2015-12-02,38.57369613647461
googl,2015-12-03,38.09514236450195
googl,2015-12-04,38.6411247253418
googl,2015-12-07,38.33268356323242
googl,2015-12-08,38.43929672241211
googl,2015-12-09,37.81495666503906
googl,2015-12-10,37.69049072265625
googl,2015-12-11,37.21342849731445
googl,2015-12-14,37.81446075439453
googl,2015-12-15,37.692970275878906
googl,2015-12-16,38.511199951171875
googl,2015-12-17,38.17597198486328
googl,2015-12-18,37.53229904174805
googl,2015-12-21,37.728179931640625
googl,2015-12-22,38.04207992553711
googl,2015-12-23,38.11051940917969
googl,2015-12-24,37.978111267089844
googl,2015-12-28,38.79139709472656
googl,2015-12-29,39.372589111328125
googl,2015-12-30,39.19108963012695
googl,2015-12-31,38.58162307739258
googl,2016-01-04,37.66073226928711
googl,2016-01-05,37.76437759399414
googl,2016-01-06,37.65528106689453
googl,2016-01-07,36.74629592895508
googl,2016-01-08,36.24592590332031
googl,2016-01-11,36.353050231933594
googl,2016-01-12,36.961509704589844
googl,2016-01-13,35.683570861816406
googl,2016-01-14,36.26972961425781
googl,2016-01-15,35.233299255371094
googl,2016-01-19,35.65927505493164
googl,2016-01-20,35.633487701416016
googl,2016-01-21,36.03566360473633
googl,2016-01-22,36.967464447021484
googl,2016-01-25,36.380313873291016
googl,2016-01-26,36.38874435424805
googl,2016-01-27,35.58489227294922
googl,2016-01-28,37.10830307006836
googl,2016-01-29,37.75545120239258
googl,2016-02-01,38.222591400146484
googl,2016-02-02,38.725440979003906
googl,2016-02-03,37.161861419677734
googl,2016-02-04,36.20228576660156
googl,2016-02-05,34.89955520629883
googl,2016-02-08,34.91939163208008
googl,2016-02-09,34.763675689697266
googl,2016-02-10,35.05278396606445
googl,2016-02-11,35.02849197387695
googl,2016-02-12,35.05477523803711
googl,2016-02-16,35.587867736816406
googl,2016-02-17,36.29849624633789
googl,2016-02-18,35.5814208984375
googl,2016-02-19,35.809532165527344
googl,2016-02-22,36.1536865234375
googl,2016-02-23,35.57050323486328
googl,2016-02-24,35.74952697753906
googl,2016-02-25,36.15716552734375
googl,2016-02-26,35.94590759277344
googl,2016-02-29,35.567039489746094
googl,2016-03-01,36.80431365966797
googl,2016-03-02,36.67091751098633
googl,2016-03-03,36.27964782714844
googl,2016-03-04,36.21171188354492
googl,2016-03-07,35.34785461425781
googl,2016-03-08,35.38405227661133
googl,2016-03-09,35.97317886352539
googl,2016-03-10,36.308414459228516
googl,2016-03-11,36.93820571899414
googl,2016-03-14,37.204505920410156
googl,2016-03-15,37.22087097167969
googl,2016-03-16,37.557586669921875
googl,2016-03-17,37.613128662109375
googl,2016-03-18,37.46088409423828
googl,2016-03-21,37.79561996459961
googl,2016-03-22,37.69098663330078
googl,2016-03-23,37.5675048828125
googl,2016-03-24,37.432621002197266
googl,2016-03-28,37.35525894165039
googl,2016-03-29,37.980587005615234
googl,2016-03-30,38.10208511352539
googl,2016-03-31,37.83231735229492
googl,2016-04-01,38.16804122924805
googl,2016-04-04,37.94240951538086
googl,2016-04-05,37.617591857910156
googl,2016-04-06,38.08869171142578
googl,2016-04-07,37.694454193115234
googl,2016-04-08,37.6622200012207
googl,2016-04-11,37.56651306152344
googl,2016-04-12,37.90273666381836
googl,2016-04-13,38.27912902832031
googl,2016-04-14,38.45169448852539
googl,2016-04-15,38.68030548095703
googl,2016-04-18,39.061153411865234
googl,2016-04-19,38.49434280395508
googl,2016-04-20,38.42839050292969
googl,2016-04-21,38.68030548095703
googl,2016-04-22,36.586116790771484
googl,2016-04-25,36.80628967285156
googl,2016-04-26,35.9712028503418
googl,2016-04-27,35.77730941772461
googl,2016-04-28,34.964019775390625
googl,2016-04-29,35.10386657714844
googl,2016-05-02,35.427696228027344
googl,2016-05-03,35.13164138793945
googl,2016-05-04,35.27693557739258
googl,2016-05-05,35.44256591796875
googl,2016-05-06,35.96177673339844
googl,2016-05-09,36.15766525268555
googl,2016-05-10,36.66595458984375
googl,2016-05-11,36.22807312011719
googl,2016-05-12,36.1050910949707
googl,2016-05-13,35.94441604614258
googl,2016-05-16,36.21567916870117
googl,2016-05-17,35.714324951171875
googl,2016-05-18,35.79317092895508
googl,2016-05-19,35.47231674194336
googl,2016-05-20,35.78969955444336
googl,2016-05-23,35.56852722167969
googl,2016-05-24,36.35105514526367
googl,2016-05-25,36.60247802734375
googl,2016-05-26,36.544464111328125
googl,2016-05-27,37.073585510253906
googl,2016-05-31,37.135581970214844
googl,2016-06-01,37.116233825683594
googl,2016-06-02,36.90845489501953
googl,2016-06-03,36.491397857666016
googl,2016-06-06,36.20377731323242
googl,2016-06-07,36.25485610961914
googl,2016-06-08,36.842002868652344
googl,2016-06-09,36.82167434692383
googl,2016-06-10,36.35899353027344
googl,2016-06-13,36.294029235839844
googl,2016-06-14,36.36197280883789
googl,2016-06-15,36.30940628051758
googl,2016-06-16,35.9156608581543
googl,2016-06-17,34.923858642578125
googl,2016-06-20,35.01708221435547
googl,2016-06-21,35.15345764160156
googl,2016-06-22,35.232303619384766
googl,2016-06-23,35.450504302978516
googl,2016-06-24,33.97916030883789
googl,2016-06-27,33.777828216552734
googl,2016-06-28,34.2796745300293
googl,2016-06-29,34.47456359863281
googl,2016-06-30,34.888145446777344
googl,2016-07-01,35.22139358520508
googl,2016-07-05,34.955589294433594
googl,2016-07-06,35.157920837402344
googl,2016-07-07,35.0731201171875
googl,2016-07-08,35.59480667114258
googl,2016-07-11,36.061946868896484
googl,2016-07-12,36.32526779174805
googl,2016-07-13,36.17501449584961
googl,2016-07-14,36.48843002319336
googl,2016-07-15,36.47998809814453
googl,2016-07-18,37.351287841796875
googl,2016-07-19,37.3617057800293
googl,2016-07-20,37.543701171875
googl,2016-07-21,37.411293029785156
googl,2016-07-22,37.652801513671875
googl,2016-07-25,37.565521240234375
googl,2016-07-26,37.57196807861328
googl,2016-07-27,37.78619384765625
googl,2016-07-28,37.978111267089844
googl,2016-07-29,39.24265670776367
googl,2016-08-01,39.718727111816406
googl,2016-08-02,39.67805862426758
googl,2016-08-03,39.61854934692383
googl,2016-08-04,39.535736083984375
googl,2016-08-05,40.01577377319336
googl,2016-08-08,39.93146896362305
googl,2016-08-09,40.04304885864258
googl,2016-08-10,40.0931282043457
googl,2016-08-11,40.07875061035156
googl,2016-08-12,40.02172088623047
googl,2016-08-15,39.96767044067383
googl,2016-08-16,39.73112106323242
googl,2016-08-17,39.94088363647461
googl,2016-08-18,39.80849075317383
googl,2016-08-19,39.65475082397461
googl,2016-08-22,39.5208625793457
googl,2016-08-23,39.50300216674805
googl,2016-08-24,39.354732513427734
googl,2016-08-25,39.24068069458008
googl,2016-08-26,39.33589172363281
googl,2016-08-29,39.464820861816406
googl,2016-08-30,39.271419525146484
googl,2016-08-31,39.16877365112305
googl,2016-09-01,39.24563217163086
googl,2016-09-02,39.51688766479492
googl,2016-09-06,40.069820404052734
googl,2016-09-07,40.068336486816406
googl,2016-09-08,39.81294250488281
googl,2016-09-09,39.100830078125
googl,2016-09-12,39.61359786987305
googl,2016-09-13,39.112735748291016
googl,2016-09-14,39.19901657104492
googl,2016-09-15,39.73310852050781
googl,2016-09-16,39.57144546508789
googl,2016-09-19,39.44349670410156
googl,2016-09-20,39.66119384765625
googl,2016-09-21,39.92155075073242
googl,2016-09-22,40.46307373046875
googl,2016-09-23,40.413978576660156
googl,2016-09-26,39.80352020263672
googl,2016-09-27,40.2042121887207
googl,2016-09-28,40.170982360839844
googl,2016-09-29,39.80302810668945
googl,2016-09-30,39.873443603515625
googl,2016-10-03,39.690956115722656
googl,2016-10-04,39.81046676635742
googl,2016-10-05,39.73310852050781
googl,2016-10-06,39.82484817504883
googl,2016-10-07,39.70732116699219
googl,2016-10-10,40.37480163574219
googl,2016-10-11,40.14668655395508
googl,2016-10-12,40.25577926635742
googl,2016-10-13,39.87444305419922
googl,2016-10-14,39.90022277832031
googl,2016-10-17,40.01130294799805
googl,2016-10-18,40.7378044128418
googl,2016-10-19,41.003108978271484
googl,2016-10-20,40.744747161865234
googl,2016-10-21,40.86524963378906
googl,2016-10-24,41.4444580078125
googl,2016-10-25,41.08791732788086
googl,2016-10-26,40.76805877685547
googl,2016-10-27,40.53249740600586
googl,2016-10-28,40.6421012878418
googl,2016-10-31,40.16305160522461
googl,2016-11-01,39.94386291503906
googl,2016-11-02,39.09785842895508
googl,2016-11-03,38.78890609741211
googl,2016-11-04,38.73485565185547
googl,2016-11-07,39.77278137207031
googl,2016-11-08,40.266197204589844
googl,2016-11-09,39.94931411743164
googl,2016-11-10,38.69468307495117
googl,2016-11-11,38.27119064331055
googl,2016-11-14,37.3522834777832
googl,2016-11-15,38.44028854370117
googl,2016-11-16,38.679317474365234
googl,2016-11-17,38.985782623291016
googl,2016-11-18,38.480464935302734
googl,2016-11-21,38.918338775634766
googl,2016-11-22,38.928253173828125
googl,2016-11-23,38.630714416503906
googl,2016-11-25,38.691715240478516
googl,2016-11-28,38.967430114746094
googl,2016-11-29,39.148441314697266
googl,2016-11-30,38.47599792480469
googl,2016-12-01,37.90322494506836
googl,2016-12-02,37.9096794128418
googl,2016-12-05,38.59203338623047
googl,2016-12-06,38.490867614746094
googl,2016-12-07,39.24910354614258
googl,2016-12-08,39.432594299316406
googl,2016-12-09,40.1407356262207
googl,2016-12-12,40.06386947631836
googl,2016-12-13,40.432823181152344
googl,2016-12-14,40.55927658081055
googl,2016-12-15,40.44819259643555
googl,2016-12-16,40.16007995605469
googl,2016-12-19,40.2919921875
googl,2016-12-20,40.425872802734375
googl,2016-12-21,40.2771110534668
googl,2016-12-22,40.15214157104492
googl,2016-12-23,40.05891418457031
googl,2016-12-27,40.16453552246094
googl,2016-12-28,39.898738861083984
googl,2016-12-29,39.8149299621582
googl,2016-12-30,39.29771041870117
googl,2017-01-03,40.06932830810547
googl,2017-01-04,40.05742645263672
googl,2017-01-05,40.317779541015625
googl,2017-01-06,40.92228317260742
googl,2017-01-09,41.01996994018555
googl,2017-01-10,40.96194839477539
googl,2017-01-11,41.152870178222656
googl,2017-01-12,41.136505126953125
googl,2017-01-13,41.2064323425293
googl,2017-01-17,41.03385543823242
googl,2017-01-18,41.11122131347656
googl,2017-01-19,40.88062286376953
googl,2017-01-20,41.06906509399414
googl,2017-01-23,41.875404357910156
googl,2017-01-24,42.12831115722656
googl,2017-01-25,42.57065200805664
googl,2017-01-26,42.49775695800781
googl,2017-01-27,41.905155181884766
googl,2017-01-30,40.85384750366211
googl,2017-01-31,40.67333221435547
googl,2017-02-01,40.4278678894043
googl,2017-02-02,40.57762145996094
googl,2017-02-03,40.67036056518555
googl,2017-02-06,40.74425506591797
googl,2017-02-07,41.12162780761719
googl,2017-02-08,41.153865814208984
googl,2017-02-09,41.16278839111328
googl,2017-02-10,41.400325775146484
googl,2017-02-13,41.60414505004883
googl,2017-02-14,41.657203674316406
googl,2017-02-15,41.52281951904297
googl,2017-02-16,41.763328552246094
googl,2017-02-17,41.980525970458984
googl,2017-02-21,42.115413665771484
googl,2017-02-22,42.219058990478516
googl,2017-02-23,42.20120620727539
googl,2017-02-24,42.04301834106445
googl,2017-02-27,42.135257720947266
googl,2017-02-28,41.90019226074219
googl,2017-03-01,42.48635482788086
googl,2017-03-02,42.14417266845703
googl,2017-03-03,42.105995178222656
googl,2017-03-06,42.0162353515625
googl,2017-03-07,42.20864486694336
googl,2017-03-08,42.332122802734375
googl,2017-03-09,42.54039764404297
googl,2017-03-10,42.717437744140625
googl,2017-03-13,42.87464141845703
googl,2017-03-14,42.94059753417969
googl,2017-03-15,43.063575744628906
googl,2017-03-16,43.1434211730957
googl,2017-03-17,43.26094436645508
googl,2017-03-20,43.0397834777832
googl,2017-03-21,42.15856170654297
googl,2017-03-22,42.141700744628906
googl,2017-03-23,41.63835525512695
googl,2017-03-24,41.41470718383789
googl,2017-03-27,41.58182907104492
googl,2017-03-28,41.68696212768555
googl,2017-03-29,42.145172119140625
googl,2017-03-30,42.12583541870117
googl,2017-03-31,42.04252243041992
googl,2017-04-03,42.48635482788086
googl,2017-04-04,42.27906036376953
googl,2017-04-05,42.097557067871094
googl,2017-04-06,41.908626556396484
googl,2017-04-07,41.75985336303711
googl,2017-04-10,41.74001693725586
googl,2017-04-11,41.64976501464844
googl,2017-04-12,41.72811508178711
googl,2017-04-13,41.664642333984375
googl,2017-04-17,42.4060173034668
googl,2017-04-18,42.349483489990234
googl,2017-04-19,42.474449157714844
googl,2017-04-20,42.65148162841797
googl,2017-04-21,42.5954475402832
googl,2017-04-24,43.586265563964844
googl,2017-04-25,44.077701568603516
googl,2017-04-26,44.09257125854492
googl,2017-04-27,44.20663070678711
googl,2017-04-28,45.84708023071289
googl,2017-05-01,46.258670806884766
googl,2017-05-02,46.47042465209961
googl,2017-05-03,47.03376388549805
googl,2017-05-04,47.34469985961914
googl,2017-05-05,47.12451934814453
googl,2017-05-08,47.541568756103516
googl,2017-05-09,47.443382263183594
googl,2017-05-10,47.350650787353516
googl,2017-05-11,47.4027099609375
googl,2017-05-12,47.36552047729492
googl,2017-05-15,47.56785202026367
googl,2017-05-16,47.835147857666016
googl,2017-05-17,46.72233581542969
googl,2017-05-18,47.13542556762695
googl,2017-05-19,47.34122848510742
googl,2017-05-22,47.8083610534668
googl,2017-05-23,48.129703521728516
googl,2017-05-24,48.47981262207031
googl,2017-05-25,49.18647003173828
googl,2017-05-26,49.25639724731445
googl,2017-05-30,49.400203704833984
googl,2017-05-31,48.94993591308594
googl,2017-06-01,49.00944137573242
googl,2017-06-02,49.397727966308594
googl,2017-06-05,49.78254699707031
googl,2017-06-06,49.42549514770508
googl,2017-06-07,49.66452407836914
googl,2017-06-08,49.80238342285156
googl,2017-06-09,48.1083869934082
googl,2017-06-12,47.6962890625
googl,2017-06-13,48.12723159790039
googl,2017-06-14,47.99978256225586
googl,2017-06-15,47.615455627441406
googl,2017-06-16,47.5380973815918
googl,2017-06-19,48.361297607421875
googl,2017-06-20,48.0523567199707
googl,2017-06-21,48.52841567993164
googl,2017-06-22,48.43072509765625
googl,2017-06-23,48.90033721923828
googl,2017-06-26,48.20607376098633
googl,2017-06-27,47.01591110229492
googl,2017-06-28,47.656620025634766
googl,2017-06-29,46.50662612915039
googl,2017-06-30,46.10295486450195
googl,2017-07-03,45.59614562988281
googl,2017-07-05,46.23090362548828
googl,2017-07-06,46.004276275634766
googl,2017-07-07,46.6548957824707
googl,2017-07-10,47.160221099853516
googl,2017-07-11,47.285682678222656
googl,2017-07-12,47.98639678955078
googl,2017-07-13,48.045406341552734
googl,2017-07-14,48.44510269165039
googl,2017-07-17,48.397987365722656
googl,2017-07-18,48.94298553466797
googl,2017-07-19,49.23160171508789
googl,2017-07-20,49.20283508300781
googl,2017-07-21,49.284664154052734
googl,2017-07-24,49.50633239746094
googl,2017-07-25,48.054325103759766
googl,2017-07-26,47.86985778808594
googl,2017-07-27,47.23509979248047
googl,2017-07-28,47.52371597290039
googl,2017-07-31,46.88747787475586
googl,2017-08-01,46.940032958984375
googl,2017-08-02,46.99359893798828
googl,2017-08-03,46.629608154296875
googl,2017-08-04,46.901859283447266
googl,2017-08-07,46.899871826171875
googl,2017-08-08,46.82251739501953
googl,2017-08-09,46.61869812011719
googl,2017-08-10,45.80095672607422
googl,2017-08-11,46.123294830322266
googl,2017-08-14,46.56166458129883
googl,2017-08-15,46.51951599121094
googl,2017-08-16,46.82648468017578
googl,2017-08-17,46.002784729003906
googl,2017-08-18,45.92938995361328
googl,2017-08-21,45.666072845458984
googl,2017-08-22,46.63456726074219
googl,2017-08-23,46.742671966552734
googl,2017-08-24,46.46051025390625
googl,2017-08-25,46.14362335205078
googl,2017-08-28,46.026100158691406
googl,2017-08-29,46.403968811035156
googl,2017-08-30,46.794734954833984
googl,2017-08-31,47.3704833984375
googl,2017-09-01,47.20931625366211
googl,2017-09-05,46.6881217956543
googl,2017-09-06,46.71490478515625
googl,2017-09-07,47.10517501831055
googl,2017-09-08,46.68464660644531
googl,2017-09-11,46.77788543701172
googl,2017-09-12,46.94450759887695
googl,2017-09-13,47.1324462890625
googl,2017-09-14,46.62118148803711
googl,2017-09-15,46.381160736083984
googl,2017-09-18,46.10642623901367
googl,2017-09-19,46.459014892578125
googl,2017-09-20,46.98863983154297
googl,2017-09-21,46.9891357421875
googl,2017-09-22,46.77639389038086
googl,2017-09-25,46.33107376098633
googl,2017-09-26,46.487281799316406
googl,2017-09-27,47.6015739440918
googl,2017-09-28,47.845062255859375
googl,2017-09-29,48.28691101074219
googl,2017-10-02,47.97697448730469
googl,2017-10-03,48.20557403564453
googl,2017-10-04,47.942752838134766
googl,2017-10-05,48.855709075927734
googl,2017-10-06,49.274742126464844
googl,2017-10-09,49.20878982543945
googl,2017-10-10,48.98513412475586
googl,2017-10-11,49.870323181152344
googl,2017-10-12,49.870323181152344
googl,2017-10-13,49.980411529541016
googl,2017-10-16,50.053802490234375
googl,2017-10-17,50.13562774658203
googl,2017-10-18,50.22191619873047
googl,2017-10-19,49.6813850402832
googl,2017-10-20,49.841556549072266
googl,2017-10-23,48.87306213378906
googl,2017-10-24,49.019351959228516
googl,2017-10-25,49.16664123535156
googl,2017-10-26,49.164649963378906
googl,2017-10-27,51.25983428955078
googl,2017-10-30,51.233062744140625
googl,2017-10-31,51.22859573364258
googl,2017-11-01,51.70268249511719
googl,2017-11-02,51.72102737426758
googl,2017-11-03,52.06914520263672
googl,2017-11-06,51.706642150878906
googl,2017-11-07,52.18815994262695
googl,2017-11-08,52.480751037597656
googl,2017-11-09,51.956581115722656
googl,2017-11-10,51.779544830322266
googl,2017-11-13,51.63325500488281
googl,2017-11-14,51.65507125854492
googl,2017-11-15,51.39571762084961
googl,2017-11-16,51.99376678466797
googl,2017-11-17,51.36992263793945
googl,2017-11-20,51.30893325805664
googl,2017-11-21,52.08452224731445
googl,2017-11-22,52.16485595703125
googl,2017-11-24,52.39297103881836
googl,2017-11-27,53.16112518310547
googl,2017-11-28,52.728702545166016
googl,2017-11-29,51.443817138671875
googl,2017-11-30,51.38381576538086
googl,2017-12-01,50.83335876464844
googl,2017-12-04,50.17877197265625
googl,2017-12-05,50.562103271484375
googl,2017-12-06,51.21272277832031
googl,2017-12-07,51.80037307739258
googl,2017-12-08,52.038902282714844
googl,2017-12-11,52.167335510253906
googl,2017-12-12,52.0086555480957
googl,2017-12-13,52.138572692871094
googl,2017-12-14,52.44008255004883
googl,2017-12-15,53.16062545776367
googl,2017-12-18,53.80976104736328
googl,2017-12-19,53.54643630981445
googl,2017-12-20,53.23799514770508
googl,2017-12-21,53.103599548339844
googl,2017-12-22,53.00491714477539
googl,2017-12-26,52.85564422607422
googl,2017-12-27,52.57545852661133
googl,2017-12-28,52.36471176147461
googl,2017-12-29,52.238250732421875
googl,2018-01-02,53.22063446044922
googl,2018-01-03,54.12862777709961
googl,2018-01-04,54.338890075683594
googl,2018-01-05,55.05943298339844
googl,2018-01-08,55.25382614135742
googl,2018-01-09,55.183414459228516
googl,2018-01-10,55.05199432373047
googl,2018-01-11,55.14671325683594
googl,2018-01-12,56.069091796875
googl,2018-01-16,56.071571350097656
googl,2018-01-17,56.488128662109375
googl,2018-01-18,56.33291244506836
googl,2018-01-19,56.70632553100586
googl,2018-01-22,57.73086166381836
googl,2018-01-23,58.32643508911133
googl,2018-01-24,58.084434509277344
googl,2018-01-25,58.62248229980469
googl,2018-01-26,58.89126205444336
googl,2018-01-29,58.837703704833984
googl,2018-01-30,58.38594055175781
googl,2018-01-31,58.62644958496094
googl,2018-02-01,58.595211029052734
googl,2018-02-02,55.50128173828125
googl,2018-02-05,52.68406677246094
googl,2018-02-06,53.77703094482422
googl,2018-02-07,52.337928771972656
googl,2018-02-08,49.97248077392578
googl,2018-02-09,51.88467025756836
googl,2018-02-12,52.295780181884766
googl,2018-02-13,52.27494812011719
googl,2018-02-14,53.19533920288086
googl,2018-02-15,54.120689392089844
googl,2018-02-16,54.32599639892578
googl,2018-02-20,54.7271842956543
googl,2018-02-21,55.231014251708984
googl,2018-02-22,55.04009246826172
googl,2018-02-23,55.942138671875
googl,2018-02-26,56.71624755859375
googl,2018-02-27,55.41747283935547
googl,2018-02-28,54.7435417175293
googl,2018-03-01,53.131370544433594
googl,2018-03-02,53.762657165527344
googl,2018-03-05,54.28929901123047
googl,2018-03-06,54.593780517578125
googl,2018-03-07,55.294986724853516
googl,2018-03-08,56.0061149597168
googl,2018-03-09,57.56621170043945
googl,2018-03-12,57.81863021850586
googl,2018-03-13,56.528289794921875
googl,2018-03-14,56.97361755371094
googl,2018-03-15,57.05891036987305
googl,2018-03-16,56.25604248046875
googl,2018-03-19,54.55262756347656
googl,2018-03-20,54.340877532958984
googl,2018-03-21,54.25161361694336
googl,2018-03-22,52.225852966308594
googl,2018-03-23,50.906761169433594
googl,2018-03-26,52.2724723815918
googl,2018-03-27,49.93429183959961
googl,2018-03-28,49.847015380859375
googl,2018-03-29,51.431915283203125
googl,2018-04-02,50.216461181640625
googl,2018-04-03,50.5164794921875
googl,2018-04-04,51.0634651184082
googl,2018-04-05,51.208763122558594
googl,2018-04-06,50.083560943603516
googl,2018-04-09,50.586402893066406
googl,2018-04-10,51.40018081665039
googl,2018-04-11,50.83285903930664
googl,2018-04-12,51.439353942871094
googl,2018-04-13,51.37736511230469
googl,2018-04-16,51.87624740600586
googl,2018-04-17,53.52560806274414
googl,2018-04-18,53.3287353515625
googl,2018-04-19,54.025978088378906
googl,2018-04-20,53.4244499206543
googl,2018-04-23,53.250389099121094
googl,2018-04-24,50.712860107421875
googl,2018-04-25,50.7302131652832
googl,2018-04-26,51.73788070678711
googl,2018-04-27,51.149742126464844
googl,2018-04-30,50.511531829833984
googl,2018-05-01,51.61093521118164
googl,2018-05-02,50.881961822509766
googl,2018-05-03,50.89436340332031
googl,2018-05-04,52.119232177734375
googl,2018-05-07,52.53876876831055
googl,2018-05-08,52.49562454223633
googl,2018-05-09,54.00117492675781
googl,2018-05-10,54.820411682128906
googl,2018-05-11,54.716766357421875
googl,2018-05-14,54.8764533996582
googl,2018-05-15,53.798858642578125
googl,2018-05-16,53.760169982910156
googl,2018-05-17,53.61983108520508
googl,2018-05-18,53.04359436035156
googl,2018-05-21,53.75621032714844
googl,2018-05-22,53.32476806640625
googl,2018-05-23,53.852901458740234
googl,2018-05-24,53.827613830566406
googl,2018-05-25,53.759674072265625
googl,2018-05-29,52.965736389160156
googl,2018-05-30,53.431888580322266
googl,2018-05-31,54.549156188964844
googl,2018-06-01,56.28480911254883
googl,2018-06-04,57.17940902709961
googl,2018-06-05,57.07924270629883
googl,2018-06-06,56.877403259277344
googl,2018-06-07,56.25604248046875
googl,2018-06-08,56.17124557495117
googl,2018-06-11,56.577388763427734
googl,2018-06-12,56.93890380859375
googl,2018-06-13,56.742523193359375
googl,2018-06-14,57.5300178527832
googl,2018-06-15,57.48835754394531
googl,2018-06-18,58.69389724731445
googl,2018-06-19,58.45140075683594
googl,2018-06-20,58.71818923950195
googl,2018-06-21,57.9926872253418
googl,2018-06-22,57.98525619506836
googl,2018-06-25,56.49705123901367
googl,2018-06-26,56.166778564453125
googl,2018-06-27,55.38920974731445
googl,2018-06-28,55.87717819213867
googl,2018-06-29,55.99668502807617
googl,2018-07-02,56.637393951416016
googl,2018-07-03,55.35647964477539
googl,2018-07-05,56.59672164916992
googl,2018-07-06,57.280574798583984
googl,2018-07-09,57.88557434082031
googl,2018-07-10,57.87862777709961
googl,2018-07-11,58.09286880493164
googl,2018-07-12,59.57064437866211
googl,2018-07-13,59.727352142333984
googl,2018-07-16,59.33510208129883
googl,2018-07-17,60.156803131103516
googl,2018-07-18,60.148372650146484
googl,2018-07-19,59.46353530883789
googl,2018-07-20,59.40304183959961
googl,2018-07-23,60.05365753173828
googl,2018-07-24,62.3918342590332
googl,2018-07-25,63.2740478515625
googl,2018-07-26,63.74812316894531
googl,2018-07-27,62.1309928894043
googl,2018-07-30,60.99785614013672
googl,2018-07-31,60.858009338378906
googl,2018-08-01,61.144142150878906
googl,2018-08-02,61.54780197143555
googl,2018-08-03,61.40052795410156
googl,2018-08-06,61.376224517822266
googl,2018-08-07,62.277286529541016
googl,2018-08-08,62.549530029296875
googl,2018-08-09,62.70473861694336
googl,2018-08-10,62.112144470214844
googl,2018-08-13,61.920230865478516
googl,2018-08-14,62.39133834838867
googl,2018-08-15,61.105960845947266
googl,2018-08-16,60.70130157470703
googl,2018-08-17,60.29417419433594
googl,2018-08-20,60.59666442871094
googl,2018-08-21,60.37152862548828
googl,2018-08-22,60.586753845214844
googl,2018-08-23,60.557491302490234
googl,2018-08-24,61.33060073852539
googl,2018-08-27,62.29860305786133
googl,2018-08-28,61.78236770629883
googl,2018-08-29,62.71416091918945
googl,2018-08-30,62.207855224609375
googl,2018-08-31,61.08512878417969
googl,2018-09-04,60.06903076171875
googl,2018-09-05,59.46353530883789
googl,2018-09-06,58.7142333984375
googl,2018-09-07,58.396854400634766
googl,2018-09-10,58.27138900756836
googl,2018-09-11,59.01176834106445
googl,2018-09-12,58.09981155395508
googl,2018-09-13,58.62248229980469
googl,2018-09-14,58.41618728637695
googl,2018-09-17,57.51613235473633
googl,2018-09-18,57.87714767456055
googl,2018-09-19,58.232215881347656
googl,2018-09-20,59.090118408203125
googl,2018-09-21,58.12559509277344
googl,2018-09-24,58.49454116821289
googl,2018-09-25,59.20517349243164
googl,2018-09-26,59.213600158691406
googl,2018-09-27,59.873146057128906
googl,2018-09-28,59.8592643737793
googl,2018-10-01,59.93116760253906
googl,2018-10-02,59.88703918457031
googl,2018-10-03,60.07994079589844
googl,2018-10-04,58.371063232421875
googl,2018-10-05,57.9128532409668
googl,2018-10-08,57.322235107421875
googl,2018-10-09,56.78913497924805
googl,2018-10-10,54.16036605834961
googl,2018-10-11,54.089942932128906
googl,2018-10-12,55.56773376464844
googl,2018-10-15,54.67015075683594
googl,2018-10-16,56.18959045410156
googl,2018-10-17,55.91734313964844
googl,2018-10-18,54.44550704956055
googl,2018-10-19,54.8060302734375
googl,2018-10-22,55.11299133300781
googl,2018-10-23,55.28853988647461
googl,2018-10-24,52.42272186279297
googl,2018-10-25,54.7271842956543
googl,2018-10-26,53.743309020996094
googl,2018-10-29,51.312400817871094
googl,2018-10-30,52.04534149169922
googl,2018-10-31,54.08201217651367
googl,2018-11-01,53.85389709472656
googl,2018-11-02,53.135337829589844
googl,2018-11-05,52.353797912597656
googl,2018-11-06,53.040122985839844
googl,2018-11-07,54.9577751159668
googl,2018-11-08,54.2828483581543
googl,2018-11-09,53.409568786621094
googl,2018-11-12,52.03791046142578
googl,2018-11-13,51.96897888183594
googl,2018-11-14,52.29676055908203
googl,2018-11-15,53.11351776123047
googl,2018-11-16,52.97565460205078
googl,2018-11-19,50.94990158081055
googl,2018-11-20,51.10015106201172
googl,2018-11-21,51.743839263916016
googl,2018-11-23,51.08280563354492
googl,2018-11-26,52.36421585083008
googl,2018-11-27,52.182708740234375
googl,2018-11-28,54.14202117919922
googl,2018-11-29,54.28037643432617
googl,2018-11-30,55.02769470214844
googl,2018-12-03,55.36044692993164
googl,2018-12-04,52.68803787231445
googl,2018-12-06,53.46213912963867
googl,2018-12-07,51.90004348754883
googl,2018-12-10,52.22733688354492
googl,2018-12-11,52.64737319946289
googl,2018-12-12,53.24641799926758
googl,2018-12-13,53.236995697021484
googl,2018-12-14,52.15443801879883
googl,2018-12-17,50.86212158203125
googl,2018-12-18,51.74284744262695
googl,2018-12-19,51.34859848022461
googl,2018-12-20,50.75947570800781
googl,2018-12-21,49.156227111816406
googl,2018-12-24,48.829925537109375
googl,2018-12-26,51.96302795410156
googl,2018-12-27,52.21345901489258
googl,2018-12-28,51.905006408691406
googl,2018-12-31,51.8197135925293
googl,2019-01-02,52.301727294921875
googl,2019-01-03,50.85319519042969
googl,2019-01-04,53.461639404296875
googl,2019-01-07,53.35502243041992
googl,2019-01-08,53.823646545410156
googl,2019-01-09,53.6391716003418
googl,2019-01-10,53.49932861328125
googl,2019-01-11,52.78721618652344
googl,2019-01-14,52.14452362060547
googl,2019-01-15,53.880184173583984
googl,2019-01-16,54.02894973754883
googl,2019-01-17,54.50551223754883
googl,2019-01-18,54.91115951538086
googl,2019-01-22,53.489410400390625
googl,2019-01-23,53.77604293823242
googl,2019-01-24,53.75571060180664
googl,2019-01-25,54.62403106689453
googl,2019-01-28,53.55040740966797
googl,2019-01-29,53.064422607421875
googl,2019-01-30,54.44947814941406
googl,2019-01-31,55.833038330078125
googl,2019-02-01,55.47251892089844
googl,2019-02-04,56.603172302246094
googl,2019-02-05,57.12139129638672
googl,2019-02-06,55.684268951416016
googl,2019-02-07,54.84223556518555
googl,2019-02-08,54.667179107666016
googl,2019-02-11,54.65428161621094
googl,2019-02-12,55.91685104370117
googl,2019-02-13,55.96891784667969
googl,2019-02-14,55.99718475341797
googl,2019-02-15,55.522605895996094
googl,2019-02-19,55.86378479003906
googl,2019-02-20,55.57021713256836
googl,2019-02-21,54.7579231262207
googl,2019-02-22,55.370365142822266
googl,2019-02-25,55.408546447753906
googl,2019-02-26,55.640628814697266
googl,2019-02-27,55.684268951416016
googl,2019-02-28,55.86577224731445
googl,2019-03-01,56.955265045166016
googl,2019-03-04,57.19825744628906
googl,2019-03-05,57.98029708862305
googl,2019-03-06,57.769535064697266
googl,2019-03-07,57.07080841064453
googl,2019-03-08,57.02717208862305
googl,2019-03-11,58.47966766357422
googl,2019-03-12,59.371795654296875
googl,2019-03-13,59.4615478515625
googl,2019-03-14,59.137725830078125
googl,2019-03-15,59.027137756347656
googl,2019-03-18,58.94035720825195
googl,2019-03-19,59.63016128540039
googl,2019-03-20,60.8188362121582
googl,2019-03-21,61.29985427856445
googl,2019-03-22,59.88753890991211
googl,2019-03-25,59.37824249267578
googl,2019-03-26,59.004329681396484
googl,2019-03-27,58.41767883300781
googl,2019-03-28,58.133026123046875
googl,2019-03-29,58.36213684082031
googl,2019-04-01,59.45758819580078
googl,2019-04-02,59.782894134521484
googl,2019-04-03,60.04423522949219
googl,2019-04-04,60.47269821166992
googl,2019-04-05,60.07596969604492
googl,2019-04-08,59.91876983642578
googl,2019-04-09,59.641563415527344
googl,2019-04-10,59.82802963256836
googl,2019-04-11,59.98373031616211
googl,2019-04-12,60.635353088378906
googl,2019-04-15,60.823795318603516
googl,2019-04-16,61.09059143066406
googl,2019-04-17,61.49871063232422
googl,2019-04-18,61.564666748046875
googl,2019-04-22,62.17413330078125
googl,2019-04-23,63.008731842041016
googl,2019-04-24,62.48604965209961
googl,2019-04-25,62.84756851196289
googl,2019-04-26,63.34743118286133
googl,2019-04-29,64.27873229980469
googl,2019-04-30,59.45659255981445
googl,2019-05-01,58.18510437011719
googl,2019-05-02,57.847389221191406
googl,2019-05-03,58.989952087402344
googl,2019-05-06,59.18384552001953
googl,2019-05-07,58.45983123779297
googl,2019-05-08,58.05914306640625
googl,2019-05-09,57.91979217529297
googl,2019-05-10,57.90342330932617
googl,2019-05-13,56.36365509033203
googl,2019-05-14,55.781959533691406
googl,2019-05-15,58.06013488769531
googl,2019-05-16,58.73952102661133
googl,2019-05-17,57.9599609375
googl,2019-05-20,56.76384735107422
googl,2019-05-21,57.24884033203125
googl,2019-05-22,57.318763732910156
googl,2019-05-23,56.797569274902344
googl,2019-05-24,56.46382522583008
googl,2019-05-28,56.51093673706055
googl,2019-05-29,55.53797912597656
googl,2019-05-30,55.61088180541992
googl,2019-05-31,54.87148666381836
googl,2019-06-03,51.51126480102539
googl,2019-06-04,52.29230499267578
googl,2019-06-05,51.80384063720703
googl,2019-06-06,51.95856475830078
googl,2019-06-07,52.980613708496094
googl,2019-06-10,53.694217681884766
googl,2019-06-11,53.608917236328125
googl,2019-06-12,53.512718200683594
googl,2019-06-13,54.10333251953125
googl,2019-06-14,53.86975860595703
googl,2019-06-17,54.246158599853516
googl,2019-06-18,54.80900192260742
googl,2019-06-19,54.772796630859375
googl,2019-06-20,55.203739166259766
googl,2019-06-21,55.807254791259766
googl,2019-06-24,55.3773078918457
googl,2019-06-25,53.9332389831543
googl,2019-06-26,53.57321548461914
googl,2019-06-27,53.390235900878906
googl,2019-06-28,53.69620132446289
googl,2019-07-01,54.549156188964844
googl,2019-07-02,55.173988342285156
googl,2019-07-03,55.689231872558594
googl,2019-07-05,56.16926574707031
googl,2019-07-08,55.38177490234375
googl,2019-07-09,55.753692626953125
googl,2019-07-10,56.57788848876953
googl,2019-07-11,56.735084533691406
googl,2019-07-12,56.797569274902344
googl,2019-07-15,57.05394744873047
googl,2019-07-16,57.20024108886719
googl,2019-07-17,56.867000579833984
googl,2019-07-18,56.891788482666016
googl,2019-07-19,56.11371612548828
googl,2019-07-22,56.49357604980469
googl,2019-07-23,56.93195343017578
googl,2019-07-24,56.51936340332031
googl,2019-07-25,56.331424713134766
googl,2019-07-26,61.750633239746094
googl,2019-07-29,61.5830192565918
googl,2019-07-30,60.89668655395508
googl,2019-07-31,60.41070556640625
googl,2019-08-01,60.092342376708984
googl,2019-08-02,59.32567596435547
googl,2019-08-05,57.26420593261719
googl,2019-08-06,58.07402038574219
googl,2019-08-07,58.313541412353516
googl,2019-08-08,59.81513214111328
googl,2019-08-09,58.95771026611328
googl,2019-08-12,58.243614196777344
googl,2019-08-13,59.34600830078125
googl,2019-08-14,57.735321044921875
googl,2019-08-15,57.98674011230469
googl,2019-08-16,58.4771842956543
googl,2019-08-19,59.52998733520508
googl,2019-08-20,58.69141387939453
googl,2019-08-21,59.09061813354492
googl,2019-08-22,59.087642669677734
googl,2019-08-23,57.20619201660156
googl,2019-08-26,58.07897186279297
googl,2019-08-27,58.061126708984375
googl,2019-08-28,58.20642852783203
googl,2019-08-29,59.22252655029297
googl,2019-08-30,59.038543701171875
googl,2019-09-03,57.998146057128906
googl,2019-09-04,58.62893295288086
googl,2019-09-05,60.112667083740234
googl,2019-09-06,59.82158279418945
googl,2019-09-09,59.769500732421875
googl,2019-09-10,59.79082489013672
googl,2019-09-11,60.49997329711914
googl,2019-09-12,61.24233627319336
googl,2019-09-13,61.49325180053711
googl,2019-09-16,61.07670593261719
googl,2019-09-17,60.98991775512695
googl,2019-09-18,61.12728500366211
googl,2019-09-19,61.42978286743164
googl,2019-09-20,60.98794174194336
googl,2019-09-23,61.22845458984375
googl,2019-09-24,60.417152404785156
googl,2019-09-25,61.78633499145508
googl,2019-09-26,61.60533142089844
googl,2019-09-27,60.79502487182617
googl,2019-09-30,60.556495666503906
googl,2019-10-01,59.80570602416992
googl,2019-10-02,58.41321563720703
googl,2019-10-03,58.9839973449707
googl,2019-10-04,60.051673889160156
googl,2019-10-07,59.91728591918945
googl,2019-10-08,59.01871109008789
googl,2019-10-09,59.62718200683594
googl,2019-10-10,59.977779388427734
googl,2019-10-11,60.287227630615234
googl,2019-10-14,60.38938522338867
googl,2019-10-15,61.60285186767578
googl,2019-10-16,61.64054489135742
googl,2019-10-17,62.12651824951172
googl,2019-10-18,61.7104606628418
googl,2019-10-21,61.704017639160156
googl,2019-10-22,61.5512809753418
googl,2019-10-23,62.36604690551758
googl,2019-10-24,62.4394416809082
googl,2019-10-25,62.69681167602539
googl,2019-10-28,63.92070007324219
googl,2019-10-29,62.516300201416016
googl,2019-10-30,62.51829147338867
googl,2019-10-31,62.42406463623047
googl,2019-11-01,63.0910530090332
googl,2019-11-04,63.95194625854492
googl,2019-11-05,64.04268646240234
googl,2019-11-06,64.02135467529297
googl,2019-11-07,64.81133270263672
googl,2019-11-08,64.91349792480469
googl,2019-11-11,64.38188934326172
googl,2019-11-12,64.32882690429688
googl,2019-11-13,64.27774047851562
googl,2019-11-14,64.92092895507812
googl,2019-11-15,66.13042449951172
googl,2019-11-18,65.45104217529297
googl,2019-11-19,65.09151458740234
googl,2019-11-20,64.55941772460938
googl,2019-11-21,64.47412109375
googl,2019-11-22,64.15327453613281
googl,2019-11-25,64.74686431884766
googl,2019-11-26,65.11184692382812
googl,2019-11-27,65.06869506835938
googl,2019-11-29,64.66999816894531
googl,2019-12-02,63.91474151611328
googl,2019-12-03,64.20632934570312
googl,2019-12-04,65.40641021728516
googl,2019-12-05,65.80412292480469
googl,2019-12-06,66.4205322265625
googl,2019-12-09,66.59906005859375
googl,2019-12-10,66.5940933227539
googl,2019-12-11,66.66154479980469
googl,2019-12-12,66.87181091308594
googl,2019-12-13,66.79146575927734
googl,2019-12-16,67.47730255126953
googl,2019-12-17,67.1891860961914
googl,2019-12-18,67.0414047241211
googl,2019-12-19,67.26604461669922
googl,2019-12-20,67.0071792602539
googl,2019-12-23,66.9779281616211
googl,2019-12-24,66.67046356201172
googl,2019-12-26,67.56507110595703
googl,2019-12-27,67.17678833007812
googl,2019-12-30,66.4364013671875
googl,2019-12-31,66.4205322265625
googl,2020-01-02,67.87303161621094
googl,2020-01-03,67.51795959472656
googl,2020-01-06,69.31758880615234
googl,2020-01-07,69.1836929321289
googl,2020-01-08,69.67613220214844
googl,2020-01-09,70.40758514404297
googl,2020-01-10,70.86231994628906
googl,2020-01-13,71.41128540039062
googl,2020-01-14,70.94314575195312
googl,2020-01-15,71.3701400756836
googl,2020-01-16,71.91364288330078
googl,2020-01-17,73.36959075927734
googl,2020-01-21,73.50499725341797
googl,2020-01-22,73.58531188964844
googl,2020-01-23,73.62596893310547
googl,2020-01-24,72.70756530761719
googl,2020-01-27,70.99970245361328
googl,2020-01-28,71.93050384521484
googl,2020-01-29,72.23795318603516
googl,2020-01-30,72.11646270751953
googl,2020-01-31,71.05175018310547
googl,2020-02-03,73.52233123779297
googl,2020-02-04,71.6780776977539
googl,2020-02-05,71.7098159790039
googl,2020-02-06,73.19355773925781
googl,2020-02-07,73.34925079345703
googl,2020-02-10,74.81466674804688
googl,2020-02-11,74.88409423828125
googl,2020-02-12,75.30907440185547
googl,2020-02-13,75.0492172241211
googl,2020-02-14,75.31402587890625
googl,2020-02-18,75.3492431640625
googl,2020-02-19,75.6185073852539
googl,2020-02-20,75.22775268554688
googl,2020-02-21,73.56498718261719
googl,2020-02-24,70.41104888916016
googl,2020-02-25,68.74781036376953
googl,2020-02-26,68.95360565185547
googl,2020-02-27,65.20854187011719
googl,2020-02-28,66.41358184814453
googl,2020-03-02,68.74781036376953
googl,2020-03-03,66.33770751953125
googl,2020-03-04,68.51374053955078
googl,2020-03-05,65.19912719726562
googl,2020-03-06,64.25592041015625
googl,2020-03-09,60.291194915771484
googl,2020-03-10,63.23585891723633
googl,2020-03-11,60.048702239990234
googl,2020-03-12,55.121917724609375
googl,2020-03-13,60.215816497802734
googl,2020-03-16,53.21022415161133
googl,2020-03-17,55.44475173950195
googl,2020-03-18,54.112266540527344
googl,2020-03-19,55.127864837646484
googl,2020-03-20,52.972679138183594
googl,2020-03-23,52.27444839477539
googl,2020-03-24,56.037353515625
googl,2020-03-25,54.629493713378906
googl,2020-03-26,57.66936111450195
googl,2020-03-27,55.05794906616211
googl,2020-03-30,56.845672607421875
googl,2020-03-31,57.62126159667969
googl,2020-04-01,54.65328598022461
googl,2020-04-02,55.393672943115234
googl,2020-04-03,54.1871452331543
googl,2020-04-06,58.674556732177734
googl,2020-04-07,58.643306732177734
googl,2020-04-08,59.85529327392578
googl,2020-04-09,59.83396911621094
googl,2020-04-13,60.02439498901367
googl,2020-04-14,62.74293518066406
googl,2020-04-15,62.34968185424805
googl,2020-04-16,62.35612487792969
googl,2020-04-17,63.42578887939453
googl,2020-04-20,62.54060745239258
googl,2020-04-21,60.111183166503906
googl,2020-04-22,62.404727935791016
googl,2020-04-23,63.03749084472656
googl,2020-04-24,63.30677032470703
googl,2020-04-27,63.022125244140625
googl,2020-04-28,61.12430953979492
googl,2020-04-29,66.55889892578125
googl,2020-04-30,66.78303527832031
googl,2020-05-01,65.32606506347656
googl,2020-05-04,65.60279083251953
googl,2020-05-05,66.8980712890625
googl,2020-05-06,66.72006225585938
googl,2020-05-07,67.90278625488281
googl,2020-05-08,68.64962005615234
googl,2020-05-11,69.60420989990234
googl,2020-05-12,68.19536590576172
googl,2020-05-13,66.86386108398438
googl,2020-05-14,67.28688049316406
googl,2020-05-15,68.09022521972656
googl,2020-05-18,68.69127655029297
googl,2020-05-19,68.15667724609375
googl,2020-05-20,69.88044738769531
googl,2020-05-21,69.76093292236328
googl,2020-05-22,70.08277130126953
googl,2020-05-26,70.48593139648438
googl,2020-05-27,70.431884765625
googl,2020-05-28,70.33071899414062
googl,2020-05-29,71.08845520019531
googl,2020-06-01,71.1553955078125
googl,2020-06-02,71.52434539794922
googl,2020-06-03,71.37259674072266
googl,2020-06-04,70.13533020019531
googl,2020-06-05,71.41078186035156
googl,2020-06-08,71.80848693847656
googl,2020-06-09,72.00884246826172
googl,2020-06-10,72.6346664428711
googl,2020-06-11,69.5204086303711
googl,2020-06-12,70.06690216064453
googl,2020-06-15,70.45468139648438
googl,2020-06-16,71.73065185546875
googl,2020-06-17,72.03166198730469
googl,2020-06-18,71.11820983886719
googl,2020-06-19,70.64810180664062
googl,2020-06-22,71.93843078613281
googl,2020-06-23,72.59896087646484
googl,2020-06-24,71.04779815673828
googl,2020-06-25,71.46434783935547
googl,2020-06-26,67.56855010986328
googl,2020-06-29,69.28585815429688
googl,2020-06-30,70.32130432128906
googl,2020-07-01,71.50898742675781
googl,2020-07-02,72.89402770996094
googl,2020-07-06,74.36785125732422
googl,2020-07-07,73.88533782958984
googl,2020-07-08,74.563720703125
googl,2020-07-09,75.31056213378906
googl,2020-07-10,76.31971740722656
googl,2020-07-13,74.99169921875
googl,2020-07-14,75.41964721679688
googl,2020-07-15,75.2222900390625
googl,2020-07-16,75.1250991821289
googl,2020-07-17,75.2208023071289
googl,2020-07-20,77.55104064941406
googl,2020-07-21,77.15828704833984
googl,2020-07-22,77.60112762451172
googl,2020-07-23,75.21585083007812
googl,2020-07-24,74.79235076904297
googl,2020-07-27,75.84465026855469
googl,2020-07-28,74.56621551513672
googl,2020-07-29,75.55106353759766
googl,2020-07-30,76.28799438476562
googl,2020-07-31,73.78765106201172
googl,2020-08-03,73.53028106689453
googl,2020-08-04,73.0611572265625
googl,2020-08-05,73.34827423095703
googl,2020-08-06,74.63067626953125
googl,2020-08-07,74.30438995361328
googl,2020-08-10,74.22750854492188
googl,2020-08-11,73.4201889038086
googl,2020-08-12,74.74423217773438
googl,2020-08-13,75.21088409423828
googl,2020-08-14,74.61479949951172
googl,2020-08-17,75.1905517578125
googl,2020-08-18,77.1513442993164
googl,2020-08-19,76.59742736816406
googl,2020-08-20,78.16645812988281
googl,2020-08-21,78.13274383544922
googl,2020-08-24,78.60781860351562
googl,2020-08-25,79.63432312011719
googl,2020-08-26,81.53262329101562
googl,2020-08-27,80.75852966308594
googl,2020-08-28,81.299560546875
googl,2020-08-31,80.80862426757812
googl,2020-09-01,82.07564544677734
googl,2020-09-02,85.16560363769531
googl,2020-09-03,80.80763244628906
googl,2020-09-04,78.41242218017578
googl,2020-09-08,75.55553436279297
googl,2020-09-09,76.72735595703125
googl,2020-09-10,75.6770248413086
googl,2020-09-11,75.16675567626953
googl,2020-09-14,74.82307434082031
googl,2020-09-15,76.12681579589844
googl,2020-09-16,74.98475646972656
googl,2020-09-17,73.74252319335938
googl,2020-09-18,71.9597396850586
googl,2020-09-21,70.92084503173828
googl,2020-09-22,72.39266967773438
googl,2020-09-23,69.89185333251953
googl,2020-09-24,70.55982208251953
googl,2020-09-25,71.36318969726562
googl,2020-09-28,72.33515167236328
googl,2020-09-29,72.70014190673828
googl,2020-09-30,72.67930603027344
googl,2020-10-01,73.78515625
googl,2020-10-02,72.18341064453125
googl,2020-10-05,73.53372955322266
googl,2020-10-06,71.95629119873047
googl,2020-10-07,72.35896301269531
googl,2020-10-08,73.5634994506836
googl,2020-10-09,74.90342712402344
googl,2020-10-12,77.5882339477539
googl,2020-10-13,77.71121978759766
googl,2020-10-14,77.53120422363281
googl,2020-10-15,77.13597106933594
googl,2020-10-16,77.74246978759766
googl,2020-10-19,75.87043762207031
googl,2020-10-20,76.91827392578125
googl,2020-10-21,78.64945220947266
googl,2020-10-22,79.67449188232422
googl,2020-10-23,80.97970581054688
googl,2020-10-26,78.56515502929688
googl,2020-10-27,79.28868865966797
googl,2020-10-28,74.9207763671875
googl,2020-10-29,77.20589447021484
googl,2020-10-30,80.14311218261719
googl,2020-11-02,80.55026245117188
googl,2020-11-03,81.6084976196289
googl,2020-11-04,86.57695770263672
googl,2020-11-05,87.40261840820312
googl,2020-11-06,87.2652587890625
googl,2020-11-09,87.34906005859375
googl,2020-11-10,86.17378234863281
googl,2020-11-11,86.64537811279297
googl,2020-11-12,86.42668914794922
googl,2020-11-13,87.8866195678711
googl,2020-11-16,87.97439575195312
googl,2020-11-17,87.36095428466797
googl,2020-11-18,86.3185806274414
googl,2020-11-19,87.20772552490234
googl,2020-11-20,86.1073226928711
googl,2020-11-23,85.66993713378906
googl,2020-11-24,87.47203826904297
googl,2020-11-25,87.48345184326172
googl,2020-11-27,88.61856842041016
googl,2020-11-30,87.00094604492188
googl,2020-12-01,89.03215026855469
googl,2020-12-02,90.50050354003906
googl,2020-12-03,90.34529876708984
googl,2020-12-04,90.44052124023438
googl,2020-12-07,90.10677337646484
googl,2020-12-08,89.82410430908203
googl,2020-12-09,88.16431427001953
googl,2020-12-10,87.65799713134766
googl,2020-12-11,88.0125732421875
googl,2020-12-14,86.89481353759766
googl,2020-12-15,87.33220672607422
googl,2020-12-16,87.13929748535156
googl,2020-12-17,86.3121337890625
googl,2020-12-18,85.6034927368164
googl,2020-12-21,86.0170669555664
googl,2020-12-22,85.30595397949219
googl,2020-12-23,85.70315551757812
googl,2020-12-24,85.99723815917969
googl,2020-12-28,87.9709243774414
googl,2020-12-29,87.16755676269531
googl,2020-12-30,86.10087585449219
googl,2020-12-31,86.91366577148438
googl,2021-01-04,85.5990219116211
googl,2021-01-05,86.28932189941406
googl,2021-01-06,85.43785858154297
googl,2021-01-07,87.98976135253906
googl,2021-01-08,89.15464782714844
googl,2021-01-11,87.09466552734375
googl,2021-01-12,86.15939331054688
googl,2021-01-13,86.64637756347656
googl,2021-01-14,85.83656311035156
googl,2021-01-15,85.67291259765625
googl,2021-01-19,88.49211883544922
googl,2021-01-20,93.23292541503906
googl,2021-01-21,93.43525695800781
googl,2021-01-22,93.85231018066406
googl,2021-01-25,93.93760681152344
googl,2021-01-26,94.6155014038086
googl,2021-01-27,90.20148468017578
googl,2021-01-28,91.90045928955078
googl,2021-01-29,90.61902618408203
googl,2021-02-01,93.87761688232422
googl,2021-02-02,95.16942596435547
googl,2021-02-03,102.10015106201172
googl,2021-02-04,101.83979797363281
googl,2021-02-05,103.58535766601562
googl,2021-02-08,103.37163543701172
googl,2021-02-09,102.91888427734375
googl,2021-02-10,103.46883392333984
googl,2021-02-11,103.5813980102539
googl,2021-02-12,103.892822265625
googl,2021-02-16,104.66991424560547
googl,2021-02-17,105.06265258789062
googl,2021-02-18,104.42740631103516
googl,2021-02-19,103.5843734741211
googl,2021-02-22,101.87104034423828
googl,2021-02-23,102.16162872314453
googl,2021-02-24,103.33642578125
googl,2021-02-25,99.97123718261719
googl,2021-02-26,100.26680755615234
googl,2021-03-01,102.63471984863281
googl,2021-03-02,102.37784576416016
googl,2021-03-03,99.74610900878906
googl,2021-03-04,100.86287689208984
googl,2021-03-05,103.99398803710938
googl,2021-03-08,99.55220794677734
googl,2021-03-09,101.1817398071289
googl,2021-03-10,100.97494506835938
googl,2021-03-11,104.16606903076172
googl,2021-03-12,101.65977478027344
googl,2021-03-15,101.87996673583984
googl,2021-03-16,103.34039306640625
googl,2021-03-17,103.25757598876953
googl,2021-03-18,100.238525390625
googl,2021-03-19,100.51722717285156
googl,2021-03-22,100.70219421386719
googl,2021-03-23,101.22982788085938
googl,2021-03-24,100.79344940185547
googl,2021-03-25,100.78997039794922
googl,2021-03-26,100.40664672851562
googl,2021-03-29,101.45100402832031
googl,2021-03-30,101.48473358154297
googl,2021-03-31,102.28064727783203
googl,2021-04-01,105.6160888671875
googl,2021-04-05,110.03852844238281
googl,2021-04-06,109.5574951171875
googl,2021-04-07,111.03380584716797
googl,2021-04-08,111.5991439819336
googl,2021-04-09,112.60283660888672
googl,2021-04-12,111.31101989746094
googl,2021-04-13,111.7974853515625
googl,2021-04-14,111.1766128540039
googl,2021-04-15,113.32585906982422
googl,2021-04-16,113.20188903808594
googl,2021-04-19,113.54950714111328
googl,2021-04-20,113.01642608642578
googl,2021-04-21,112.98369598388672
googl,2021-04-22,111.70276641845703
googl,2021-04-23,114.05384063720703
googl,2021-04-26,114.54975128173828
googl,2021-04-27,113.61001586914062
googl,2021-04-28,116.9851303100586
googl,2021-04-29,118.65730285644531
googl,2021-04-30,116.71039581298828
googl,2021-05-03,116.19366455078125
googl,2021-05-04,114.39601135253906
googl,2021-05-05,114.7897720336914
googl,2021-05-06,115.90950012207031
googl,2021-05-07,116.63252258300781
googl,2021-05-10,113.64820098876953
googl,2021-05-11,112.57258605957031
googl,2021-05-12,109.11070251464844
googl,2021-05-13,110.53840637207031
googl,2021-05-14,112.98517608642578
googl,2021-05-17,113.50785827636719
googl,2021-05-18,112.19619750976562
googl,2021-05-19,112.64399719238281
googl,2021-05-20,114.40196990966797
googl,2021-05-21,113.76622009277344
googl,2021-05-24,117.08430480957031
googl,2021-05-25,117.175048828125
googl,2021-05-26,118.03990936279297
googl,2021-05-27,117.16561889648438
googl,2021-05-28,116.87651062011719
googl,2021-06-01,118.08305358886719
googl,2021-06-02,117.5578842163086
googl,2021-06-03,116.41680908203125
googl,2021-06-04,118.69746398925781
googl,2021-06-07,119.13037109375
googl,2021-06-08,118.93897247314453
googl,2021-06-09,119.41007995605469
googl,2021-06-10,120.7584228515625
googl,2021-06-11,120.51395416259766
googl,2021-06-14,121.4417953491211
googl,2021-06-15,120.42420196533203
googl,2021-06-16,119.7824935913086
googl,2021-06-17,120.74554443359375
googl,2021-06-18,119.12641906738281
googl,2021-06-21,120.81398010253906
googl,2021-06-22,121.32772827148438
googl,2021-06-23,121.12589263916016
googl,2021-06-24,121.4958267211914
googl,2021-06-25,121.50425720214844
googl,2021-06-28,121.53154754638672
googl,2021-06-29,121.27020263671875
googl,2021-06-30,121.08869934082031
googl,2021-07-01,121.44080352783203
googl,2021-07-02,124.2307357788086
googl,2021-07-06,125.15559387207031
googl,2021-07-07,125.43726348876953
googl,2021-07-08,124.01898956298828
googl,2021-07-09,124.4896011352539
googl,2021-07-12,125.93465423583984
googl,2021-07-13,126.29764556884766
googl,2021-07-14,127.18580627441406
googl,2021-07-15,125.96390533447266
googl,2021-07-16,125.92920684814453
googl,2021-07-19,123.55680847167969
googl,2021-07-20,125.17493438720703
googl,2021-07-21,126.50345611572266
googl,2021-07-22,127.36878204345703
googl,2021-07-23,131.92465209960938
googl,2021-07-26,132.936279296875
googl,2021-07-27,130.8187713623047
googl,2021-07-28,134.97840881347656
googl,2021-07-29,134.66448974609375
googl,2021-07-30,133.6221160888672
googl,2021-08-02,133.7490692138672
googl,2021-08-03,134.51820373535156
googl,2021-08-04,134.01783752441406
googl,2021-08-05,135.13461303710938
googl,2021-08-06,134.62582397460938
googl,2021-08-09,135.79067993164062
googl,2021-08-10,135.685546875
googl,2021-08-11,135.16188049316406
googl,2021-08-12,136.0694122314453
googl,2021-08-13,136.5985107421875
googl,2021-08-16,137.17575073242188
googl,2021-08-17,135.54127502441406
googl,2021-08-18,134.3386993408203
googl,2021-08-19,134.56777954101562
googl,2021-08-20,136.302978515625
googl,2021-08-23,138.8935546875
googl,2021-08-24,140.10354614257812
googl,2021-08-25,140.91433715820312
googl,2021-08-26,140.28106689453125
googl,2021-08-27,142.8235626220703
googl,2021-08-30,143.40525817871094
googl,2021-08-31,143.51136779785156
googl,2021-09-01,144.025146484375
googl,2021-09-02,142.11245727539062
googl,2021-09-03,142.5612030029297
googl,2021-09-07,143.09780883789062
googl,2021-09-08,142.51312255859375
googl,2021-09-09,142.36436462402344
googl,2021-09-10,139.72120666503906
googl,2021-09-13,141.16575622558594
googl,2021-09-14,141.3760223388672
googl,2021-09-15,143.24559020996094
googl,2021-09-16,142.43280029296875
googl,2021-09-17,139.64584350585938
googl,2021-09-20,137.5823974609375
googl,2021-09-21,137.89332580566406
googl,2021-09-22,139.133544921875
googl,2021-09-23,140.0584259033203
googl,2021-09-24,141.04922485351562
googl,2021-09-27,139.9156036376953
googl,2021-09-28,134.71656799316406
googl,2021-09-29,133.25218200683594
googl,2021-09-30,132.58023071289062
googl,2021-10-01,135.42372131347656
googl,2021-10-04,132.5638427734375
googl,2021-10-05,134.90797424316406
googl,2021-10-06,136.43736267089844
googl,2021-10-07,138.083740234375
googl,2021-10-08,138.63967895507812
googl,2021-10-11,137.77528381347656
googl,2021-10-12,135.33050537109375
googl,2021-10-13,136.4541778564453
googl,2021-10-14,139.9939727783203
googl,2021-10-15,140.2091827392578
googl,2021-10-18,141.6076202392578
googl,2021-10-19,142.0628662109375
googl,2021-10-20,140.6068572998047
googl,2021-10-21,140.72291564941406
googl,2021-10-22,136.4388427734375
googl,2021-10-25,136.32032775878906
googl,2021-10-26,138.16656494140625
googl,2021-10-27,145.0189208984375
googl,2021-10-28,144.65345764160156
googl,2021-10-29,146.83242797851562
googl,2021-11-01,142.32069396972656
googl,2021-11-02,144.2403564453125
googl,2021-11-03,145.3963165283203
googl,2021-11-04,147.0521240234375
googl,2021-11-05,147.6318359375
googl,2021-11-08,147.80934143066406
googl,2021-11-09,147.69778442382812
googl,2021-11-10,144.6975860595703
googl,2021-11-11,144.57159423828125
googl,2021-11-12,147.45924377441406
googl,2021-11-15,147.23512268066406
googl,2021-11-16,146.663818359375
googl,2021-11-17,146.8334197998047
googl,2021-11-18,148.61026000976562
googl,2021-11-19,147.70571899414062
googl,2021-11-22,145.10272216796875
googl,2021-11-23,144.58700561523438
googl,2021-11-24,144.92222595214844
googl,2021-11-26,141.01748657226562
googl,2021-11-29,144.33753967285156
googl,2021-11-30,140.73434448242188
googl,2021-12-01,139.895263671875
googl,2021-12-02,141.79403686523438
googl,2021-12-03,140.83749389648438
googl,2021-12-06,141.98150634765625
googl,2021-12-07,146.0623016357422
googl,2021-12-08,146.9718017578125
googl,2021-12-09,146.4282989501953
googl,2021-12-10,146.78829956054688
googl,2021-12-13,144.63116455078125
googl,2021-12-14,142.7273712158203
googl,2021-12-15,145.24057006835938
googl,2021-12-16,143.2609405517578
googl,2021-12-17,140.56326293945312
googl,2021-12-20,140.4462127685547
googl,2021-12-21,142.29641723632812
googl,2021-12-22,145.2147979736328
googl,2021-12-23,145.7122039794922
googl,2021-12-27,146.69407653808594
googl,2021-12-28,145.48455810546875
googl,2021-12-29,145.45281982421875
googl,2021-12-30,145.00205993652344
googl,2021-12-31,143.66461181640625
googl,2022-01-03,143.80294799804688
googl,2022-01-04,143.21583557128906
googl,2022-01-05,136.6456298828125
googl,2022-01-06,136.61834716796875
googl,2022-01-07,135.8938446044922
googl,2022-01-10,137.53280639648438
googl,2022-01-11,138.59056091308594
googl,2022-01-12,140.2711639404297
googl,2022-01-13,137.45098876953125
googl,2022-01-14,138.33717346191406
googl,2022-01-18,134.88319396972656
googl,2022-01-19,134.00892639160156
googl,2022-01-20,132.2147216796875
googl,2022-01-21,129.28298950195312
googl,2022-01-24,129.7317657470703
googl,2022-01-25,125.89447784423828
googl,2022-01-26,128.17364501953125
googl,2022-01-27,127.9475326538086
googl,2022-01-28,132.25790405273438
googl,2022-01-31,134.1943817138672
googl,2022-02-01,136.5157012939453
googl,2022-02-02,146.7868194580078
googl,2022-02-03,141.91705322265625
googl,2022-02-04,142.11839294433594
googl,2022-02-07,138.05995178222656
googl,2022-02-08,138.25631713867188
googl,2022-02-09,140.4313201904297
googl,2022-02-10,137.4836883544922
googl,2022-02-11,133.1817626953125
googl,2022-02-14,134.41505432128906
googl,2022-02-15,135.48870849609375
googl,2022-02-16,136.60894775390625
googl,2022-02-17,131.4525604248047
googl,2022-02-18,129.3340606689453
googl,2022-02-22,128.7493896484375
googl,2022-02-23,126.54212188720703
googl,2022-02-24,131.60328674316406
googl,2022-02-25,133.3572998046875
googl,2022-02-28,133.9499053955078
googl,2022-03-01,132.96255493164062
googl,2022-03-02,133.4683837890625
googl,2022-03-03,132.8018798828125
googl,2022-03-04,130.82522583007812
googl,2022-03-07,125.34253692626953
googl,2022-03-08,126.06258392333984
googl,2022-03-09,132.32630920410156
googl,2022-03-10,131.3439483642578
googl,2022-03-11,128.80592346191406
googl,2022-03-14,124.91853332519531
googl,2022-03-15,128.13893127441406
googl,2022-03-16,132.18797302246094
googl,2022-03-17,132.74188232421875
googl,2022-03-18,135.00962829589844
googl,2022-03-21,134.98585510253906
googl,2022-03-22,138.72146606445312
googl,2022-03-23,137.1420135498047
googl,2022-03-24,140.41151428222656
googl,2022-03-25,140.5116729736328
googl,2022-03-28,140.2959747314453
googl,2022-03-29,141.33734130859375
googl,2022-03-30,140.77499389648438
googl,2022-03-31,137.92755126953125
googl,2022-04-01,139.0016326904297
googl,2022-04-04,141.79953002929688
googl,2022-04-05,139.43853759765625
googl,2022-04-06,135.42868041992188
googl,2022-04-07,134.77459716796875
googl,2022-04-08,132.1949005126953
googl,2022-04-11,127.76750183105469
googl,2022-04-12,126.6676025390625
googl,2022-04-13,128.8292236328125
googl,2022-04-14,125.69116973876953
googl,2022-04-18,126.62991333007812
googl,2022-04-19,128.94329833984375
googl,2022-04-20,126.99042510986328
googl,2022-04-21,123.79136657714844
googl,2022-04-22,118.65481567382812
googl,2022-04-25,122.06512451171875
googl,2022-04-26,117.67739868164062
googl,2022-04-27,113.35759735107422
googl,2022-04-28,117.55094146728516
googl,2022-04-29,113.17412567138672
googl,2022-05-02,115.62734985351562
googl,2022-05-03,116.3721923828125
googl,2022-05-04,121.25879669189453
googl,2022-05-05,115.55046844482422
googl,2022-05-06,114.7977066040039
googl,2022-05-09,111.5887222290039
googl,2022-05-10,113.457275390625
googl,2022-05-11,112.67127227783203
googl,2022-05-12,111.91899108886719
googl,2022-05-13,115.09920501708984
googl,2022-05-16,113.50686645507812
googl,2022-05-17,115.51824188232422
googl,2022-05-18,110.98222351074219
googl,2022-05-19,109.47916412353516
googl,2022-05-20,108.01525115966797
googl,2022-05-23,110.57411193847656
googl,2022-05-24,105.1013412475586
googl,2022-05-25,104.93769073486328
googl,2022-05-26,106.90890502929688
googl,2022-05-27,111.39582061767578
googl,2022-05-31,112.82946014404297
googl,2022-06-01,112.95840454101562
googl,2022-06-02,116.65831756591797
googl,2022-06-03,113.6020736694336
googl,2022-06-06,115.86289978027344
googl,2022-06-07,116.1891860961914
googl,2022-06-08,116.23332977294922
googl,2022-06-09,113.8941650390625
googl,2022-06-10,110.25027465820312
googl,2022-06-13,105.5203857421875
googl,2022-06-14,105.84072875976562
googl,2022-06-15,108.86473083496094
googl,2022-06-16,105.16432189941406
googl,2022-06-17,106.26522064208984
googl,2022-06-21,110.62964630126953
googl,2022-06-22,110.57361602783203
googl,2022-06-23,111.3219223022461
googl,2022-06-24,117.00792694091797
googl,2022-06-27,114.88398742675781
googl,2022-06-28,111.08935546875
googl,2022-06-29,110.78585815429688
googl,2022-06-30,108.0698013305664
googl,2022-07-01,107.84615325927734
googl,2022-07-05,112.33454895019531
googl,2022-07-06,113.63282775878906
googl,2022-07-07,117.8093032836914
googl,2022-07-08,118.37512969970703
googl,2022-07-11,114.72827911376953
googl,2022-07-12,113.08585357666016
googl,2022-07-13,110.44071197509766
googl,2022-07-14,109.46279907226562
googl,2022-07-15,110.86123657226562
googl,2022-07-18,108.13624572753906
googl,2022-07-19,112.8770751953125
googl,2022-07-20,112.96633911132812
googl,2022-07-21,113.40272521972656
googl,2022-07-22,107.01551818847656
googl,2022-07-25,106.62872314453125
googl,2022-07-26,104.15911865234375
googl,2022-07-27,112.13322448730469
googl,2022-07-28,113.28372192382812
googl,2022-07-29,115.36649322509766
googl,2022-08-01,113.91846466064453
googl,2022-08-02,114.18624877929688
googl,2022-08-03,117.11207580566406
googl,2022-08-04,117.22117614746094
googl,2022-08-05,116.50706481933594
googl,2022-08-08,116.33848571777344
googl,2022-08-09,115.67395782470703
googl,2022-08-10,118.71878814697266
googl,2022-08-11,117.86583709716797
googl,2022-08-12,120.68256378173828
googl,2022-08-15,121.07927703857422
googl,2022-08-16,120.702392578125
googl,2022-08-17,118.57001495361328
googl,2022-08-18,119.18492889404297
googl,2022-08-19,116.24919128417969
googl,2022-08-22,113.30354309082031
googl,2022-08-23,112.9266586303711
googl,2022-08-24,112.758056640625
googl,2022-08-25,115.69378662109375
googl,2022-08-26,109.4355239868164
googl,2022-08-29,108.52306365966797
googl,2022-08-30,108.04700469970703
googl,2022-08-31,107.33290100097656
googl,2022-09-01,108.84043884277344
googl,2022-09-02,106.96591186523438
googl,2022-09-06,105.93444061279297
googl,2022-09-07,108.55281066894531
googl,2022-09-08,107.49158477783203
googl,2022-09-09,109.74297332763672
googl,2022-09-12,109.95125579833984
googl,2022-09-13,103.4648666381836
googl,2022-09-14,104.1392822265625
googl,2022-09-15,102.0664291381836
googl,2022-09-16,101.95732879638672
googl,2022-09-19,102.22511291503906
googl,2022-09-20,100.31092834472656
googl,2022-09-21,98.46617889404297
googl,2022-09-22,99.31912231445312
googl,2022-09-23,97.93060302734375
googl,2022-09-26,97.36527252197266
googl,2022-09-27,96.70076751708984
googl,2022-09-28,99.22986602783203
googl,2022-09-29,96.62142944335938
googl,2022-09-30,94.86593627929688
googl,2022-10-03,97.8314208984375
googl,2022-10-04,100.80683135986328
googl,2022-10-05,100.59856414794922
googl,2022-10-06,100.58863067626953
googl,2022-10-07,97.87110137939453
googl,2022-10-10,97.05782318115234
googl,2022-10-11,96.38339233398438
googl,2022-10-12,96.7602767944336
googl,2022-10-13,98.24798583984375
googl,2022-10-14,95.76847076416016
googl,2022-10-17,99.15052795410156
googl,2022-10-18,99.94396209716797
googl,2022-10-19,98.81330108642578
googl,2022-10-20,99.15052795410156
googl,2022-10-21,100.30101776123047
googl,2022-10-24,101.67960357666016
googl,2022-10-25,103.6235580444336
googl,2022-10-26,94.1518325805664
googl,2022-10-27,91.46405792236328
googl,2022-10-28,95.50068664550781
googl,2022-10-31,93.73526763916016
googl,2022-11-01,89.72840118408203
googl,2022-11-02,86.257080078125
googl,2022-11-03,82.74610137939453
googl,2022-11-04,85.87029266357422
googl,2022-11-07,87.7646255493164
googl,2022-11-08,88.1712646484375
googl,2022-11-09,86.60421752929688
googl,2022-11-10,93.16995239257812
googl,2022-11-11,95.61970520019531
googl,2022-11-14,94.91551971435547
googl,2022-11-15,97.63306427001953
googl,2022-11-16,98.0396957397461
googl,2022-11-17,97.55371856689453
googl,2022-11-18,96.63134002685547
googl,2022-11-21,94.81633758544922
googl,2022-11-22,96.25446319580078
googl,2022-11-23,97.65290832519531
googl,2022-11-25,96.66109466552734
googl,2022-11-28,95.26266479492188
googl,2022-11-29,94.40970611572266
googl,2022-11-30,100.16215515136719
googl,2022-12-01,100.16215515136719
googl,2022-12-02,99.61666870117188
googl,2022-12-05,98.66453552246094
googl,2022-12-06,96.1850357055664
googl,2022-12-07,94.16175842285156
googl,2022-12-08,92.94182586669922
googl,2022-12-09,92.06905364990234
googl,2022-12-12,92.54510498046875
googl,2022-12-13,94.84610748291016
googl,2022-12-14,94.29068756103516
googl,2022-12-15,90.11518859863281
googl,2022-12-16,89.52012634277344
googl,2022-12-19,87.71503448486328
googl,2022-12-20,88.29027557373047
googl,2022-12-21,88.84568786621094
googl,2022-12-22,87.04061126708984
googl,2022-12-23,88.4985580444336
googl,2022-12-27,86.67363739013672
googl,2022-12-28,85.31486511230469
googl,2022-12-29,87.7249526977539
googl,2022-12-30,87.50675964355469
googl,2023-01-03,88.38945770263672
googl,2023-01-04,87.35800170898438
googl,2023-01-05,85.49340057373047
googl,2023-01-06,86.62405395507812
googl,2023-01-09,87.29847717285156
googl,2023-01-10,87.69519805908203
googl,2023-01-11,90.76978302001953
googl,2023-01-12,90.38298797607422
googl,2023-01-13,91.36487579345703
googl,2023-01-17,90.54168701171875
googl,2023-01-18,90.37305450439453
googl,2023-01-19,92.28724670410156
googl,2023-01-20,97.21649932861328
googl,2023-01-23,98.97200775146484
googl,2023-01-24,96.89911651611328
googl,2023-01-25,94.439453125
googl,2023-01-26,96.72059631347656
googl,2023-01-27,98.55543518066406
googl,2023-01-30,96.1453628540039
googl,2023-01-31,98.02977752685547
googl,2023-02-01,99.60675048828125
googl,2023-02-02,106.85682678222656
googl,2023-02-03,103.92108917236328
googl,2023-02-06,102.0564956665039
googl,2023-02-07,106.75765991210938
googl,2023-02-08,98.55543518066406
googl,2023-02-09,94.23117065429688
googl,2023-02-10,93.79478454589844
googl,2023-02-13,93.8344497680664
googl,2023-02-14,93.90388488769531
googl,2023-02-15,96.1453628540039
googl,2023-02-16,94.72708892822266
googl,2023-02-17,93.57657623291016
googl,2023-02-21,91.03756713867188
googl,2023-02-22,90.89873504638672
googl,2023-02-23,90.14495849609375
googl,2023-02-24,88.39938354492188
googl,2023-02-27,89.13331604003906
googl,2023-02-28,89.32176208496094
googl,2023-03-01,89.61930084228516
googl,2023-03-02,91.24585723876953
googl,2023-03-03,92.88232421875
googl,2023-03-06,94.35018920898438
googl,2023-03-07,93.09061431884766
googl,2023-03-08,93.4773941040039
googl,2023-03-09,91.563232421875
googl,2023-03-10,89.88707733154297
googl,2023-03-13,90.36315155029297
googl,2023-03-14,93.19970703125
googl,2023-03-15,95.32217407226562
googl,2023-03-16,99.49765014648438
googl,2023-03-17,100.78700256347656
googl,2023-03-20,100.39027404785156
googl,2023-03-21,104.05995178222656
googl,2023-03-22,102.52265167236328
googl,2023-03-23,104.73436737060547
googl,2023-03-24,104.57569122314453
googl,2023-03-27,101.6200942993164
googl,2023-03-28,100.20183563232422
googl,2023-03-29,100.55888366699219
googl,2023-03-30,100.06298065185547
googl,2023-03-31,102.87969970703125
googl,2023-04-03,103.5045394897461
googl,2023-04-04,103.86157989501953
googl,2023-04-05,103.61363983154297
googl,2023-04-06,107.53125762939453
googl,2023-04-10,105.56748962402344
googl,2023-04-11,104.48641967773438
googl,2023-04-12,103.78223419189453
googl,2023-04-13,106.54936218261719
googl,2023-04-14,107.9775619506836
googl,2023-04-17,105.1013412475586
googl,2023-04-18,103.64338684082031
googl,2023-04-19,103.32601165771484
googl,2023-04-20,104.42691802978516
googl,2023-04-21,104.54594421386719
googl,2023-04-24,105.1013412475586
googl,2023-04-25,102.99871826171875
googl,2023-04-26,102.85986328125
googl,2023-04-27,106.70804595947266
googl,2023-04-28,106.4601058959961
googl,2023-05-01,106.32125091552734
googl,2023-05-02,104.4566650390625
googl,2023-05-03,104.54594421386719
googl,2023-05-04,103.83184814453125
googl,2023-05-05,104.7046127319336
googl,2023-05-08,106.88658905029297
googl,2023-05-09,106.47001647949219
googl,2023-05-10,110.8339614868164
googl,2023-05-11,115.61444854736328
googl,2023-05-12,116.54673767089844
googl,2023-05-15,115.55494689941406
googl,2023-05-16,118.53034210205078
googl,2023-05-17,119.84944152832031
googl,2023-05-18,121.82313537597656
googl,2023-05-19,121.75369262695312
googl,2023-05-22,124.02493286132812
googl,2023-05-23,121.55533599853516
googl,2023-05-24,119.90894317626953
googl,2023-05-25,122.46780395507812
googl,2023-05-26,123.58854675292969
googl,2023-05-30,122.65625762939453
googl,2023-05-31,121.86280822753906
googl,2023-06-01,122.70582580566406
googl,2023-06-02,123.6480484008789
googl,2023-06-05,124.9770736694336
googl,2023-06-06,126.26641845703125
googl,2023-06-07,121.4958267211914
googl,2023-06-08,121.1387939453125
googl,2023-06-09,121.22805786132812
googl,2023-06-12,122.6264877319336
googl,2023-06-13,122.81494140625
googl,2023-06-14,122.65625762939453
googl,2023-06-15,124.06461334228516
googl,2023-06-16,122.51739501953125
googl,2023-06-20,122.0909194946289
googl,2023-06-21,119.56182861328125
googl,2023-06-22,122.14051818847656
googl,2023-06-23,121.33715057373047
googl,2023-06-26,117.36993408203125
googl,2023-06-27,117.36001586914062
googl,2023-06-28,119.19486236572266
googl,2023-06-29,118.12370300292969
googl,2023-06-30,118.71878814697266
googl,2023-07-03,118.91716003417969
googl,2023-07-05,120.7519760131836
googl,2023-07-06,119.12543487548828
googl,2023-07-07,118.5005874633789
googl,2023-07-10,115.49543762207031
googl,2023-07-11,116.17977142333984
googl,2023-07-12,117.95510864257812
googl,2023-07-13,123.51911926269531
googl,2023-07-14,124.39189910888672
googl,2023-07-17,123.62821197509766
googl,2023-07-18,122.74551391601562
googl,2023-07-19,121.0296859741211
googl,2023-07-20,118.22288513183594
googl,2023-07-21,119.03617095947266
googl,2023-07-24,120.53379821777344
googl,2023-07-25,121.20821380615234
googl,2023-07-26,128.21035766601562
googl,2023-07-27,128.33926391601562
googl,2023-07-28,131.4932098388672
googl,2023-07-31,131.63204956054688
googl,2023-08-01,130.47166442871094
googl,2023-08-02,127.32764434814453
googl,2023-08-03,127.39706420898438
googl,2023-08-04,127.05985260009766
googl,2023-08-07,130.4518280029297
googl,2023-08-08,130.32286071777344
googl,2023-08-09,128.5971221923828
googl,2023-08-10,128.62689208984375
googl,2023-08-11,128.4979705810547
googl,2023-08-14,130.25347900390625
googl,2023-08-15,128.71615600585938
googl,2023-08-16,127.6449966430664
googl,2023-08-17,128.85501098632812
googl,2023-08-18,126.41517639160156
googl,2023-08-21,127.31771850585938
googl,2023-08-22,128.0218963623047
googl,2023-08-23,131.284912109375
googl,2023-08-24,128.71615600585938
googl,2023-08-25,128.81533813476562
googl,2023-08-28,129.9360809326172
googl,2023-08-29,133.4669189453125
googl,2023-08-30,134.7661590576172
googl,2023-08-31,135.05377197265625
googl,2023-09-01,134.5479736328125
googl,2023-09-05,134.6570587158203
googl,2023-09-06,133.35780334472656
googl,2023-09-07,134.15122985839844
googl,2023-09-08,135.26206970214844
googl,2023-09-11,135.79763793945312
googl,2023-09-12,134.23057556152344
googl,2023-09-13,135.58937072753906
googl,2023-09-14,136.96795654296875
googl,2023-09-15,136.27369689941406
googl,2023-09-18,137.0770721435547
googl,2023-09-19,136.908447265625
googl,2023-09-20,132.64370727539062
googl,2023-09-21,129.37075805664062
googl,2023-09-22,129.18231201171875
googl,2023-09-25,130.03526306152344
googl,2023-09-26,127.5160903930664
googl,2023-09-27,129.4699249267578
googl,2023-09-28,131.22543334960938
googl,2023-09-29,129.78729248046875
googl,2023-10-02,133.07017517089844
googl,2023-10-03,131.3444366455078
googl,2023-10-04,134.1314239501953
googl,2023-10-05,133.9628143310547
googl,2023-10-06,136.4522247314453
googl,2023-10-09,137.2853240966797
googl,2023-10-10,136.92828369140625
googl,2023-10-11,139.3978729248047
googl,2023-10-12,137.830810546875
googl,2023-10-13,136.23403930664062
googl,2023-10-16,137.95977783203125
googl,2023-10-17,138.57469177246094
googl,2023-10-18,136.82911682128906
googl,2023-10-19,136.62083435058594
googl,2023-10-20,134.48846435546875
googl,2023-10-23,135.38107299804688
googl,2023-10-24,137.67214965820312
googl,2023-10-25,124.5803451538086
googl,2023-10-26,121.27764892578125
googl,2023-10-27,121.16854095458984
googl,2023-10-30,123.43975830078125
googl,2023-10-31,123.06288146972656
googl,2023-11-01,125.41345977783203
googl,2023-11-02,126.4449462890625
googl,2023-11-03,128.041748046875
googl,2023-11-06,129.18231201171875
googl,2023-11-07,129.89642333984375
googl,2023-11-08,130.75927734375
googl,2023-11-09,129.1724090576172
googl,2023-11-10,131.5031280517578
googl,2023-11-13,131.00721740722656
googl,2023-11-14,132.524658203125
googl,2023-11-15,133.5164794921875
googl,2023-11-16,135.8075408935547
googl,2023-11-17,134.20083618164062
googl,2023-11-20,135.1331329345703
googl,2023-11-21,135.84719848632812
googl,2023-11-22,137.35476684570312
googl,2023-11-24,135.56951904296875
googl,2023-11-27,135.29180908203125
googl,2023-11-28,136.0753173828125
googl,2023-11-29,133.8834686279297
googl,2023-11-30,131.44361877441406
googl,2023-12-01,130.7791290283203
googl,2023-12-04,128.21035766601562
googl,2023-12-05,129.91624450683594
googl,2023-12-06,128.95419311523438
googl,2023-12-07,135.8075408935547
googl,2023-12-08,133.8834686279297
googl,2023-12-11,132.19737243652344
googl,2023-12-12,131.43370056152344
googl,2023-12-13,131.48329162597656
googl,2023-12-14,130.85845947265625
googl,2023-12-15,131.5130615234375
googl,2023-12-18,134.6868133544922
googl,2023-12-19,135.5298309326172
googl,2023-12-20,137.20599365234375
googl,2023-12-21,139.26895141601562
googl,2023-12-22,140.3301544189453
googl,2023-12-26,140.35995483398438
googl,2023-12-27,139.2193603515625
googl,2023-12-28,139.08050537109375
googl,2023-12-29,138.544921875
googl,2024-01-02,137.03738403320312
googl,2024-01-03,137.78125
googl,2024-01-04,135.27198791503906
googl,2024-01-05,134.6173858642578
googl,2024-01-08,137.701904296875
googl,2024-01-09,139.7946014404297
googl,2024-01-10,141.1136932373047
googl,2024-01-11,140.91534423828125
googl,2024-01-12,141.4806671142578
googl,2024-01-16,141.32199096679688
googl,2024-01-17,140.3103485107422
googl,2024-01-18,142.30386352539062
googl,2024-01-19,145.18008422851562
googl,2024-01-22,144.7932891845703
googl,2024-01-23,145.83468627929688
googl,2024-01-24,147.48104858398438
googl,2024-01-25,150.62506103515625
googl,2024-01-26,150.9424591064453
googl,2024-01-29,152.2516326904297
googl,2024-01-30,150.21844482421875
googl,2024-01-31,138.95155334472656
googl,2024-02-01,140.0028839111328
googl,2024-02-02,141.21286010742188
googl,2024-02-05,142.5022430419922
googl,2024-02-06,142.9187774658203
googl,2024-02-07,144.3469696044922
googl,2024-02-08,144.7139434814453
googl,2024-02-09,147.7786407470703
googl,2024-02-12,146.32064819335938
googl,2024-02-13,143.95025634765625
googl,2024-02-14,144.7436981201172
googl,2024-02-15,141.59967041015625
googl,2024-02-16,139.3681182861328
googl,2024-02-20,139.96319580078125
googl,2024-02-21,141.38150024414062
googl,2024-02-22,142.90884399414062
googl,2024-02-23,142.77993774414062
googl,2024-02-26,136.44229125976562
googl,2024-02-27,137.7415771484375
googl,2024-02-28,135.26206970214844
googl,2024-02-29,137.32501220703125
googl,2024-03-01,136.01583862304688
googl,2024-03-04,132.2569122314453
googl,2024-03-05,131.5824737548828
googl,2024-03-06,130.32286071777344
googl,2024-03-07,133.27847290039062
googl,2024-03-08,134.3000030517578
googl,2024-03-11,136.54150390625
googl,2024-03-12,137.36468505859375
googl,2024-03-13,138.6440887451172
googl,2024-03-14,141.92697143554688
googl,2024-03-15,140.02268981933594
googl,2024-03-18,146.46945190429688
googl,2024-03-19,145.82476806640625
googl,2024-03-20,147.520751953125
googl,2024-03-21,146.3900909423828
googl,2024-03-22,149.5341033935547
googl,2024-03-25,148.83982849121094
googl,2024-03-26,149.43492126464844
googl,2024-03-27,149.63327026367188
googl,2024-03-28,149.69277954101562
googl,2024-04-01,154.21539306640625
googl,2024-04-02,153.2930145263672
googl,2024-04-03,153.65008544921875
googl,2024-04-04,149.2960662841797
googl,2024-04-05,151.2499237060547
googl,2024-04-08,153.5806884765625
googl,2024-04-09,155.31631469726562
googl,2024-04-10,154.86009216308594
googl,2024-04-11,158.103271484375
googl,2024-04-12,156.4370574951172
googl,2024-04-15,153.590576171875
googl,2024-04-16,153.1343231201172
googl,2024-04-17,154.19557189941406
googl,2024-04-18,154.73114013671875
googl,2024-04-19,152.826904296875
googl,2024-04-22,154.99891662597656
googl,2024-04-23,156.9627227783203
googl,2024-04-24,157.82557678222656
googl,2024-04-25,154.72122192382812
googl,2024-04-26,170.54046630859375
googl,2024-04-29,164.7880401611328
googl,2024-04-30,161.4456787109375
googl,2024-05-01,162.5167999267578
googl,2024-05-02,165.25416564941406
googl,2024-05-03,165.86912536621094
googl,2024-05-06,166.7220458984375
googl,2024-05-07,169.84620666503906
googl,2024-05-08,167.99156188964844
googl,2024-05-09,168.56680297851562
googl,2024-05-10,167.2675018310547
googl,2024-05-13,167.7535400390625
googl,2024-05-14,168.9436798095703
googl,2024-05-15,171.0958709716797
googl,2024-05-16,172.752197265625
googl,2024-05-17,174.6167755126953
googl,2024-05-20,175.46974182128906
googl,2024-05-21,176.39210510253906
googl,2024-05-22,174.93417358398438
googl,2024-05-23,172.1273651123047
googl,2024-05-24,173.5555877685547
googl,2024-05-28,174.9540252685547
googl,2024-05-29,174.45809936523438
googl,2024-05-30,170.6991729736328
googl,2024-05-31,171.08596801757812
googl,2024-06-03,171.75047302246094
googl,2024-06-04,172.3654022216797
googl,2024-06-05,173.9721221923828
googl,2024-06-06,175.28131103515625
googl,2024-06-07,173.02989196777344
googl,2024-06-10,173.77459716796875
googl,2024-06-11,175.37322998046875
googl,2024-06-12,176.53500366210938
googl,2024-06-13,173.92355346679688
googl,2024-06-14,175.54205322265625
googl,2024-06-17,175.98886108398438
googl,2024-06-18,173.85403442382812
googl,2024-06-20,175.05551147460938
googl,2024-06-21,178.36199951171875
googl,2024-06-24,177.9548797607422
googl,2024-06-25,182.73094177246094
googl,2024-06-26,182.58201599121094
googl,2024-06-27,184.10121154785156
googl,2024-06-28,180.8641815185547
googl,2024-07-01,181.69827270507812
googl,2024-07-02,183.93240356445312
googl,2024-07-03,184.50831604003906
googl,2024-07-05,189.2545623779297
googl,2024-07-08,187.6956329345703
googl,2024-07-09,187.64598083496094
googl,2024-07-10,189.83047485351562
googl,2024-07-11,184.2600860595703
googl,2024-07-12,183.7635955810547
googl,2024-07-15,185.21328735351562
googl,2024-07-16,182.62171936035156
googl,2024-07-17,179.74217224121094
googl,2024-07-18,176.43568420410156
googl,2024-07-19,176.40589904785156
googl,2024-07-22,180.38758850097656
googl,2024-07-23,180.50672912597656
googl,2024-07-24,171.4114227294922
googl,2024-07-25,166.0991668701172
googl,2024-07-26,165.82115173339844
googl,2024-07-29,168.3332977294922
googl,2024-07-30,169.08790588378906
googl,2024-07-31,170.32908630371094
googl,2024-08-01,169.5546112060547
googl,2024-08-02,165.4835662841797
googl,2024-08-05,158.12588500976562
googl,2024-08-06,157.17263793945312
googl,2024-08-07,157.81805419921875
googl,2024-08-08,160.88621520996094
googl,2024-08-09,162.51466369628906
googl,2024-08-12,161.14439392089844
googl,2024-08-13,163.00120544433594
googl,2024-08-14,159.23793029785156
googl,2024-08-15,160.16139221191406
googl,2024-08-16,161.80967712402344
googl,2024-08-19,165.4934844970703
googl,2024-08-20,165.99989318847656
googl,2024-08-21,164.67929077148438
googl,2024-08-22,162.6437530517578
googl,2024-08-23,164.4508819580078
googl,2024-08-26,164.98704528808594
googl,2024-08-27,163.51751708984375
googl,2024-08-28,161.70045471191406
googl,2024-08-29,160.63800048828125
googl,2024-08-30,162.2267303466797
googl,2024-09-03,156.24920654296875
googl,2024-09-04,155.3456268310547
googl,2024-09-05,156.13003540039062
googl,2024-09-06,149.85467529296875
googl,2024-09-09,147.85618591308594
googl,2024-09-10,147.8064727783203
googl,2024-09-11,150.29212951660156
googl,2024-09-12,153.8018798828125
googl,2024-09-13,156.55596923828125
googl,2024-09-16,157.1525115966797
googl,2024-09-17,158.40528869628906
googl,2024-09-18,158.8925018310547
googl,2024-09-19,161.20909118652344
googl,2024-09-20,162.65077209472656
googl,2024-09-23,160.92076110839844
googl,2024-09-24,161.3582305908203
googl,2024-09-25,160.5628204345703
googl,2024-09-26,161.7957000732422
googl,2024-09-27,163.0087127685547
googl,2024-09-30,164.89781188964844
googl,2024-10-01,166.03125
googl,2024-10-02,164.90774536132812
googl,2024-10-03,164.90774536132812
googl,2024-10-04,166.10086059570312
googl,2024-10-07,162.0442657470703
googl,2024-10-08,163.43624877929688
googl,2024-10-09,160.9307098388672
googl,2024-10-10,161.14944458007812
googl,2024-10-11,162.3027801513672
googl,2024-10-14,164.01290893554688
googl,2024-10-15,164.51002502441406
googl,2024-10-16,164.21176147460938
googl,2024-10-17,161.9945526123047
googl,2024-10-18,162.48175048828125
googl,2024-10-21,163.12802124023438
googl,2024-10-22,164.19186401367188
googl,2024-10-23,161.8454132080078
googl,2024-10-24,161.7857666015625
googl,2024-10-25,164.3211212158203
googl,2024-10-28,165.76280212402344
googl,2024-10-29,168.70579528808594
googl,2024-10-30,173.45835876464844
googl,2024-10-31,170.12759399414062
googl,2024-11-01,170.30654907226562
googl,2024-11-04,168.26834106445312
googl,2024-11-05,168.7654571533203
googl,2024-11-06,175.49661254882812
googl,2024-11-07,179.71226501464844
googl,2024-11-08,177.32601928710938
googl,2024-11-11,179.31454467773438
googl,2024-11-12,180.57723999023438
googl,2024-11-13,177.8529815673828
googl,2024-11-14,174.57191467285156
googl,2024-11-15,171.4996795654297
googl,2024-11-18,174.2935333251953
googl,2024-11-19,177.09735107421875
googl,2024-11-20,174.96961975097656
googl,2024-11-21,166.66758728027344
googl,2024-11-22,163.81405639648438
googl,2024-11-25,166.68743896484375
googl,2024-11-26,168.14903259277344
googl,2024-11-27,168.25839233398438
googl,2024-11-29,167.97999572753906
googl,2024-12-02,170.5054168701172
googl,2024-12-03,170.35626220703125
googl,2024-12-04,173.36888122558594
googl,2024-12-05,171.6488037109375
googl,2024-12-06,173.70693969726562
googl,2024-12-09,174.56298828125
googl,2024-12-10,184.31787109375
googl,2024-12-11,194.50079345703125
googl,2024-12-12,191.07662963867188
googl,2024-12-13,188.94647216796875
googl,2024-12-16,195.75498962402344
googl,2024-12-17,194.52069091796875
googl,2024-12-18,187.53298950195312
googl,2024-12-19,187.6425018310547
googl,2024-12-20,190.52914428710938
googl,2024-12-23,193.73434448242188
googl,2024-12-24,195.20753479003906
googl,2024-12-26,194.69989013671875
googl,2024-12-27,191.8729248046875
googl,2024-12-30,190.3599395751953
googl,2024-12-31,188.4288787841797
googl,2025-01-02,188.55825805664062
googl,2025-01-03,190.9073944091797
googl,2025-01-06,195.96401977539062
googl,2025-01-07,194.59039306640625
googl,2025-01-08,193.0574493408203
googl,2025-01-10,191.15625
googl,2025-01-13,190.13099670410156
googl,2025-01-14,188.78720092773438
googl,2025-01-15,194.6501007080078
googl,2025-01-16,192.0222625732422
googl,2025-01-17,195.0980224609375
googl,2025-01-21,197.1385955810547
googl,2025-01-22,197.45712280273438
googl,2025-01-23,197.06890869140625
googl,2025-01-24,199.28866577148438
googl,2025-01-27,190.9273223876953
googl,2025-01-28,194.40126037597656
googl,2025-01-29,194.5107421875
googl,2025-01-30,199.94561767578125
googl,2025-01-31,203.0811309814453
googl,2025-02-03,200.303955078125
googl,2025-02-04,205.43026733398438
googl,2025-02-05,190.4495391845703
googl,2025-02-06,190.71827697753906
googl,2025-02-07,184.48709106445312
googl,2025-02-10,185.6118927001953
googl,2025-02-11,184.4672088623047
googl,2025-02-12,182.7650604248047
googl,2025-02-13,185.28341674804688
googl,2025-02-14,184.37759399414062
googl,2025-02-18,182.92430114746094
googl,2025-02-19,184.41741943359375
googl,2025-02-20,183.71067810058594
googl,2025-02-21,178.83322143554688
googl,2025-02-24,178.4251251220703
googl,2025-02-25,174.61273193359375
googl,2025-02-26,171.9351043701172
googl,2025-02-27,167.72459411621094
googl,2025-02-28,169.49636840820312
googl,2025-03-03,166.241455078125
googl,2025-03-04,170.13345336914062
googl,2025-03-05,172.2238006591797
googl,2025-03-06,171.55686950683594
googl,2025-03-07,173.05992126464844
googl,2025-03-10,165.2968292236328
googl,2025-03-11,163.47314453125
googl,2025-03-12,166.53256225585938
googl,2025-03-13,162.19757080078125
googl,2025-03-14,164.91815185546875
googl,2025-03-17,163.72230529785156
googl,2025-03-18,160.11480712890625
googl,2025-03-19,163.3236846923828
googl,2025-03-20,162.23744201660156
googl,2025-03-21,163.42333984375
googl,2025-03-24,167.1005859375
googl,2025-03-25,169.9706573486328
googl,2025-03-26,164.48963928222656
googl,2025-03-27,161.67938232421875
googl,2025-03-28,153.7967071533203
googl,2025-03-31,154.1056365966797
googl,2025-04-01,156.5272674560547
googl,2025-04-02,156.49734497070312
googl,2025-04-03,150.19918823242188
googl,2025-04-04,145.09689331054688
googl,2025-04-07,146.24290466308594
googl,2025-04-08,144.19998168945312
googl,2025-04-09,158.16159057617188
googl,2025-04-10,152.29193115234375
googl,2025-04-11,156.5970001220703
googl,2025-04-14,158.5203399658203
googl,2025-04-15,155.76988220214844
googl,2025-04-16,152.80018615722656
googl,2025-04-17,150.63766479492188
googl,2025-04-21,147.15972900390625
googl,2025-04-22,150.9466094970703
googl,2025-04-23,154.81320190429688
googl,2025-04-24,158.7296142578125
googl,2025-04-25,161.4003448486328
googl,2025-04-28,160.0550079345703
googl,2025-04-29,159.60658264160156
googl,2025-04-30,158.2512664794922
googl,2025-05-01,160.7426300048828
googl,2025-05-02,163.4632110595703
googl,2025-05-05,163.642578125
googl,2025-05-06,162.6659698486328
googl,2025-05-07,150.85691833496094
googl,2025-05-08,153.74688720703125
googl,2025-05-09,152.22218322753906
googl,2025-05-12,157.91246032714844
googl,2025-05-13,158.978759765625
googl,2025-05-14,164.79855346679688
googl,2025-05-15,163.39344787597656
googl,2025-05-16,165.61572265625
googl,2025-05-19,165.96450805664062
googl,2025-05-20,163.41336059570312
googl,2025-05-21,167.97755432128906
googl,2025-05-22,170.279541015625
googl,2025-05-23,167.8878631591797
googl,2025-05-27,172.30255126953125
googl,2025-05-28,171.76441955566406
googl,2025-05-29,171.26614379882812
googl,2025-05-30,171.14654541015625
googl,2025-06-02,168.4459228515625
googl,2025-06-03,165.6057586669922
googl,2025-06-04,167.4693145751953
googl,2025-06-05,167.62876892089844
googl,2025-06-06,173.07984924316406
googl,2025-06-09,175.6939697265625
googl,2025-06-10,178.19833374023438
googl,2025-06-11,176.95114135742188
googl,2025-06-12,175.30484008789062
googl,2025-06-13,174.27716064453125
googl,2025-06-16,176.3724365234375
googl,2025-06-17,175.5542755126953
googl,2025-06-18,172.93020629882812
googl,2025-06-20,166.26522827148438
googl,2025-06-23,164.8184814453125
googl,2025-06-24,166.3949432373047
googl,2025-06-25,170.296142578125
googl,2025-06-26,173.14968872070312
googl,2025-06-27,178.12847900390625
googl,2025-06-30,175.83364868164062
googl,2025-07-01,175.44451904296875
googl,2025-07-02,178.23822021484375
googl,2025-07-03,179.126220703125
googl,2025-07-07,176.3923797607422
googl,2025-07-08,173.9678497314453
googl,2025-07-09,176.22276306152344
googl,2025-07-10,177.22052001953125
googl,2025-07-11,179.78475952148438
googl,2025-07-14,181.1516571044922
googl,2025-07-15,181.59066772460938
googl,2025-07-16,182.55850219726562
googl,2025-07-17,183.1671142578125
googl,2025-07-18,184.64378356933594
googl,2025-07-21,189.67245483398438
googl,2025-07-22,190.90966796875
googl,2025-07-23,189.8021697998047
googl,2025-07-24,191.73779296875
googl,2025-07-25,192.7455291748047
googl,2025-07-28,192.14686584472656
googl,2025-07-29,195.30975341796875
googl,2025-07-30,196.08799743652344
googl,2025-07-31,191.46839904785156
googl,2025-08-01,188.7046356201172
googl,2025-08-04,194.60133361816406
googl,2025-08-05,194.232177734375
googl,2025-08-06,195.6489715576172
googl,2025-08-07,196.07801818847656
googl,2025-08-08,200.9669952392578
googl,2025-08-11,200.54794311523438
googl,2025-08-12,202.88267517089844
googl,2025-08-13,201.50579833984375
googl,2025-08-14,202.48358154296875
googl,2025-08-15,203.44140625
googl,2025-08-18,203.04232788085938
googl,2025-08-19,201.11666870117188
googl,2025-08-20,198.87171936035156
googl,2025-08-21,199.3007354736328
googl,2025-08-22,205.62649536132812
googl,2025-08-25,208.02108764648438
googl,2025-08-26,206.6741180419922
googl,2025-08-27,207.01336669921875
googl,2025-08-28,211.16400146484375
googl,2025-08-29,212.43115234375
googl,2025-09-02,210.8746795654297
googl,2025-09-03,230.1412353515625
googl,2025-09-04,231.7775421142578
googl,2025-09-05,234.4714813232422
googl,2025-09-08,233.72247314453125
googl,2025-09-09,239.30490112304688
googl,2025-09-10,238.84552001953125
googl,2025-09-11,240.0438995361328
googl,2025-09-12,240.4733123779297
googl,2025-09-15,251.26864624023438
googl,2025-09-16,250.8192596435547
googl,2025-09-17,249.19146728515625
googl,2025-09-18,251.68807983398438
googl,2025-09-19,254.3744354248047
googl,2025-09-22,252.18740844726562
googl,2025-09-23,251.31858825683594
googl,2025-09-24,246.80471801757812
googl,2025-09-25,245.45652770996094
googl,2025-09-26,246.2055206298828
googl,2025-09-29,243.71890258789062
googl,2025-09-30,242.77020263671875
googl,2025-10-01,244.5677490234375
googl,2025-10-02,245.356689453125
googl,2025-10-03,245.0171356201172
googl,2025-10-06,250.09024047851562
googl,2025-10-07,245.42657470703125
googl,2025-10-08,244.2881317138672
googl,2025-10-09,241.2023162841797
googl,2025-10-10,236.24905395507812
googl,2025-10-13,243.8187713623047
googl,2025-10-14,245.11700439453125
googl,2025-10-15,250.68943786621094
googl,2025-10-16,251.1188507080078
googl,2025-10-17,252.95635986328125
googl,2025-10-20,256.2019348144531
googl,2025-10-21,250.12020874023438
googl,2025-10-22,251.34854125976562
googl,2025-10-23,252.7366485595703
googl,2025-10-24,259.5674133300781
googl,2025-10-27,268.9046630859375
googl,2025-10-28,267.1071472167969
googl,2025-10-29,274.197509765625
googl,2025-10-30,281.09814453125
googl,2025-10-31,280.80853271484375
googl,2025-11-03,283.3350830078125
googl,2025-11-04,277.1634826660156
googl,2025-11-05,283.9242858886719
googl,2025-11-06,284.36370849609375
googl,2025-11-07,278.4516906738281
googl,2025-11-10,289.7064208984375
googl,2025-11-11,290.9147644042969
googl,2025-11-12,286.3210144042969
googl,2025-11-13,278.19207763671875
googl,2025-11-14,276.0350036621094
googl,2025-11-17,284.63330078125
googl,2025-11-18,283.8943176269531
googl,2025-11-19,292.4127502441406
googl,2025-11-20,289.05731201171875
googl,2025-11-21,299.2534484863281
googl,2025-11-24,318.14776611328125
googl,2025-11-25,323.0011901855469
googl,2025-11-26,319.5159606933594
googl,2025-11-28,319.74560546875
googl,2025-12-01,314.4627990722656
googl,2025-12-02,315.38153076171875
googl,2025-12-03,319.1963806152344
googl,2025-12-04,317.1890869140625
googl,2025-12-05,320.8341064453125
googl,2025-12-08,313.49932861328125
googl,2025-12-09,316.85693359375
googl,2025-12-10,319.9847412109375
googl,2025-12-11,312.210205078125
googl,2025-12-12,309.07244873046875
googl,2025-12-15,308.003173828125
googl,2025-12-16,306.3543395996094
googl,2025-12-17,296.5112609863281
googl,2025-12-18,302.2472229003906
googl,2025-12-19,306.9439392089844
googl,2025-12-22,309.56207275390625
googl,2025-12-23,314.1288757324219
googl,2025-12-24,313.8690490722656
googl,2025-12-26,313.2894592285156
googl,2025-12-29,313.33941650390625
googl,2025-12-30,313.6292419433594
googl,2025-12-31,312.7798156738281
googl,2026-01-02,314.9283142089844
googl,2026-01-05,316.3173522949219
googl,2026-01-06,314.1188659667969
googl,2026-01-07,321.7535095214844
googl,2026-01-08,325.2110595703125
googl,2026-01-09,328.3388671875
googl,2026-01-12,331.62652587890625
googl,2026-01-13,335.7336730957031
googl,2026-01-14,335.603759765625
googl,2026-01-15,332.5458984375
googl,2026-01-16,329.7678527832031
googl,2026-01-20,321.77349853515625
googl,2026-01-21,328.1490173339844
googl,2026-01-22,330.3074951171875
googl,2026-01-23,327.6993103027344
googl,2026-01-26,333.02557373046875
googl,2026-01-27,334.31463623046875
googl,2026-01-28,335.7736511230469
googl,2026-01-29,338.0120544433594
googl,2026-01-30,337.7622375488281
googl,2026-02-02,343.4482421875
googl,2026-02-03,339.47100830078125
googl,2026-02-04,332.80572509765625
googl,2026-02-05,331.0169677734375
googl,2026-02-06,322.63287353515625
googl,2026-02-09,324.09185791015625
googl,2026-02-10,318.3558654785156
googl,2026-02-11,310.7412414550781
googl,2026-02-12,308.7826232910156
googl,2026-02-13,305.50494384765625
googl,2026-02-17,301.8075256347656
googl,2026-02-18,303.1166076660156
googl,2026-02-19,302.636962890625
googl,2026-02-20,314.7584228515625
googl,2026-02-23,311.2708740234375
googl,2026-02-24,310.6813049316406
googl,2026-02-25,312.67987060546875
googl,2026-02-26,307.1637878417969
googl,2026-02-27,311.54071044921875
googl,2026-03-02,306.3043518066406
googl,2026-03-03,303.3664245605469
googl,2026-03-04,302.9167785644531
googl,2026-03-05,300.6683349609375
googl,2026-03-06,298.30999755859375
googl,2026-03-09,306.3599853515625
googl,2026-03-10,307.0400085449219
googl,2026-03-11,308.70001220703125
googl,2026-03-12,303.54998779296875
googl,2026-03-13,302.2799987792969
googl,2026-03-16,305.55999755859375
googl,2026-03-17,310.9200134277344
googl,2026-03-18,307.69000244140625
googl,2026-03-19,307.1300048828125
googl,2026-03-20,301.0
googl,2026-03-23,302.05999755859375
googl,2026-03-24,290.44000244140625
googl,2026-03-25,290.92999267578125
googl,2026-03-26,280.9200134277344
googl,2026-03-27,274.3399963378906
googl,2026-03-30,273.5
googl,2026-03-31,287.55999755859375
googl,2026-04-01,297.3900146484375
googl,2026-04-02,295.7699890136719
googl,2026-04-06,299.989990234375
googl,2026-04-07,305.4599914550781
googl,2026-04-08,317.32000732421875
googl,2026-04-09,318.489990234375
googl,2026-04-10,317.239990234375
googl,2026-04-13,321.30999755859375
googl,2026-04-14,332.9100036621094
googl,2026-04-15,337.1199951171875
googl,2026-04-16,336.0199890136719
googl,2026-04-17,341.67999267578125
googl,2026-04-20,337.4200134277344
googl,2026-04-21,332.2900085449219
googl,2026-04-22,339.32000732421875
